:020000040804EE
:10000000D0A10020310304088F870408A1550408FB
:100010006D8704089F0B0408293A050800000000BA
:100020000000000000000000000000007102040851
:100030000525040800000000CD020408192D05085C
:100040004B030408918F04084B0304084B03040876
:100050004B0304084B0304084B0304084B03040838
:100060004B0304084B0304084B0304084B03040828
:100070008D2004084B030408FD2004084B030408EA
:100080004B0304084B0304084B0304084B03040808
:100090004B0304084B0304084B0304084B030408F8
:1000A0004B0304084B0304085D2E05084B030408AA
:1000B0004B0304084B0304084B0304084B030408D8
:1000C0004B0304084B0304084B0304084B030408C8
:1000D0004B030408653705084B030408A5370508DA
:1000E0004B0304084B0304084B0304084B030408A8
:1000F0004B030408652E05084B0304084B03040852
:100100004B0304084B0304084B0304084B03040887
:100110004B0304084B0304084B030408612E050835
:1001200099210408D92204084B0304084B0304084E
:100130004B0304084B0304084B0304084B03040857
:100140004B0304084B0304084B0304084B03040847
:100150004B030408492304084B0304080538050829
:100160004B0304084B0304084B0304084B03040827
:100170004B0304084B0304084B0304080000000071
:100180004B0304084B03040800F002F800F061F888
:100190000AA090E8000C82448344AAF10107DA45E2
:1001A00001D100F056F8AFF2090EBAE80F0013F0D3
:1001B000010F18BFFB1A43F00103184738B00100C4
:1001C00058B001000A444FF0000C10F8013B13F046
:1001D000070408BF10F8014B1D1108BF10F8015BA0
:1001E000641E05D010F8016B641E01F8016BF9D193
:1001F00013F0080F1EBF10F8014BAD1C0C1B09D1EA
:100200006D1E58BF01F801CBFAD505E014F8016B5B
:1002100001F8016B6D1EF9D59142D6D370470000ED
:100220000023002400250026103A28BF78C1FBD8FF
:10023000520728BF30C148BF0B607047642900F0E7
:100240005981002070471FB519F08FFE1FBD10B5F2
:1002500010BD00F0E1FA1146FFF7F5FF15F034FD8F
:1002600000F0FFFA03B4FFF7F2FF03BC14F084FDC3
:100270002C4B19680868B0E8F04F80F30988BFF389
:100280006F8F4FF0000080F311887047000000006E
:1002900008480068006880F308884FF0000080F389
:1002A000148862B661B6BFF34F8FBFF36F8F00DF64
:1002B00000BF00BF08ED00E0DFF80C00016841F46A
:1002C00070010160704700BF88ED00E0EFF3098026
:1002D000BFF36F8F134B1A681EF0100F08BF20ED8D
:1002E000108A20E9F04F106009B44FF0500080F3FD
:1002F0001188BFF34F8FBFF36F8F17F0A1FA4FF044
:10030000000080F3118809BC19680868B0E8F04F54
:100310001EF0100F08BFB0EC108A80F30988BFF3FD
:100320006F8F704700000020EFF3058070470000DA
:100330000948804709480047FEE7FEE7FEE7FEE779
:10034000FEE7FEE7FEE7FEE7FEE7FEE704480549B5
:10035000054A064B704700003D2E05088901040838
:10036000D0790020D0A10020D0990020D099002081
:1003700053EA020C00F069802DE9F04B4FF00006C3
:10038000002B1FBFB3FA83F503FA05F424FA05F630
:100390005E4012BF1643B2FA82F502FA05F4C5F1C7
:1003A00020051EBF22FA05FC44EA0C04203556EA5B
:1003B000044C4FEA144418BF641C4FF000084FF07F
:1003C0000009904271EB030C39D3002919BFB1FA2F
:1003D00081F701FA07F6B0FA80F700FA07F6C7F1DD
:1003E00020071EBF20FA07FC46EA0C062037B6FBA2
:1003F000F4FCA7EB0507103F07F01F0BCBF120061D
:100400000CFA0BFB2CFA06F644BFB3460026202F4D
:10041000A4BF5E464FF0000B5BEA060C08BF4FF02E
:10042000010B19EB0B09ABFB027C48EB0608C01B68
:1004300006FB02CC0BFB03CC71EB0C01C1E70B46B6
:10044000024641464846BDE8F08B13B54FF0000028
:100450004FF00001AFF30080BDE81C407047000082
:100460000FB41CB5084B06AA7B446946009005985A
:1004700000F0B1F904460020694600F0BFF92046BB
:100480001CBC5DF814FB0000910300002DE9F04155
:100490000E460446002020622046E168884730B3BB
:1004A000252805D0D4E901219047206A401CF2E7B5
:1004B000E168204600278847050018D0A5F14100D3
:1004C000192802D820354FF40067324629462046C5
:1004D0002760FFF7B3FE40B1012804D0F61D26F0D7
:1004E00007060836D8E7361DD6E72846DAE7206A39
:1004F000BDE8F0812DE9F041064600241068752919
:10050000314616A510D0AFF30080002802DA404231
:1005100013A507E031688A0701D512A502E0490753
:1005200004D511A5012401E0AFF3008000210A22C7
:1005300006F1240709E0B0FBF2FCB0FBF2F302FB8A
:100540001C00303078541846491C0028F3D123464B
:100550002A463046BDE8F04100F0DEB80000000059
:100560002D0000002B00000020000000032A40F2B4
:10057000308010F0030C00F0158011F8013BBCF145
:10058000020F624498BF11F801CB00F8013B38BF5D
:1005900011F8013BA2F1040298BF00F801CB38BF6B
:1005A00000F8013B11F0030300F02580083AC0F089
:1005B000088051F8043B083A51F804CBA0E8081031
:1005C000F5E7121D5CBF51F8043B40F8043BAFF364
:1005D0000080D20724BF11F8013B11F801CB48BFBE
:1005E00011F8012B24BF00F8013B00F801CB48BFF4
:1005F00000F8012B704710B5203AC0F00B80B1E82D
:100600001850203AA0E81850B1E81850A0E8185047
:10061000BFF4F5AF5FEA027C24BFB1E81850A0E850
:10062000185044BF18C918C0BDE810405FEA827C6A
:1006300024BF51F8043B40F8043B08BF7047D20781
:1006400028BF31F8023B48BF11F8012B28BF20F822
:10065000023B48BF00F8012B704702F0FF0343EA5A
:10066000032242EA024200F002B84FF000020429DD
:10067000C0F0128010F0030C00F01B80CCF1040CD1
:10068000BCF1020F18BF00F8012BA8BF20F8022B05
:10069000A1EB0C0100F00DB85FEAC17C24BF00F8AB
:1006A000012B00F8012B48BF00F8012B70474FF0D9
:1006B000000200B5134694469646203922BFA0E8B2
:1006C0000C50A0E80C50B1F12001BFF4F7AF0907BE
:1006D00028BFA0E80C5048BF0CC05DF804EB8900AF
:1006E00028BF40F8042B08BF704748BF20F8022BF2
:1006F00011F0804F18BF00F8012B7047704770470A
:10070000704710B500F080F8006810BD10B50446C1
:1007100000F07AF8046010BD2DE9F0470D469946C7
:100720009246044600F124080168880604D5E06971
:1007300021F01001216000E00120A84201DD471BEB
:1007400000E00027A1697A1902EB0900081AA061EC
:100750002078C00602D42046AFF30080002608E0CF
:10076000D4E901211AF806009047206A401C761C43
:1007700020624E45F4DB2078C0060AD52046AFF350
:10078000008006E0D4E9012130209047206A401C17
:100790002062381EA7F10107F4DC07E0D4E901214B
:1007A00018F805009047206A401C2062281EA5F119
:1007B0000105F3DC2046AFF300802078000602D567
:1007C0000220BDE8F0870120FBE7000001694A1C18
:1007D00002610878704700B58FB0CDE90131002182
:1007E000059105497944CDE9031011466846FFF7A4
:1007F0004DFE0FB000BD0000E5FFFFFF0A6802F8E4
:10080000010B0A60704700000048704770790020B3
:1008100000487047707900207546FFF7F9FFAE4633
:1008200005006946534620F00700854618B020B5FC
:10083000FFF78CFDBDE820404FF000064FF00007A9
:100840004FF000084FF0000B21F00701AC46ACE878
:10085000C009ACE8C009ACE8C009ACE8C0098D46E5
:10086000704710B50446AFF300802046BDE8104045
:10087000FFF7F8BC30B14FF480510A04054B9A6180
:1008800000BF05E04FF48051024A916100BF00BFF4
:10089000704700000004024008B500200090B1201D
:1008A00000906A460121002000F00DF90020009020
:1008B0006A46012100F042F800200090C420009018
:1008C0006A460121084600F0FEF8002000906A46C2
:1008D0000121084600F032F800200090202000900E
:1008E0006A460121022000F0EEF8002000906A46DE
:1008F0000121022000F022F800F0D0F808BD10B568
:100900000120FFF7B7FF102000F082F8FF2000F071
:1009100037F80446FF2000F033F840EA0424FF20B3
:1009200000F02EF840EA042404F4000008B144F07A
:100930007F440020FFF79EFF204610BD2DE9F041C7
:1009400006460C4615460120FFF794FF0C2101EAEC
:100950008601621E02F00302114341F0200000F004
:100960000FF8002704E0FF2000F00AF801C57F1C03
:10097000A742F8DB0020FFF77DFFBDE8F081000013
:1009800010B5044600201E4908800CE01C48008871
:10099000401C1B4908800846008844F620618842B4
:1009A00001DD002010BD174806F093F90028EDD0B6
:1009B00013480088144908802146124806F08EF931
:1009C00000200F4908800CE00D480088401C0C49AD
:1009D00008800846008844F62061884201DD002036
:1009E000E0E7084806F070F90028EDD004480088D8
:1009F0000649088000BF0348007B00BFD2E7000023
:100A0000800200200038004086020020880200207A
:100A100010B5044600201D4908800BE01B480088E3
:100A2000401C1A4908800846008844F62061884224
:100A300000DD10BD164806F04CF90028EED0134832
:100A40000088144908802146114806F047F9002023
:100A50000E4908800BE00D480088401C0B490880B7
:100A60000846008844F62061884200DDE1E7084836
:100A700006F02AF90028EED00448008806490880CC
:100A800000BF0348007B00BFD3E7000080020020C6
:100A900000380040820200208402002010B50120AE
:100AA000FFF7E8FE0820FFF7B3FF0020FFF7E2FEA4
:100AB00010BD38B5044600946A460121002000F0BC
:100AC00002F8002038BD2DE9F04106460C461546D7
:100AD0000120FFF7CFFE0C2101EA8601621E02F021
:100AE0000302114341F04000FFF792FF002704E0AA
:100AF00015F8040BFFF78CFF7F1CA742F8DB0020E2
:100B0000FFF7B8FEBDE8F0812DE9FC4707460C462B
:100B100015461E464FF00009094830F814A0534608
:100B20001A2221463846CDE9005612F07CFD814656
:100B30002146484602F0CEF880464046BDE8FC8794
:100B40002CA205082DE9FC5F81460E461746984603
:100B50004FF0000A104830F81650B5F57A7F01DCE6
:100B6000C82D00DAC8253146484602F069FD044622
:100B700044B12B46022231464846CDE90078A047D1
:100B8000824601E04FF0090A3146504602F0A2F8D1
:100B900083465846BDE8FC9F2CA205087047FEE737
:100BA00010B50446002C00DC642401221102064822
:100BB00002F024FF204615F0CBF800224FF480719C
:100BC000014802F01BFF10BD000802402DE9F05F54
:100BD00082460D4616461C46DDE90AB74FF000086E
:100BE000C14601F0D9F8CDE000F0FCF810B10120C9
:100BF000BDE8F09F504608F0C9F84FF4C870754939
:100C00000968A1F8720028B272490968A1F85C006D
:100C100070480068A0F862406E4B1B68B3F8622011
:100C20006C4B1B68B3F95C106A4B1B68B3F872001D
:100C300014F01CFF6849096888806748006880884C
:100C400088B301F0A9F808F101001FFA80F8B8F1A3
:100C5000030FC8DB60480068408D0938062823D29E
:100C6000DFE800F003090F15221B04205949096829
:100C7000A1F8EC001EE0082056490968A1F8EC0034
:100C800018E00C2053490968A1F8EC0012E00E208E
:100C900050490968A1F8EC000CE010204D490968A2
:100CA000A1F8EC0006E008E004204A490968A1F830
:100CB000EC0000BF00BF01209AE71FB139B26420E9
:100CC0000AF0F0F9C82043490968A1F8720030B26F
:100CD00040490968A1F85C003E480068A0F86240FD
:100CE0003C4B1B68B3F862203A4B1B68B3F95C10AD
:100CF000384B1B68B3F8720001F006FC36490968EE
:100D0000888001F049F834480068808878B309F198
:100D100001001FFA80F9B9F1030F33DB2E48006898
:100D2000408D0938062823D2DFE800F003090F15AB
:100D3000221B052027490968A1F8EC001EE00920C4
:100D400024490968A1F8EC0018E00D202149096840
:100D5000A1F8EC0012E00F201E490968A1F8EC0090
:100D60000CE011201B490968A1F8EC0006E008E03E
:100D7000052018490968A1F8EC0000BF00BF012058
:100D800036E700E030E700BF01F006F84FF44270AC
:100D900007F0FCFF4FF4967110480AF083F900F059
:100DA000FBFF64210E480AF07DF9012007F0EEFFF9
:100DB00008480068B0F8D60018B14FF4805007F02A
:100DC000E5FF642106480AF06DF900F0E5FF002018
:100DD0000EE70000F4010020F801002050FBFFFFA7
:100DE00024FAFFFF10B52DED048B0024EDE0C4487C
:100DF0000068B0F8E2003230C2490968898B884245
:100E000001DC012100E00021BD480068B0F8DE00EF
:100E1000323881427DDCBA480068B0F8E4003230F4
:100E2000B8490968C98B884201DC012100E0002132
:100E3000B3480068B0F8E0003238814269DCB0485D
:100E40000068B0F8EA00012804D10020AC49096824
:100E5000A1F8EA00AA480068B0F8DC00B0F5FA6F23
:100E600071DDA7480068B0F8DA00B0F5FA6F6ADD06
:100E7000A4480068808BA2490968A1F8DA00A1485B
:100E80000068C08B9E490968A1F8DC009D4909688B
:100E9000888B18F07FFD41EC190B9FED9B0B53ECF9
:100EA000102B18F0C7FD41EC180B18F02FFD9449DA
:100EB0000968A1F8DE0093490968C88B18F06AFD3B
:100EC00041EC190B9FED900B53EC102B18F0B2FD79
:100ED00041EC180B18F01AFD89490968A1F8E000E7
:100EE00088490968888B18F055FD41EC190B9FED76
:100EF000880B53EC102B18F09DFD41EC180B18F0EB
:100F000005FD7F490968A1F8E2007E490968C88BA0
:100F100000E01CE018F03EFD41EC190B9FED7C0B4E
:100F200053EC102B18F086FD41EC180B18F0EEFC7A
:100F300073490968A1F8E400012071490968A1F822
:100F4000E60010F041FF0020BDEC048B10BD012035
:100F50006B490968A1F8EA00000307F017FFFA21BE
:100F60006D480AF09FF84FF4805001F075F810209A
:100F700007F00CFFC82140F214500AF093F810203B
:100F800001F06AF8012007F001FF5D480068B0F841
:100F9000D60018B14FF4805007F0F8FE4FF4967168
:100FA0005D480AF07FF8012001F056F854480068C7
:100FB000B0F8D60018B14FF4805001F04DF820463B
:100FC000611C8CB2052800DB00E010E700BF0024A4
:100FD00029E000F091FC4FF47A7014F0B9FE494812
:100FE0000068808BB0F5966F12DB46480068808BF6
:100FF000B0F5AF6F0CDC43480068C08BB0F5966F5E
:1010000006DB40480068C08BB0F5AF6F00DC0BE03A
:101010002046611C8CB2032805DB01203849096891
:10102000A1F8EC0090E7D4E700BF36480068808B59
:1010300033490968A1F8DA0032480068C08B3049AA
:101040000968A1F8DC002F490968888B18F0A2FC18
:1010500041EC190B9FED2C0B53EC102B18F0EAFC14
:1010600041EC180B18F052FC25490968A1F8DE0084
:1010700024490968C88B18F08DFC41EC190B9FEDD1
:10108000220B53EC102B18F0D5FC41EC180B18F088
:101090003DFC1B490968A1F8E0001A490968888BE2
:1010A00018F078FC41EC190B9FED190B53EC102B49
:1010B00018F0C0FC41EC180B18F028FC1049096826
:1010C000A1F8E2000F490968C88B18F063FC41ECF5
:1010D000190B9FED0F0B53EC102B18F0ABFC41ECF0
:1010E000180B18F013FC06490968A1F8E400012068
:1010F00003490968A1F8E60010F066FE002023E726
:10110000F4010020F8010020333333333333F33F4D
:10111000000000000000E03F24FAFFFF2DE9F0414D
:1011200005460E4600240027A0460820CC49096841
:1011300048854FF4FA7014F00BFE5FE1FFF752FEA2
:1011400010B10120BDE8F08100F026FEC54800681E
:10115000B0F8D840092C15D0142C13D0162C11D06F
:10116000192C0FD01A2C0DD01B2C0BD01C2C09D0F5
:101170001E2C07D0202C05D0232C03D0262C01D0E8
:101180002B2C0CD1802007F001FEB6480068B0F887
:10119000D400002873D0022007F0F8FD6FE0022C85
:1011A0000DD0042C0BD0222C09D0252C07D0272CB5
:1011B00005D0282C03D02C2C01D02D2C04D14FF499
:1011C000005007F0E3FD5AE0012C07D0052C05D0B4
:1011D000062C03D0072C01D0292C03D1022007F0C4
:1011E000D5FD4CE0032C0FD0082C0DD0132C0BD0C8
:1011F000152C09D0182C07D01F2C05D0212C03D07A
:10120000242C01D02A2C03D1102007F0BFFD36E09A
:10121000172C31D193480068B0F87A0030B101281A
:1012200010D0022813D0032819D114E0802007F031
:10123000ADFD8C480068B0F8D40010B1022007F072
:10124000A5FD18E04FF4005007F0A0FD13E00220C8
:1012500007F09CFD0FE0102007F098FD0BE08020C8
:1012600007F094FD7F480068B0F8D40010B1022068
:1012700007F08CFD00BF02E0022007F087FD012E81
:1012800016D178480068B0F8F00028B175480068B9
:10129000B0F8F000012805D1022072490968A1F8D0
:1012A000620015E001206F490968A1F862000FE0B3
:1012B0006C480068B0F8F00028B902206949096854
:1012C000A1F8620004E0012066490968A1F8620003
:1012D0004FF4C87063490968A1F872004FF41670A2
:1012E00060490968A1F85C005E4B1B68B3F8622096
:1012F0005C4B1B68B3F95C105A4B1B68B3F8720067
:1013000014F0B4FB56490968888055480068808805
:1013100060B100F041FD781C87B2032F6EDB032023
:1013200050490968A1F8EC0001200BE71421642062
:1013300009F0B8FE4FF4C8704A490968A1F8720074
:101340006FF0270047490968A1F85C00454B1B680E
:10135000B3F86220434B1B68B3F95C10414B1B6828
:10136000B3F8720001F0D0F83D4909688880FDB1FA
:101370000A216FF0630009F095FEC8203949096819
:10138000A1F872001E2037490968A1F85C00354BAE
:101390001B68B3F86220334B1B68B3F95C10314B08
:1013A0001B68B3F8720001F0A1F92D490968888023
:1013B00000F0F2FC2A4800688088F0B1012007F0B4
:1013C000E5FC28480068B0F8D60018B14FF480500A
:1013D00007F0DCFC4FF49671234809F063FE08F136
:1013E00001001FFA80F8B8F1030F07DB16201D4932
:1013F0000968A1F8EC000120A4E600E09EE600BF29
:1014000000F0CAFC4FF4427007F0C0FC4FF4967134
:10141000164809F047FE4FF4427000F01DFE6421AB
:10142000124809F03FFE012007F0B0FC0D480068AB
:10143000B0F8D60018B14FF4805007F0A7FC642133
:101440000A4809F02FFE00F0A7FC054800688088D4
:10145000032803D10020024909688880002071E632
:10146000F8010020F4010020E0FCFFFF50FBFFFF2B
:101470002DE9F041064600240027A046002508205B
:10148000FB49096848854FF4FA7014F061FCF9488B
:101490000068B0F8FE00052804DD0520F54909685C
:1014A000A1F8FE00F3480068B0F8F00001280AD166
:1014B000F0480068B0F8FE00012804DA0120ED4988
:1014C0000968A1F8FE000025DCE1D7E1FFF78AFCFE
:1014D00010B10120BDE8F08100F05EFCE548006835
:1014E000B0F8D840092C15D0142C13D0162C11D0DC
:1014F000192C0FD01A2C0DD01B2C0BD01C2C09D062
:101500001E2C07D0202C05D0232C03D0262C01D054
:101510002B2C28D1D7480068B0F8F00060B98020A3
:1015200007F034FCD3480068B0F8D400002802D09B
:10153000022007F02BFCF0E0CE480068B0F8FE0077
:10154000A8420CDD802007F021FCCA480068B0F8F2
:10155000D4000028EFD0022007F018FCDDE01020B6
:1015600007F014FCD9E0022C0DD0042C0BD0222C57
:1015700009D0252C07D0272C05D0282C03D02C2CC3
:1015800001D02D2C18D1BB480068B0F8F00020B96C
:101590004FF4005007F0FAFBBFE0B6480068B0F81F
:1015A000FE00A84204DD4FF4005007F0EFFBB4E06A
:1015B000102007F0EBFBB0E0012C07D0052C05D084
:1015C000062C03D0072C01D0292C16D1A94800687D
:1015D000B0F8F00018B9022007F0D8FB9DE0A5484C
:1015E0000068B0F8FE00A84203DD022007F0CEFB41
:1015F00093E0102007F0CAFB8FE0032C0FD0082CDB
:101600000DD0132C0BD0152C09D0182C07D01F2C63
:1016100005D0212C03D0242C01D02A2C03D110205A
:1016200007F0B4FB79E0172C74D192480068B0F849
:10163000F00088BB8F480068B0F87A0030B101280C
:1016400010D0022813D0032819D114E0802007F00D
:101650009DFB88480068B0F8D40010B1022007F064
:1016600095FB18E04FF4005007F090FB13E00220C8
:1016700007F08CFB0FE0102007F088FB0BE08020C8
:1016800007F084FB7B480068B0F8D40010B102205A
:1016900007F07CFB00BF40E0FFE776480068B0F849
:1016A000FE00A84232DD73480068B0F87A0030B11D
:1016B000012810D0022813D0032819D114E080206B
:1016C00007F064FB6B480068B0F8D40010B102204A
:1016D00007F05CFB18E04FF4005007F057FB13E0F5
:1016E000022007F053FB0FE0102007F04FFB0BE048
:1016F000802007F04BFB5F480068B0F8D40010B1C1
:10170000022007F043FB00BF07E003E0102007F0D2
:101710003DFB02E0022007F039FB02205549096831
:10172000A1F862004FF4C87052490968A1F872002C
:101730004FF496604F490968A1F85C004D4B1B6857
:10174000B3F862204B4B1B68B3F95C10494B1B6824
:10175000B3F8720014F08AF9454909688880444852
:101760000068808860B100F017FB781C87B2032FF7
:101770007DDB03203F490968A1F8EC000120A9E6C0
:101780000A21642009F08EFC4FF4C87039490968B9
:10179000A1F872006FF0270036490968A1F85C00D3
:1017A000344B1B68B3F86220324B1B68B3F95C10F2
:1017B000304B1B68B3F8720000F0A6FE2C49096894
:1017C0008880FEB10A216FF0630009F06BFCC8202D
:1017D00028490968A1F872001E2026490968A1F865
:1017E0005C00244B1B68B3F86220224B1B68B3F9E2
:1017F0005C10204B1B68B3F8720000F077FF1C49A7
:101800000968888000F0C8FA194800688088F0B13B
:10181000012007F0BBFA17480068B0F8D60018B1ED
:101820004FF4805007F0B2FA4FF49671124809F065
:1018300039FC08F101001FFA80F8B8F1030F1DDB35
:1018400016200C490968A1F8EC00012042E600F0DE
:10185000A3FA4FF4427007F099FA4FF496710648D4
:1018600009F020FC4FF4427000F0F6FB07E005E0C1
:10187000F8010020F401002024FAFFFF26E600BF53
:10188000681C85B2052DFFF620AE6421104809F0D2
:1018900009FC012007F07AFA0E480068B0F8D6007B
:1018A00018B14FF4805007F071FA6421084809F02C
:1018B000F9FB00F071FA00F06FFA074800688088C1
:1018C000032803D10020044909688880002001E62C
:1018D00024FAFFFFF4010020F801002010B50246B1
:1018E000002003E012F8014B231898B20B1EA1F15F
:1018F0000104E1B2F6D110BD10B500240020A249C8
:101900000880A2490880A24890ED000A10F016FB5A
:101910006FE04FF4FA7014F01BFA9E480068808B59
:101920009949088008460088B0F5966F2EDA9848E5
:1019300090ED000ADFED980AB4EEE00AF1EE10FA3D
:1019400001DD042010BD022C00D153E0904890ED41
:10195000000ADFED920A30EE200A80ED000AD0ED99
:10196000000AB2EE041AB6EE000A00EE810ABCEEDE
:10197000C00A10EE100A8A490968A1F8520084488A
:1019800090ED000A10F0DAFA012432E07E48008877
:10199000B0F5AF6F2CDD7E4890ED000AB5EEC00AC1
:1019A000F1EE10FA01D20420CCE7012C00D121E0A5
:1019B000774890ED000ADFED790A30EE600A80ED9D
:1019C000000AD0ED000AB2EE041AB6EE000A00EEEC
:1019D000810ABCEEC00A10EE100A71490968A1F82C
:1019E00052006B4890ED000A10F0A8FA022400E0C3
:1019F00000E08EE700BF4FF4FA7014F0A9F96548D3
:101A00000068808B60490880084600886549088026
:101A1000084600885F49096808845D48D0ED000ADF
:101A2000B2EE041AB6EE000A00EE810ABCEEC00A5D
:101A300010EE100A5A490968A1F852005A4890ED70
:101A4000000A10F0C7FA00246FE04FF4FA7014F0A7
:101A50007FF950480068C08B4C49088008460088D0
:101A6000B0F5966F2EDA504890ED000ADFED4A0A85
:101A7000B4EEE00AF1EE10FA01DD052062E7022C77
:101A800000D153E0484890ED000ADFED440A30EE03
:101A9000200A80ED000AD0ED000AB2EE041AB6EE7C
:101AA000000A00EE810ABCEEC00A10EE100A3C49A2
:101AB0000968A1F854003C4890ED000A10F08AFA39
:101AC000012432E031480088B0F5AF6F2CDD364894
:101AD00090ED000AB5EEC00AF1EE10FA01D2052031
:101AE00030E7012C00D121E02F4890ED000ADFED16
:101AF0002B0A30EE600A80ED000AD0ED000AB2EE4B
:101B0000041AB6EE000A00EE810ABCEEC00A10EE1E
:101B1000100A23490968A1F85400234890ED000AEF
:101B200010F058FA022400E000E08EE700BF4FF406
:101B3000FA7014F00DF917480068C08B134908803B
:101B4000084600881949088010480088114909682A
:101B500048841548D0ED000AB2EE041AB6EE000A29
:101B600000EE810ABCEEC00A10EE100A0C490968AA
:101B7000A1F85400064890ED000A10F0DFF910F0CB
:101B800023F90020DEE600002A0300202C030020B9
:101B900034030020F801002000000442CDCCCC3DED
:101BA000F40100202E030020380300203003002021
:101BB00010B5002400F0F0F850E0FFF713F908B179
:101BC000012010BD102007F0E1F84FF4FA7014F076
:101BD000BFF84FF4C87023490968A1F8720040F2B9
:101BE000145020490968A1F85C0002201D490968C9
:101BF000A1F862001B4B1B68B3F86220194B1B68ED
:101C0000B3F95C10174B1B68B3F8720013F02EFF8A
:101C10001549096888804FF4FA7014F099F8124851
:101C20000068808860B100F0B7F8601C84B2032CB3
:101C300014DB12200B490968A1F8EC000120C0E771
:101C400000F0AAF84FF4427007F0A0F84FF4967134
:101C5000064809F027FA00F09FF800E0ADE700BF62
:101C60000020AEE7F4010020F801002024FAFFFF75
:101C70002DE9F04180460C4615461E46002750E0EF
:101C8000FFF7B0F810B10120BDE8F081404607F041
:101C90007DF84FF4C87039490968A1F8720020B284
:101CA00036490968A1F85C0034480068A0F8625021
:101CB000324B1B68B3F86220304B1B68B3F95C10E1
:101CC0002E4B1B68B3F8720013F0D0FE2C49096844
:101CD000888000F061F82A480068808800B3781C8A
:101CE00087B2032F1DDB26480068408D092802D0EB
:101CF0000A280CD105E0062020490968A1F8EC006B
:101D00000BE00A201D490968A1F8EC0005E0062057
:101D10001A490968A1F8EC0000BF00BF0120B3E731
:101D200000E0ADE700BF012007F030F8134800687D
:101D3000B0F8D60018B14FF4805007F027F831B250
:101D4000104809F0AFF900F027F864210D4809F0B8
:101D5000A9F9012007F01AF808480068B0F8D60081
:101D600018B14FF4805007F011F86421054809F0CC
:101D700099F900F011F8002086E70000F401002036
:101D8000F801002050FBFFFF9FED020A80ED0A0AD8
:101D9000704700000000000010B5002024490968C9
:101DA00008602021234804F078FD1021214804F028
:101DB00074FD08211F4804F070FD04211D4804F043
:101DC0006CFD02211B4804F068FD0121194804F054
:101DD00064FD4FF40071184804F05FFD4FF480710A
:101DE000154804F05AFD8021134804F056FD4021A7
:101DF000114804F052FD20210F4804F04EFD10213F
:101E00000D4804F04AFD08210B4804F046FD8021EE
:101E10000A4804F042FD4021084804F03EFD20211C
:101E2000064804F03AFD1021044804F036FD10BDC8
:101E3000E80100200010024000040240000C0240B3
:101E400010B50C480068B0F84000132805DC0948BC
:101E50000068B0F84000012804DA1020054909683C
:101E6000A1F840000349096891F8400000F046F8E5
:101E700010BD0000F401002070B506460C46214656
:101E8000304601F0F7FB0546002009490968A1F832
:101E90007000642C03D1FFF77FFF012070BD0DB9E6
:101EA0000020FBE7284600F0D7F80120F6E7000005
:101EB000F401002010B500220B21012000F028FFC2
:101EC00010BD000010B50C480068B0F8420013289F
:101ED00005DC09480068B0F84200012804DA122045
:101EE00005490968A1F842000349096891F84200D0
:101EF00000F004F810BD0000F401002010B5044605
:101F00002E2C6FD2DFE804F092171C21262B3035DF
:101F10003B41464B50555A5F64696F74929292925E
:101F200092797D8185898D929292929292929292EB
:101F300092929292929120213E4804F0AEFC76E07B
:101F400010213C4804F0A9FC71E00821394804F054
:101F5000A4FC6CE00421374804F09FFC67E00221F8
:101F6000344804F09AFC62E00121324804F095FC08
:101F70005DE04FF40071304804F08FFC57E04FF4FF
:101F800080712D4804F089FC51E080212A4804F03A
:101F900084FC4CE04021284804F07FFC47E02021ED
:101FA000254804F07AFC42E01021234804F075FC37
:101FB0003DE00821204804F070FC38E080211F48F3
:101FC00004F06BFC33E040211C4804F066FC2EE07A
:101FD00020211A4804F061FC29E01021174804F080
:101FE0005CFC24E022E00821144804F056FC1EE0CA
:101FF0000421124804F051FC19E000201049087037
:1020000015E000200F49087011E000200E4908700B
:102010000DE000200D49087009E000200C4908700F
:1020200005E000200B49087001E000E000BF00BFA0
:1020300010BD00000010024000040240000C0240ED
:102040004C0200204D0200204E0200204F020020D2
:10205000500200205102002070B5044601250A48B4
:1020600000680068A04308490968086008E004F0B7
:10207000010010B1E8B2FFF741FF6408681C85B2A7
:10208000202DF4DD70BD0000E801002070B5184C73
:102090002068C0F3C020174D002807D0E014A060CE
:1020A00068782058697840F0010060502068C0F3DB
:1020B000402000281BD0104E00224FF480513046A3
:1020C00001F09CFC7015A06068782058697820F0B9
:1020D0000400605068782058697820F00100605052
:1020E0003046BDE870400122110301F087BC70BD8D
:1020F00000600240C0B00508000C024070B5224CE0
:102100002068C0F3C060214D002819D04FF0006056
:10211000A060E8782058E97820F010006050E87856
:102120002058E97820F001006050194800680C3010
:1021300050E8001F41F0400140E80012002AF7D1AA
:102140002068C0F3406000281CD0124E00224FF4DB
:102150008051304601F052FC4FF00070A060E878EA
:102160002058E97820F004006050E8782058E97899
:1021700020F0010060503046BDE87040012211039C
:1021800001F03CBC70BD000000600240C0B005081A
:102190006C020020000C024070B487B04649086809
:1021A000C0F3401000287DD020208860434800788C
:1021B000085800F40020424B00287AD041481860AB
:1021C0003E48D0F810C085694469C2688168C0691A
:1021D000009105903C49CDF808C004950394019204
:1021E000059E0098C1F808C04E610D61CC604A6040
:1021F000086000221B6802EB4200D1F800C033F8EF
:102200002040A444C1F800C003EB8000D1F804C012
:102210004488A444C1F804C08488D1F808C0A44408
:10222000C1F808C0C488D1F80CC0A444C1F80CC0DF
:102230000489D1F810C0A444C1F810C04089D1F875
:1022400014C060444861501CC2B2202AD3D308682D
:1022500000F110020A60486800F110054D608868BE
:1022600000F110048C60C86800F11003CB600869AD
:1022700010300861D1F814C00CF1100CC1F814C072
:10228000124E52093280690971806109B1805B097F
:10229000F380400930814FEA5C1070810C4800687F
:1022A000C28201E002E004E08183C38307B070BC16
:1022B00070470848186083E700640240C0B0050812
:1022C0007803002050710020F07800202C7100204D
:1022D000F8010020D072002070B5184C2068C0F3BF
:1022E000C020174D002807D0E014A060687820585F
:1022F000697840F0010060502068C0F34020002859
:102300001BD0104E00224FF48051304601F076FB76
:102310007015A06068782058697820F0040060503B
:1023200068782058697820F0010060503046BDE898
:1023300070400122110301F061BB70BD00640240D6
:10234000C0B00508000C024070B5224C6068C0F3B4
:102350004050214D002819D04FF40010E060A879BA
:102360002058A97920F010006050A8792058A97948
:1023700020F001006050194800680C3050E8001F40
:1023800041F0400140E80012002AF7D16068C0F334
:10239000C04000281CD0124E00224FF4805130461D
:1023A00001F02CFB4FF40020E060A8792058A979B7
:1023B00020F004006050A8792058A97920F001008D
:1023C00060503046BDE870400122110301F016BB99
:1023D00070BD000000640240C0B005088C020020FF
:1023E000000C024010B52DED068B84B00446206829
:1023F000019060680290A0680390208900EE100AA6
:10240000B8EE400AB0EE408A18EE100A17F03CFD14
:1024100041EC1A0B9FED330B53EC102B17F00AFB1A
:1024200041EC190B16F0F8FF08EE100A9FED2F0A89
:10243000C8EE000AB0EE608A18EE100A17F024FD0C
:1024400041EC1A0B9FED2A0B53EC102B17F032FCCA
:1024500041EC190B16F0E0FF08EE100A18EE100A16
:1024600017F012FD41EC1A0B9FED230B53EC102BD0
:1024700017F0B8F841EC190B16F0CEFF08EE100A71
:10248000B3EE090A38EE000AB0EE408A1C48006834
:1024900080ED1B8A6089400000EE100AB8EEC00A89
:1024A000B0EE408A18EE100A17F0EEFC41EC1A0B61
:1024B0009FED0C0B53EC102B17F0BCFA41EC190BF1
:1024C00016F0AAFF08EE100A9FED080AC8EE000AEF
:1024D000B0EE608A0A48006880ED1A8A04B0BDEC4C
:1024E000068B10BD6666666666660A4000F07F452C
:1024F00052B81E85EB51E83F7B14AE47E17A643F4A
:10250000F8010020704700002DE9F0412DED028B0D
:1025100005460E46144662490E8000206149087047
:102520006149088061490880614908606149087013
:10253000614908601E27601E84B224B95F48008884
:102540005F49088004E001245E4800885C490880F7
:102550005D480068B0F856005949098848434FF46F
:102560007A7190FBF1F05949088057480068B0F83B
:1025700058005349098848434FF47A7190FBF1F0B1
:102580005349088050480068B0F85A004C490988FF
:1025900048434FF47A7190FBF1F04E4908804FF4B4
:1025A0007A7013F0D5FB00BF0A2013F0D1FB4A4824
:1025B00000681C3030F81400484908803C48006826
:1025C000401C3B4908603B48007807283ED2DFE8C2
:1025D00000F0041C38393A3B3C00002033490880A5
:1025E00000EE105AB8EE400AF2EE040A80EE201A0D
:1025F000B0EE418AB0EE480A2948008800B210F0D7
:102600001FF801202B49087021E034480088314927
:102610000988884205DC01202249087010F066FA1A
:102620000EE02E48008829490988884205DB2B489E
:10263000008827490988884202DD00201B4908805C
:1026400005E004E003E002E001E000E000BF00BFBD
:1026500022480088224908802248007818B9114889
:1026600000780028A0D01F48007870B110F050FA10
:102670001D48006813F0F4FE4FF4FA7013F068FB85
:102680000220BDEC028BBDE8F0810648007828B13D
:102690004FF4FA7013F05CFB0020F2E70020F0E743
:1026A0002002002019020020FE010020000200206C
:1026B00014020020100200201C0200202E03002023
:1026C0000402002030030020F40100200C0200204E
:1026D0000A0200200E020020F8010020060200205D
:1026E00008020020FC010020540300202DE9F041E5
:1026F0002DED028B05460E46144665490E800020DE
:102700006449087064490880644908806449086025
:1027100064490870644908601E27601E84B224B9A9
:10272000624800886249088004E00124614800880A
:102730005F49088060480068B0F856005C49098825
:1027400048434FF47A7190FBF1F05C4908805A4895
:102750000068B0F858005649098848434FF47A7128
:1027600090FBF1F05649088053480068B0F85A00D1
:102770004F49098848434FF47A7190FBF1F0514971
:1027800008804FF47A7013F0E3FA00BF0A2013F0C8
:10279000DFFA4D4800681C3030F814004B490880BF
:1027A0003F480068401C3E4908603E4800780728C2
:1027B00044D2DFE800F0041C3E3F404142000020CC
:1027C0003649088000EE105AB8EE400AF2EE040ACC
:1027D00080EE201AB0EE418AB0EE480A2C480088FC
:1027E00000B20FF02DFF01202E49087027E0374876
:1027F000008834490988884205DD3448008830491A
:102800000988884205DB01202249087010F06EF922
:102810000EE02E48008829490988884205DB2B48AC
:10282000008827490988884202DD00201B4908806A
:1028300005E004E003E002E001E000E000BF00BFCB
:1028400022480088224908802248007818B9114897
:10285000007800289AD01F48007870B110F058F91D
:102860001D48006813F0FCFD4FF4FA7013F070FA85
:102870000320BDEC028BBDE8F0810648007828B14A
:102880004FF4FA7013F064FA0020F2E70020F0E74A
:102890002002002019020020FE010020000200207A
:1028A00014020020100200201C0200202E03002031
:1028B0000402002030030020F40100200C0200205C
:1028C0000A0200200E020020F8010020060200206B
:1028D00008020020FC010020540300202DE9F05FD5
:1028E00082468B4614461E460A9F4FF01209E34863
:1028F00004800020E2490870E2490880E24908802B
:10290000E2490860E2490870E24908608FB100EED0
:10291000104AF8EE400A9FEDE01A81EE200AF2EE2E
:10292000040A80EE201ABCEEC10A10EE100A85B22D
:1029300000E01E25012E06D14FF00008D748008880
:10294000D749088005E04FF00108D6480088D449EF
:102950000880D5480068B0F85600D1490988484336
:102960004FF47A7190FBF1F0D0490880CE480068AE
:10297000B0F85800CA49098848434FF47A7190FB6F
:10298000F1F0CB490880C8480068B0F85A00C44943
:10299000098848434FF47A7190FBF1F0C5490880EB
:1029A0005946504606F0ACF84FF47A7013F0D0F95F
:1029B00000BF0A2013F0CCF9BF4800681C3030F883
:1029C0001800BE490880B1480068401CAF49086043
:1029D000AF480078072871D2DFE800F00416799933
:1029E000CBEBF80009F0FF02A448018801200FF0AA
:1029F00081FE0120A64908700020A3490880B04943
:102A00000880A4490860FBE0AC480088A849098810
:102A1000884226DBAA480088002804DD0020A84957
:102A200008809C49086098480088401C96490880A6
:102A300098480068A1490988084496490860924866
:102A40000088A84242DB322013F082F910F04EF8E1
:102A50001FB106208E49087038E0012088490870AF
:102A600034E09648008891490988884227DC9448D8
:102A70000088401C9249088083480088002804DDB3
:102A800000208149088083490860824800688B499A
:102A9000098808447F49086089480088A84215DBF6
:102AA000322013F055F910F021F81FB106207849B3
:102AB00008700BE001207249087007E09FE00020D9
:102AC000714908807E4908807249086098E040F2A8
:102AD000DC5013F03DF969480088642803DA0A20C5
:102AE0006649088006E0654800880A2190FBF1F0FD
:102AF0006249088000206449088005225F480188F7
:102B000000200FF0F7FD03206149087078E06B4862
:102B1000008868490988884205DC01205849087006
:102B20000FF0E4FF24E06548008860490988884286
:102B30001BDB624800885E490988884215DC5248E0
:102B40000088401C5049088008460088A8420FDBD6
:102B50000FF0CCFF4FEA690900204A490880474836
:102B6000048000204A49087002E00020464908809D
:102B700046E040F2DC5013F0EBF84048008864284F
:102B800003DA0A203D49088006E03C4800880A2113
:102B900090FBF1F03949088000203B49088005226C
:102BA0003648018800200FF0A5FD0520384908703F
:102BB00026E0424800883F490988884204DD012018
:102BC0002F4908700FF092FF1AE0FFE72E480088A7
:102BD0003B49098808442F49096891FBF0F03749BF
:102BE00008800846008833490988884203DD0220AE
:102BF0002749087002E004202549087000E000BF62
:102C000000BF2E4800882F4908802F48007820B93F
:102C10001B48007800283FF4CCAE2B480078E8B180
:102C20000FF076FF2948006813F01AFC4FF47A7011
:102C300013F08EF859465046FFF71EF94FF4FA701C
:102C400013F086F812480078032805D1032E01D12D
:102C5000BDE8F09F0220FBE70120F9E70848007873
:102C600048B159465046FFF707F94FF4FA7013F090
:102C70006FF80020ECE70720EAE7000020020020C0
:102C800019020020FE010020000200201402002092
:102C9000100200201C02002000606A482E03002061
:102CA0000402002030030020F40100200C02002068
:102CB0000A0200200E020020F80100200602002077
:102CC0000202002008020020FC0100205403002022
:102CD00072B6704702460C2A15D2DFE802F00608E9
:102CE0000A0C0E1414141414101200207047084615
:102CF000FCE70320FAE70420F8E70846F6E7262079
:102D0000F4E72720F2E70020F0E772B6FEE70000C4
:102D10002DE9F04105460E46174600242046641C66
:102D200020490D5406222046641C0A54320A2046CB
:102D3000641C0A542046641C0E543A0A2046641C43
:102D40000A542046641C0F542146164814F008FA11
:102D500080462046641C134901F800804FEA18227F
:102D60002046641C0A5461010F48FDF77EFC0121D6
:102D70000E48006813F0F4F821460A4800F01EF9E6
:102D80004FF4FA710948006813F0EAF840B90648B0
:102D90000078A84202D10120BDE8F0810020FBE7C5
:102DA0000020F9E7546F0020546E00206C030020CF
:102DB00010B52549086800BF00BF00BF00F10C0234
:102DC00052E8002F42F0100100F10C0242E800131B
:102DD000002BF3D100BF00BF1B49086800BF00BF34
:102DE00000BF00F1140252E8002F42F0400100F150
:102DF000140242E80013002BF3D100BF00BF1248B9
:102E00000268121D0121114803F08EFC104A0121B5
:102E10000E4803F079FC4FF4807201210B4803F057
:102E20005BFC0121094803F00BFC0121074803F07A
:102E30001FFC0121054803F033FC0121054800680F
:102E400013F08EF810BD00008C02002000640240D8
:102E5000546E00206C0300202DE9F0470746884699
:102E600015461E4600242046641C35490F54032293
:102E70002046641C0A544FEA18222046641C0A5457
:102E80002046641C01F800802A0A2046641C0A546B
:102E90002046641C0D540621294814F061F981462E
:102EA0002046641C264901F800904FEA192220466A
:102EB000641C0A5461012348FDF7D7FB0121224815
:102EC000006813F04DF821461D4800F077F84FF4E4
:102ED000FA711D48006813F043F860BB1948007888
:102EE000B84225D11748C01C30F815906800C01CA6
:102EF00081B2144814F034F9484515D1002010E08F
:102F00004100C91C0F4A515C090226F8101036F81E
:102F100010204100091D0B4B595C114426F810107C
:102F2000401CA842ECDB09E04FF0FF30BDE8F08721
:102F30006FF00100FAE76FF00200F7E700BFF5E776
:102F4000546F0020546E00206C03002008B5164812
:102F50000121164A525C825822F00102134B5B5C3D
:102F6000C25000BF00BF114A525C0244526892B284
:102F7000C2F580700E4908800E48006813F08CF886
:102F80004FF480720121084803F0A6FB0A49086843
:102F90000168009100BF4168009100BF00BF01219E
:102FA000014803F07DFB08BD00640240A9A10508AB
:102FB000900200206C0300208C02002070B50446B3
:102FC0000D46224606211A4803F09EFB1948026866
:102FD000121D0621164803F0A7FB2A4606211448B5
:102FE00003F07AFB1349086800BF00BF00BF00F17F
:102FF000140252E8002F42F0800100F1140242E86E
:103000000013002BF3D100BF00BF00BF20200849F0
:10301000C86000BF0621064803F012FB06210448E1
:1030200003F026FB0621024803F03AFB70BD0000C6
:10303000006402408C02002062B6704710B5002286
:1030400001B909E0012901D10A0205E0022901D1F3
:103050000A0201E04FF440720E4B1B6823F44073E8
:103060000C4C236023461B681343236023461B68D4
:1030700023F0F803236023461B68022444EAC004BB
:103080002343044C236023461B6843F480332360AE
:1030900010BD0000103C02401C48006800F40070A5
:1030A000B0B11A48006820F400701849086000BFE9
:1030B0000846006840F4006008600846006820F494
:1030C0000060086000BF0846006840F400700860B7
:1030D0000E48006800F48060B0B10C48006820F42D
:1030E00080600A49086000BF0846006840F48050CC
:1030F00008600846006820F48050086000BF084659
:10310000006840F48060086070470000003C0240A6
:103110000A4A126822F44072084B1A601A46126872
:1031200042F004021A601A4612684FF4803343EAF0
:1031300000231A43014B1A6070470000103C024004
:10314000074A126822F44072054B1A601A46126848
:103150001A601A46126842F001021A600170704744
:10316000103C024010B50D49096821F440710B4C28
:1031700021602146096841F44071216021460968B7
:1031800041F001012160026000BF00BF00BFBFF33A
:103190006F8F00BF00BF00BF436010BD103C0240F6
:1031A000084A126822F44072064B1A601A461268E6
:1031B00042F480721A601A46126842F001021A60E4
:1031C00001807047103C0240084A126822F44072A5
:1031D000064B1A601A46126842F400721A601A46C8
:1031E000126842F001021A6001607047103C024010
:1031F0002348006800F0100040B12248C06940F048
:1032000010002049C86110201D4908601C48006852
:1032100000F0200040B11B48C06940F00800194987
:10322000C8612020164908601548006800F0400079
:1032300040B11448C06940F004001249C861402000
:103240000F4908600E48006800F0800040B10D484A
:10325000C06940F002000B49C8618020084908603D
:103260000748006800F0020040B10648C06940F01D
:1032700020000449C861022001490860704700002D
:103280000C3C02405079002070B504460025002017
:103290001449C86100F0B8FB054609E0601C38B16C
:1032A00024B100F0B1FB401BA04201D9032070BD46
:1032B0000D48006800F480300028EFD10A4800680B
:1032C00000F0010010B101200749086006480068BD
:1032D00000F0F20018B1FFF78BFF0120E7E70020B4
:1032E000E5E70000507900200C3C024070B5002456
:1032F00000255D480068B0F8D840092C15D0142C82
:1033000013D0162C11D0192C0FD01A2C0DD01B2C29
:103310000BD01C2C09D01E2C07D0202C05D0232C20
:1033200003D0262C01D02B2C12D14F480068B0F8C6
:10333000F450002D0BD0802005F028FD4A4800688D
:10334000B0F8D4000028F5D0022005F01FFD83E07E
:10335000022C0DD0042C0BD0222C09D0252C07D008
:10336000272C05D0282C03D02C2C01D02D2C0AD1B1
:103370003D480068B0F8F450002D6DD04FF4005077
:1033800005F004FD68E0012C07D0052C05D0062CC3
:1033900003D0072C01D0292C09D133480068B0F89C
:1033A000F250002D58D0022005F0F0FC54E0032C20
:1033B0000FD0082C0DD0132C0BD0152C09D0182CA5
:1033C00007D01F2C05D0212C03D0242C01D02A2C6F
:1033D00001D1002540E0172C36D123480068B0F811
:1033E000F45085B320480068B0F87A0030B1012865
:1033F00010D0022813D0032819D114E0802005F042
:10340000C5FC19480068B0F8D40010B1022005F0DE
:10341000BDFC18E04FF4005005F0B8FC13E00220AA
:1034200005F0B4FC0FE0102005F0B0FC0BE08020AC
:1034300005F0ACFC0C480068B0F8D40010B10220D4
:1034400005F0A4FC00BF07E007480068B0F8F250A0
:1034500015B1022005F09AFC1DB129B2034807F00E
:1034600021FEFEF799FC70BDF401002024FAFFFF55
:103470007CB505460024002001214FF496730322F9
:10348000CDE900101A21284610F0CDF8044600209E
:1034900001214FF496730322CDE900101A2128462A
:1034A00010F0C1F804461CB90321284605F01DFEA2
:1034B0003B212046FFF70EFC064630467CBD00004F
:1034C0002DE9F84380460E4617461D460024154850
:1034D00030F816903B464A46314640460095FFF785
:1034E000FDF90446C4B109234FF448720321404654
:1034F0000EF07EFC3B464A46314640460095FFF7BB
:10350000EDF90446022C01D0032C00D101241CB19A
:103510004FF4967012F01CFC31462046FFF7DAFBA0
:10352000BDE8F8832CA205087CB5054600243C20A4
:103530001F490968C8800EF0D3FC4FF4FA7012F0EE
:1035400007FC05201A49096808810EF0DDFC4FF4DC
:10355000FA7012F0FDFB15B9FEF7ACFC01E005F0C6
:1035600035FB4FF4FA7012F0F3FB0FF009F940F657
:10357000B83012F0EDFB684609F0DCFD0446002C83
:103580000ADBBDF800000A4909684887BDF8020057
:1035900007490968088705E0054909684C87044917
:1035A00009680C874FF4FA7012F0D2FB7CBD000062
:1035B000F401002070B505460E461446642012F052
:1035C000C7FB4FF4FA711B48006812F017FC80B972
:1035D0000020194948608860084604801548006842
:1035E00012F096FC50B115480068401C1349086061
:1035F00004E012480068401C1049086002E06420A2
:1036000012F0A6FB0C4800880028F8DC204604EBEA
:10361000D071094A526802EB6101B1FBF4F12980D3
:1036200004EBD071044A926802EB6101B1FBF4F142
:10363000318070BD6003002044710020E40200204E
:1036400030B502460B460A4850F8224000210BE0F4
:1036500004EB01100088984204D104EB0110856846
:10366000284630BD481CC1B21429F1DB0020F8E720
:103670005078002030B502460B460A4850F82240E8
:1036800000210BE004EB01100088984204D104EB08
:1036900001104568284630BD481CC1B21429F1DB31
:1036A0000020F8E75078002030B502460B460B4862
:1036B00050F8224000210CE004EB011000889842F1
:1036C00005D104EB0110808885B2284630BD481C26
:1036D000C1B21429F0DB0020F8E700005078002088
:1036E00010B52DED068B04469FED4A0BB0EE408AD7
:1036F000F0EE608A24B1012C56D0022C71D163E027
:1037000046480068C08A00EE100AB8EE400A10EE83
:10371000101A084616F0B8FB41EC180B3F4909682F
:10372000C88A16F037F941EC190B3C490968C88A78
:1037300016F030F941EC1A0B53EC192B16F07AF90C
:1037400041EC180B9FED360B53EC102B51EC180B82
:1037500016F070F941EC180B30490968C88A16F068
:1037600019F941EC1A0B9FED300B53EC102B16F0AE
:1037700061F941EC190B53EC182B15F07FFE41EC6D
:10378000180B9FED2B0B53EC102B51EC180B15F075
:1037900075FE41EC180B51EC180B15F03DFE264957
:1037A0000968C1F884002BE01C490968888A16F072
:1037B000F1F841EC180B51EC180B15F02DFE1E49D9
:1037C0000968C1F888001BE01448006890ED1B0AE6
:1037D00010EE101A084616F057FB41EC180B0FE0DC
:1037E000FFE70E480068C08A00EE100AB8EE400AF3
:1037F00010EE101A084616F047FB41EC180B00BFFC
:1038000000BF51EC180B15F007FE00EE100ABDECDE
:10381000068B10BD0000000000000000F801002031
:10382000000000805CEEB63EFA035C0E3FF1A73F5D
:10383000D8F50B76C3B6C93FF401002010B564205B
:1038400012F086FA04480068007800F0020008B11F
:10385000012010BD0020FCE7E40100202DE9F0412B
:1038600004460E460127002500BF2548007E01289A
:1038700002D10220BDE8F08101202149087600BF75
:103880004CF25030FFF700FD0746002F31D1401EAB
:103890003060206801280FD1207C6168FFF738FC78
:1038A0004CF25030FFF7F0FC07461648006820F055
:1038B0000400144908601AE0A56812E0217C28463B
:1038C000FFF7BCFB4CF25030FFF7DEFC07460D481B
:1038D000006820F0FA000B4908600FB1356005E080
:1038E0006D1CD4E902100844A842E7D800BFFFF7D6
:1038F000D3FB00BF00200249087600BF3846B9E775
:1039000050790020103C02400348006840F000401D
:103910000149086000207047103C02402DE9F04149
:1039200006460F4614461D464FF0010800BF1F48CB
:10393000007E012802D10220BDE8F08101201B4950
:10394000087600BF4CF25030FFF79EFC8046B8F17D
:10395000000F23D126B9E1B23846FFF7F1FB12E0A0
:10396000012E04D1A1B23846FFF71AFC0BE0022E5B
:1039700004D121463846FFF727FC04E022462B46B7
:103980003846FFF7EFFB4CF25030FFF77DFC8046E6
:103990000748006820F001000549086000BF0020CA
:1039A0000249087600BF4046C6E700005079002073
:1039B000103C024000200949096801F0004159B15A
:1039C0000749064A0C3A1160064911600349096823
:1039D00001F0004101B1012070470000103C02409D
:1039E00023016745AB89EFCD10B5426921EA020397
:1039F00002EA010443EA0443836110BD0AB1816114
:103A000001E00B04836170470148006870470000C3
:103A100080030020034800680349097808440149ED
:103A200008607047800300208803002010B50D480F
:103A3000006840F400700B4908600846006840F4D4
:103A4000806008600846006840F4807008600320C9
:103A500000F0BAF80F2000F007F800F041F800205D
:103A600010BD0000003C024010B588B001460022A5
:103A70002D2000F06BF82D2000F058F80024144899
:103A8000016841F480710160006800F48070019069
:103A900002A903A800F0BEF800F0E4F840000D49C8
:103AA000B0FBF1F0411E0D480B4A026040F2E732D4
:103AB000C26041600461846000F0E6F810B108B0B3
:103AC000012010BD054800F013F908B010BD00003A
:103AD0004038024040420F0000200040087900209A
:103AE00008B51048016841F480410160006800F4A5
:103AF000804000900C48016841F0805101600068EE
:103B000000F08050009000220F21901E00F01EF85F
:103B100000220521012000F019F8BDE8084001202D
:103B200000F004B8443802404038024001460846DC
:103B3000002809DB00F01F0301229A4043099B0083
:103B400003F1E023C3F8002100BF70472DE9F05FC7
:103B500080460D461646002710F050FE07463946AF
:103B60002A46334601F00700C0F1070ABAF1040FF4
:103B700002D94FF0040A01E0C0F1070AD14600F172
:103B8000040ABAF1070F02D24FF0000A01E0A0F1D7
:103B9000030AD4464FF0010A0AFA09FAAAF1010A07
:103BA0000AEA020A0AFA0CFA4FF0010B0BFA0CFBB4
:103BB000ABF1010B0BEA030B4AEA0B04214640462A
:103BC00010F024FEBDE8F09F00BF00F00702064B96
:103BD00019684FF6FF031940044B0B4343EA0221D7
:103BE000014B196000BF70470CED00E00000FA05C2
:103BF0007047000010B50648006800F4803028B116
:103C0000FFF7F6FF4FF480300149086010BD000057
:103C1000143C01400F2202600D4A126802F00302B8
:103C200042600B4A126802F0F0028260084A126891
:103C300002F4E052C260064A126802F46042D208FE
:103C40000261044A126802F007020A60704700002D
:103C500008380240003C02400148006870470000FC
:103C60007C03002000B5FFF7F7FF04490968C1F3A2
:103C70008221034A515CC84000BD00000838024060
:103C8000F0B005087047704710B504460CB9012024
:103C900010BD94F83D0028B9002084F83C0020466F
:103CA00000F025F8022084F83D00211D20680FF067
:103CB000E7F8012084F8460000BF84F83E000121A7
:103CC0003F200155402001554120015500BF00BF54
:103CD000012084F84200432001554420015545202D
:103CE000015500BF012084F83D000020D0E7704757
:103CF000014691F83D00012801D0012070470220C3
:103D000081F83D000868C06840F001000B68D86089
:103D10001A4B086898421BD00868B0F1804F17D042
:103D2000174B0868984213D0164B086898420FD07A
:103D3000154B086898420BD0144B0868984207D07E
:103D4000134B0868984203D0124B086898420CD174
:103D50000868806800F00702062A0CD0086800682E
:103D600040F001000B68186005E00868006840F04A
:103D700001000B6818600020C0E70000000001404F
:103D80000004004000080040000C00400004014016
:103D90000040014000180040704710B504462068FC
:103DA0000069C0F34000D8B12068C068C0F340008B
:103DB000B0B16FF00200216808610120207720680F
:103DC000806900F0030018B12046FFF7E5FF05E029
:103DD000204600F0ADF8204600F0ABF80020207738
:103DE00020680069C0F38000D8B12068C068C0F3C3
:103DF0008000B0B16FF004002168086102202077D4
:103E00002068806900F4407018B12046FFF7C4FFB5
:103E100005E0204600F08CF8204600F08AF80020EB
:103E2000207720680069C0F3C000D8B12068C0685E
:103E3000C0F3C000B0B16FF0080021680861042031
:103E400020772068C06900F0030018B12046FFF712
:103E5000A3FF05E0204600F06BF8204600F069F86B
:103E60000020207720680069C0F30010D8B12068D6
:103E7000C068C0F30010B0B16FF010002168086195
:103E8000082020772068C06900F4407018B12046EF
:103E9000FFF782FF05E0204600F04AF8204600F0D8
:103EA00048F8002020772068006900F0010058B130
:103EB0002068C06800F0010030B16FF00100216897
:103EC0000861204600F036F820680069C0F3C01091
:103ED00058B12068C068C0F3C01030B16FF08000E6
:103EE000216808612046FFF7CDFE20680069C0F315
:103EF000801058B12068C068C0F3801030B16FF0F6
:103F0000400021680861204600F01DF82068006923
:103F1000C0F3401058B12068C068C0F3401030B101
:103F20006FF02000216808612046FFF7ACFE10BD4D
:103F3000704770470068A0F18041B1F5005101D190
:103F4000FFF768BD704770472DE9F0412DED068BF6
:103F50000646B0EE408A0D4600270024642001F09A
:103F6000DDFACFE0FDF718FF012001F0CDF99FED5C
:103F7000760A01F015FA002D69D10A2001F0C4F982
:103F80009FED720A01F00CFA4FF47A7011F0E0FE26
:103F9000304601F0B9F918EE100A15F075FF41EC42
:103FA0001A0B9FED6B0B53EC102B15F067FA41ECDD
:103FB000190B15F031FA08EE900AB0EE680A01F01C
:103FC000EFF944F6206011F0C3FEFFF737FC60B153
:103FD000B1EE040A01F0E4F9601C84B2032CC0DBEA
:103FE0000120BDEC068BBDE8F081012001F08CF9C9
:103FF00018EE100A15F048FF41EC1A0B9FED560B16
:1040000053EC102B15F03AFA41EC190B15F004FAA9
:1040100008EE900AB0EE680A01F0C2F9032001F040
:1040200073F94FF4427004F0B1FE9FED4D0A01F0B8
:10403000B7F944F6206011F08BFEFDF7ADFE0120CC
:1040400001F062F99FED400A01F0AAF95BE0012D51
:1040500058D10A2001F058F99FED3C0A01F0A0F96F
:104060004FF47A7011F074FE304601F04DF9F7EE1E
:10407000000A78EE200AB0EE600A01F091F944F6E9
:10408000206011F065FEFFF7D9FB48B1B1EE040ADC
:1040900001F086F9601C84B2032C33DB0120A0E719
:1040A000012001F031F918EE100A15F0EDFE41EC97
:1040B0001A0B9FED2C0B53EC102B15F0DFF941EC94
:1040C000190B15F0A9F908EE900AB0EE680A01F094
:1040D00067F9032001F018F94FF4427004F056FE1E
:1040E0009FED220A01F05CF944F6206011F030FEE9
:1040F000FDF752FE012001F007F99FED130A01F0D0
:104100004FF900E02EE700BFC82001F007FA0A20AF
:1041100001F0FAF8B1EE020A01F042F9032001F0D1
:10412000F3F84FF4427004F031FEB6EE000A01F0ED
:1041300037F9012001F0E8F89FED030A01F030F9AA
:10414000FDF72AFE00204CE700000000CDCC4C3EDD
:10415000666666666666E63F333333333333E33F82
:104160009A99193FCDCCCCCCCCCCEC3F6666663F5F
:104170002DE9F0412DED068B80460D4600240026EA
:1041800000279FEDBC0AB0EE408A0820BA490968B2
:1041900048854FF4FA7011F0DBFDC82001F0BEF93C
:1041A00026E1FDF7F9FD0A2001F0AEF89FEDB30A14
:1041B00001F0F6F84FF47A7011F0CAFDB0480068CB
:1041C000B0F8D840092C15D0142C13D0162C11D0CF
:1041D000192C0FD01A2C0DD01B2C0BD01C2C09D055
:1041E0001E2C07D0202C05D0232C03D0262C01D048
:1041F0002B2C0ED1802004F0C9FDA1480068B0F836
:10420000D40010B1022004F0C1FD072001F07CF8B9
:104210008AE0022C0DD0042C0BD0222C09D0252CA6
:1042200007D0272C05D0282C03D02C2C01D02D2CE6
:1042300007D14FF4005004F0A9FD062001F064F806
:1042400072E0012C07D0052C05D0062C03D0072CDA
:1042500001D0292C06D1022004F098FD052001F0A0
:1042600053F861E0032C0FD0082C0DD0132C0BD089
:10427000152C09D0182C07D01F2C05D0212C03D0C9
:10428000242C01D02A2C06D1102004F07FFD04201C
:1042900001F03AF848E0172C40D179480068B0F8AE
:1042A0007A0030B1012813D0022819D0032825D173
:1042B0001DE0802004F06AFD71480068B0F8D40069
:1042C00010B1022004F062FD072001F01DF824E087
:1042D0004FF4005004F05AFD062001F015F81CE0E0
:1042E000022004F053FD052001F00EF815E0102027
:1042F00004F04CFD042001F007F80EE0802004F0EB
:1043000045FD5F480068B0F8D40010B1022004F009
:104310003DFD072000F0F8FF00BF05E0022004F09B
:1043200035FD052000F0F0FF012D16D1544800683E
:10433000B0F8F00028B152480068B0F8F000012849
:1043400005D102204E490968A1F8620015E001205C
:104350004B490968A1F862000FE049480068B0F8CD
:10436000F00028B9022046490968A1F8620004E07B
:10437000012043490968A1F8620041480068B0F88B
:104380006200022804D19FED3F0AB0EE408A11E09E
:10439000022D04DC9FED3C0AB0EE408A0AE0032DBA
:1043A00004D19FED3A0AB0EE408A03E09FED380A4F
:1043B000B0EE408AB0EE480A00F0F2FFFFF73EFA96
:1043C00098B1B1EE040A00F0EBFFFDF7E5FC701CBC
:1043D00086B2032E0CDB032029490968A1F8EC0002
:1043E0000120BDEC068BBDE8F081FDF7D5FC00E0B7
:1043F000D7E600BFFDF7D0FC012000F085FF18EEE6
:10440000100A15F041FD41EC1A0B9FED220B53EC05
:10441000102B15F04FFC41EC190B14F0FDFF08EECA
:10442000900AB0EE680A00F0BBFFFDF7B5FC4FF450
:10443000427004F0ABFC032000F066FF9FED170A0A
:1044400000F0AEFF4FF44270FDF706FEFDF7A4FC4E
:10445000012000F059FF9FED070A00F0A1FF064878
:1044600000688088032803D10020034909688880F8
:104470000020B6E700000000F8010020CDCC4C3E43
:10448000F4010020666696409A99D93F9A99993F1F
:10449000CDCC2C409A9999999999B93F9A99193FFD
:1044A00070B52DED028B0446B0EE408A00256420E5
:1044B00007F04CFB012007F037F89FED1E0A07F0CC
:1044C00021FA0A2007F030F8B7EE000A07F01AFACE
:1044D0004FF47A7011F03CFC032C03D14FF442707E
:1044E00004F054FC204607F01FF8642007F02EFB70
:1044F000F7EE000A78EE200AB0EE600A07F002FA42
:10450000012004F043FC0C480068B0F8D60018B154
:104510004FF4805004F03AFCC82007F017FB9FEDE1
:10452000050A07F0EFF9FDF737FC0020BDEC028B20
:1045300070BD000000000000F40100202DE9F041F2
:1045400004460D4600260427FDF726FC0A2000F04D
:10455000DBFE05B109274FF4FA7000F0DFFF0026FB
:1045600041E00A2000F0D0FE9FED230A00F018FF82
:104570004FF47A7011F0ECFB4FF4427004F006FC3B
:104580004FF4FA7011F0E4FB032000F0BDFEB1EE31
:10459000080A00F005FF4FF47A7011F0D9FB4FF4D0
:1045A0004270FDF759FD34B1022000F0ADFE01204C
:1045B00004F0ECFB06E0012000F0A6FE4FF4805072
:1045C00004F0E4FB9FED0D0A00F0EAFE0120FDF788
:1045D00043FD4FF48050FDF73FFD4FF47A7011F02A
:1045E000B7FB701C86B2BE42BBDBFDF7D5FB0120DA
:1045F00000F08AFEBDE8F081CDCC4C3E000000000A
:1046000070B500240026002593480068B0F8EE003D
:1046100008B9002070BD07209049096848854FF40B
:10462000FA7011F095FB0DE1FDF7B6FBC82000F024
:1046300075FF0A2000F068FE9FED890A00F0B0FEC9
:104640004FF47A7011F084FB83480068B0F8D840CA
:10465000092C15D0142C13D0162C11D0192C0FD0D6
:104660001A2C0DD01B2C0BD01C2C09D01E2C07D0C3
:10467000202C05D0232C03D0262C01D02B2C0ED19E
:10468000802004F083FB74480068B0F8D40010B1B7
:10469000022004F07BFB072000F036FE8AE0022CAB
:1046A0000DD0042C0BD0222C09D0252C07D0272C80
:1046B00005D0282C03D02C2C01D02D2C07D14FF461
:1046C000005004F063FB062000F01EFE72E0012C97
:1046D00007D0052C05D0062C03D0072C01D0292C9F
:1046E00006D1022004F052FB052000F00DFE61E02F
:1046F000032C0FD0082C0DD0132C0BD0152C09D067
:10470000182C07D01F2C05D0212C03D0242C01D02D
:104710002A2C06D1102004F039FB042000F0F4FD0F
:1047200048E0172C40D14C480068B0F87A0030B10E
:10473000012813D0022819D0032825D11DE080209C
:1047400004F024FB44480068B0F8D40010B1022003
:1047500004F01CFB072000F0D7FD24E04FF40050CC
:1047600004F014FB062000F0CFFD1CE0022004F052
:104770000DFB052000F0C8FD15E0102004F006FB3D
:10478000042000F0C1FD0EE0802004F0FFFA324862
:104790000068B0F8D40010B1022004F0F7FA072046
:1047A00000F0B2FD00BF05E0022004F0EFFA0520A2
:1047B00000F0AAFD9FED2B0A00F0F2FDFDF7ECFAE8
:1047C000FFF73CF870B1B1EE040A00F0E9FD701C8F
:1047D00086B2032E2DDB02201F490968A1F8EC00E8
:1047E000012017E7012004F0D1FA1B480068B0F857
:1047F000D60018B14FF4805004F0C8FA022000F03F
:1048000083FD4FF4967000F089FE9FED170A00F0CB
:10481000C7FD0120FDF720FC4FF48050FDF71CFC84
:10482000681C85B20C480068B0F8EE00A84200DCB5
:1048300009E0012000F068FDFDF7AEFA9FED0A0ADD
:1048400000F0AEFDF0E600BF012000F05DFDFDF7D9
:10485000A3FA0020DEE60000F4010020F8010020A9
:10486000CDCC4C3E66668640000000002DE9F0414C
:104870002DED028B0024002600270025A0460020F5
:10488000FC490968A1F8FC00FDF786FA0120FA4905
:1048900009684885002000F037FD4FF4FA6011F0F8
:1048A00057FA012000F030FD00F030FE9FEDF30AD2
:1048B00000F076FD4FF47A7011F04AFA0120ED49CC
:1048C0000968A1F8FC0000210846FFF737FE022026
:1048D000E8490968A1F8FC00012000F015FDC82096
:1048E00000F01CFE9FEDE50A00F05AFD002000F0EC
:1048F0000BFD00F003FEB0EE000A00F051FD00F0E9
:1049000005FE012000F000FD9FEDDC0A00F048FDEF
:10491000002000F0F9FC00F0F1FDB1EE040A00F017
:104920003FFD00F0F3FD012000F0EEFC9FEDD30A07
:1049300000F036FD0520CF490968A1F8FC00CD48FC
:104940000068B0F8D80001281ED1CA480068B0F845
:10495000E800C8B10420C849096848854FF4FA70D6
:1049600011F0F6F94FF4804004F010FAC1490968DB
:10497000B1F8E8104FF47A7201FB02F011F0E8F997
:104980004FF48040FDF768FB9FEDBD0AB948006811
:1049900080ED240A9FEDBB0AB648006880ED250A29
:1049A0009FEDB90AB348006880ED260A3220B1496C
:1049B0000968A1F86C00AF48006890F86C203C23AF
:1049C0000021084606F080F90620AA490968A1F8E6
:1049D000FC000720A7490968A1F8FC00FFF710FEBA
:1049E00020B10120BDEC028BBDE8F0810820A14977
:1049F0000968A1F8FC0003210020FFF7B9FB08B10A
:104A00000120EFE709209B490968A1F8FC000A2072
:104A100098490968A1F8FC0000F080FB08B101206A
:104A2000E0E70B2093490968A1F8FC000C209249AB
:104A3000096848854FF4FA7011F08AF90021B6EE42
:104A4000000A0820FFF780FA04460CB10120C9E7EC
:104A50000C2088490968A1F8FC000B2086490968E8
:104A600048854FF4FA7011F073F982480068B0F885
:104A7000F00038B90021B6EE000A0420FFF764FA0E
:104A8000044606E00021B1EE000A0420FFF75CFABC
:104A900004460CB10120A5E70D2076490968A1F86C
:104AA000FC000FF043FD04460CB101209AE70E20F4
:104AB00070490968A1F8FC006F49096848854FF4FE
:104AC000FA7011F045F90021B7EE000A0920FFF74E
:104AD0003BFA06460EB1012084E74FF47A7011F0DC
:104AE00037F9FDF759F90F2062490968A1F8FC0070
:104AF000C82000F013FD012000F006FC9FED5F0AC6
:104B000000F04EFC0A2000F0FFFBB1EE040A00F0BA
:104B100047FC032000F0F8FB4FF4427004F036F934
:104B20009FED560A00F03CFC012000F0EDFBFDF784
:104B300033F90F205049096848854FF4FA7011F095
:104B400007F900200DF0FEFF9FED500A494800686C
:104B500080ED240AB1EE080A4648006880ED250A77
:104B60009FED4B0A4348006880ED260A32204149F8
:104B70000968A1F86C0005203E490968A1F86E009B
:104B80003C480068B0F86E0003B23A48006890F8FC
:104B90006C200021084606F07BF88046B8F1000F33
:104BA00015D1102033490968A1F8FC00314800688C
:104BB00090ED210ADFED370AB4EEE00AF1EE10FACB
:104BC00005D217202C490968888001200AE71120A6
:104BD00028490968A1F8FC0000200DF0B3FF162059
:104BE0002549096848854FF4FA7011F0B1F84FF47F
:104BF000806004F0CBF80024002622E04FF47A70A5
:104C000011F0A6F8601C84B21A48006890ED210AE1
:104C1000DFED210AB4EEE00AF1EE10FA00D811E05F
:104C200040F2DC50844205DD212013490968888068
:104C30000120D7E600200DF085FF4FF4806004F0DE
:104C4000A5F8DBE700BF4FF4FA7011F081F84FF4DC
:104C50008060FDF701FA122006490968A1F8FC00FE
:104C600010200549096848854FF4FA7011F070F872
:104C700000242EE0F4010020F801002000000000D4
:104C80000000FA439A99993E0000FA4400806D456D
:104C90000000484400004442333347424FF47A70E6
:104CA00011F056F8601C84B2F948006890ED210AB2
:104CB000DFEDF80AB4EEE00AF1EE10FA00D809E0F0
:104CC000B4F5167F05DD2120F349096888800120AD
:104CD00088E6E3E700BF0025002408E0EE4800680E
:104CE000408B0544C82011F033F8601C84B20A2CB4
:104CF000F4DB0A20B5FBF0F5E74909680D861320BF
:104D0000E3490968A1F8FC001FED200AE0480068AB
:104D100080ED240AB1EE080ADD48006880ED250A1E
:104D20001FED250ADA48006880ED260A3220D849AE
:104D30000968A1F86C000020D5490968A1F86E0047
:104D4000D3480068B0F86E0003B2D148006890F80C
:104D50006C200021084605F0B7FF1120CE490968F4
:104D600048854FF4FA7010F0F3FF00210846FFF772
:104D7000E5FB1220C849096848854FF4FA7010F025
:104D8000E7FFFDF709F8C2480068B0F8F60020B167
:104D9000BF480068B0F8F67000E00127C82000F0B6
:104DA000BDFB012000F0B0FA1FED4C0A00F0F8FA4C
:104DB0004FF47A7010F0CCFF002630E0002422E09F
:104DC000102003F0E3FF042000F09EFAB1EE040A85
:104DD00000F0E6FAFCF7E0FF4FF4FA7010F0B8FFCD
:104DE0004FF4427003F0D2FF032000F08DFA1FED64
:104DF0005D0A00F0D5FAFCF7CFFF4FF4FA7010F01F
:104E0000A7FF601C84B2032CDADB00210846FFF701
:104E100095FB4FF4FA7010F09BFF701C86B2BE42F7
:104E2000CCDB14209A490968A1F8FC00FCF7B4FF18
:104E3000002422E0102003F0A9FF042000F064FA0F
:104E4000B1EE040A00F0ACFAFCF7A6FF4FF4FA70DA
:104E500010F07EFF4FF4427003F098FF032000F043
:104E600053FA1FED7A0A00F09BFAFCF795FF4FF416
:104E7000FA7010F06DFF601C84B2022CDADB132094
:104E80008549096848854FF4FA7010F061FF0020E9
:104E90000DF058FE1FED830A7D48006880ED240A5E
:104EA000B1EE080A7A48006880ED250A1FED880AED
:104EB0007748006880ED260A322075490968A1F814
:104EC0006C00002072490968A1F86E007048006803
:104ED000B0F86E0003B26E48006890F86C200021B4
:104EE000084605F0F1FE002400265BE04FF47A70DE
:104EF00010F02EFF601C84B26548006890ED210A16
:104F000010EE101A084614F0BFFF41EC180B9FED8D
:104F1000630B53EC102B14F08BFE00D843E0B4F578
:104F2000967F36DD5A48006890ED210AF3EE090AB3
:104F3000B4EEE00AF1EE10FA2BD256BB01261FEDBB
:104F4000AD0A5348006880ED240AB1EE080A5048C3
:104F5000006880ED250A1FEDB20A4D48006880ED1B
:104F6000260A32204A490968A1F86C000020484905
:104F70000968A1F86E0046480068B0F86E0003B2F8
:104F80004348006890F86C200021084605F09CFE1C
:104F900008E0B4F5167F05DD17203F4909688880D1
:104FA00001201FE5A2E700BF00200DF0CBFD4FF46C
:104FB000806003F0EBFE00240026152034490968C8
:104FC000A1F8FC0063E04FF47A7010F0C1FE601CA1
:104FD00084B22F48006890ED210A10EE101A08469E
:104FE00014F052FF41EC180B9FED2E0B53EC102BDD
:104FF00014F0E4FC00D859E0B4F5967F36DD24487F
:10500000006890ED210AF3EE090AB4EEE00AF1EE31
:1050100010FA2BD256BB01261FEDE40A1C4800688B
:1050200080ED240AB1EE080A1948006880ED250ACF
:105030001FEDE90A1648006880ED260A322014495F
:105040000968A1F86C00002011490968A1F86E00F8
:105050000F480068B0F86E0003B20D48006890F881
:105060006C200021084605F02FFE09E040F2DC50DC
:10507000844205DD21200849096888800120B1E4C7
:1050800000200DF05FFD4FF4806003F07FFE9AE793
:10509000F401002000004642F8010020333333338E
:1050A00033F348400000000000C0484000BF4FF408
:1050B0008060FCF7D1FF0A2005F01EF94FF47A70EA
:1050C00010F046FE0025002408E012480068408BDE
:1050D0000544C82010F03CFE601C84B20A2CF4DBAE
:1050E0000A20B5FBF0F50B4909684D8600200949F7
:1050F0000968888041F2883010F02AFE6420064951
:105100000968A1F8FC004FF4FA70FBF749FD002094
:1051100068E40000F8010020F401002070B50025CB
:10512000002476480068B0F8F00030B1012805D0BE
:10513000022805D0032807D104E000BF012505E0BF
:10514000022503E0032501E0012500BF00BF022D79
:1051500001D0032D66D109206949096848854FF4BB
:10516000FA7010F0F5FD0021B1EE000A0420FEF700
:10517000EBFE044634B10C2060490968A1F8EC004C
:10518000012070BDB0EE000A0320FFF789F9044644
:105190000CB10120F5E70A2000F0B6F8B6EE000ADF
:1051A00000F0FEF84FF47A7010F0D2FD4FF4427028
:1051B00003F0ECFD032000F0A7F8C82000F0AEF9E2
:1051C000B1EE040A00F0ECF8022000F09DF8012096
:1051D00003F0DCFD49480068B0F8D60018B14FF480
:1051E000805003F0D3FDB7EE080A00F0D9F8FCF7C1
:1051F000D3FD4FF47A7010F0ABFD4FF4427003F022
:10520000C5FD032000F080F8B7EE000A00F0C8F8F2
:105210004FF44270FCF720FFFCF7BEFD9FED390A0A
:1052200000F0BEF8032D66D10A203549096848858B
:105230004FF4FA7010F08CFD0021B6EE000A042045
:10524000FEF782FE044634B10C202C490968A1F80F
:10525000EC00012095E7B7EE080A0320FFF720F9DC
:1052600004460CB101208CE74FF4427003F08EFD30
:10527000032000F049F8C82000F050F9B1EE000A10
:1052800000F08EF84FF44270FCF7E6FE4FF4FA603F
:1052900010F05EFD012003F079FD18480068B0F8B9
:1052A000D60018B14FF4805003F070FD022000F0DA
:1052B0002BF8B7EE000A00F073F8FCF76DFD4FF421
:1052C0007A7010F045FD4FF4427003F05FFD03204B
:1052D00000F01AF8B6EE000A00F062F84FF44270DF
:1052E000FCF7BAFEFCF758FD002000F00DF89FED2A
:1052F000050A00F055F8002043E70000F401002003
:10530000F80100200000000070B5054600240026CA
:10531000C82010F01DFD0A2D00DD0A25212220469F
:10532000641C1C490A5405222046641C0A540022AD
:105330002046641C0A542046641C0D54FF2220465B
:10534000641C0A5400222046641C0A54A1B211486D
:1053500011F006FF06462046641C0E490E54321218
:105360002046641C0A54A1B20A4800F03DFB0A48DA
:105370000078A84207D00948007820B941F2883067
:1053800010F0E6FC03E04FF4FA7010F0E1FC024884
:10539000057070BD746F0020A2020020A3020020DF
:1053A00070B52DED028BB0EE408A0024002500265A
:1053B000C82010F0CDFCB1EE040AB4EEC08AF1EEC4
:1053C00010FA03DDB1EE040AB0EE408A2222204634
:1053D000641C45490A5406222046641C0A540022D3
:1053E0002046641C0A5414222046641C0A54B5EE5C
:1053F000C08AF1EE10FA07D1FF222046641C0A543D
:105400002046641C0A5410E09FED380A28EE000A7A
:10541000BCEEC00A10EE100A86B232122046641C9E
:1054200031490A542046641C0E54A1B22E4811F092
:1054300097FE05462046641C2B490D542A1220462F
:10544000641C0A54A1B2284800F0CEFA284890ED16
:10545000000AB4EE480AF1EE10FA3AD02548007876
:1054600088BB234890ED000AB5EEC00AF1EE10FAB1
:105470000FD1B1EE000AB4EEC08AF1EE10FA08DBEB
:105480001D480088C82804DB44F2506010F060FC1E
:1054900023E0174890ED000AB4EEC08AF1EE10FA4E
:1054A00008D215480088C82804DB43F6982010F07D
:1054B0004FFC12E010480088C82805DA44F6206046
:1054C00010F046FC09E004E043F6982010F040FCA0
:1054D00003E04FF4FA6010F03BFC054880ED008AD1
:1054E000BDEC028B70BD0000746F002000007A4498
:1054F0009C020020A3020020A00200201020010432
:10550000014A916100BF7047000C0240102002491F
:10551000886100BF70470000000C024070B505466E
:1055200000240026C82010F013FC4FF6FF7000EA9C
:10553000450540F2DC50854200DD054605B90125F0
:1055400022222046641C15490A5406222046641C67
:105550000A5400222046641C0A540C222046641C73
:105560000A542A122046641C0A542046641C0D5416
:10557000A1B20A4811F0F4FD06462046641C074912
:105580000E5432122046641C0A54A1B2034800F0A3
:105590002BFA4FF4FA7010F0DBFB70BD746F002033
:1055A000FEE7000070B52DED028BFD480068058810
:1055B0000B20FB490968A1F878001C2D76D012DC7D
:1055C000A5F10300192872D2DFE800F0F2F1717141
:1055D000717171333D47728AA6BCCEE0F3F4EEEDF3
:1055E000ECEBEAE9E8002C2D78D00DDCA5F11D00EC
:1055F0000F28E8D2DFE800F0EFEEEDECEBEAE95B34
:105600005B5B5B5BE8E7E600312D68D008DC2D2DA5
:105610007CD02E2D7BD02F2D7AD0302D47D1ABE1F1
:10562000322D76D06C2D75D06D2D74D06E2DF5D1B8
:1056300054E1DB490968486C03F0A8FB0020D84915
:1056400009680880C5E1D6490968486CFCF704FD83
:105650000020D34909680880BBE10DF047FA4FF4F8
:10566000967010F075FBCE480068B0F8720000EE3E
:10567000100AB8EE400AF2EE040A80EE201AB0EEEC
:10568000418AC7490968B1F95C00B0EE480A0CF0DC
:10569000D7FF02E0642010F05BFBC24800780028CE
:1056A000F8D00020BE490968088092E1CEE08FE181
:1056B000BB4B1B68B3F86220B94B1B68B3F95C1095
:1056C000B74B1B68B3F8720010F0D0F9B6490968FF
:1056D00088800020B249096808807AE12CE171E1F4
:1056E000AF4B1B68B3F86220AD4B1B68B3F95C107D
:1056F000AB4B1B68B3F87200FCF706FFAA490968B8
:1057000088800020A6490968088062E117E119E154
:1057100025E15AE1DBE0E0E0A14B1B68B3F8622031
:105720009F4B1B68B3F95C109D4B1B68B3F872006C
:10573000FCF7DCFF9C4909688880002098490968CB
:10574000088046E196480068B0F86E0003B29448BD
:10575000006890F86C200021084605F099FA0020B6
:105760008F490968088034E18D480068B0F86E0000
:1057700003B28B48006890F86C200021084605F0C1
:10578000A3FA002086490968088022E100200DF074
:10579000D9F900208249096808801AE14EE045E005
:1057A00041E028E024E020E01CE003E001E016E016
:1057B00012E000BF0A2004F09FFD0020784909682C
:1057C000088006E1A5E097E089E042E074E066E049
:1057D00059E04CE047E042E00CF082FBF9E00CF0CD
:1057E00093FBF6E003F0F2F9F3E0FCF763FBF0E083
:1057F0000CF0C6FFEDE06D4807F09CFC0446002C61
:105800000ADB6A4800886649096848876748408813
:1058100063490968088705E0614909684C87604960
:1058200009680C87D5E007F0D3FCD2E00CF008FD46
:105830005B490968C86A02F09AFFCAE00CF000FDF3
:1058400057490968086B02F09AFFC2E00DF0C2F9EF
:10585000BFE007F059FC544909688860B9E00120AD
:1058600053490870B5E0002051490870B1E00020AC
:1058700050490968087050490968087001204F496B
:1058800009680870A5E001204A49096808700020ED
:1058900049490968087049490968087099E0002079
:1058A00044490968087001204349096808700020CC
:1058B0004249096808708CE000203E490968087078
:1058C0003D49096808703D490968087081E0FCF7A6
:1058D00013F83549096888807BE07AE079E0012097
:1058E000374908702E49096891F8000105F01CFE3F
:1058F0000020334908706CE00120314908702849C4
:105900000968B1F8020106F021F900202C4908705D
:105910005FE001202A49087021480068B0F80401BE
:1059200000EE900AF8EE600AB0EE600A05F0EAFFB9
:105930000020234908704CE006F0ACF849E006F07E
:10594000D7F846E001201E4908701549096891F80A
:105950000001FFF7D9FC00201949087039E0012047
:10596000174908700E490968B1F80201FFF7D6FD22
:105970000020134908702CE00120114908700848E4
:105980000068B0F8040100EE900AF8EE600AB0EE8C
:10599000600AFFF705FD00200949087019E00000C2
:1059A000F4010020FC010020F8010020C0020020CA
:1059B0000C0300205C02002060020020580200203E
:1059C000A3020020FFF79AFD03E0FFF79FFD00E030
:1059D00000BF00BF0020034909680880BDEC028BAE
:1059E00070BD0000F401002070B504460D464FF470
:1059F00080601C49886100BF224603211A4800F0DC
:105A00007BFE1A480268121D0321174800F084FE2D
:105A10002A460321144800F04FFE1449086800BFCD
:105A200000BF00BF00F1140252E8002F42F08001D5
:105A300000F1140242E80013002BF3D100BF00BFB5
:105A400000BF20200849C86000BF0321064800F0BD
:105A5000EBFD0321044800F0FFFD0321024800F0A4
:105A600013FE70BD000C0240006002406C0200207A
:105A70000121014A118170477C70002008480949C2
:105A80000860094848600948886009484861094831
:105A900008610948C860094888610948C8617047B9
:105AA000F5AC0408A0780020EB930408CD9104081D
:105AB000D99A040879A3040815A90408DD960408F6
:105AC000BBA6040810B500242F222046641C1049F0
:105AD0000A5431222046641C0A5457222046641C72
:105AE0000A5434222046641C0A5452222046641C64
:105AF0000A540D222046641C0A5400BF4FF4FA7069
:105B000010F026F905F02EFB0028F7D110BD00009B
:105B1000F46F002000B587B0002004900590069037
:105B2000029003900190674A012002F1500101EBBD
:105B300080010B6843F2F220834273D062A0417867
:105B4000303961A00078202801D1002002E05EA059
:105B50000078303800EB800001EB4000C0B28DF8D7
:105B60000C0059A00179303957A0C078202801D104
:105B7000002002E054A0C078303800EB800001EB38
:105B80004000C0B28DF80D004FA0C17930394EA051
:105B90008079202801D1002002E04BA080793038A4
:105BA00000EB800001EB4000C0B28DF80E0002AAAD
:105BB0000021444800F0BAFF46A080786E2801D149
:105BC00001203DE043A08078622801D1022037E027
:105BD00040A08078722807D13EA000784D2801D1DE
:105BE00003202DE004202BE03AA08078792801D111
:105BF000052025E037A080786E2801D106201FE01F
:105C000034A080786C2801D1072019E031A0807879
:105C1000672801D1082013E02EA08078702802D1D7
:105C200009200DE04CE02BA08078742801D10A20D7
:105C300006E028A08078762801D10B2000E00C2017
:105C40008DF8050023A0007A303822A1C9793039B7
:105C500001EB810100EB410000EB80011DA0407AC7
:105C6000303800EB410000EB80011AA0807A303818
:105C700000EB4100A0F5FA60C0B28DF8070015A056
:105C80004179303913A00079202801D1002002E0A9
:105C900010A00079303800EB800001EB4000C0B26A
:105CA0008DF8060000208DF8040001AA00210548A7
:105CB00000F03CFE43F2F2220121024800F00AFE0D
:105CC00007B000BD0028004031343A32353A333154
:105CD000000000004A756E2031322032303235002B
:105CE00070B505460C4600200B49096808850A482E
:105CF0000068808D094908604FF47A706043084954
:105D0000086013F023F80749086005480168064851
:105D1000006810F087FB70BDF801002038020020F9
:105D2000440200203C0200205C03002010B540F635
:105D3000C4100CF043FA0E200CF012FA41F270700D
:105D400008490880084600880CF0ACF9FFF7BAFE55
:105D500040F6B83003490880084600880CF0A2F9E4
:105D600010BD0000A402002010B58020FE4908608C
:105D70004001086041F29422FC49FD48FAF73BFCDF
:105D8000FC48FD490860A0F52070FC49086000F55A
:105D90000070FB490860A0F50070FA49086000F542
:105DA0000070F94908600020F64909680880F74842
:105DB000D0F88C0245F2AA5188427DD0B0EE080A94
:105DC000F34880ED000AB0EE080AF24880ED000AC0
:105DD0009FEDF10AF14880ED000A4FF49660F0491A
:105DE0000880F0490880EE480088E749096808847F
:105DF000EC480088E44909684884E54890ED000AC9
:105E0000F2EE040A20EE200ABCEEC00A10EE100AE0
:105E1000DC490968A1F85200DE4890ED000AF2EE74
:105E2000040A20EE200ABCEEC00A10EE100AD54982
:105E30000968A1F85400D94890ED000AF2EE040A6E
:105E400020EE200ABCEEC00A10EE100ACD49096807
:105E5000A1F850004FF49670CA490968A1F85A0099
:105E60004FF42F70C7490968A1F8560040F214504A
:105E7000C4490968A1F8580040F6B830C249096819
:105E800088854FF41670BF490968A1F85C004FF48B
:105E90009060BC49096848800120BA490968888037
:105EA0001E20B849096888874FF42F70B5490968E2
:105EB000C8879FEDBD0A00E028E0B248006880ED89
:105EC000240A9FEDBA0AAF48006880ED250A9FEDCD
:105ED000B60AAC48006880ED260A4CF25030A94959
:105EE0000968C8841020A7490968A1F84000122059
:105EF000A4490968A1F84200002004E000219E4A5C
:105F000012681154401C0828F8DBD6E09D48006850
:105F1000B0F8520000EE100AB8EE400A9C4880ED3E
:105F2000000A90ED000AF2EE040A80EE201A80EDDD
:105F3000001A90ED000ADFED9E0AB4EEE00AF1EEE1
:105F400010FA06DC90ED000AB5EEC00AF1EE10FA88
:105F500004D2B0EE080A8E4880ED000A8948006835
:105F6000B0F8540000EE100AB8EE400A894880EDFF
:105F7000000A90ED000AF2EE040A80EE201A80ED8D
:105F8000001A90ED000ADFED8A0AB4EEE00AF1EEA5
:105F900010FA06DC90ED000AB5EEC00AF1EE10FA38
:105FA00004D2B0EE080A7B4880ED000A754800680C
:105FB000B0F8500000EE100AB8EE400A774880EDC5
:105FC000000A90ED000AF2EE040A80EE201A80ED3D
:105FD000001A6D480068008C7149088008460088E6
:105FE0004FF6FF71884202D06D48008818B942F61A
:105FF000E0606B49088064480068408C694908800B
:10600000084600884FF6FF71884202D06548008834
:1060100018B942F6E060634908805A480068408831
:10602000B0F5906F05DD4FF49060564909684880DF
:1060300009E05448006840885C2804DA4FF4906016
:106040005049096848804F4800688088802803DCF0
:106050004C480068808818B901204A49096888803E
:1060600049480068808D40F6B831884203DD084613
:1060700045490968888543480068B0F840001328FE
:1060800005DC40480068B0F84000012804DA102020
:106090003C490968A1F840003A480068B0F842005D
:1060A000132805DC37480068B0F84200012804DAFC
:1060B000122034490968A1F8420032480068B0F85B
:1060C0005C0030B12F480068B0F95C00B0F57A7F11
:1060D00005DD4FF416702B490968A1F85C0000201B
:1060E00029490968488500F033F9002026490968E4
:1060F000C880012024490968888100201E49096858
:1061000008701D49096848701B49096888701A4859
:106110000068C07800F0FE0017490968C87016488A
:1061200000680DF061FC23A0007A303821A1C97904
:10613000303901EB810100EB410000EB80011DA033
:10614000407A303800EB410000EB800119A0807AE2
:10615000303800EB41000C490968A1F85C0015A03B
:1061600080786E282ED12BE060010020000002080C
:106170008052002000650020E8010020EC01002092
:10618000F0010020F4010020F801002080620020CE
:1061900034030020380300209A99993F68020020B8
:1061A0002E0300203003002000007A440000164433
:1061B000000004424A756E20313220323032350000
:1061C000012046E0AFF214008078622801D102205D
:1061D0003FE0AFF220008078722808D1AFF22C00A7
:1061E00000784D2801D1032033E0042031E0AFF2E4
:1061F0003C008078792801D105202AE0AFF24C00DC
:1062000080786E2801D1062023E0AFF25800807814
:106210006C2801D107201CE0AFF268008078672865
:1062200001D1082015E0AFF274008078702801D108
:1062300009200EE0AFF284008078742801D10A2092
:1062400007E0AFF290008078762801D10B2000E0C3
:106250000C2039490968A1F85E00AFF2A800417925
:106260003039AFF2B0000079202801D1002003E0DE
:10627000AFF2C0000079303800EB800001EB400045
:106280002D490968A1F860002CA0417830392BA075
:106290000078202801D1002002E028A000783038C2
:1062A00000EB800001EB400023490968A1F862007F
:1062B00022A00179303921A0C078202801D1002006
:1062C00002E01EA0C078303800EB800001EB4000F7
:1062D00019490968A1F8640018A0C179303917A0DC
:1062E0008079202801D1002002E014A08079303884
:1062F00000EB800001EB40000F490968A1F866003F
:1063000000200D490968C8810B49096808820E49B7
:106310000968C8620C49096808634BF680300A496D
:10632000096888624FF4E16007490968888600209F
:1063300006490968087010BDF801002031343A326E
:10634000353A323800000000F4010020E40100205A
:1063500008480949086009484860094888600948B0
:106360004861094808610948C8600948C861094886
:1063700088617047B8A2050850780020F8A3050886
:1063800038A5050838AA0508B8AC0508B8A7050857
:10639000F8AD050878A605082DE9F04105460C463C
:1063A0000026606800B100BF134800F049F80746B6
:1063B000124800F045F80743114800F041F8074340
:1063C000AFB9606860B1D4E900010843A16808432F
:1063D000E168084369680B4A11400843686007E0B8
:1063E00068680849084021680843686000E00126A1
:1063F0003046BDE8F081000000200140002101404E
:1064000000220140E010FCFF70B504460D46002656
:10641000204600F015F870B9A9682868084361683B
:10642000064A114008436060A06820F40060696873
:106430000843A06000E00126304670BDFFFEFFFC6F
:106440000146886800F001007047000070B50446FE
:106450000D460026686800B100BF2046FFF7F0FF38
:1064600000BB686830B1606820F46840A9680843E0
:10647000606003E0606820F468406060286800F0B5
:106480007060E968084329690843A168074A114018
:106490000843A0606868E16A21F470010143E16289
:1064A00000BF00E00126304670BD0000FDFCFFC0CB
:1064B0004FF4407C9CFAACFC01F44073BCFA8CFCB9
:1064C00023FA0CF300EB8300C36A01F01F014FF0C5
:1064D0001F0C0CFA01FC02F01F0223EA0C0302FA63
:1064E00001F11943C162704730B44FF0007C9CFA4F
:1064F000ACFC01F00073BCFA8CFC23FA0CF300EB4B
:106500008300D0F80CC04FF0F87393FAA3F401F0B5
:10651000F871B4FA84F421FA04F4072505FA04F4B6
:1065200093FAA3F3B3FA83F3D9402CEA040C02FAEA
:1065300001F14CEA0101C16030BC704702490968B1
:106540000143014A1160704720380240024909683E
:106550008143014A116070472038024002490968AE
:106560000143014A1160704724380240024909681A
:106570008143014A116070472438024030B500F170
:106580000804C1F3034504EB85031C686FF30B0497
:1065900014431C6030BD10B5026801F010040123E3
:1065A000A3401A43026010BDF0B5034600245068B2
:1065B00000B100BF08461D6800F010070126BE406C
:1065C000354000F010070126BE40B54201D101253B
:1065D00000E0002525BB506898B1186801F010064E
:1065E00040F6FA75B540A843D2E90056354396689F
:1065F0003543D668354301F01006B540284318608E
:106600000FE0186801F01006FA25B540A843D668D7
:106610001568354301F01006B5402843186000E0C6
:1066200001242046F0BD0000044A525C825842F02A
:106630001002024B5B5CC250704700007EA105084F
:10664000044A525C825842F01002024B5B5CC2501A
:1066500070470000A9A10508044A525C825842F024
:106660000402024B5B5CC250704700007EA105082B
:10667000044A525C825842F00402024B5B5CC250F6
:1066800070470000A9A10508044A525C825842F0F4
:106690000102024B5B5CC250704700007EA10508FE
:1066A000044A525C825842F00102024B5B5CC250C9
:1066B00070470000A9A1050810B5064B5B5C0344B8
:1066C0005B686FF30F031343024C645C0444636024
:1066D00010BD00007EA1050810B5064B5B5C0344AD
:1066E0005B686FF30F031343024C645C0444636004
:1066F00010BD0000A9A10508024B5B5C0344DA60F1
:10670000704700007EA10508024B5B5C0344DA6021
:1067100070470000A9A10508024B5B5C03449A6026
:10672000704700007EA10508024B5B5C03449A6041
:1067300070470000A9A10508F0B502460B460024E9
:106740000021186890FAA0F0B0FA80F48AE00125E0
:10675000A540186800EA050100297DD05868012885
:1067600002D0586802281CD19868956891FAA1F661
:10677000B6FA86F677000326BE40B54391FAA1F635
:10678000B6FA86F6760000FA06F63543956000BF45
:10679000D86855688D4301FB00F63543556000BF4E
:1067A00000BF1869D56891FAA1F6B6FA86F67700A7
:1067B0000326BE40B54391FAA1F6B6FA86F67600F6
:1067C00000FA06F63543D56000BF5868022831D17B
:1067D00091FAA1F0B0FA80F0082814D25869156A2D
:1067E00091FAA1F6B6FA86F6B7000F26BE40B54379
:1067F00091FAA1F6B6FA86F6B60000FA06F6354327
:10680000156200BF16E05869556A0E0A96FAA6F698
:10681000B6FA86F6B7000F26BE40B5430E0A96FAC2
:10682000A6F6B6FA86F6B60000FA06F635435562C5
:1068300000BF00BF5868156891FAA1F6B6FA86F64F
:1068400077000326BE40B54391FAA1F6B6FA86F664
:10685000760000FA06F600E003E03543156000BF5D
:1068600000BF641C1868E04000287FF470AFF0BDE2
:10687000024610690840884201D10120704700207B
:10688000FCE7024610690840884201D101207047A8
:106890000020FCE70A04826170478161704710B5EF
:1068A000044604F0B7FC2060206804F07FFC6060C0
:1068B000606804F08BFCA060606804F099FCE06004
:1068C00010BD000002480068C0F388107047000047
:1068D0000438024010B500F1500303EB81031A6045
:1068E00010BD0000F0B5059C04F0F006360404F07D
:1068F0000F0746EA074646EA413603F0F0073F0233
:1069000003F00F0C47EA0C273E4302F0F00702F0B9
:106910000F0C47EA0C0746EA07054668024F3E405F
:106920002E434660F0BD0000C00000FF2DE9F84F87
:1069300006460D46144601274DB9607800F0100058
:10694000102804D1607800F0EF000A30607005B9BB
:1069500000E000BF304600F058F8304600F05DF827
:10696000012848D045B1E07800906378A27821787A
:106970003046FFF7B7FF31E0E0780A21B0FBF1F2D3
:1069800001FB1200E1780A22B1FBF2F140EA0110AA
:1069900000F0FF0860781146B0FBF1F201FB120035
:1069A00061780A22B1FBF2F140EA011000F0FF0920
:1069B000A0781146B0FBF1F201FB1200A1780A2287
:1069C000B1FBF2F140EA011000F0FF0ACDF80080BF
:1069D00021784B4652463046FFF784FF304600F0A0
:1069E00010F8304600F07BF820B9304600F00EF980
:1069F000074600E00027304600F00CF83846BDE8B6
:106A0000F88F6FF08001C1607047CA214162532145
:106A100041627047FF2141627047F8B504464FF468
:106A20007A70009000250026204600F04EF8D0B97C
:106A300000BF681EE06000BF204600F046F8064632
:106A40000DE000F04DF9012802D10098401E0090A1
:106A5000204600F03AF80646009800B90125009853
:106A600008B1012EEDD12846F8BD0146886800F036
:106A70004000704770B504460D4601262046FFF7DA
:106A8000C4FF2046FFF7C9FF012819D02868A16874
:106A900021F040010143A16000BFA86821696FF3A4
:106AA0000E010143216100BF6868216921F4FE01E4
:106AB00041EA0041216100BF2046FFF7A2FF002606
:106AC0002046FFF7A7FF304670BD0146C868C0F3F7
:106AD000801070470146C868C0F3401070470146F7
:106AE0008868C0F340107047F0B5059C02F0F006CE
:106AF000360402F00F0746EA07460E4303F0F0079C
:106B00003F0203F00F0C47EA0C273E4304F0F00766
:106B100004F00F0C47EA0C0746EA07050668024F27
:106B20003E402E430660F0BD808080FF2DE9F84F87
:106B300006460D461446012745B93046FFF795FF36
:106B400000B102E00020206000BF08E03046FFF7FF
:106B50008CFF00B102E00020206000BF00BF304683
:106B6000FFF753FF3046FFF758FF012848D045B1E3
:106B7000A07900906379227930462168FFF7B4FF4D
:106B800031E0A0790A21B0FBF1F201FB1200A179FA
:106B90000A22B1FBF2F140EA011000F0FF0860792F
:106BA0001146B0FBF1F201FB120061790A22B1FB40
:106BB000F2F140EA011000F0FF0920791146B0FB24
:106BC000F1F201FB120021790A22B1FBF2F140EA55
:106BD000011000F0FF0ACDF800804B4652463046C7
:106BE0002168FFF781FF3046FFF70BFF3046FFF7C4
:106BF00076FF20B9304600F009F8074600E000278C
:106C00003046FFF707FF3846BDE8F88FF8B5044671
:106C10004FF47A7000900025002600BFE06800F075
:106C2000800060F0A000E06000BF2046FFF752FF48
:106C300006460DE000F054F8012802D10098401EED
:106C400000902046FFF746FF0646009800B9012550
:106C5000009808B1012EEDD12846F8BD30B50246A6
:106C6000012300BF1068C0F3801038BBD1E90004D5
:106C700020438C682043CC6820430C6920434C6936
:106C800020438C692043CC6920430C6A204314685C
:106C90004FF6BF75AC4320431060506820F00400ED
:106CA0004C6940EA14405060086AB0F5005F04D1B6
:106CB000486A84B2146100BF00BF0023D06920F489
:106CC0000060D061184630BD0146886800F00100C0
:106CD000704701468868C0F34000704701737047F1
:106CE0004FF0E0200069C0F30040704701490860A0
:106CF000704700007C030020026A0A43026270476A
:106D0000016841F0010101607047016841F0010133
:106D100001607047C16841F00101C1607047000027
:106D200010B5024613682C4882420ED0B2F1804F53
:106D30000BD02A48824208D02948824205D02948EF
:106D4000824202D02848824204D123F070004C686D
:106D500040EA04032048824220D0B2F1804F1DD087
:106D60001E4882421AD01E48824217D01D488242D5
:106D700014D01D48824211D01C4882420ED01C48BB
:106D800082420BD01B48824208D01B48824205D069
:106D90001A48824202D01A48824204D123F4407039
:106DA000CC6840EA040313608868D06200BF08889A
:106DB000906200BF0848824202D00B48824203D151
:106DC0000869106300BF00BF00BF506940F00100B8
:106DD000506100BF002010BD0000014000040040D1
:106DE00000080040000C0040000401400040014049
:106DF000004401400048014000180040001C0040D1
:106E00000020004001291AD004291AD010291AD0D4
:106E100040291AD0B1F5807F19D0B1F5806F18D014
:106E200006210D4A1830525C104402680B4B595C25
:106E3000042303FA01F122EA0101016070470021F5
:106E4000EFE70121EDE70221EBE70321E9E7042168
:106E5000E7E70521E5E70000A8B00508AFB00508A1
:106E6000012919D0042919D0102919D0402919D085
:106E7000B1F5807F18D0B1F5806F17D006210C4A8C
:106E80001830525C104402680A4B595C082303FA1C
:106E900001F11143016070470021F0E70121EEE7A5
:106EA0000221ECE70321EAE70421E8E70521E6E710
:106EB000A8B00508AFB005082DE9F04106460C461C
:106EC00015460127012C08D0102C0CD0B4F5807F7A
:106ED0000FD0B4F5805F18D111E02946304601F09B
:106EE00073FC074612E02946304601F0ADFC074628
:106EF0000CE02946304601F0EDFC074606E0294645
:106F0000304601F027FD074600E000BF00BF3846CD
:106F1000BDE8F0814163704781637047C16370478A
:106F20004162704770B5044600252348844206D16B
:106F30001020FFF713FB1020FFF718FB3AE01F4863
:106F4000844208D14FF40030FFF7F8FA4FF40030D4
:106F5000FFF7FCFA2EE01A48844208D14FF4802053
:106F6000FFF7ECFA4FF48020FFF7F0FA22E0154823
:106F7000844206D12020FFF7F1FA2020FFF7F6FA2D
:106F800018E01148844208D14FF40020FFF7D6FAE8
:106F90004FF40020FFF7DAFA0CE00C48844208D1E5
:106FA0004FF48010FFF7CAFA4FF48010FFF7CEFAC3
:106FB00000E00125284670BD00100140004400405B
:106FC0000048004000140140004C004000500040C8
:106FD00000BF00BF00F10C0252E8002F22F0200198
:106FE00000F10C0242E80013002BF3D100BF704700
:106FF00000BF00BF00F10C0252E8002F22F0800118
:1070000000F10C0242E80013002BF3D100BF7047DF
:1070100000BF00BF00F10C0252E8002F42F0200137
:1070200000F10C0242E80013002BF3D100BF7047BF
:107030002DE9FF4104460D4601270026204600F0B9
:1070400059F8002845D1E968686808432969084368
:10705000A9690843E16849F20C6291430843E06082
:10706000A868216921F440510143216100BF68698A
:10707000616921F440710143616100BF6846FFF717
:107080000EFC1648844201D1039E17E01448844246
:1070900001D1029E12E01348844201D1029E0DE00C
:1070A0001148844201D1039E08E01048844201D176
:1070B000029E03E00E48844200D1029E4EB1286831
:1070C00038B10027314620462B68AA6900F017F82E
:1070D00000BF384604B0BDE8F08100000010014058
:1070E000004400400048004000140140004C0040B3
:1070F000005000400146C868C0F3403070472DE999
:10710000FC5F06460C4691461D46B9F5004F68D116
:107110000220A0FB057003461920A4FB00A0014635
:107120003A465046F9F724F96421B0FBF1F04FEAF2
:10713000001A0220A0FB05710B461920A4FB00B128
:107140003A465846F9F714F983460220A0FB057029
:1071500003461920A4FB00013A46CDE90001F9F7E6
:1071600007F96421B0FBF1F000EBC00101EB001066
:10717000ABEB8000322101EBC0006421B0FBF1F0E9
:1071800000F0F8000AEB400A0220A0FB057003465D
:107190001920A4FB00B13A465846F9F7E9F88346AE
:1071A0000220A0FB057003461920A4FB00013A460B
:1071B000CDE90001F9F7DCF86421B0FBF1F000EB58
:1071C000C00101EB0010ABEB8000322101EBC000ED
:1071D0006421B0FBF1F000F00700504480B2B060D1
:1071E00067E00420A0FB057003461920A4FB00A063
:1071F00001463A465046F9F7BBF882460420A0FB08
:1072000005711920A4FB00B084463A460B46584647
:107210006146F9F7ADF86421B0FBF1F000EBC00175
:1072200001EB0010AAEB8000322101EB0010642179
:10723000B0FBF1F000F0F00A0420A0FB057003465B
:107240001920A4FB00B001463A465846F9F790F8D9
:107250006421B0FBF1F00AEB001A0420A0FB0570DA
:1072600003461920A4FB00B13A465846F9F780F8C6
:1072700083460420A0FB057003461920A4FB0001EF
:107280003A46CDE90001F9F773F86421B0FBF1F05B
:1072900000EBC00101EB0010ABEB8000322101EBF1
:1072A00000106421B0FBF1F000F00F00504480B2F8
:1072B000B060BDE8FC9F000070B594B0002411944C
:1072C000129413940C940D940E940F9410940894AB
:1072D00009940A940B9404940594069407947348B3
:1072E000016841F480710160006800F480700190D1
:1072F0006F48016841F001010160016801F001017E
:107300000191016841F002010160006800F0020093
:107310000190832002900325039502A96548FFF799
:107320000BFA022602960395069402A96248FFF71B
:1073300003FA6249624802788A58037822F0606250
:10734000CA5002788A58037822F0C002CA500278E4
:107350008A58037822F44032CA5002788A58037857
:1073600022F4907242F48072CA5002788A580378EC
:1073700022F40072CA5002788A58037842F480627C
:10738000CA5002788A58037822F4C05242F400624C
:10739000CA5002788A58037822F4C04242F400525C
:1073A000CA50027847495258007822F004024250ED
:1073B0001194129488151390434D11A92846FFF794
:1073C00023F80C944FF4A0000D900E940F964FF4F8
:1073D000407010900CA92846FFF738F8A86820F4F0
:1073E0008060A8604FF4403008900994374C08A999
:1073F0002046FEF7D1FF320611142846FFF758F851
:10740000072231062846FFF76FF8314E40F205217A
:1074100032462846FFF74CF8072231462846FFF748
:1074200063F82C4E40F20A2132462846FFF740F816
:10743000072231462846FFF757F8274E40F20F2122
:1074400032462846FFF734F8072231462846FFF730
:107450004BF8224E4FF4057132462846FFF728F8C4
:10746000072231462846FFF73FF8606820F44000C5
:1074700040F4000060601A4E40F21921324628465E
:10748000FFF716F8072231462846FFF72DF8606807
:1074900020F4400040F480006060D5F8040340F41C
:1074A0004000C5F8040314B070BD00004438024029
:1074B00030380240000002400004024000640240F4
:1074C000A0B00508146402400020014000230140E0
:1074D00001003002070050030900B00310002081B2
:1074E0001200808110B58CB00024089409940A948D
:1074F0000B9404940594069407941648016841F08F
:1075000000510160006800F00050019012480168CD
:1075100041F001010160006800F00100019030209D
:1075200002900320039002A90C48FFF705F93820C8
:107530000890099402200B900A4C08AA084920469A
:10754000FFF732F808AA08492046FFF72DF80CB0DB
:1075500010BD0000403802403038024000000240B8
:1075600001001002007400401200431538B52D4888
:10757000016841F480010160016801F4800100911B
:10758000016841F400110160006800F400100090EF
:10759000254C2068C0F302200022052101F0F8F8F4
:1075A000224900010870224D4FF480502860206865
:1075B000C0F302200022052101F0EAF81D49000174
:1075C00081F800044FF4804028602068C0F3022056
:1075D0000022052101F0DCF81749000181F80004C0
:1075E0002D1D4FF0807028602068C0F3022000221B
:1075F000052101F0CDF81149000181F800044FF098
:10760000007028602068C0F302200022052101F0EC
:10761000BFF80B49000181F800040A492020C1F895
:10762000000138BD303802400CED00E00CE400E011
:1076300000E100E00EE000E038E000E039E000E0CA
:1076400045E000E008E000E010B52D480EF007FC32
:107650002C4C60622C480EF002FCA06201212B4AE7
:1076600008460EF0B3FCE0620121294A08460EF0FC
:10767000ADFC20630121274A08460EF0A7FC606399
:107680000121254A08460EF0A1FCA0630022234BED
:10769000114623480EF068FEA0610022214B1146DE
:1076A00021480EF061FEE061204B002201212048BC
:1076B0000EF05AFE20621F4A00211F480EF0F7FD0F
:1076C00060601E4A00211E480EF0F1FDA0601D4AB8
:1076D00000211D480EF0EBFDE0601C4A00211C4813
:1076E0000EF0E5FD20611B4A00211B480EF0DFFD76
:1076F00060611A4A00211A480EF0D9FD206010BDC1
:1077000040B005083C03002050B0050860B00508F3
:1077100070B0050880B0050890B0050810B00508E5
:1077200085B0040820B00508715A040830B0050877
:1077300065D104085CAF05084D23050880AF050836
:10774000592F0508A4AF0508D5AF0408C8AF050830
:1077500065390508ECAF05080128050838AF0508AC
:1077600029D304082DE9F04788B000240494069436
:1077700007946048016841F010010160016801F060
:1077800010010191016841F004010160016801F0FC
:1077900004010191016841F080010160016801F07C
:1077A00080010191016841F001010160016801F06F
:1077B00001010191016841F002010160016801F0DD
:1077C00002010191016841F008010160006800F0C8
:1077D000080001903F21484EB16141F6FC01474F3E
:1077E000B9614FF47E71DFF81881C8F818100807E6
:1077F000B0614FF0E050C8F818004248B861DFF8B7
:1078000008910002C9F81800DFF800A14FF080705D
:10781000CAF818003720029001250395059502A9A2
:107820003046FEF789FF48F2080002900395049461
:107830000594069402A93046FEF77EFF4020029090
:107840000394069402A93046FEF776FF680302907F
:107850000394069402A94846FEF76EFFA80302901F
:107860000394069502A93046FEF766FF4FF4E050F8
:107870000290039504940594069402A94046FEF7ED
:107880005BFF4CF21F40029003950494059406940C
:1078900002A93846FEF750FF4FF4C75002900395F7
:1078A00004940595069402A93846FEF745FF4FF467
:1078B00040700290039504940594069402A94846EA
:1078C000FEF73AFF2802029003950494059406946B
:1078D00002A95046FEF730FF4FF47E7002900395E8
:1078E00004940595069402A94046FEF725FF08B0CA
:1078F000BDE8F0873038024000100240000C024022
:1079000000040240000003C40008024000000240DE
:107910000C494CF6CC40086045F2555008600620F2
:10792000486040F6FF708860C86810F0030F06D00A
:1079300000200128F8D14AF6AA20086070470120EB
:10794000F7E700000030004070B588B000240494D0
:10795000059406940294039401944548016801F447
:107960004071B1F5807F47D000234FF08051DFF8A0
:1079700004C1DCF80020914314D0002101290BD070
:10798000DCF8001041F08051CCF80010DCF8001059
:1079900001F080510091012337490A68C2F30022A7
:1079A00012B10AE00121E9E70A6842F480720A6034
:1079B0000A68C2F30022002AFAD0016841F480313B
:1079C0000160016821F480310160016841F001012A
:1079D00001600168C1F340010029FAD0016821F477
:1079E000407141F480710160012B05D1DCF8001079
:1079F00021F08051CCF80010016841F40041016091
:107A000004947F200590FF2006901C4E04A9354663
:107A10002846FFF72FF8286940F4FE0028612869FE
:107A20006FF30E0040F0FF002861154D2868A0F5A7
:107A30004851F2391AD08DF80C408DF80D408DF870
:107A40000E4002AA01213046FFF770F801218DF89F
:107A500004108DF805108DF806108DF8074001AA66
:107A60003046FEF763FF43F2F220286008B070BD95
:107A7000703802404038024000700040002800404A
:107A80005028004010B592B00024089409940A943C
:107A90000B940C940D940E940F94109411940594DF
:107AA00006941D48016841F480410160006800F4BB
:107AB000804001901948016841F0020101600068AE
:107AC00000F0020001904FF4604002900220039009
:107AD000032004900520079002A91148FEF72CFE10
:107AE00008944FF4827009900A940B9401200C9032
:107AF00040020D9010200E900F9410940A201190C7
:107B0000084C08A92046FFF7A9F8616821F0100188
:107B1000616012B010BD00004038024030380240B1
:107B2000000402400038004030B593B000240894AF
:107B300009940A940B940C940D940E940F94109441
:107B40001194059406941D48016841F400410160B8
:107B5000006800F4004001901948016841F00401F8
:107B60000160006800F0040001904FF4E0500290C2
:107B700002250395032004900620079002A91148CE
:107B8000FEF7DAFD08944FF4827009900A940B9581
:107B900001200C9040020D9018200E900F9410942C
:107BA0000A201190084C08A92046FFF757F8616891
:107BB00021F01001616013B030BD00004038024078
:107BC0003038024000080240003C004010B586B04A
:107BD0000020019002900390049005901B480168DA
:107BE00041F480210160006800F480200090184872
:107BF0000068C0F30220C0F10701042900D9042164
:107C0000021D072A01D2002000E0C01E012202FA54
:107C100001F1491E01F0050101FA00F00D490001D2
:107C200008704FF0E0219006C1F80001A720ADF8E0
:107C3000040032200390084C01A92046FFF770F899
:107C4000216821F08001216006B010BD4438024057
:107C50000CED00E01AE400E00048014070B596B079
:107C600000241094119413941494089409940A9481
:107C70000B940C940D940E940F940294039404941A
:107C80000594069407942748016841F001010160BA
:107C9000006800F00100019040F65F10ADF8400070
:107CA0004EF66020129010A94FF08040FFF738F890
:107CB0004FF08045286820F0800028600121880767
:107CC000FFF7CEF86020089009940A940B940226DE
:107CD0000C96012108AA8807FFF7EEF80121880712
:107CE000FFF790F8686820F070006860A86820F0DE
:107CF0008000A8600C48016841F001010160006843
:107D000000F001000190E81302900396049405949A
:107D100006940120079002A90448FEF70DFD16B055
:107D200070BD000040380240303802400000024080
:107D300030B595B0002410941194139414940894C1
:107D400009940A940B940C940D940E940F9402943D
:107D5000039404940594069407943548016841F00F
:107D600002010160006800F002000190ADF840409F
:107D700041F2707012902F4D10A92846FEF7D0FFE7
:107D8000286820F08000286001212846FFF768F865
:107D90006020089009940A9440F6B8300B900C9437
:107DA00008AA01212846FFF787F801212846FFF796
:107DB00029F8A9152846FFF753F808AAA915284657
:107DC000FFF77AF8A9152846FFF71CF8686820F035
:107DD00070006860A86820F08000A86016480168FC
:107DE00041F001010160016801F0010101910168A8
:107DF00041F002010160006800F0020001904020A3
:107E0000029002250395049405940694079502A90F
:107E10000A48FEF791FC0120029003950494059412
:107E20000694079502A90648FEF786FC15B030BDFA
:107E30004038024000040040303802400000024058
:107E40000004024030B595B00024109411941394AE
:107E50001494089409940A940B940C940D940E9421
:107E60000F9402940394049405940694079427486D
:107E7000016841F004010160006800F00400019015
:107E80004520ADF8400043F698201290204D10A9EF
:107E90002846FEF745FF286820F080002860102162
:107EA0002846FEF7DDFF6020089009940A940B94A1
:107EB0000C9408AA10212846FEF7FEFF1021284640
:107EC000FEF7A0FF686820F070006860A86820F0E6
:107ED0008000A860286840F0010028600D48016813
:107EE00041F008010160006800F00800019068148A
:107EF000029002200390049405940694079002A92E
:107F00000548FEF719FC15B030BD000040380240AE
:107F10000008004030380240000C024010B586B026
:107F2000002001900290049005901148016841F0F2
:107F300010010160006800F010000090A820ADF86A
:107F400004004FF47A7003900A4C01A92046FEF712
:107F5000E7FE206820F080002060606820F070005C
:107F60006060A06820F08000A06006B010BD000036
:107F7000403802400010004010B586B0002001904B
:107F800002900390049005901F490A6842F0200275
:107F90000A60096801F0200100911C490968C1F3D9
:107FA0000221C1F10702042A00D904220B1D072B6C
:107FB00001D2002100E0C91E012303FA02F2521E81
:107FC00002F0050202FA01F1114A0901117011498A
:107FD000DA05C1F80021ADF804004FF6FF700390F8
:107FE0000D4C01A92046FEF79BFE206820F0800082
:107FF0002060606820F070006060A06820F0800061
:10800000A06006B010BD0000403802400CED00E05A
:1080100037E400E004E000E00014004010B590B048
:108020000024089409940A940B940C940D940E94D3
:10803000059406942C48016841F010010160006825
:1080400000F0100001902948016841F00101016031
:10805000006800F0010001904FF4C060029002201F
:108060000390032004900720079002A92048FEF700
:1080700063FB20480068C0F30220C0F10701042917
:1080800000D90421021D072A01D2002000E0C01EF1
:10809000012202FA01F1491E01F0050101FA00F086
:1080A00015490001087015492020C1F800014FF45E
:1080B000E130089009940A940B940C200C900D94D4
:1080C0000E940F4C08A92046FEF7B2FF206920F459
:1080D00090402061606920F02A006061E06840F40F
:1080E0000050E06010B010BD44380240303802400B
:1080F000000002400CED00E025E400E004E000E0B8
:108100000010014010B590B00024089409940A941E
:108110000B940C940D940E94059406947048016889
:1081200041F480210160006800F4802001906D48D6
:10813000016841F008010160006800F0080001904A
:108140004FF4407002900220039003200490072017
:10815000079002A96448FEF7EFFA64496448427840
:108160008A58437822F0606242F00062CA50427836
:108170008A58437822F0C002CA5042788A5843781D
:1081800022F44032CA5042788A58437822F49072DE
:10819000CA5042788A58437822F40072CA50427812
:1081A0008A58437842F48062CA5042788A584378A9
:1081B00022F4C052CA5042788A58437822F4C0420E
:1081C000CA5043784B4A9B5890F801C023F00403EF
:1081D0004CF80230C378CB5890F803C023F06063AA
:1081E00043F0006341F80C30C378CB5890F803C0DB
:1081F00023F0C00343F0400341F80C30C378CB5860
:1082000090F803C023F4403341F80C30C378CB58C6
:1082100090F803C023F4907341F80C30C378CB5826
:1082200090F803C023F4007341F80C30C378CB58A6
:1082300090F803C043F4806341F80C30C378CB5806
:1082400090F803C023F4C05341F80C30C378CB58E6
:1082500090F803C023F4C04341F80C30C17889582A
:10826000C07821F00401815023480068C0F3022047
:10827000C0F10701042900D90421021D072A01D2F7
:10828000002000E0C01E012202FA01F1491E01F0A7
:10829000050101FA00F01949000108701849802011
:1082A000C1F800014FF4E130089009940A940B944E
:1082B0000C200C900D940E94124C08A92046FEF749
:1082C000B7FE206920F490402061606920F02A0008
:1082D0006061E06840F40050E06010B010BD000044
:1082E0004038024030380240000C0240006002403A
:1082F000B6B00508146002400CED00E027E400E091
:1083000004E000E00048004010B590B0002408945C
:1083100009940A940B940C940D940E94059406946D
:108320006F48016841F020010160006800F0200002
:1083300001906C48016841F004010160006800F0A0
:1083400004000190C02002900220039003200490BA
:108350000820079002A96448FEF7EEF963496448D3
:1083600042788A58437822F0606242F02062CA5014
:1083700042788A58437822F0C002CA5042788A581C
:10838000437822F44032CA5042788A58437822F423
:108390009072CA5042788A58437822F40072CA50C8
:1083A00042788A58437842F48062CA5042788A58A8
:1083B000437822F4C052CA5042788A58437822F453
:1083C000C042CA5043784B4A9B5890F801C023F0F2
:1083D00004034CF802308379CB5890F806C023F0A0
:1083E000606343F0206341F80C308379CB5890F8F8
:1083F00006C023F0C00343F0400341F80C308379FA
:10840000CB5890F806C023F4403341F80C30837900
:10841000CB5890F806C023F4907341F80C30837960
:10842000CB5890F806C023F4007341F80C308379E0
:10843000CB5890F806C043F4806341F80C30837940
:10844000CB5890F806C023F4C05341F80C30837920
:10845000CB5890F806C023F4C04341F80C30817922
:108460008958807921F00401815023480068C0F3C5
:108470000220C0F10701042900D90421021D072AA6
:1084800001D2002000E0C01E012202FA01F1491EC3
:1084900001F0050101FA00F01849000108701849BF
:1084A0008020C1F800014FF4E130089009940A944B
:1084B0000B940C200C900D940E94124C08A920469D
:1084C000FEF7B6FD206920F490402061606920F03D
:1084D0002A006061E06840F40050E06010B010BD18
:1084E0004438024030380240000802400064024034
:1084F000B6B00508146402400CED00E047E400E06B
:1085000008E000E0001401402DE9F05F07468846CE
:1085100015461E460024A3462046641C33490F54CA
:1085200004222046641C0A544FEA18222046641C88
:108530000A542046641C01F800802A0A2046641C64
:108540000A542046641C0D54062128480EF008FEEB
:1085500081462046641C254901F800904FEA192203
:108560002046641C0A5480212148F8F77EF82146F1
:108570001E48FDF739FA4FF4FA711E4800680DF0F5
:10858000EFFC70BB1A480078B84227D11848C01CCD
:1085900030F815906800C01C81B215480EF0E0FD5F
:1085A0008246D14517D1002010E04100C91C104A75
:1085B000515C090226F8101036F810204100091D00
:1085C0000B4B595C114426F81010401CA842ECDB00
:1085D0000020BDE8F09F4FF0FF30FAE76FF0010098
:1085E000F7E7FFE76FF00200F3E700009465002073
:1085F00014650020700300202DE9F04105460E4669
:10860000174600242046641C1E490D5406222046AD
:10861000641C0A54320A2046641C0A542046641C16
:108620000E543A0A2046641C0A542046641C0F5417
:10863000214614480EF094FD80462046641C1149E2
:1086400001F800804FEA18222046641C0A54802159
:108650000D48F8F70AF821460A48FDF7C5F94FF426
:10866000FA710A4800680DF07BFC40B906480078B2
:10867000A84202D10120BDE8F0810020FBE70020E4
:10868000F9E70000946500201465002070030020C5
:108690002DE9F04707468846154699460024A2462C
:1086A0002146641C2E48475410222146641C425423
:1086B0004FEA28222146641C42542146641C00F8DB
:1086C00001802A122146641C42542146641C4554F0
:1086D0006806020E2146641C21484254002610E020
:1086E00039F81600020A2046611C8CB21C490A5453
:1086F00019F816202046611C8CB219490A54701CC6
:1087000086B2AE42ECDB214615480EF029FD8246CA
:108710002046611C8CB2124901F800A04FEA2A22BF
:108720002046611C8CB20E490A5480210D48F7F78F
:108730009CFF21460A48FDF757F94FF4FA710A48A1
:1087400000680DF00DFC40B906480078B84202D12F
:108750000120BDE8F0870020FBE70020F9E70000DA
:10876000946500201465002070030020FEE701B529
:108770006B46022204210120FFF78AFF08BD01B5E4
:108780006B46022211460120FFF782FF08BDFEE77B
:1087900000F00700C0F10703042B00D9042300F107
:1087A000040CBCF1070F01D2002000E0C01E4FF006
:1087B000010C0CFA03F35B1E194081400CFA00F027
:1087C000401E10400843704770B50246106A20F002
:1087D00001001062136A5568946924F0030424F0C0
:1087E00070000E6840EA060423F002000E6940EAB9
:1087F000060323F001004E6840EA06031048824257
:1088000002D01048824213D123F008004E6940EA9A
:10881000860323F004008E6840EA860325F4807006
:108820008E6940EA060525F40070CE6940EA4605E7
:1088300055609461C868506300BF1362002070BD2A
:1088400000000140000401402DE9F04104460D46BE
:10885000206A20F010002062266AD4F80480A769FC
:1088600027F4407727F4E040296840EA012726F002
:108870002000296940EA011626F01000696840EAE4
:1088800001161248844202D01148844213D126F0C6
:108890008000696940EA811626F04000A96840EA34
:1088A000811628F48060A96940EA810828F40060F4
:1088B000E96940EAC108C4F80480A7612046E96874
:1088C000FEF72AFB26620020BDE8F081000001408F
:1088D0000004014070B50246106A20F480701062F6
:1088E000136A5568D46924F0030424F070000E68FC
:1088F00040EA060423F400700E6940EA062323F4DC
:1089000080704E6840EA06231048824202D0104828
:10891000824213D123F400604E6940EA862323F497
:1089200080608E6840EA862325F480508E6940EA94
:10893000061525F40050CE6940EA46155560D4610D
:10894000C868D06300BF1362002070BD0000014002
:108950000004014070B50246106A20F48050106295
:10896000146A5568D36923F4407323F4E0400E6819
:1089700040EA062324F400500E6940EA063424F449
:1089800080504E6840EA06340948824202D00948C5
:10899000824204D125F480408E6940EA86155560F4
:1089A000D361C868106400BF1462002070BD00006D
:1089B000000001400004014010B50246002003E021
:1089C00012F8014B2318D8B20B1EA1F10104A1B279
:1089D000F6D1C0B210BD000000B50A480068B0F87A
:1089E000500000EE100AB8EE400AF2EE040A80EEE3
:1089F000201A054880ED001A90ED000A09F010FADF
:108A000000BD0000F40100206802002010B54FF006
:108A1000FF3029490968086020212848FDF73AFFFE
:108A200010212648FDF736FF08212448FDF732FFC4
:108A300004212248FDF72EFF02212048FDF72AFFDE
:108A400001211E48FDF726FF4FF400711C48FDF779
:108A500021FF4FF480711A48FDF71CFF8021184850
:108A6000FDF718FF40211648FDF714FF2021144898
:108A7000FDF710FF10211248FDF70CFF08211048E8
:108A8000FDF708FF80210F48FDF704FF40210D4846
:108A9000FDF700FF20210B48FDF7FCFE10210948DF
:108AA000FDF7F8FE08210748FDF7F4FE042105480C
:108AB000FDF7F0FE10BD0000E801002000100240AC
:108AC00000040240000C024010B50C480068B0F8E9
:108AD0004000132805DC09480068B0F84000012870
:108AE00004DA102005490968A1F840000349096823
:108AF00091F8400000F08EF810BD0000F401002055
:108B000070B506460C4621463046FAF7B3FD0546D9
:108B100008480068A0F87040642C03D1FFF776FF86
:108B2000012070BD0DB90020FBE7284600F02EF9AA
:108B30000120F6E7F401002010B52DED028B1F484F
:108B40000068B0F8520000EE100AB8EE400AF2EEEB
:108B5000040A80EE201AB0EE418A9FED190AB4EEA5
:108B6000C08AF1EE10FA03DD9FED150AB0EE408ADF
:108B7000144890ED000A09F0E1F910480068B0F8D7
:108B8000540000EE100AB8EE400AF2EE040A80EE3D
:108B9000201AB0EE418A9FED0A0AB4EEC08AF1EEC7
:108BA00010FA03DD9FED060AB0EE408A064890ED0C
:108BB000000A09F00FFABDEC028B10BDF401002091
:108BC00000000442340300203803002010B50122C5
:108BD0000B211046FAF79CF810BD000010B50C48A8
:108BE0000068B0F84200132805DC09480068B0F8B6
:108BF0004200012804DA122005490968A1F8420060
:108C00000349096891F8420000F004F810BD000023
:108C1000F401002010B504462E2C6FD2DFE804F0DA
:108C20009C171C21262B30353B41464B50555A5F33
:108C300064696F749C9C9C9C9C797D8185898D91D5
:108C4000959C9C9C9C9C9C9C9C9C9C9C9C99202165
:108C50004348FDF71FFE80E010214148FDF71AFE52
:108C60007BE008213E48FDF715FE76E004213C48F4
:108C7000FDF710FE71E002213948FDF70BFE6CE0B4
:108C800001213748FDF706FE67E04FF400713548D3
:108C9000FDF700FE61E04FF480713248FDF7FAFD08
:108CA0005BE080212F48FDF7F5FD56E040212D487F
:108CB000FDF7F0FD51E020212A48FDF7EBFD4CE0E7
:108CC00010212848FDF7E6FD47E008212548FDF77B
:108CD000E1FD42E080212448FDF7DCFD3DE040213C
:108CE0002148FDF7D7FD38E020211F48FDF7D2FDD0
:108CF00033E010211C48FDF7CDFD2EE02CE00821CB
:108D00001948FDF7C7FD28E004211748FDF7C2FD0B
:108D100023E00120154908701FE001201449087064
:108D20001BE001201349087017E001201249087068
:108D300013E00120114908700FE00120104908706C
:108D40000BE001200F49087007E001200E49087070
:108D500003E0FFF741FE00E000BF00BF10BD0000D0
:108D60000010024000040240000C02404C020020AF
:108D70004D0200204E0200204F0200205002002031
:108D800051020020520200205302002070B5044618
:108D900001250A48006800682043084909680860FE
:108DA00008E004F0010010B1E8B2FFF733FF6408F7
:108DB000681C85B2202DF4DD70BD0000E8010020A4
:108DC00010B52DED088B0446B0EE408A84ED048A80
:108DD00094ED050AD4ED040A30EE600A84ED060A2B
:108DE00094ED030A10EE101A084611F04DF841EC0C
:108DF000190B94ED060A10EE101A084611F044F80B
:108E000041EC1B0BB0EE4B0AF0EE6B0A0BF015FDBC
:108E1000B0EE40AAF0EE60AA53EC192B51EC1A0BFD
:108E200010F006FF7ED294ED060AD4ED000A20EE83
:108E3000200A84ED090A606B10F0ACFD41EC190BBF
:108E400094ED090A10EE101A084611F01DF841ECD5
:108E50001B0BB0EE4B0AF0EE6B0A0BF0EEFCB0EE23
:108E600040AAF0EE60AA53EC192B51EC1A0B10F04B
:108E7000DFFE06D294ED0E0AB8EE400A84ED0A0A2F
:108E80003FE094ED0A0AD4ED010A94ED061A00EED3
:108E9000810A84ED0A0AD4ED0A0A94ED0D0AB8EEAF
:108EA000400AF4EEC00AF1EE10FA06DD94ED0D0A68
:108EB000B8EE400A84ED0A0A23E094ED0A0AB5EE02
:108EC000C00AF1EE10FA11DBD4ED0A0A94ED0E0A95
:108ED000B8EE400AF4EEC00AF1EE10FA06D294EDB4
:108EE0000A0ABCEEC00A84ED0E0A0AE094ED0A0AF2
:108EF000B5EEC00AF1EE10FA03D29FED240A84ED1C
:108F00000A0A94ED060AD4ED070A30EE600A84EDF1
:108F1000080A94ED080AD4ED020A20EE200A84ED36
:108F20000B0A00E012E094ED090AD4ED0A0A30EED3
:108F3000200AD4ED0B0A30EE200AF6EE000A30EEDD
:108F4000200ABDEEC00A84ED0C0A09E094ED0A0A7D
:108F5000F6EE000A30EE200ABDEEC00A84ED0C0ADF
:108F600094ED060A84ED070A206B002801DA002040
:108F70002063606B28B1D4E90C01884201D9606B91
:108F80002063206BBDEC088B10BD000000000000CA
:108F9000FAF730BE2DE9F0412DED068B06460F465F
:108FA00000240325F8F7F8FE07B1092500247CE02A
:108FB0004FF44270FFF7EAFE962140F2145002F09F
:108FC00071F84FF44270F9F747F84FF4FA700CF06B
:108FD000BFFE681EA04249DD38490968B1F8DA00D1
:108FE00010F0D8FC41EC1A0B9FED350B53EC102B15
:108FF00010F020FD41EC180B33490968888B10F004
:10900000C9FC41EC190B53EC182B10F0D7FC2DD2F6
:109010002A490968B1F8DA0010F0BCFC41EC1A0BDF
:109020009FED2A0B53EC102B10F004FD41EC180BB4
:1090300025490968888B10F0ADFC41EC190B53EC05
:10904000182B10F0F5FD11D21C480068B0F8DA00BA
:1090500040F2DC51884209DA18480068B0F8DA00BA
:1090600040F24C41884201DD681E84B266B10120A5
:10907000FFF78CFE11480068B0F8D60040B14FF4FD
:109080008050FFF783FE03E04FF48050FFF77EFE31
:10909000B421104802F006F80120F8F7DDFF4FF484
:1090A0008050F8F7D9FF601C84B2AC4280DBF8F73F
:1090B00073FEBDEC068BBDE8F0810000F4010020DA
:1090C0009A9999999999F13FF8010020CDCCCCCC8F
:1090D000CCCCEC3F24FAFFFF90ED050AD0ED040A5A
:1090E00030EE600A80ED070A70472DE9FC41064624
:1090F0000C460025002716E0002003214FF448739A
:109100002246CDE90010022130460AF08CFA0546CD
:10911000781CC0B207460F2805DB242004F014F8A1
:109120000820BDE8FC81002DE6D012234FF44872E0
:109130002146304608F05CFE2846F2E72DE9F04172
:1091400005460E461746984601233A4631462846BC
:10915000F7F7DAFC04464CB1204603F0F5FF032193
:109160002846FFF7C2FF0020BDE8F0810120FBE7A1
:109170002DE9F04105460E461746984601233A462A
:1091800031462846F7F7DEFC04464CB1204603F092
:10919000DBFF03212846FFF7A8FF0020BDE8F08190
:1091A0000120FBE710B504461E234FF416721A2166
:1091B000204608F01DFE10BD10B504460B234FF4E9
:1091C00016720221204608F013FE10BD2DE9F84367
:1091D00080460E4614461F46DDE90895404600F0DD
:1091E00063FE10B90020BDE8F8830321404600F07B
:1091F000B7FB322001F0C2FE5DB1322001F0BEFEAD
:1092000006214046FFF77CFCC5EB0511880000F005
:109210008EFB012001F0B2FE012000F088FB0CB9AA
:10922000032000E0062002460CB9304600E007208B
:109230000146404601F0A8FE08B90020D3E70CB96A
:10924000032000E0062002460CB9304600E007206B
:109250000146404601F098FE08B90020C3E73046B9
:1092600001F08CFE012000F062FB24B1012C10D033
:10927000022C10D10EE00123062231464046FFF7B2
:1092800077FF08B90020AEE73146404600F046FEC1
:1092900001E000E000BF00BF1DB106214046F8F725
:1092A000EBFD0A2001F06AFE012000F040FB0123E3
:1092B00002220A214046FFF75BFF08B9002092E72F
:1092C0004046FFF779FF0321404600F087FB0B2063
:1092D00001F054FE012000F02AFB01231A460B2165
:1092E0004046FFF745FF08B900207CE74046FFF7FE
:1092F00063FF0321404600F071FB0C2001F03EFEAD
:10930000012000F014FB01231A460C214046FFF710
:109310002FFF08B9002066E7012000F008FB0123B9
:1093200003220C214046FFF723FF08B900205AE72B
:109330004046FFF741FF4046FFF73EFF4046FFF73C
:109340003BFF282001F01AFE012000F0F0FA4B4606
:109350003A460021012001F09BFC2F2001F00EFE77
:10936000012000F0E4FA4B465A220021012001F0CE
:109370008FFC2E2001F002FE012000F0D8FA0A2016
:1093800000F07EFE00F0CAFA022000F0D0FA0420BD
:1093900001F0F4FD012000F0CAFA06200346052280
:1093A00004210090404600F049FB0421404600F0B3
:1093B000D7FA042001F0E2FD012000F0B8FA002302
:1093C00001220821404600F022FB0321404600F024
:1093D00005FB09220821404601F0D6FD00F0C4FF3C
:1093E0000A2000F0A4FA0120FDE62DE9F8438046AA
:1093F0000D4616461F46DDE90894404600F054FD30
:1094000010B90020BDE8F88324214046FFF778FB1F
:109410000321404600F0A4FA012001F0AFFD44B161
:1094200006214046FFF76CFBC4EB0411880000F0F6
:109430007EFA012000F07BFA09222946404601F01D
:10944000A3FD08B90020DDE700230C2208214046D7
:10945000FFF78EFE08B90020D4E72D2001F08EFD25
:109460000A2000F067FD022000F061FA0321404667
:1094700000F076FA002303222946404601F098FDC9
:10948000284601F07BFD012000F051FA26B1012EA3
:109490001AD0022E66D13EE001230622294640461C
:1094A000FFF766FE08B90020ACE70321404600F054
:1094B00095FA2946404600F031FD00230322082199
:1094C000404601F075FD4DE0012303222946404648
:1094D000FFF74EFE08B9002094E70321404600F054
:1094E0007DFA2946404600F019FD00230322082199
:1094F000404601F05DFD002303220821404601F0B3
:1095000057FD0123032208214046FFF731FE08B929
:10951000002077E726E001231A4629464046FFF758
:1095200027FE08B900206DE70321404600F056FAF7
:109530002946404600F0F2FC002301220821404663
:1095400001F036FD002303220821404601F030FDE2
:109550000123052208214046FFF70AFE08B9002032
:1095600050E700BF00BF1CB106214046F8F784FC5D
:109570000A2001F003FD012000F0D9F901231A4669
:109580000A214046FFF7F4FD08B900203AE74046BB
:10959000FFF712FE0321404600F020FA0B2001F0F5
:1095A000EDFC012000F0C3F9002301220B2140460D
:1095B00001F0FEFC012302220B214046FFF7D8FDFB
:1095C00008B900201EE74046FFF7F6FD032140469C
:1095D00000F004FA0C2001F0D1FC012000F0A7F902
:1095E000012305220C214046FFF7C2FD08B90020E7
:1095F00008E74046FFF7E0FD4046FFF7DDFD404647
:10960000FFF7DAFD002301220821404601F0D0FCDB
:10961000282001F0B3FC012000F089F94B463A46BE
:109620000021012001F034FB2F2001F0A7FC0120D4
:1096300000F07DF9002346221946012001F028FBA5
:109640004046FFF7B9FD4046FFF7B6FD022346222C
:109650000021012001F01CFB2E2001F08FFC0120D5
:1096600000F065F90A2000F00BFD00F057F9042026
:1096700001F084FC012000F05AF90620034605227F
:1096800004210090404600F0D9F90421404600F042
:1096900067F9042001F072FC012000F048F9002372
:1096A00001220821404600F0B2F90321404600F0B3
:1096B00095F903220821404601F066FC0C2208219E
:1096C000404601F061FC00F04FFE012000F02FF950
:1096D00024214046F8F7D0FB012093E62DE9F0471E
:1096E00080460D4616461F46DDE90894FCF71EFB32
:1096F000404600F0D9FB10B90020BDE8F0871E22DB
:109700000421404600F05AF9322001F037FC5CB1E8
:10971000322001F033FC06214046FFF7F1F9C4EB9B
:109720000411880000F003F9012000F000F9002086
:1097300078490968C884774909688884284601F00F
:109740001DFC012000F0F3F826B1012E10D0022EEE
:1097500010D10EE00123152229464046FFF708FDEF
:1097600008B90020C9E72946404600F0D7FB01E0D0
:1097700000E000BF00BF1CB106214046F8F77CFBAB
:10978000162001F0FBFB012000F0D1F80123032299
:1097900016214046FFF7ECFC08B90020ADE7202178
:1097A0004046FFF7ADF9052000F0C1F82021404602
:1097B000F8F762FB002303220821404601F0F8FB82
:1097C000002303220821404601F0F2FB172001F09C
:1097D000D5FB012000F0ABF820214046FFF790F9BF
:1097E0000A2000F0A4F8012340F6AC5217214046AD
:1097F000FFF7BEFC08B900207FE7282001F0BEFB80
:10980000012000F094F84B463A460021012001F077
:109810003FFA2F2001F0B2FB012000F088F800236E
:1098200050221946012001F033FA0F2001F0A6FB67
:10983000012000F07CF8012303220F214046FFF7AE
:1098400097FC08B9002058E7282001F097FB002377
:1098500046221946012001F037FA0A2000F067F885
:1098600020214046FFF74CF9302001F087FB032010
:1098700000F05DF828480068B0F86810404601F034
:109880009BFA08B9002038E700F066FD022000F0DE
:109890004EF800F062FD022000F049F800F03EF8BA
:1098A000022000F044F8042001F068FB012000F0E1
:1098B0003EF81E220421404600F080F82021404658
:1098C000FFF71EF901231B2208214046FFF750FC39
:1098D00008B9002011E728220421404600F06EF864
:1098E00001231B2208214046FFF742FC08B9002053
:1098F00003E728220421404600F060F8202140467A
:10990000F8F7BAFA00F030FD0A2000F010F8012054
:10991000F3E60000F8010020F401002070477047D2
:1099200010B5044606212046F8F7A6FA10BD10B57A
:1099300004464FF47A7104FB01F00CF009FA10BDF3
:109940007CB506460C46154601204FF44873224666
:109950000221CDE90050304609F065FE7CBD0000D3
:1099600070B504460D460321204600F037F800206C
:10997000F9F7B6FEDFED100AB4EEE00AF1EE10FAE8
:1099800014DD002355221946012001F081F903E07E
:1099900041F288300CF0DCF90020F9F7A1FEDFED90
:1099A000060AB4EEE00AF1EE10FAF1DC2946204690
:1099B000FFF79BFB70BD00000000AA4270B5054692
:1099C0000E46144631462846FFF79AF82046FFF720
:1099D000AEFF31462846F8F74FFA70BD70B5044621
:1099E0000D4612234FF448722946204608F000FA2B
:1099F00070BD70B505462846F9F73AFD044624B116
:109A0000204603F0A1FB002070BD0120FCE72DE9FA
:109A1000F04105460E461746984643463A463146BB
:109A20002846F9F74DFD04462CB1204603F08CFB87
:109A30000020BDE8F0810120FBE700002DE9F047A0
:109A400005460E4617469846DDF82090002425E08E
:109A500002212846FFF754F84FF4FA700CF078F919
:109A60003A464FF44871012008F044FE02E00A2013
:109A70000CF06EF90B4800780028F8D00221284637
:109A8000F8F7FAF94FF4FA700CF062F943464FF424
:109A900048723146284608F0ABF9641C4C45D7DBC8
:109AA000BDE8F087FC01002010B5044622460349BA
:109AB0000348F9F77FFD0148008810BD2803002006
:109AC0002603002070B506460C461546294620465A
:109AD000FCF706F970BD00002DE9F84380460D46FD
:109AE00016461F46DDE90894404600F0DDF910B93E
:109AF0000020BDE8F88303214046FFF731FF322004
:109B000001F03CFA44B106214046FEF7F9FFC4EBF0
:109B100004118800FFF70BFF012001F02FFA00234A
:109B200003222946404601F043FA284601F026FA6E
:109B30000120FFF7FCFE36B1012E2ED0022E56D0AA
:109B4000032E76D192E00123062229464046FFF7F4
:109B50000FFB08B90020CCE72946404600F0DEF9AB
:109B6000002301220821404601F022FA00230322AB
:109B70000821404601F01CFA01231A4608214046FC
:109B8000FFF7F6FA08B90020B3E74046FFF714FBE9
:109B900003214046FFF722FFB8E001231A46294679
:109BA0004046FFF7E5FA08B90020A2E729464046FB
:109BB00000F0B4F9002301220821404601F0F8F931
:109BC000002303220821404601F0F2F90123062276
:109BD00008214046FFF7CCFA08B9002089E7404643
:109BE000FFF7EAFA03214046FFF7F8FE8EE0012373
:109BF000022229464046FFF7BBFA08B9002078E761
:109C00002946404600F08AF90023012208214046F7
:109C100001F0CEF9002303220821404601F0C8F9E3
:109C20000123062208214046FFF7A2FA10B90020BE
:109C30005FE76AE04046FFF7BFFA4046FFF7BCFA2D
:109C400003214046FFF7CAFE4046FFF7D2FE092235
:109C50000821404601F098F94046FFF7A3FA012396
:109C6000092208214046FFF769FA4FE00123062246
:109C700029464046FFF762FA08B9002039E729462D
:109C8000404600F04BF90123032208214046FFF72C
:109C900055FA08B900202CE74046FFF783FA0A205E
:109CA000FFF745FE03214046FFF798FE4046FFF7C9
:109CB000A0FE09220821404601F066F94046FFF760
:109CC00071FA0123092208214046FFF737FA08B943
:109CD00000200EE74046FFF765FA0A20FFF727FE4F
:109CE0004046FFF786FE09220821404601F04CF964
:109CF0004046FFF757FA0123092208214046FFF7A3
:109D00001DFA08B90020F4E600E000BF00BF14B15E
:109D10004046FFF705FE03214046FFF75FFE112096
:109D200001F02CF90120FFF702FE012054490870D0
:109D300001231A463D21404600F0A4F80421404684
:109D4000FFF74CFE04214046FFF748FE01231A4668
:109D50003D214046FFF70CFA08B90020C9E6002073
:109D6000474908704046FFF727FA002301220821DF
:109D7000404600F087F8002301220821404600F009
:109D800081F82D2001F0FAF80A2000F09FFA0A204D
:109D9000FFF7CDFD172001F0F1F80120FFF7C7FD17
:109DA00001203749087001231A463E21404600F041
:109DB00069F801231A463E214046FFF7D9F908B950
:109DC000002096E600202E4908704046FFF7F4F97F
:109DD000002301220821404600F054F8002301220C
:109DE0000821404600F04EF8292001F0C7F8012074
:109DF000FFF79DFD4B463A460021012000F048FF49
:109E00004046FFF7D9F91E20FFF791FD2E2001F003
:109E1000B5F80A2000F044FA0520FFF788FD052078
:109E2000FFF785FD042001F0A9F80220FFF77FFD70
:109E3000062003460522042100904046FFF7FEFD60
:109E400004214046FFF78CFD0120FFF770FD012340
:109E5000092208214046FFF78BF903214046FFF70E
:109E60007FFD0123092208214046FFF781F90A20DE
:109E700000F000FAFFF753FD00F076FA012038E613
:109E8000180200202DE9F04104460D4616461F46F3
:109E90003B46324629462046FFF7B9FD04212046BD
:109EA000FFF79CFDBDE8F08170B505460024002059
:109EB00018490968A1F84C0016490968A1F84A0038
:109EC0001549096888801348006890ED210A1148F7
:109ED000006880ED220AF7F75FFF00210520F6F702
:109EE0005DFE3C2200212846FFF7ECFD03212846B9
:109EF000FFF774FD03212846FFF770FD44B12046AB
:109F000003F022F900211220F6F748FE002070BD70
:109F10000120FCE7F4010020F801002070B50446A0
:109F20000D460A234FF416722946204607F060FFBB
:109F300070BD000010B52DED088B044622461D486B
:109F40000168663100686430F9F734FB1949096823
:109F5000B1F866000FF01EFD41EC1A0B15490968B7
:109F6000B1F864000FF016FD41EC1B0B53EC1A2BFB
:109F70000FF038FB41EC190BB0EE490AF0EE690A1C
:109F80000AF066FCB0EE408AF0EE608A51EC180BE5
:109F90000FF042FA07490968C1F89C004FF47A7043
:109FA0000BF0D6FE4FF47A700BF0D2FEBDEC088BAE
:109FB00010BD0000F40100202DE9FF41694602A810
:109FC0002D4A12689047064640F6B8300BF0C0FEA6
:109FD0000DF102010DF10A00274A1268904706466A
:109FE00040F6B8300BF0B4FE01A903A8224A12686B
:109FF00090470646BDF80800BDF80A10884201DC0B
:10A00000012000E0002004460CB9012500E00025F5
:10A0100002A830F81400BDF80C10884201DA20467E
:10A0200000E00220074602A830F8150002A931F826
:10A030001710884201DD284600E03846044602A891
:10A0400030F814000D490968A1F866003DF81400C5
:10A050000A490968A1F86400012E06D0212003F006
:10A0600073F8002004B0BDE8F08140F6B8300BF082
:10A070006FFE0120F6E700001C030020F401002021
:10A0800010B52DED088B044622461D4801686A3143
:10A0900000686830F9F78EFA19490968B1F86A0062
:10A0A0000FF078FC41EC1A0B15490968B1F868000B
:10A0B0000FF070FC41EC1B0B53EC1A2B0FF092FAD3
:10A0C00041EC190BB0EE490AF0EE690A0AF0C0FB48
:10A0D000B0EE408AF0EE608A51EC180B0FF09CF95C
:10A0E00007490968C1F8A0004FF47A700BF030FE00
:10A0F0004FF47A700BF02CFEBDEC088B10BD000005
:10A10000F4010020F0B52DED088B85B001A903A85E
:10A11000564A12689047064640F6B8300BF018FED3
:10A120000DF106010DF10E00504A126890470646E7
:10A1300040F6B8300BF00CFE02A904A84B4A126896
:10A1400090470646BDF80C00BDF80E10884201DCB1
:10A15000012000E0002004460CB9012500E00025A4
:10A1600003A830F81400BDF81010884201DA204628
:10A1700000E00220074603A830F8150003A931F8D3
:10A180001710884201DD284600E03846044603A83F
:10A1900030F8140036490968A1F86A0001A830F8BF
:10A1A000140033490968A1F86800012E07D0212066
:10A1B00002F0CAFF002005B0BDEC088BF0BD2C49B1
:10A1C0000968B1F868000FF0E5FB41EC190B28496C
:10A1D0000968B1F864000FF0DDFB41EC1B0BB0EE39
:10A1E0004B0AF0EE6B0A0AF033FBB0EE40AAF0EE39
:10A1F00060AA53EC192B51EC1A0B0FF0F3F941EC58
:10A20000180B0FF009F91A490968C1F89C001849A0
:10A210000968B1F86A000FF0BDFB41EC1A0B144954
:10A220000968B1F866000FF0B5FB41EC1B0B53EC6D
:10A230001A2B0FF0D7F941EC190BB0EE490AF0EEEA
:10A24000690A0AF005FBB0EE408AF0EE608A51EC34
:10A25000180B0FF0E1F806490968C1F8A00040F6B4
:10A26000B8300BF075FD0120A5E700001C030020AD
:10A27000F401002010B504462246084801686A31FE
:10A2800000686430F9F796F94FF47A700BF060FDCE
:10A290004FF47A700BF05CFD10BD0000F40100205B
:10A2A00010B50446224608480168683100686430E9
:10A2B000F9F780F94FF47A700BF04AFD4FF47A7099
:10A2C0000BF046FD10BD0000F401002010B504465F
:10A2D000224608480168663100686430F9F76AF977
:10A2E0004FF47A700BF034FD4FF47A700BF030FDC0
:10A2F00010BD0000F401002010B5044622460848B5
:10A300000168663100686430F9F754F94FF47A70E7
:10A310000BF01EFD4FF47A700BF01AFD10BD00001B
:10A32000F401002010B500210620F6F737FC08F0F4
:10A33000E7FB10BD1CB5694601A8064A12689047A4
:10A340000446012C04D0212002F0FEFE00201CBD9A
:10A350000120FCE71C0300207047704710B504463D
:10A36000204608F0A5FB10BD10B500210620F6F729
:10A3700015FC08F001FC10BD2DE9F84380460D46A0
:10A3800016461F46DDE908944046FFF78DFD10B9DB
:10A390000020BDE8F88303214046FFF7E1FA3220B0
:10A3A00000F0ECFD44B106214046FEF7A9FBC4EBEA
:10A3B00004118800FFF7BBFAFFF7BCFF08B90020C3
:10A3C000E7E7042000F0DAFD0120FFF7B0FA0C22E5
:10A3D0000821404600F0D8FD08B90020D9E7012344
:10A3E0000C2208214046FEF7C3FE08B90020D0E742
:10A3F0002D2000F0C3FDFFF7DFFD08B90020C8E7FE
:10A4000003214046FFF7ACFA284600F0B7FD0120D3
:10A41000FFF78DFA26B1012E2BD0022E28D157E05E
:10A42000002303222946404600F0C2FD00230322F8
:10A430002946404600F0BCFD01230422294640463F
:10A44000FEF796FE08B90020A3E729464046FFF72D
:10A4500065FD002303220821404600F0A9FD0123E9
:10A46000062208214046FEF783FE08B9002090E747
:10A4700077E0002303222946404600F099FD00239F
:10A4800003222946404600F093FD01231A4629463F
:10A490004046FEF76DFE08B900207AE7294640469F
:10A4A000FFF73CFD002301220821404600F080FD1B
:10A4B000002303220821404600F07AFD01230922EF
:10A4C00008214046FEF754FE08B9002061E748E045
:10A4D000002303222946404600F06AFD00230322A0
:10A4E0002946404600F064FD01231A4629464046AD
:10A4F000FEF73EFE08B900204BE729464046FFF72D
:10A500000DFD002301220821404600F051FD0023EB
:10A5100003220821404600F04BFD01230C220821B4
:10A520004046FEF725FE08B9002032E70A22032143
:10A530004046FFF705FA002301220821404600F0BB
:10A5400037FD002303220821404600F031FD01239E
:10A55000072208214046FEF70BFE08B9002018E745
:10A5600000BF00BF1CB106214046F7F785FC032160
:10A570004046FFF733FA172000F000FD0120FFF7F7
:10A58000D6F901231A4617214046FEF7F1FD08B916
:10A590000020FEE6002301220821404600F008FDCD
:10A5A000002301220821404600F002FD162000F0A1
:10A5B000E5FC0120FFF7BBF901231A4616214046AE
:10A5C000FEF7D6FD08B90020E3E64046FEF7F4FDAD
:10A5D000002301220821404600F0EAFC282000F078
:10A5E000CDFC0120FFF7A3F94B463A46002101209C
:10A5F00000F04EFB2F2000F0C1FC0120FFF797F97F
:10A60000002332221946012000F042FB0F2000F007
:10A61000B5FC0120FFF78BF901231A460F214046B4
:10A62000FEF7A6FD08B90020B3E64046FEF7C4FDDC
:10A630002F2000F0A3FC0120FFF779F92E2000F075
:10A640009DFC0220FFF773F9FFF75CFDFFF766F949
:10A65000042000F093FC0120FFF769F9062003466F
:10A660000522042100904046FFF7E8F90321404607
:10A67000FFF776F90120FFF75AF90023032208219A
:10A68000404600F095FC002301220F214046FEF7D2
:10A690006FFD08B900207CE60D220821404600F03D
:10A6A00073FC0F220821404600F06EFCFFF75CFEB1
:10A6B0000A20FFF73CF901206BE62DE9F0478046C0
:10A6C0000D4616461F46DDE908944046FFF7ECFBB1
:10A6D00010B90020BDE8F08703214046FFF740F99C
:10A6E000322000F04BFC44B106214046FEF708FA48
:10A6F000C4EB04118800FFF71AF9042000F03EFCB7
:10A700000120FFF714F9012000F038FC0120FFF7C9
:10A710000EF909222946404600F036FC08B900200F
:10A72000D8E701230C2208214046FEF721FD08B995
:10A730000020CFE703214046FFF712F90023032250
:10A740002946404600F034FC284600F017FC012062
:10A75000FFF7EDF816B1012E2BD10DE001230322F6
:10A7600029464046FEF704FD08B90020B2E7294615
:10A770004046FFF7D3FB1DE001231A462946404619
:10A78000FEF7F6FC08B90020A4E729464046FFF78B
:10A79000C5FB002301220821404600F009FC0123EB
:10A7A000032208214046FEF7E3FC08B9002091E7A8
:10A7B00000E000BF00BF1CB106214046F7F75CFB7C
:10A7C000172000F0DBFB0120FFF7B1F80023012286
:10A7D00017214046FFF756FB01231A461721404632
:10A7E000FEF7C6FC08B9002074E74046FEF7E4FC1B
:10A7F000002301220821404600F0DAFB282000F067
:10A80000BDFB0120FFF793F84B463A46002101209B
:10A8100000F03EFA2F2000F0B1FB0120FFF787F88F
:10A82000002332221946012000F032FA0C2000F0F9
:10A83000A5FB002301220821404600F0B9FB0123BB
:10A8400006220C214046FEF793FC08B9002041E7A0
:10A850004046FEF7B1FC4046FEF7AEFC282000F073
:10A860008DFB052346220021012000F011FA2D2046
:10A8700000F084FB1E20FFF75AF80A20FFF75AFB6E
:10A88000112000F07BFB0120FFF751F8002301228B
:10A8900011214046FFF7F6FA01230222112140461A
:10A8A000FEF766FC08B9002014E7282000F066FBDC
:10A8B000032346220021012000F0EAF92E2000F0B7
:10A8C0005DFB1420FFF733F80A20FFF7D9FBFFF7F1
:10A8D00025F80220FFF72BF8042000F04FFB0120A1
:10A8E000FFF725F804214046FFF73AF80120FFF76B
:10A8F0001EF803220821404600F046FB0C220821E6
:10A90000404600F041FBFFF72FFD0A20FFF70FF84C
:10A910000120DFE62DE9F84380460D4616461F4626
:10A92000DDE908944046FFF7BFFA10B90020BDE802
:10A93000F88303214046FFF713F8322000F01EFB96
:10A940005CB1322000F01AFB06214046FEF7D8F831
:10A95000C4EB04118800FEF7EAFF012000F00EFBB3
:10A960000120FEF7E4FF09222946404600F00CFBD7
:10A9700008B90020DBE70C220821404600F004FB68
:10A9800008B90020D3E7284600F0F8FA0120FEF7C6
:10A99000CEFF36B1012E16D0022E3BD0032E7CD135
:10A9A0005FE00123092229464046FEF7E1FB08B992
:10A9B0000020BCE729464046FFF7B0FA0321404695
:10A9C000FFF70CF891E00123032229464046FEF7E9
:10A9D000CFFB08B90020AAE703214046FEF7FEFF9F
:10A9E00029464046FFF79AFA0023012208214046F3
:10A9F00000F0DEFA002303220821404600F0D8FAD6
:10AA00000123082211464046FEF7B2FB08B9002098
:10AA10008DE76AE00123022229464046FEF7A8FBA3
:10AA200008B9002083E729464046FFF777FA03215B
:10AA30004046FEF7D3FF002301220821404600F0E4
:10AA4000B7FA002303220821404600F0B1FA01239F
:10AA5000092208214046FEF78BFB08B9002066E773
:10AA600043E00123022229464046FEF781FB08B954
:10AA700000205CE729464046FFF750FA0321404694
:10AA8000FEF7ACFF002301220821404600F090FAB7
:10AA9000002303220821404600E025E000F088FA68
:10AAA0000123092208214046FEF762FB08B9002075
:10AAB0003DE7082203214046FEF742FF0023032220
:10AAC0000821404600F074FA002303220821404682
:10AAD00000F06EFA0123092208214046FEF748FBE8
:10AAE00008B9002023E700E000BF00BF1CB1062129
:10AAF0004046F7F7C1F9172000F040FA0120FEF7B1
:10AB000016FF03214046FEF769FF03214046FEF78A
:10AB100065FF0023012217214046FFF7B3F9012307
:10AB20001A4617214046FEF723FB08B90020FEE62F
:10AB30004046FEF741FB03214046FEF74FFF282029
:10AB400000F01CFA0120FEF7F2FE4B463A460021C7
:10AB5000012000F09DF82F2000F010FA0120FEF7F0
:10AB6000E6FE002346221946012000F091F8192044
:10AB700000F004FA0120FEF7DAFE03214046FEF75A
:10AB80002DFF03214046FEF729FF00230122192152
:10AB90004046FFF777F901231A4619214046FEF790
:10ABA000E7FA08B90020C2E64046FEF705FB40463A
:10ABB000FEF702FB03214046FEF710FF282000F0BD
:10ABC000DDF9012346220021184600F061F82D200E
:10ABD00000F0D4F90A20FFF7ADF9112000F0CEF90A
:10ABE00003214046FEF7FAFE03214046FEF7F6FE3B
:10ABF0000023012211214046FFF744F901231A46A0
:10AC000011214046FEF7B4FA08B900208FE640460D
:10AC1000FEF7D2FA282000F0B1F9032348220021E0
:10AC2000012000F035F82E2000F0A8F91420FEF7DE
:10AC30007EFE0A20FFF724FAFEF770FE0220FEF7E0
:10AC400076FE042000F09AF90120FEF770FE06203F
:10AC500003460522042100904046FEF7EFFE042142
:10AC60004046FEF77DFE0120FEF761FE0023032231
:10AC70000821404600F09CF90C220821404600F0D3
:10AC800083F9FFF771FB0A20FEF751FE01204EE623
:10AC90002DE9F04180460C4615461E46012008F07D
:10ACA000C5FE074632462946204607F0A1FC1E2075
:10ACB00008F0BCFE07462FB1384602F045FA0020E6
:10ACC000BDE8F0810120FBE72DE9F04107460C4685
:10ACD000154698464FF0FF322946204607F088FC7B
:10ACE0001E2008F0A3FE064616B10020BDE8F08144
:10ACF0000120FBE72DE9F04705460C4690469946B2
:10AD0000DDE908670320FEF712FE2846FFF7CCF8BE
:10AD100010B90020BDE8F08703212846FEF720FE89
:10AD20000120FEF704FE322000F028F90120FEF792
:10AD3000FEFD012000F022F90120FEF7F8FD20467B
:10AD400000F01CF90120FEF7F2FD0A2000F016F9D0
:10AD50000120FEF7ECFD0B2000F010F90120FEF7BA
:10AD6000E6FD0C2000F00AF90120FEF7E0FD2820A6
:10AD700000F004F90120FEF7DAFD2F2000F0FEF8C4
:10AD80000120FEF7D4FD2E2000F0F8F80120FEF798
:10AD9000CEFD0A20FFF774F9FEF7C0FD0220FEF792
:10ADA000C6FD042000F0EAF8FFF7BCFA0120FEF728
:10ADB000BEFD0120AEE700002DE9F84F83460D46A9
:10ADC000002000900027824680464FF00509172199
:10ADD000584607F093F907F03BFF40F6C41A4FF4CA
:10ADE000FA700AF0B5FF1F21584607F087F94FF6B1
:10ADF000FF705F490968C8840A20FEF755FE5D4967
:10AE00000968A1F868005B480068B0F86850ADE0D8
:10AE1000BAF1000F0FD11721584607F06FF907F06C
:10AE200017FF40F6C41A4FF4FA700AF091FF1F2181
:10AE3000584607F063F9484607F038FF08EB090069
:10AE40001FFA80F8AAEB09001FFA80FA4948006847
:10AE5000A0F8648000980AF07BFF0120FEF724FE32
:10AE6000044644480068A0F86A40AC4201DD601B1B
:10AE700000E0281B86B2B6F5FA7F06DBB6F57A7FCE
:10AE800003DAFA200090002760E0B6F57A7F08DB4D
:10AE900040F2DC50864204DA009000274FF00509AA
:10AEA00054E040F2DC5086424BDB31480068C484F9
:10AEB00000BF0120FEF7F8FD04462E480068A0F808
:10AEC0006A40AC4201DD601B00E0281B86B240F204
:10AED000DC50864207DB781C87B2012F09D1244859
:10AEE0000068C48405E0002021490968C88400275F
:10AEF00001E0032FDDDB00BF781C80B2074603288A
:10AF000024DB4FF6FF701A490968C8841A48D0ED4F
:10AF1000000AB2EE041AB6EE000A00EE810ABCEE98
:10AF2000C00A10EE100A13490968A1F86600202132
:10AF30005846F6F7A1FF0020FFF710FA0120BDE800
:10AF4000F88F0020009000274FF0050941F64C5083
:10AF500080450BDD20215846F6F78EFF0020FFF7D5
:10AF6000FDF9252002F0F0F80020E8E750E70000A6
:10AF7000F8010020F4010020CC02002010B50446A6
:10AF80000120FEF7D4FC10BD2DE9F04105460E4628
:10AF900017463A463146284608F05DFD04462CB176
:10AFA000204602F0D1F80020BDE8F0810120FBE747
:10AFB0002DE9F04104460D4616461F463B463246F3
:10AFC00029462046FEF723FD03212046FEF706FD15
:10AFD000BDE8F0810024FAF751FD0122D103234896
:10AFE000F8F70CFD08F032FCF7F7E2FE4FF47A7048
:10AFF0000AF0AEFE00BF1E48007870B91D48007808
:10B0000058B14FF47A700AF0A3FE1B48016824314E
:10B0100000682630194A1268904732200AF098FEDC
:10B020000BF094F804464FF4FA72022103200BF05F
:10B03000E5F8044604F00040B0F1004FDBD004F026
:10B04000010028B101200C490968C880FAF7AAFA62
:10B0500004F0020010B10A4808F0C6FC03200BF00F
:10B0600049F8002002490870C5E70000000C0240C2
:10B07000B8020020B9020020F80100201C030020C3
:10B080000065002010B5044607F042FD0348006843
:10B090000BF0E6F901200249087010BD54030020AE
:10B0A000FC01002070B52DED028B04460D4607F023
:10B0B0001DFD4FF496700AF04BFE16480068A0F88C
:10B0C0005C4014490968A1F8725012480068B0F851
:10B0D000720000EE100AB8EE400AF2EE040A80EEAA
:10B0E000201AB0EE418A0B490968B1F95C00B0EE54
:10B0F000480A07F0A5FA02E064200AF029FE064893
:10B1000000780028F8D04FF4FA700AF021FEBDEC68
:10B11000028B70BDF4010020FC0100202DE9F041FC
:10B1200006460F4614461D4639463046FDF7E8FCF4
:10B130002A462146002007F0DDFA02E032200AF01C
:10B1400007FE074800780028F8D04FF4FA700AF09C
:10B15000FFFD39463046F6F78FFEBDE8F08100006E
:10B16000FC01002000212F230846491C0D4A1354DE
:10B1700031230846491C13543F230846491C1354E5
:10B180000D230846491C135407488078602801D1D4
:10B190000020704704488078402801D10120F8E75A
:10B1A0000120F6E7F46F0020B46F0020014600BFD5
:10B1B0000448006800F0F0000009034A125C21FA1C
:10B1C00002F0704708380240E0B00508014600BFB1
:10B1D0000548006800F4E050044A02EB9020027831
:10B1E00021FA02F07047000008380240F0B005086C
:10B1F000014600BF0548006800F46040044A02EBC5
:10B200005030027821FA02F07047000008380240FE
:10B21000F0B0050810B5002400BF0C48006800F02D
:10B220000C0020B1042804D0082809D103E0084C00
:10B2300008E0084C06E0082000F00EF8044601E0A3
:10B24000034C00BF00BF204610BD0000083802407C
:10B250000024F40000127A002DE9F0410446002594
:10B260000026002700BF1548006800F4800006464D
:10B270001EB1B6F5800F04D101E0114D03E0114D70
:10B2800001E00F4D00BF00BF082C14D100BF0B48D8
:10B29000006800F03F00B5FBF0F8FBF713FB08FB7C
:10B2A00000F80648006800F44030012101EB10402E
:10B2B0004000B8FBF0F73846BDE8F08104380240A2
:10B2C0000024F40000127A0010B505208F490968A7
:10B2D000A1F878008D4800680088802878D017DCB5
:10B2E0007A2876D00CDC122836D004DC012824D051
:10B2F00002286FD122E0782875D07928F9D17BE037
:10B300007B38052866D2DFE800F0878F979FA7007B
:10B31000862870D008DCA0F181000528F2D2DFE891
:10B3200000F0ABB3BBC3CB00FC281FD0FD280AD074
:10B33000FE2851D0FF28DCD11FE000BF0020734958
:10B3400009680880DFE007F0D1FB7148F6F784FE5A
:10B35000002007F0F7FB00BF002007F0F3FB002000
:10B360006A49096808806B490870CCE006F02CFD3A
:10B370000020664909680880C5E000206349096823
:10B380000880FE210846F5F709FC06F0B5FD06F039
:10B390001BFD72B600BF00BF00BF00BF00BFBFF300
:10B3A0004F8F00BF00BF00BF5B48006800F4E06043
:10B3B0005A490843001D5849086000BF00BF00BF3C
:10B3C000BFF34F8F00BF00BF00BF00BF00BFFDE74E
:10B3D0004AE019E080E006E000204C490968088056
:10B3E00006F0F2FC8FE001204D490880002047491B
:10B3F0000968088087E067E002204949088000204A
:10B400004249096808807EE0032045490880002001
:10B410003E490968088076E0042041490880002000
:10B420003A49096808806EE005203D4908800020FF
:10B4300036490968088066E00620394908800020FE
:10B440003249096808805EE00720354908800020FD
:10B450002E490968088056E00820314908800020FC
:10B460002A49096808804EE009202D4908800020FB
:10B4700026490968088046E00A20294908800020FA
:10B480002249096808803EE00B20254908800020F9
:10B490001E490968088036E00C20214908800020F8
:10B4A0001A49096808802EE00D201D4908800020F7
:10B4B00016490968088026E00E20194908800020F6
:10B4C0001249096808801EE00F20154908800020F5
:10B4D0000E490968088016E00E48007868B9062011
:10B4E0000A490968A1F8780001200A490870012179
:10B4F0000C4800680AF042FE04E00720034909688E
:10B50000A1F8780000BF00BF10BD0000F4010020CA
:10B51000FFFF0300B80200200CED00E00000FA0578
:10B52000B00200204803002010B50446C8200AF0ED
:10B530000FFC0B2C26D2DFE804F006070A0D1013CF
:10B5400016191C1F220000BF00F038F81DE000F0A3
:10B5500089F81AE000F0B0F817E000F0D7F814E02E
:10B5600000F0FEF811E000F025F90EE000F04CF9D3
:10B570000BE000F073F908E000F09AF905E000F044
:10B5800047F802E000F01AF800BF00BF0948007851
:10B59000A04207D00848007820B941F288300AF06C
:10B5A000D7FB03E04FF4FA700AF0D2FB01480470B5
:10B5B00010BD0000A2020020A302002010B500244C
:10B5C000CC222046641C11490A5400222046641CE7
:10B5D0000A5445222046641C0A5400222046641C5A
:10B5E0000A542046641C0A54DD222046641C0A5476
:10B5F000EE222046641C0A5401222046641C0A5490
:10B6000021460248FAF7F0F910BD0000746F0020DF
:10B6100010B50024CC222046641C11490A54002293
:10B620002046641C0A5444222046641C0A540A2200
:10B630002046641C0A5400222046641C0A54DD2261
:10B640002046641C0A54F7222046641C0A54012236
:10B650002046641C0A5421460148FAF7C5F910BD7A
:10B66000746F002010B50024CC222046641C1149C0
:10B670000A5400222046641C0A5444222046641CBA
:10B680000A5402222046641C0A5400222046641CEC
:10B690000A54DD222046641C0A54EF222046641C12
:10B6A0000A5401222046641C0A5421460148FAF734
:10B6B0009BF910BD746F002010B50024CC222046E9
:10B6C000641C11490A5400222046641C0A54442276
:10B6D0002046641C0A5403222046641C0A5400229B
:10B6E0002046641C0A54DD222046641C0A54F022C1
:10B6F0002046641C0A5401222046641C0A54214638
:10B700000148FAF771F910BD746F002010B50024DC
:10B71000CC222046641C11490A5400222046641C95
:10B720000A5444222046641C0A5404222046641C05
:10B730000A5400222046641C0A54DD222046641C60
:10B740000A54F1222046641C0A5401222046641C3B
:10B750000A5421460148FAF747F910BD746F0020DA
:10B7600010B50024CC222046641C11490A54002242
:10B770002046641C0A5444222046641C0A540522B4
:10B780002046641C0A5400222046641C0A54DD2210
:10B790002046641C0A54F2222046641C0A540122EA
:10B7A0002046641C0A5421460148FAF71DF910BDD1
:10B7B000746F002010B50024CC222046641C11496F
:10B7C0000A5400222046641C0A5444222046641C69
:10B7D0000A5406222046641C0A5400222046641C97
:10B7E0000A54DD222046641C0A54F3222046641CBD
:10B7F0000A5401222046641C0A5421460148FAF7E3
:10B80000F3F810BD746F002010B50024CC22204640
:10B81000641C11490A5400222046641C0A54442224
:10B820002046641C0A5407222046641C0A54002245
:10B830002046641C0A54DD222046641C0A54F4226B
:10B840002046641C0A5401222046641C0A542146E6
:10B850000148FAF7C9F810BD746F002010B5002434
:10B86000CC222046641C11490A5400222046641C44
:10B870000A5444222046641C0A5408222046641CB0
:10B880000A5400222046641C0A54DD222046641C0F
:10B890000A54F5222046641C0A5401222046641CE6
:10B8A0000A5421460148FAF79FF810BD746F002032
:10B8B00010B50024CC222046641C11490A540022F1
:10B8C0002046641C0A5444222046641C0A5409225F
:10B8D0002046641C0A5400222046641C0A54DD22BF
:10B8E0002046641C0A54F6222046641C0A54012295
:10B8F0002046641C0A5421460148FAF775F810BD29
:10B90000746F002070B52DED028BB0EE408A0024DC
:10B9100000259FED5A0AF0EE408AB5EEC08AF1EE9E
:10B9200010FA04D29FED550AB0EE408A0AE0B1EE5B
:10B93000080AB4EEC08AF1EE10FA03DDB1EE080A8F
:10B94000B0EE408ACC222046641C4D490A540122A4
:10B950002046641C0A54B5EEC08AF1EE10FA0BD1F1
:10B9600045222046641C0A5400222046641C0A54C6
:10B970002046641C0A541CE09FED420A28EE000A8F
:10B98000F0EE408AB1EE080AC8EE800AF0EE608A56
:10B99000BCEEE80A10EE100A85B24E222046641C66
:10B9A00037490A542046641C0D542A122046641C50
:10B9B0000A54DD222046641C31490A540025E1B2B4
:10B9C0002F48F5F78BFF05462046641C2C490D5483
:10B9D0002A122046641C0A54A1B22948FAF704F836
:10B9E000294890ED000AB4EE480AF1EE10FA3AD078
:10B9F0002648007888BB244890ED000AB5EEC00ABE
:10BA0000F1EE10FA0FD1B1EE000AB4EEC08AF1EEF9
:10BA100010FA08DB1E480088C82804DB44F2506096
:10BA20000AF096F923E0184890ED000AB4EEC08AB7
:10BA3000F1EE10FA08D216480088C82804DB43F655
:10BA400098200AF085F912E011480088C82805DA24
:10BA500044F620600AF07CF909E004E043F69820FF
:10BA60000AF076F903E04FF4FA600AF071F906483B
:10BA700080ED008ABDEC028B70BD0000000000006C
:10BA8000746F002000C06E459C020020A3020020BD
:10BA9000A002002010B50024CC222046641C1349CB
:10BAA0000A5401222046641C0A5460222046641C69
:10BAB0000A5401222046641C0A5400222046641CB9
:10BAC0000A54DD222046641C0A540B222046641CC2
:10BAD0000A5402222046641C0A5421460348F9F7FE
:10BAE00083FFC8200AF034F910BD0000746F0020F5
:10BAF00010B50024CC222046641C13490A540122AC
:10BB00002046641C0A5461222046641C0A54012207
:10BB10002046641C0A5400222046641C0A54DD227C
:10BB20002046641C0A540C222046641C0A5402223B
:10BB30002046641C0A5421460348F9F755FFC820E3
:10BB40000AF006F910BD0000746F002070B50546BC
:10BB500000240026C8200AF0FBF8012D01DA012597
:10BB600004E0B5F5FA7F01DD4FF4FA75CC222046EA
:10BB7000641C16490A5401222046641C0A544B22B4
:10BB80002046641C0A542046641C0D542A12204688
:10BB9000641C0A54DD222046641C0A54E1B20B489E
:10BBA000F5F79CFE06462046641C08490E543212E6
:10BBB0002046641C0A54A1B20448F9F715FF4FF45B
:10BBC000FA700AF0C5F80248058070BD746F002055
:10BBD000A00200202DE9F0412DED068B0646B0EEC7
:10BBE000408A0D46002700243C20FFF7AFFFCFE03E
:10BBF000F6F7D2F80120FFF797FC9FED750AFFF7E3
:10BC000081FE002D69D10A20FFF78EFC9FED710A9D
:10BC1000FFF778FE4FF47A700AF09AF83046FFF793
:10BC200083FC18EE100A0EF02FF941EC1A0B9FED71
:10BC30006A0B53EC102B0DF021FC41EC190B0DF0AD
:10BC4000EBFB08EE900AB0EE680AFFF75BFE44F6E5
:10BC500020600AF07DF8F7F7F1FD60B1B1EE080A57
:10BC6000FFF750FE601C84B2032CC0DB0120BDEC4A
:10BC7000068BBDE8F0810120FFF756FC18EE100A94
:10BC80000EF002F941EC1A0B9FED550B53EC102B03
:10BC90000DF0F4FB41EC190B0DF0BEFB08EE900A21
:10BCA000B0EE680AFFF72EFE0320FFF73DFC4FF4CD
:10BCB0004270FDF76BF89FED4C0AFFF723FE44F648
:10BCC00020600AF045F8F6F767F80120FFF72CFC32
:10BCD0009FED3F0AFFF716FE5BE0012D58D10A20C9
:10BCE000FFF722FC9FED3B0AFFF70CFE4FF47A7042
:10BCF0000AF02EF83046FFF717FCF7EE000A78EE50
:10BD0000200AB0EE600AFFF7FDFD44F620600AF05D
:10BD10001FF8F7F793FD48B1B1EE080AFFF7F2FDFF
:10BD2000601C84B2032C33DB0120A0E70120FFF765
:10BD3000FBFB18EE100A0EF0A7F841EC1A0B9FED72
:10BD40002B0B53EC102B0DF099FB41EC190B0DF064
:10BD500063FB08EE900AB0EE680AFFF7D3FD0320FC
:10BD6000FFF7E2FB4FF44270FDF710F89FED210A58
:10BD7000FFF7C8FD44F6206009F0EAFFF6F70CF87B
:10BD80000120FFF7D1FB9FED120AFFF7BBFD00E09A
:10BD90002EE700BF0A20FFF7C7FBB1EE040AFFF74A
:10BDA000B1FD0320FFF7C0FB4FF44270FCF7EEFF3C
:10BDB000B6EE000AFFF7A6FD0120FFF7B5FB9FEDE9
:10BDC000040AFFF79FFDF5F7E7FF00204FE70000AB
:10BDD00000000000CDCC4C3E666666666666E63FB7
:10BDE000333333333333E33F9A99193FCDCCCCCC43
:10BDF000CCCCEC3F6666663F2DE9F0412DED068B1D
:10BE000080460D460024002600279FEDBC0AB0EEB8
:10BE1000408A0820BA49096848854FF4FA7009F049
:10BE200097FF3C20FFF792FE26E1F5F7B5FF0A20C9
:10BE3000FFF77AFB9FEDB30AFFF764FD4FF47A70CA
:10BE400009F086FFB0480068B0F8D840092C15D03A
:10BE5000142C13D0162C11D0192C0FD01A2C0DD055
:10BE60001B2C0BD01C2C09D01E2C07D0202C05D04D
:10BE7000232C03D0262C01D02B2C0ED18020FCF7B4
:10BE800085FFA1480068B0F8D40010B10220FCF78B
:10BE90007DFF0720FFF748FB8AE0022C0DD0042C21
:10BEA0000BD0222C09D0252C07D0272C05D0282CEC
:10BEB00003D02C2C01D02D2C07D14FF40050FCF7CF
:10BEC00065FF0620FFF730FB72E0012C07D0052C40
:10BED00005D0062C03D0072C01D0292C06D1022036
:10BEE000FCF754FF0520FFF71FFB61E0032C0FD088
:10BEF000082C0DD0132C0BD0152C09D0182C07D0E2
:10BF00001F2C05D0212C03D0242C01D02A2C06D1A3
:10BF10001020FCF73BFF0420FFF706FB48E0172C3E
:10BF200040D179480068B0F87A0030B1012813D0C8
:10BF3000022819D0032825D11DE08020FCF726FF18
:10BF400071480068B0F8D40010B10220FCF71EFF61
:10BF50000720FFF7E9FA24E04FF40050FCF716FF42
:10BF60000620FFF7E1FA1CE00220FCF70FFF052096
:10BF7000FFF7DAFA15E01020FCF708FF0420FFF7BE
:10BF8000D3FA0EE08020FCF701FF5F480068B0F8AC
:10BF9000D40010B10220FCF7F9FE0720FFF7C4FA25
:10BFA00000BF05E00220FCF7F1FE0520FFF7BCFA18
:10BFB000012D16D154480068B0F8F00028B152485D
:10BFC0000068B0F8F000012805D102204E49096848
:10BFD000A1F8620015E001204B490968A1F8620050
:10BFE0000FE049480068B0F8F00028B9022046493F
:10BFF0000968A1F8620004E0012043490968A1F83A
:10C00000620041480068B0F86200022804D19FED48
:10C010003F0AB0EE408A11E0022D04DC9FED3C0A9D
:10C02000B0EE408A0AE0032D04D19FED3A0AB0EE4B
:10C03000408A03E09FED380AB0EE408AB0EE480A2D
:10C04000FFF760FCF7F7FAFB98B1B1EE080AFFF7CB
:10C0500059FCF5F7A1FE701C86B2032E0CDB032001
:10C0600029490968A1F8EC000120BDEC068BBDE868
:10C07000F081F5F791FE00E0D7E600BFF5F78CFE02
:10C080000120FFF751FA18EE100A0DF0FDFE41EC09
:10C090001A0B9FED220B53EC102B0DF00BFE41EC15
:10C0A000190B0DF0B9F908EE900AB0EE680AFFF727
:10C0B00029FCF5F771FE4FF44270FCF767FE032090
:10C0C000FFF732FA9FED170AFFF71CFC4FF442709E
:10C0D000F5F7C2FFF5F760FE0120FFF725FA9FEDA7
:10C0E000070AFFF70FFC064800688088032803D181
:10C0F00000200349096888800020B6E7000000009E
:10C10000F8010020CDCC4C3EF4010020666696403C
:10C110009A99D93F9A99993FCDCC2C409A9999995F
:10C120009999B93F9A99193F70B52DED028B044644
:10C13000B0EE408A00256420FFF708FD0120FFF7DC
:10C14000F3F99FED1E0AFFF7DDFB0A20FFF7ECF97C
:10C15000B7EE000AFFF7D6FB4FF47A7009F0F8FD4E
:10C16000032C03D14FF44270FCF710FE2046FFF77A
:10C17000DBF96420FFF7EAFCF7EE000A78EE200A0C
:10C18000B0EE600AFFF7BEFB0120FCF7FFFD0C4894
:10C190000068B0F8D60018B14FF48050FCF7F6FDF7
:10C1A000C820FFF7D3FC9FED050AFFF7ABFBF5F7BF
:10C1B000F3FD0020BDEC028B70BD0000000000000C
:10C1C000F40100202DE9F04104460D460026032726
:10C1D000F5F7E2FD0A20FFF7A7F905B10927C82006
:10C1E000FFF7B4FC002641E00A20FFF79DF99FED20
:10C1F000240AFFF787FB4FF47A7009F0A9FD4FF48A
:10C200004270FCF7C3FD4FF4FA7009F0A1FD032062
:10C21000FFF78AF9B1EE080AFFF774FB4FF47A7062
:10C2200009F096FD4FF44270F5F716FF34B1022085
:10C23000FFF77AF90120FCF7A9FD06E00120FFF7DE
:10C2400073F94FF48050FCF7A1FD9FED0E0AFFF744
:10C2500059FB0120F5F700FF4FF48050F5F7FCFE85
:10C260004FF47A7009F074FD701C86B2BE42BBDBDD
:10C27000F5F792FD0120FFF757F9BDE8F0810000C6
:10C28000CDCC4C3E0000000070B5002400260025F7
:10C2900092480068B0F8EE0008B9002070BD072091
:10C2A0008F49096848854FF4FA7009F051FD0CE197
:10C2B000F5F772FD6420FFF749FC0A20FFF734F917
:10C2C0009FED880AFFF71EFB4FF47A7009F040FDDE
:10C2D00082480068B0F8D840092C15D0142C13D02F
:10C2E000162C11D0192C0FD01A2C0DD01B2C0BD0C2
:10C2F0001C2C09D01E2C07D0202C05D0232C03D0B9
:10C30000262C01D02B2C0ED18020FCF73FFD73484A
:10C310000068B0F8D40010B10220FCF737FD072008
:10C32000FFF702F98AE0022C0DD0042C0BD0222C4E
:10C3300009D0252C07D0272C05D0282C03D02C2C55
:10C3400001D02D2C07D14FF40050FCF71FFD062023
:10C35000FFF7EAF872E0012C07D0052C05D0062C77
:10C3600003D0072C01D0292C06D10220FCF70EFDAA
:10C370000520FFF7D9F861E0032C0FD0082C0DD071
:10C38000132C0BD0152C09D0182C07D01F2C05D03E
:10C39000212C03D0242C01D02A2C06D11020FCF70C
:10C3A000F5FC0420FFF7C0F848E0172C40D14B48BB
:10C3B0000068B0F87A0030B1012813D0022819D0F3
:10C3C000032825D11DE08020FCF7E0FC43480068ED
:10C3D000B0F8D40010B10220FCF7D8FC0720FFF71A
:10C3E000A3F824E04FF40050FCF7D0FC0620FFF740
:10C3F0009BF81CE00220FCF7C9FC0520FFF794F82D
:10C4000015E01020FCF7C2FC0420FFF78DF80EE0C9
:10C410008020FCF7BBFC31480068B0F8D40010B1B4
:10C420000220FCF7B3FC0720FFF77EF800BF05E011
:10C430000220FCF7ABFC0520FFF776F89FED2A0AF7
:10C44000FFF760FAF5F7A8FCF7F7F8F970B1B1EE6D
:10C45000080AFFF757FA701C86B2032E2CDB022065
:10C460001E490968A1F8EC00012017E70120FCF73C
:10C470008DFC1A480068B0F8D60018B14FF480500F
:10C48000FCF784FC0220FFF74FF8C820FFF75EFBA3
:10C490009FED160AFFF736FA0120F5F7DDFD4FF4A0
:10C4A0008050F5F7D9FD681C85B20C480068B0F8DB
:10C4B000EE00A84200DC09E00120FFF735F8F5F7AF
:10C4C0006BFC9FED0A0AFFF71DFAF1E600BF0120A1
:10C4D000FFF72AF8F5F760FC0020DFE6F401002002
:10C4E000F8010020CDCC4C3E66668640000000007E
:10C4F0002DE9F0412DED028B0024002600270025B8
:10C50000A0460020F9490870F9490968A1F8FC0023
:10C51000F5F742FC0120F74909684885FFF704F860
:10C52000FFF7E6FA9FEDF40AFFF7ECF94FF47A70A3
:10C5300009F00EFC0120EE490968A1F8FC00002179
:10C540000846FFF73FFE0220E9490968A1F8FC0010
:10C550000120FEF7E9FF6420FFF7F8FA9FEDE60AF5
:10C56000FFF7D0F9FFF796FAB0EE000AFFF7CAF925
:10C57000FFF7BEFA9FEDE00AFFF7C4F9FFF78AFA6A
:10C58000B1EE080AFFF7BEF9FFF7B2FA9FEDDA0A3B
:10C59000FFF7B8F90520D6490968A1F8FC00D4488E
:10C5A0000068B0F8D80001281ED1D1480068B0F862
:10C5B000E800C8B10420CF49096848854FF4FA70F3
:10C5C00009F0C6FB4FF48040FCF7E0FBC84909685E
:10C5D000B1F8E8104FF47A7201FB02F009F0B8FBF1
:10C5E0004FF48040F5F738FD9FEDC40AC04800685D
:10C5F00080ED240A9FEDC20ABD48006880ED250A3F
:10C600009FEDC00ABA48006880ED260A3220B8497A
:10C610000968A1F86C00B648006890F86C203C23CB
:10C6200000210846FEF750FB0620B1490968A1F831
:10C63000FC000720AE490968A1F8FC00FFF724FEC2
:10C6400020B10120BDEC028BBDE8F0810820A84993
:10C650000968A1F8FC0004210020FFF7CDFB08B118
:10C660000120EFE70920A2490968A1F8FC000A208F
:10C670009F490968A1F8FC0000F070FB08B1012097
:10C68000E0E70B209A490968A1F8FC000C209949C1
:10C69000096848854FF4FA7009F05AFB0021B0EEA2
:10C6A000000A0820FFF796FA044634B10E2090499C
:10C6B0000968A1F8EC000120C4E70C208C49096846
:10C6C000A1F8FC000E208B49096848854FF4FA70E8
:10C6D00009F03EFB0121B0EE000A0920FFF77AFACB
:10C6E000064636B1102082490968A1F8EC00012005
:10C6F000A8E7F5F751FB0F207D490968A1F8FC0078
:10C700006420FFF723FA0120FEF70EFF9FED7A0A5F
:10C71000FFF7F8F8002415E00A20FEF705FFB1EE58
:10C72000080AFFF7EFF80320FEF7FEFE4FF4427011
:10C73000FCF72CFB9FED700AFFF7E4F8F5F72CFBF4
:10C74000601C84B2022CE7DB0120FEF7EDFE6420C2
:10C75000FFF7FCF915206749096848854FF4FA701E
:10C7600009F0F6FA002006F0EDF99FED670A60483F
:10C77000006880ED240AB2EE020A5D48006880ED90
:10C78000250A9FED620A5A48006880ED260AA52016
:10C7900057490968A1F86C000F2055490968A1F8AC
:10C7A0006E0053480068B0F86E0003B2504800684D
:10C7B00090F86C2000210846FEF76AFA8046B8F12E
:10C7C000000F15D110204A490968A1F8FC0048481B
:10C7D000006890ED210ADFED4E0AB4EEE00AF1EEBA
:10C7E00010FA05D21720434909688880012029E7FB
:10C7F00011203F490968A1F8FC00002006F0A2F9C9
:10C8000016203C49096848854FF4FA7009F0A0FAEF
:10C810004FF48060FCF7BAFA0024002622E04FF4BF
:10C820007A7009F095FA601C84B23148006890ED86
:10C83000210ADFED380AB4EEE00AF1EE10FA00D872
:10C8400011E040F2DC50844205DD212029490968CD
:10C8500088800120F6E6002006F074F94FF480602D
:10C86000FCF794FADBE700BF4FF4FA7009F070FAB6
:10C870004FF48060F5F7F0FB12201D490968A1F81C
:10C88000FC0010201B49096848854FF4FA7009F034
:10C890005FFA002421E04FF47A7009F059FA601C25
:10C8A00084B21348006890ED210ADFED1B0AB4EE54
:10C8B000E00AF1EE10FA00D810E0B4F5167F05DDBD
:10C8C00021200C49096888800120BBE6B4F5967FD9
:10C8D00003DD4FF48060FCF759FADCE700BF4FF44A
:10C8E0008060F5F7B9FB0025002420E0A3020020BA
:10C8F000F4010020F8010020000000000000FA43CD
:10C900009A99993E0000FA44000061450080BB44BA
:10C91000000044423333474200004642FE4800686C
:10C92000408B0544C82009F013FA601C84B20A2C1D
:10C93000F4DB0A20B5FBF0F5F74909680D861320F2
:10C94000F6490968A1F8FC009FEDF50AF348006874
:10C9500080ED240AB1EE080AF048006880ED250A4F
:10C960009FEDF00AED48006880ED260A3220EB4981
:10C970000968A1F86C000020E8490968A1F86E0078
:10C98000E6480068B0F86E0003B2E448006890F82A
:10C990006C2000210846FEF797F91120DE4909684E
:10C9A00048854FF4FA7009F0D3F900210846FFF7E3
:10C9B00009FC1220D849096848854FF4FA7009F03B
:10C9C000C7F9F5F7E9F9D5480068B0F8F60020B1E5
:10C9D000D2480068B0F8F67000E00127C820FFF7E1
:10C9E000B5F80120FEF7A0FD1FED3D0AFEF78AFF16
:10C9F0004FF47A7009F0ACF9002630E0002422E010
:10CA00001020FCF7C3F90420FEF78EFDB1EE080AF2
:10CA1000FEF778FFF5F7C0F94FF4FA7009F098F9CE
:10CA20004FF44270FCF7B2F90320FEF77DFD1FEDD5
:10CA30004E0AFEF767FFF5F7AFF94FF4FA7009F009
:10CA400087F9601C84B2022CDADB00210846FFF76C
:10CA5000B9FB4FF4FA7009F07BF9701C86B2BE4244
:10CA6000CCDB1420AD490968A1F8FC00F5F794F976
:10CA7000002422E01020FCF789F90420FEF754FD81
:10CA8000B1EE080AFEF73EFFF5F786F94FF4FA70AB
:10CA900009F05EF94FF44270FCF778F90320FEF7D5
:10CAA00043FD1FED6B0AFEF72DFFF5F775F94FF407
:10CAB000FA7009F04DF9601C84B2022CDADB132005
:10CAC0009549096848854FF4FA7009F041F900204A
:10CAD00006F038F89FED920A9048006880ED240A2D
:10CAE000B1EE080A8D48006880ED250A9FED8D0A99
:10CAF0008A48006880ED260A322088490968A1F832
:10CB00006C00002085490968A1F86E008348006820
:10CB1000B0F86E0003B28148006890F86C200021E4
:10CB20000846FEF7D1F8002400265BE04FF47A7047
:10CB300009F00EF9601C84B27848006890ED210A73
:10CB400010EE101A08460DF09FF941EC180B9FEDFE
:10CB5000760B53EC102B0DF06BF800D843E0B4F5D6
:10CB6000967F36DD6D48006890ED210AF3EE090AE4
:10CB7000B4EEE00AF1EE10FA2BD256BB01269FED7F
:10CB8000680A6648006880ED240AB1EE080A634826
:10CB9000006880ED250A9FED630A6048006880ED1B
:10CBA000260A32205D490968A1F86C0000205B4923
:10CBB0000968A1F86E0059480068B0F86E0003B229
:10CBC0005648006890F86C2000210846FEF77CF873
:10CBD00008E0B4F5167F05DD17204F490968888005
:10CBE00001202FE5A2E700BF002005F0ABFF4FF4C6
:10CBF0008060FCF7CBF8002400261520474909681F
:10CC0000A1F8FC0063E04FF47A7009F0A1F8601C11
:10CC100084B24248006890ED210A10EE101A0846CE
:10CC20000DF032F941EC180B9FED410B53EC102B3A
:10CC30000CF0C4FE00D84BE0B4F5967F36DD3748E3
:10CC4000006890ED210AF3EE090AB4EEE00AF1EE75
:10CC500010FA2BD256BB01269FED310A2F480068EF
:10CC600080ED240AB1EE080A2C48006880ED250A00
:10CC70009FED2C0A2948006880ED260A32202749BA
:10CC80000968A1F86C00002024490968A1F86E0029
:10CC900022480068B0F86E0003B22048006890F89F
:10CCA0006C2000210846FEF70FF809E040F2DC5046
:10CCB000844205DD21201849096888800120C1E4EB
:10CCC000002005F03FFF4FF48060FCF75FF89AE723
:10CCD00000BF4FF48060F5F7BFF90A20FDF70CFBA9
:10CCE0004FF47A7009F034F80025002408E00A486F
:10CCF0000068408B0544C82009F02AF8601C84B203
:10CD00000A2CF4DB0A20B5FBF0F5034909684D86CF
:10CD10000020014909680FE0F8010020F40100201B
:10CD200000806D45000048443333333333F34840CB
:10CD30000000000000C04840888041F2883009F0BF
:10CD400007F8642004490968A1F8FC004FF4FA7060
:10CD5000F3F726FF002075E4F401002070B50025EC
:10CD600000243E480068B0F8F00020B1012803D04C
:10CD7000022805D102E000BF012503E0022501E001
:10CD8000012500BF00BF022D66D109203449096882
:10CD900048854FF4FA7008F0DBFF0021B1EE000A7D
:10CDA0000420FEF717FF044634B10C202B49096814
:10CDB000A1F8EC00012070BDB0EE000A0320FFF7DF
:10CDC000B3F904460CB10120F5E74FF44270FBF7CC
:10CDD000DDFF0320FEF7A8FBC820FEF7B7FEB1EE8B
:10CDE000080AFEF78FFD4FF44270F5F735F9012080
:10CDF000FBF7CCFF19480068B0F8D60018B14FF423
:10CE00008050FBF7C3FF0220FEF78EFBB0EE040A52
:10CE1000FEF778FD4FF47A7008F09AFFF4F7BCFF44
:10CE20004FF47A7008F094FF4FF44270FBF7AEFFB6
:10CE30000320FEF779FBB6EE000AFEF763FD4FF420
:10CE40004270F5F709F9F4F7A7FF0020FEF76CFB35
:10CE50009FED040AFEF756FD0020ACE7F401002028
:10CE6000F8010020000000002DE9F04781468A46C5
:10CE70000024002500260027A046032005F020F806
:10CE80004BE042F2107800BF4FF480412A48F9F796
:10CE9000EFFC20B1B8F10000A8F10108F4DA42F289
:10CEA0001070A0EB080025490860F3F728FD07463D
:10CEB000022005F005F83E4421482249096840F85F
:10CEC000217042F2107800BF4FF480411A48F9F700
:10CED000CFFC20B1B8F10000A8F10108F4DA42F269
:10CEE0001070A0EB080015490860F3F708FD07462D
:10CEF000032004F0E5FF3D44124801680068401C2F
:10CF0000104A1060104840F821701046007800F078
:10CF10007F0011460860601C84B25445B1DB95FB6C
:10CF2000F4F596FBF4F62D123612A9F80250A9F882
:10CF30000060BDE8F0870000001002407802002089
:10CF4000D46B00207C020020D469002070B5044618
:10CF50000D4629462046FFF787FF70BD2DE9FF41AA
:10CF600006460F460024002502A903A800F066F833
:10CF7000A0460CE03222694601A800F01FF8BDF877
:10CF800004000444BDF80000054408F10108B8F1AC
:10CF90000A0FEFDB641D6D1D0A20B4FBF0F0BDF835
:10CFA0000C10401A30800A20B5FBF0F0BDF80810D4
:10CFB000401A3880012004B0BDE8F0812DE9F0412D
:10CFC00006460F469046404605F0DEFA4FF47A7169
:10CFD0001848006808F0C4FF48BB174C0A2522E037
:10CFE00002E0641C681EC5B22078552801D0002DCF
:10CFF000F7D115B90020BDE8F0810721601CFBF7CF
:10D00000DBFC217A88420BD16079217900EB012089
:10D010003080E079A17900EB012038800120EAE737
:10D02000641C681EC5B2002DDAD10020E3E70020A1
:10D03000E1E700006C030020D46D00202DE9FC41E5
:10D0400006460F4600240025A0460CE064226946EF
:10D0500001A800F019F8BDF804000444BDF8000070
:10D06000054408F10108B8F10A0FEFDB641D6D1DDE
:10D070000A20B4FBF0F030800A20B5FBF0F03880D5
:10D080000120BDE8FC8100002DE9F04106460F4675
:10D090009046404605F092FA4FF47A7118480068BD
:10D0A00008F05EFF48BB174C0A2522E002E0641C32
:10D0B000681EC5B22078552801D0002DF7D115B9CA
:10D0C0000020BDE8F0810721601CFBF775FC217A88
:10D0D00088420BD16079217900EB01203080E07922
:10D0E000A17900EB012038800120EAE7641C681E6A
:10D0F000C5B2002DDAD10020E3E70020E1E700000F
:10D100006C030020D46D002010B55520084908801C
:10D11000AA2048800B46022200210120FBF7F4F9E7
:10D120000446002C02DB0248006810BD2046FCE7E4
:10D130009402002010B5044623460222202101203B
:10D14000F5F78AFE10BD000010B504462146072001
:10D15000F3F724FD024800688480012010BD000020
:10D16000F801002010B504460BF0F0FD14490860EA
:10D170000846006813490968401A114908600846C2
:10D18000008811490968A1F858000D4800680A2173
:10D19000B0FBF1F00A490860084600680B490968CD
:10D1A000B0FBF1F00649086008460068642801D920
:10D1B000642008600248008803490968088510BD9A
:10D1C000400200203C020020F8010020380200202C
:10D1D00010B5152200210120FBF70EFA10BD00004A
:10D1E00010B52DED068B45480068007860B140F61B
:10D1F000D27243494348F9F7C1F941494148F9F727
:10D20000CAF9BDEC068B10BD3F480068007848B1F4
:10D2100064223B493B48F9F7B1F939493948F9F7F4
:10D22000BAF9EEE739480068007820B1384800685C
:10D2300090ED318A03E03648006890ED308A34483A
:10D240000068D0ED348A88EE280AB0EE408AB3EE4A
:10D25000000A28EE000AB0EE408A2D48006890EDE2
:10D26000330AF1EE000A30EEC00A30EE080AB0EEE2
:10D27000408A9FED280A28EE000AB0EE408A244832
:10D28000006890ED320A22480068D0ED330A30EE93
:10D29000600AC8EE000AB0EE608A9FED1F0A38EE01
:10D2A000000AB0EE408AB5EEC08AF1EE10FA03D261
:10D2B0009FED1A0AB0EE408A18EE100A0CF0E4FD59
:10D2C00041EC1A0B9FED160B53EC102B0CF0D6F81B
:10D2D00041EC190B0CF01AFB84B2B4F5805F01DB52
:10D2E00040F6FF74224606490648F9F747F9044913
:10D2F0000448F9F750F900BF83E700005C02002002
:10D30000010010020074004060020020580200205A
:10D31000F401002000E076450000C8420000000053
:10D32000000000000000E03F002467E0344800886F
:10D3300000285FDD9620F3F733FC962008F008FD07
:10D340009620F3F72DFC2E4800880C2838D2DFE811
:10D3500000F037060D141B223737293737300020ED
:10D360002749088002F036F904463CE000202449B1
:10D37000088003F03FFE044635E000202049088085
:10D3800000F070F904462EE000201D49088002F0EC
:10D39000DBFE044627E000201949088000F000FF6A
:10D3A000044620E0002016490880FFF7A1F8044653
:10D3B00019E0002012490880F7F758FA044612E0F5
:10D3C00000200F490880002409E04FF49670F3F71D
:10D3D000E7FB4FF4967008F0BBFC601C84B2032C92
:10D3E000F3DB002400BF00BF24B1652005490968B4
:10D3F000A1F8FC004FF47A7008F0AAFC96E7000050
:10D40000B0020020F401002070B5002400250026A1
:10D4100091480068B0F8EE0008B9002070BD072000
:10D420008E49096848854FF4FA7008F091FCEDE0E8
:10D43000F4F7B2FC88480068B0F8D840092C15D041
:10D44000142C13D0162C11D0192C0FD01A2C0DD04F
:10D450001B2C0BD01C2C09D01E2C07D0202C05D047
:10D46000232C03D0262C01D02B2C0CD18020FBF7B1
:10D470008DFC79480068B0F8D400002873D00220F1
:10D48000FBF784FC6FE0022C0DD0042C0BD0222C77
:10D4900009D0252C07D0272C05D0282C03D02C2CE4
:10D4A00001D02D2C04D14FF40050FBF76FFC5AE053
:10D4B000012C07D0052C05D0062C03D0072C01D059
:10D4C000292C03D10220FBF761FC4CE0032C0FD088
:10D4D000082C0DD0132C0BD0152C09D0182C07D0EC
:10D4E0001F2C05D0212C03D0242C01D02A2C03D1B1
:10D4F0001020FBF74BFC36E0172C31D15648006862
:10D50000B0F87A0030B1012810D0022813D00328D7
:10D5100019D114E08020FBF739FC4F480068B0F8BF
:10D52000D40010B10220FBF731FC18E04FF400509A
:10D53000FBF72CFC13E00220FBF728FC0FE0102087
:10D54000FBF724FC0BE08020FBF720FC424800683E
:10D55000B0F8D40010B10220FBF718FC00BF02E0C5
:10D560000220FBF713FC4FF4C8703B490968A1F88F
:10D57000720040F2145038490968A1F85C0001209B
:10D5800035490968A1F86200334B1B68B3F8622083
:10D59000314B1B68B3F95C102F4B1B68B3F872005A
:10D5A00008F064FA2D4909688880F4F7F5FB2B48E8
:10D5B0000068808850B1681C85B2032D26DB0220EC
:10D5C00025490968A1F8EC00012027E70120FBF7B5
:10D5D000DDFB21480068B0F8D60018B14FF4805048
:10D5E000FBF7D4FBFA211E48FDF75CFD0120F4F7A0
:10D5F00033FD4FF48050F4F72FFD701C86B21648AF
:10D600000068B0F8EE00B04200DC00E010E700BFB8
:10D61000F4F7C2FB4FF44270FBF7B8FB642140F211
:10D620001450FDF73FFD4FF44270F4F715FD012053
:10D63000FBF7ACFB08480068B0F8D60018B14FF40F
:10D640008050FBF7A3FBC8210548FDF72BFDF4F73D
:10D65000A3FB0020E2E60000F4010020F801002016
:10D6600024FAFFFF2DE9F0412DED048B82B0002458
:10D67000002600270025A0460020F8490968A1F8E7
:10D68000FC00F4F789FB0120F549096848854FF44F
:10D69000FA7008F05DFB4FF48050FBF777FBFA213E
:10D6A000F048FDF7FFFC4FF48050F4F7D5FC012063
:10D6B000EA490968A1F8FC0000210846FBF76AFC6A
:10D6C00096214FF47A70FDF7EDFC4FF44270FBF7B2
:10D6D0005DFB96214FF47A70FDF7E4FC4FF4427045
:10D6E000F4F7BAFC0120FBF751FBDC480068B0F806
:10D6F000D60018B14FF48050FBF748FBFA21D94807
:10D70000FDF7D0FC0120F4F7A7FCD4480068B0F87E
:10D71000D60018B14FF48050F4F79EFC9621D14802
:10D72000FDF7C0FC0120FBF731FBCC480068B0F8E6
:10D73000D60018B14FF48050FBF728FB9621C9485A
:10D74000FDF7B0FC0120F4F787FCC4480068B0F88E
:10D75000D60018B14FF48050F4F77EFC0220BF4988
:10D760000968A1F8FC00BD480068B0F8D840082C52
:10D770000DD0132C0BD0152C09D0182C07D01D2C34
:10D7800005D01F2C03D0212C01D02A2C7DD10320C1
:10D79000B2490968A1F8FC000220B149096848852E
:10D7A0004FF4FA7008F0D4FA002421E01020F4F7C6
:10D7B00053FC0120FBF7EAFAA8480068B0F8D6004D
:10D7C00018B14FF48050FBF7E1FA4FF49671A54879
:10D7D000FDF768FC0120F4F73FFCA0480068B0F8B2
:10D7E000D60018B14FF48050F4F736FC601C84B2B8
:10D7F000032CDBDB96219B48FDF754FC0120FBF753
:10D80000C5FA96480068B0F8D60018B14FF48050B9
:10D81000FBF7BCFA96219348FDF744FC0120F4F78E
:10D820001BFC8E480068B0F8D60018B14FF4805049
:10D83000F4F712FC03208A49096848854FF4FA700E
:10D8400008F086FA002434E0042084490968A1F82D
:10D85000FC00F4F751F84FF47A7008F079FA804838
:10D860000068808BB0F5966F14DB7D480068808B74
:10D87000B0F5AF6F0EDC7A480068C08BB0F5966FDC
:10D8800008DB77480068C08B00E07DE0B0F5AF6F43
:10D8900000DC0FE02046611C8CB2032809DB01206C
:10D8A0006E490968A1F8EC0002B0BDEC048BBDE83C
:10D8B000F081C9E700BF6A480068808B6749096842
:10D8C000A1F8DA0066480068C08B64490968A1F8CD
:10D8D000DC0063490968888B0CF05CF841EC190B9B
:10D8E0009FED610B53EC102B0CF0A4F841EC180BDE
:10D8F0000CF00CF859490968A1F8DE00584909688C
:10D90000C88B0CF047F841EC190B9FED570B53EC0B
:10D91000102B0CF08FF841EC180B0BF0F7FF4F4970
:10D920000968A1F8E0004E490968888B0CF032F8CC
:10D9300041EC190B9FED4E0B53EC102B0CF07AF8C9
:10D9400041EC180B0BF0E2FF44490968A1F8E20032
:10D9500043490968C88B0CF01DF841EC190B9FED89
:10D96000440B53EC102B0CF065F841EC180B0BF04A
:10D97000CDFF3A490968A1F8E40001203749096858
:10D98000A1F8E60004F020FA052034490968A1F85E
:10D99000FC0032480068B0F8D80001281ED12F489A
:10D9A0000068B0F8E800C8B104202D49096848852E
:10D9B0004FF4FA7008F0CCF94FF48040FBF7E6F929
:10D9C00026490968B1F8E8104FF47A7201FB02F0B9
:10D9D00008F0BEF94FF48040F4F73EFB9FED260AB5
:10D9E0001E48006880ED240A9FED240A1B48006849
:10D9F00080ED250A9FED220A1848006880ED260A6E
:10DA0000322016490968A1F86C001448006890F8A3
:10DA10006C203C2300210846FDF756F906200F49EB
:10DA20000968A1F8FC00F3F7DDF908B101203BE734
:10DA300007200A490968A1F8FC00FFF7E5FC08B1D6
:10DA4000012031E7082005490968A1F8FC00002100
:10DA50000846F3F763FBA8B1012025E7F401002095
:10DA6000F801002050FBFFFF333333333333F33FF0
:10DA7000000000000000E03F0000FA439A99993E40
:10DA80000000FA440920FE490968A1F8FC00F5F7F6
:10DA90002DFC0A20FA490968A1F8FC0006F006F8F6
:10DAA00008B1012000E70B20F5490968A1F8FC0046
:10DAB0000C20F449096848854FF4FA7008F048F9D9
:10DAC00014204FF4C87101236FF02702CDE9001034
:10DAD0004FF416710420F3F779F804460CB10120D5
:10DAE000E2E60C20E6490968A1F8FC000B20E549B4
:10DAF000096848854FF4FA7008F02AF94FF4C873A2
:10DB000002224FF416711020F4F7B2F804460CB15B
:10DB10000120C9E60D20DA490968A1F8FC000E20B1
:10DB2000D849096848854FF4FA7008F011F91420B3
:10DB30004FF4C87101236FF02702CDE900104FF4B4
:10DB400016712020F3F742F806460EB10120ABE62D
:10DB5000F4F722F92020FBF719F90221CA48FDF752
:10DB6000A1FAF4F719F90F20C5490968A1F8FC00DA
:10DB70001520C449096848854FF4FA7008F0E8F8A0
:10DB8000002004F0DFFF9FEDC10ABD48006880ED72
:10DB9000240AB2EE020ABA48006880ED250A9FED19
:10DBA000BC0AB748006880ED260AA520B449096878
:10DBB000A1F86C000F20B2490968A1F86E00B048C6
:10DBC0000068B0F86E0003B2AD48006890F86C20B1
:10DBD00000210846FDF75CF88046B8F1000F15D12A
:10DBE0001020A7490968A1F8FC00A548006890ED3D
:10DBF000210ADFEDA80AB4EEE00AF1EE10FA05D230
:10DC00001720A0490968888001204DE611209C4911
:10DC10000968A1F8FC00002004F094FF162099493F
:10DC2000096848854FF4FA7008F092F84FF4806064
:10DC3000FBF7ACF80024002622E04FF47A7008F0DD
:10DC400087F8601C84B28E48006890ED210ADFEDF1
:10DC5000920AB4EEE00AF1EE10FA00D811E040F2B8
:10DC6000DC50844205DD2120864909688880012036
:10DC70001AE6002004F066FF4FF48060FBF786F898
:10DC8000DBE700BF4FF4FA7008F062F84FF48060F1
:10DC9000F4F7E2F912207A490968A1F8FC00102093
:10DCA0007849096848854FF4FA7008F051F8002463
:10DCB0001AE04FF47A7008F04BF8601C84B2704898
:10DCC000006890ED210ADFED750AB4EEE00AF1EE8E
:10DCD00010FA00D809E0B4F5167F05DD2120694966
:10DCE000096888800120DFE5E3E700BF0025002404
:10DCF00008E064480068408B0544C82008F028F814
:10DD0000601C84B20A2CF4DB0A20B5FBF0F55D49F7
:10DD100009680D8613205A490968A1F8FC009FED97
:10DD2000600A5748006880ED240AB1EE080A54489A
:10DD3000006880ED250A9FED5B0A5148006880ED80
:10DD4000260A32204E490968A1F86C0000204C498F
:10DD50000968A1F86E004A480068B0F86E0003B286
:10DD60004748006890F86C2000210846FCF7ACFF9B
:10DD700011204449096848854FF4FA7007F0E8FF1C
:10DD800000210846FBF706F912203E49096848853C
:10DD90004FF4FA7007F0DCFFF3F7FEFF3848006835
:10DDA000B0F8F60020B136480068B0F8F67000E030
:10DDB0000127002649E000243BE01020FAF7E6FFA7
:10DDC0004FF4C8702E490968A1F872004FF416701C
:10DDD0002B490968A1F85C00022029490968A1F8CB
:10DDE0006200274B1B68B3F86220254B1B68B3F910
:10DDF0005C10234B1B68B3F8720007F037FE214913
:10DE000009688880F3F7C8FF4FF4FA7007F0A0FFA5
:10DE10004FF44270FAF7BAFF4FF496712248FDF7BB
:10DE200041F9F3F7B9FF4FF4FA7007F091FF601C66
:10DE300084B2032CC1DB00210846FBF7ABF84FF49A
:10DE4000FA7007F085FF701C86B2BE42B3DB142067
:10DE50000B490968A1F8FC00F3F79EFF002452E08B
:10DE60001020FAF793FF4FF4C87005490968A1F82C
:10DE700072004FF4167002490968A1F85C0015E0C1
:10DE8000F4010020F8010020A8FDFFFF000061451B
:10DE90000080BB4400004442333347420000464206
:10DEA00000806D450000484450FBFFFF0220B5494B
:10DEB0000968A1F86200B34B1B68B3F86220B14B4C
:10DEC0001B68B3F95C10AF4B1B68B3F8720007F026
:10DED000CDFDAD4909688880F3F75EFF4FF4FA7015
:10DEE00007F036FF4FF44270FAF750FF4FF4967187
:10DEF000A648FDF7D7F8F3F74FFF4FF4FA7007F095
:10DF000027FF601C84B2032CAADB13209E490968FA
:10DF100048854FF4FA7007F01BFF002004F012FE52
:10DF20001FED210A9748006880ED240AB1EE080A27
:10DF30009448006880ED250A1FED260A9148006884
:10DF400080ED260A32208F490968A1F86C00002074
:10DF50008C490968A1F86E008A480068B0F86E0024
:10DF600003B28848006890F86C2000210846FCF74E
:10DF7000ABFE002400265BE04FF47A7007F0E8FE69
:10DF8000601C84B27F48006890ED210A10EE101AE0
:10DF900008460BF079FF41EC180B9FED7D0B53EC1D
:10DFA000102B0BF045FE00D843E0B4F5967F36DD2C
:10DFB0007448006890ED210AF3EE090AB4EEE00A15
:10DFC000F1EE10FA2BD256BB01261FED4B0A6D481D
:10DFD000006880ED240AB1EE080A6A48006880ED06
:10DFE000250A1FED500A6748006880ED260A322096
:10DFF00064490968A1F86C00002062490968A1F829
:10E000006E0060480068B0F86E0003B25D480068BA
:10E0100090F86C2000210846FCF756FE08E0B4F5A5
:10E02000167F05DD172058490968888001203BE4E8
:10E03000A2E700BF002004F085FD4FF48060FAF7EE
:10E04000A5FE0024002615204E490968A1F8FC0011
:10E0500063E04FF47A7007F07BFE601C84B249489D
:10E06000006890ED210A10EE101A08460BF00CFF24
:10E0700041EC180B9FED480B53EC102B0BF09EFC62
:10E0800000D84BE0B4F5967F36DD3E48006890ED51
:10E09000210AF3EE090AB4EEE00AF1EE10FA2BD2EF
:10E0A00056BB01261FED820A3648006880ED240A1F
:10E0B000B1EE080A3348006880ED250A1FED870A93
:10E0C0003048006880ED260A32202E490968A1F800
:10E0D0006C0000202B490968A1F86E0029480068EF
:10E0E000B0F86E0003B22748006890F86C20002159
:10E0F0000846FCF7E9FD09E040F2DC50844205DD0A
:10E100002120214909688880012090E4002004F042
:10E1100019FD4FF48060FAF739FE9AE700BF4FF41B
:10E120008060F3F799FF0A20FCF7E6F84FF47A7065
:10E1300007F00EFE0025002408E013480068408B1D
:10E140000544C82007F004FE601C84B20A2CF4DBEE
:10E150000A20B5FBF0F50C4909684D8600200A49F4
:10E160000968888041F2883007F0F2FD6420054993
:10E170000968A1F8FC004FF4FA70F2F711FD0020D5
:10E1800055E40000F4010020F801002050FBFFFFDF
:10E190003333333333F348400000000000C04840BD
:10E1A0002DE9F04F2DED048B87B000240026A24608
:10E1B000A046002006908146002500270590049087
:10E1C00003908346FE490968A1F8FC00F3F7E4FDDB
:10E1D0004FF42F70FA490968A1F8560040F2145024
:10E1E000F7490968A1F858003A20F64909684885B6
:10E1F0004FF4FA7007F0ACFD4FF48020F3F72CFFDA
:10E2000004F0E8FC4FF47A7007F0A2FD00BF00BFF5
:10E210004FF4FA7007F09CFD641C40F22D10E849A1
:10E2200009688886E848E6490968086304F008F840
:10E23000C82007F08DFDE2490968086BFAF79FFADC
:10E24000C82007F085FDFEF75FFF81464FF4FA70A6
:10E2500007F07EFDFEF758FF05464D4503D115B189
:10E26000B4F5167FD4D300243DE04FF47A7007F064
:10E270006FFD641CFEF748FFD24909688860D148E9
:10E28000006880680A2805DACE480068806800289F
:10E2900000DB29E0782C09D91E20CA49096888804A
:10E2A000012007B0BDEC048BBDE8F08F3C2C04D8F6
:10E2B000C44800688068801CA8B94FF49770C049B2
:10E2C00009688886C048BE490968086303F0B8FF3A
:10E2D000C82007F03DFDBA490968086BFAF74FFA04
:10E2E000C82007F035FDC0E700BF4FF48020FAF7E3
:10E2F0004DFD002400BF4FF4FA7007F029FD641CA7
:10E3000040F22F10AE49096888864BF68030AC4940
:10E310000968086303F094FFC82007F019FDA849B5
:10E320000968086BFAF72BFAC82007F011FDFEF711
:10E33000EBFE81464FF4FA7007F00AFDFEF7E4FEAB
:10E3400005464D4506D14BF67630854202DAB4F5E6
:10E35000167FD0D34FF4FA7007F0FAFC3FE04FF489
:10E360007A7007F0F5FC641CFEF7CEFE954909684B
:10E3700088609448006880684BF67631884204DDF6
:10E380004FF47A7007F0E4FC2AE0B42C05D91E2083
:10E390008C4909688880012083E7782C04D8894853
:10E3A00000688068801CD0B94FF47A7007F0D0FC08
:10E3B0004FF498708249096888864BF6803080490E
:10E3C0000968086303F03CFFC82007F0C1FC7C49E2
:10E3D0000968086BFAF7D3F9C82007F0B9FCBEE763
:10E3E00000BF4FF48020F3F737FE0120754909681C
:10E3F00048850003FAF7CAFCFA217448FCF752FE7C
:10E400004FF48050F3F728FE01206D490968A1F808
:10E41000FC0001210020FAF7BDFD962140F21450C6
:10E42000FCF740FE4FF44270FAF7B0FC962140F240
:10E430001450FCF737FE4FF44270F3F70DFE012045
:10E44000FAF7A4FC5E480068B0F8D60018B14FF4A3
:10E450008050FAF79BFCFA215C48FCF723FE012070
:10E46000F3F7FAFD56480068B0F8D60018B14FF43B
:10E470008050F3F7F1FD96215448FCF713FE01207C
:10E48000FAF784FC4E480068B0F8D60018B14FF493
:10E490008050FAF77BFC96214C48FCF703FE0120E4
:10E4A000F3F7DAFD46480068B0F8D60018B14FF42B
:10E4B0008050F3F7D1FD022041490968A1F8FC0022
:10E4C0003F480068B0F8D840082C0DD0132C0BD072
:10E4D000152C09D0182C07D01D2C05D01F2C03D0CB
:10E4E000212C01D02A2C73D1032035490968A1F8C9
:10E4F000FC0002203349096848854FF4FA7007F0A0
:10E5000027FC00241FE01020F3F7A6FD0120FAF7F6
:10E510003DFC2B480068B0F8D60018B14FF480508D
:10E52000FAF734FCC8212948FCF7BCFD0120F3F7B9
:10E5300093FD23480068B0F8D60018B14FF480501E
:10E54000F3F78AFD641C032CDDD396211F48FCF7EA
:10E55000A9FD0120FAF71AFC19480068B0F8D600A6
:10E5600018B14FF48050FAF711FC96211748FCF7C8
:10E5700099FD0120F3F770FD11480068B0F8D6004E
:10E5800018B14FF48050F3F767FD03200D49096877
:10E5900048854FF4FA7007F0DBFB002437E00420D5
:10E5A00007490968A1F8FC00F3F7A6F94FF47A705F
:10E5B00007F0CEFB03480068808BB0F5966F08E04B
:10E5C000F4010020F801002018FCFFFF24FAFFFFEF
:10E5D00088E012DBFE480068808BB0F5AF6F0CDC82
:10E5E000FB480068C08BB0F5966F06DBF848006802
:10E5F000C08BB0F5AF6F00DC0AE02046641C032836
:10E6000005D30120F3490968A1F8EC0049E6C6E703
:10E6100000BFEF480068808BEE490968A1F8DA0076
:10E62000EB480068C08BEB490968A1F8DC00E849B9
:10E630000968888B0BF0AEF941EC190B9FEDE60BE6
:10E6400053EC102B0BF0F6F941EC180B0BF05EF9C4
:10E65000E0490968A1F8DE00DD490968C88B0BF0C4
:10E6600099F941EC190B9FEDDC0B53EC102B0BF0DF
:10E67000E1F941EC180B0BF049F9D6490968A1F80A
:10E68000E000D3490968888B0BF084F941EC190B41
:10E690009FEDD30B53EC102B0BF0CCF941EC180B86
:10E6A0000BF034F9CB490968A1F8E200C8490968C0
:10E6B000C88B0BF06FF941EC190B9FEDC90B53ECB4
:10E6C000102B0BF0B7F941EC180B0BF01FF9C149F7
:10E6D0000968A1F8E4000120BE490968A1F8E60034
:10E6E00003F072FB0520BB490968A1F8FC00182063
:10E6F000B74909684885002409E0F3F759FA08B1D9
:10E700000120CEE54FF4FA7007F022FB641C032CC5
:10E71000F3D300242FE0FEF7F7FCAD4909688860C9
:10E72000AB48006885684FF4FA7007F011FB45B1FB
:10E73000A81C30B1FEF74CFD4FF4FA7007F008FB4F
:10E7400018E0A81CA8B90120A2490968C8621E20C7
:10E75000A0490968888603F073FDC82007F0F8FA1D
:10E760009C490968C86AFAF702F8C82007F0F0FA6D
:10E7700000E002E0641C032CCDD300BF9A48954909
:10E780000968C8621E2093490968888603F058FD0D
:10E79000C82007F0DDFA8F490968C86AF9F7E7FF72
:10E7A000C82007F0D5FA00243DE04FF47A7007F056
:10E7B000CFFA641CFEF7A8FC854909688860844884
:10E7C0000068806888490A31884204DC4FF47A7016
:10E7D00007F0BEFA28E0B4F5967F05D91E207C49E3
:10E7E0000968888001205CE53C2C1CD978480068C9
:10E7F0008068801CB8B9C82007F0AAFA01207549C2
:10E800000968C8621E2073490968888603F018FDEC
:10E81000C82007F09DFA6F490968C86AF9F7A7FF91
:10E82000C82007F095FAC0E700BFF2F7DBFA08B19D
:10E83000012036E5F3F7B0FA4FF44270FAF7A6FA82
:10E840004FF4C87063490968A1F8720040F214508F
:10E8500060490968A1F85C0002205E490968A1F8D6
:10E8600062005C4B1B68B3F862205A4B1B68B3F91B
:10E870005C10584B1B68B3F8720007F0F7F8544966
:10E8800009688880F3F788FA4FF4FA7007F060FAA5
:10E8900000242FE0FEF738FC4D49096888604C4899
:10E8A000006885684FF4FA7007F052FA45B1A81C69
:10E8B00030B1FEF78DFC4FF4FA7007F049FA18E01A
:10E8C000A81CA8B9012043490968C8621E20414913
:10E8D0000968888603F0B4FCC82007F039FA3D497E
:10E8E0000968C86AF9F743FFC82007F031FA00E069
:10E8F00002E0641C032CCDD300BF40F6B83035498C
:10E900000968C8621F2033490968888603F098FCAB
:10E91000C82007F01DFA2F490968C86AF9F727FFD0
:10E92000C82007F015FA0024002667E04FF47A703B
:10E9300007F00EFA641CFEF7E7FB254909688860BA
:10E9400023480068806840F6AE31884200DB56E01C
:10E950001F4800688068E8B9782C1BD9D6B9012611
:10E960004FF4FA7007F0F4F940F6B8301949096825
:10E97000C8621F2017490968888603F061FCC82017
:10E9800007F0E6F913490968C86AF9F7F0FEC820EC
:10E9900007F0DEF9B4F5967F05D91E200C49096809
:10E9A000888001207DE43C2C28D9094800688068D3
:10E9B000801C18BB012007490968C8621E20054950
:10E9C0000968888603F03CFCC82007F0C1F90DE017
:10E9D000F8010020F4010020333333333333F33FA5
:10E9E000000000000000E03F48F4FFFFFE49096816
:10E9F000C86AF9F7BCFEC82007F0AAF996E700BF7D
:10EA00004FF48050FAF7C2F94FF49671F748FCF7CB
:10EA100049FBF3F7C1F901210020FAF7BBFA1220F4
:10EA2000F34909684885F0480068B0F8F600002806
:10EA300021DD002619E0002405E0F3F7B9F808B15C
:10EA400001202EE4641C062CF7D3E7480068B0F8D8
:10EA5000F610701C814203D80120E54909684885F9
:10EA600001210846FAF796FA761CDF480068B0F8EC
:10EA7000F600B042DFD8F3F78FF9962140F2145038
:10EA8000FCF710FB4FF44270FAF780F9962140F240
:10EA90001450FCF707FBF3F77FF90120FAF776F93A
:10EAA000FA21D248FCF7FEFAF3F776F99621CF481F
:10EAB000FCF7F8FA0120FAF769F99621CB48FCF740
:10EAC000F1FAF3F769F99FEDCB0AC748006880EDCA
:10EAD000240AB0EE000AC448006880ED250A9FEDC4
:10EAE000C60AC148006880ED260A3220BE4909687E
:10EAF000A1F86C00BC48006890F86C203C23002111
:10EB00000846FCF7E1F80620B7490968A1F8FC00BF
:10EB1000B5480068B0F8D80001281ED1B248006896
:10EB2000B0F8E800C8B10420B149096848854FF43D
:10EB3000FA7007F00DF94FF48040FAF727F9AA4967
:10EB40000968B1F8E8104FF47A7201FB02F007F09F
:10EB5000FFF84FF48040F3F77FFAF2F743F908B17A
:10EB6000012019E40720A0490968A1F8FC00FEF77C
:10EB70004BFC08B101200FE408209B490968A1F86B
:10EB8000FC000020F2F774FC08B1012004E4092025
:10EB900095490968A1F8FC00F4F7A8FB0A209249FE
:10EBA0000968A1F8FC000E209149096848854FF4D6
:10EBB000FA7007F0CDF80A204FF4C87101236FF006
:10EBC0002702CDE900104FF47A712020F1F7FEFF03
:10EBD00004460CB1012019E50B2083490968A1F80E
:10EBE000FC000C208249096848854FF4FA7007F050
:10EBF000AFF84FF46B707C490968A1F8560040F2F9
:10EC0000244079490968A1F858000A204FF4C871D6
:10EC100001236FF02702CDE9001049000420F1F72D
:10EC2000D5FF04460CB10120F0E40C206E490968C0
:10EC3000A1F8FC004FF42F706B490968A1F8560049
:10EC400040F2145068490968A1F858001E2066492E
:10EC5000096888874FF42F7063490968C8870120C5
:10EC60006649087015206249096848854FF4FA70B2
:10EC700007F06EF8002003F065FF9FED610A5A4827
:10EC8000006880ED240AB2EE000A5748006880ED63
:10EC9000250A9FED5C0A5448006880ED260A612031
:10ECA00051490968A1F86C000A204F490968A1F888
:10ECB0006E004D480068B0F86E0003B24A48006824
:10ECC00090F86C2000210846FBF7E2FF06900698BA
:10ECD000A8B90D2044490968A1F8FC004248006821
:10ECE00090ED210ADFED480AB4EEE00AF1EE10FAE9
:10ECF00005D217203E4909688880012086E40E204D
:10ED000039490968A1F8FC00002003F01BFF162018
:10ED10003749096848854FF4FA7007F019F84FF43D
:10ED20008060FAF733F80024002620E04FF47A7070
:10ED300007F00EF8641C2C48006890ED210ADFED06
:10ED4000330AB4EEE00AF1EE10FA00D810E0B4F5A0
:10ED5000167F05D92120264909688880012055E4BD
:10ED6000002003F0EFFE4FF48060FAF70FF8DDE7C4
:10ED700000BF4FF4FA7006F0EBFF4FF48060F3F73A
:10ED80006BF90F2018490968A1F8FC009FED1C0AD7
:10ED90001548006880ED240AB2EE0E0A1248006899
:10EDA00080ED250A9FED1A0A0F48006880ED260ABB
:10EDB0004C200D490968A1F86C000B48006890F8D8
:10EDC0006C203C2300210846FBF77EFF17200849F2
:10EDD000096848854FF4FA7006F0BAFF0A204FF42C
:10EDE000C871012316E00000F401002024FAFFFF9F
:10EDF000F801002000004844000048430C030020B4
:10EE000000A08C4500401C45000044420000A04288
:10EE1000000096436FF02702CDE900104FF47A719D
:10EE20004020F1F7D3FE06460EB1012069E4F2F767
:10EE3000B3FFFE480068B0F8F40060B14020F9F775
:10EE4000A5FFFA480068B0F8F40001B2F848FCF7F2
:10EE500029F9F2F7A1FF1020F4490968A1F8FC0094
:10EE60000B20F449096848854FF4FA7006F070FFEA
:10EE70000A204FF4C87101236FF02702CDE900107A
:10EE800040F214511020F1F7A1FE06460EB1012008
:10EE900037E41120E5490968A1F8FC001920E5498B
:10EEA000096848850024002620E04FF47A7006F0B7
:10EEB0004FFF641CDD48006890ED210A10EE101A27
:10EEC00008460AF0E1FF41EC180B9FEDDB0B53EC19
:10EED000102B0AF0ADFE00D809E0B4F5167F05D975
:10EEE0001720D4490968888001200AE4DDE700BFC3
:10EEF00044F6206006F02CFF1A20CE4909684885A8
:10EF00001220CA490968A1F8FC000A20FBF7F4F9AD
:10EF10004FF00008002407E0C6480068408B80449A
:10EF2000C82006F015FF641C0A2CF5D30A20B8FB94
:10EF3000F0F84746BF490968A1F84870002430E05E
:10EF4000FEF7E2F8BB4909688860BA48006885683E
:10EF50004FF4FA7006F0FCFE45B1A81C30B1FEF784
:10EF600037F94FF4FA7006F0F3FE19E0A81CB0B9B7
:10EF70004FF0FF30AD490968C8621E20AB490968EF
:10EF8000888603F05DF9C82006F0E2FEA74909680B
:10EF9000C86AF9F7ECFBC82006F0DAFE00E002E0F0
:10EFA000641C032CCCD300BF00200490A4489F49CC
:10EFB0000968C86214209D490968888603F040F9F1
:10EFC000C82006F0C5FE99490968C86AF9F7CFFB61
:10EFD000C82006F0BDFE002436E04FF47A7006F03B
:10EFE000B7FE641CFEF790F8924909688860914862
:10EFF0000068806892490A31884200DC25E0B4F557
:10F00000967F05D91E208B4909688880012010E46D
:10F010003C2C19D9874800688068801CA0B9012061
:10F0200082490968C862142080490968888603F00B
:10F0300007F9C82006F08CFE7C490968C86AF9F710
:10F0400096FBC82006F084FEC7E700BF132077496F
:10F050000968A1F8FC004FF4FA7006F079FE7448D4
:10F06000C83072490968C8620520704909688886F5
:10F0700003F0E6F8C82006F06BFE6C490968C86A20
:10F08000F9F775FBC82006F063FE00243AE04FF460
:10F090007A7006F05DFE641CFEF736F86549096873
:10F0A00088606448006880686649884200DC2AE01D
:10F0B000B4F5967F05D91E205E4909688880012035
:10F0C00070E43C2C1ED95B4800688068801CC8B97D
:10F0D0004FF4FA7006F03CFE4FF0FF3053490968D8
:10F0E000C862142051490968888603F0A9F8C8202D
:10F0F00006F02EFE4D490968C86AF9F738FBC820AA
:10F1000006F026FEC3E700BF4FF4FA7006F020FEBB
:10F11000142046490968A1F8FC00002400BF4FF400
:10F12000FA7006F015FE641C0820404909688886BC
:10F130003F48C8303D490968086303F081F8C8209A
:10F1400006F006FE39490968086BF9F718FBC82074
:10F1500006F0FEFDFDF7D8FF81464FF47A7006F009
:10F16000F7FDFDF7D1FF05464D4505D125B1A81C9A
:10F1700010B1B4F5967FD2D3002400266EE0C820EB
:10F1800006F0E6FD641CFDF7BFFF2A4909688860A8
:10F190002848006885682DB91F202649096888809D
:10F1A00001204EE423480068418B00EE107AB8EE4F
:10F1B000400ADFED250A20EE200ABCEEC00A10EE60
:10F1C000100A80B2814200DC49E040F2DC50844207
:10F1D00017D9B6B908201549096888861448C83077
:10F1E00012490968086303F02BF8C82006F0B0FD47
:10F1F0000E490968086BF9F7C2FAC82006F0A8FDA5
:10F20000012640F6B830844200D928E0A81C28BB6B
:10F21000012006490968C8620820044909688886EF
:10F2200003F00EF8C82006F093FD0FE0F401002073
:10F2300050FBFFFFF80100203333333333F35240E8
:10F240003CF6FFFF5EF2FFFFF6287C3FD9490968D4
:10F25000C86AF9F78CFAC82006F07AFD8FE700BF7C
:10F260001520D4490968A1F8FC0003F0B3FC40F66E
:10F27000B83006F06DFD002400BF4FF4FA7006F0C0
:10F2800067FD641C0120CB4909688886CA48C949C2
:10F290000968086302F0D4FFC82006F059FDC5498B
:10F2A0000968086BF9F76BFAC82006F051FDFDF705
:10F2B0002BFF81464FF47A7006F04AFDFDF724FFDC
:10F2C00005464D4504D11DB1A81C08B1642CD4D30A
:10F2D00000240026A2468FE0642006F039FD641C5D
:10F2E000FDF712FFB54909688860B4480068856871
:10F2F0002DB91F20B14909688880012031E4AF4849
:10F300000068418B00EE107AB8EE400ADFEDAC0ADF
:10F3100020EE200ABCEEC00A10EE100A80B2814234
:10F3200034DCA6480068408B0590A449059809681C
:10F33000A1F84A004FF0000A1DE00AF1010A01207D
:10F340009C490968C8629B490968888602F078FF71
:10F35000C82006F0FDFC97490968C86AF9F707FA62
:10F360004FF47A7006F0F4FCFDF7CEFE05464FF43C
:10F37000FA7006F0EDFCA81C10B9BAF1140FDCD33A
:10F3800003958E48039D0068456436E041F2707035
:10F39000844216D9AEB90320864909688886864812
:10F3A00084490968086302F04BFFC82006F0D0FCCE
:10F3B00080490968086BF9F7E2F9C82006F0C8FC33
:10F3C000012642F6E060844200D916E0A81C98B9F4
:10F3D000012078490968C86276490968888602F080
:10F3E0002FFFC82006F0B4FC72490968C86AF9F713
:10F3F000BEF9C82006F0ACFC6EE700BF16206D49D0
:10F400000968A1F8FC00DDE90310401AA0F6B83B3A
:10F41000BBF1000F07DA1F2068490968888003F0F4
:10F42000D9FB01206AE44AF6C870834500DD8346B3
:10F4300062480068C0F840B003F0CCFB4FF47A702B
:10F4400006F086FC002003F07DFB9FED5E0A594824
:10F45000006880ED240AB2EE040A5648006880ED88
:10F46000250A9FED590A5348006880ED260A32208C
:10F4700050490968A1F86C004E48006890F86C206B
:10F480003C2300210846FBF71FFC17204949096867
:10F49000A1F8FC0011204949096848854FF4FA7029
:10F4A00006F056FC01210020F9F774FD18204149AF
:10F4B0000968A1F8FC0012204049096848854FF40A
:10F4C000FA7006F045FCF2F767FC3A480068B0F8BD
:10F4D000F60020B137480068B0F8F6A001E04FF020
:10F4E000010A002647E000243AE01020F9F74EFC1C
:10F4F0004FF4C8702F490968A1F8720040F2145007
:10F500002C490968A1F85C0002202A490968A1F881
:10F510006200284B1B68B3F86220264B1B68B3F9C6
:10F520005C10244B1B68B3F8720006F09FFA234965
:10F5300009688880F2F730FC4FF4FA7006F008FC96
:10F540004FF44270F9F722FC4FF496711F48FBF715
:10F55000A9FDF2F721FC4FF4FA7006F0F9FB641CE8
:10F56000052CC2D301210846F9F714FD4FF4FA70B7
:10F5700006F0EEFB761C5645B5D319200D490968F7
:10F58000A1F8FC0000201249087003F0DBFA00200B
:10F590000A490968888041F2883006F0D9FB642066
:10F5A00004490968A1F8FC004FF4FA70F1F7F8FA81
:10F5B00000203BE4F401002018FCFFFFF8010020CC
:10F5C0003333733F00A08C450000C84224FAFFFF8C
:10F5D0000C0300202DE9F0412DED048B82B00024B6
:10F5E000002500270026A0460020F8490968A1F858
:10F5F000FC00F2F7D1FB0120F549096848854FF47A
:10F60000FA7006F0A5FB4FF48050F9F7BFFBFA2122
:10F61000F048FBF747FD4FF48050F2F71DFD012045
:10F62000EA490968A1F8FC0000210846F9F7B2FC94
:10F6300096214FF47A70FBF735FD4FF44270F9F7DD
:10F64000A5FB96214FF47A70FBF72CFD4FF4427026
:10F65000F2F702FD0120F9F799FBDC480068B0F8E9
:10F66000D60018B14FF48050F9F790FBFA21D94831
:10F67000FBF718FD0120F2F7EFFCD4480068B0F862
:10F68000D60018B14FF48050F2F7E6FC9621D1482D
:10F69000FBF708FD0120F9F779FBCC480068B0F8CA
:10F6A000D60018B14FF48050F9F770FB9621C94885
:10F6B000FBF7F8FC0120F2F7CFFCC4480068B0F873
:10F6C000D60018B14FF48050F2F7C6FC0220BF49B3
:10F6D0000968A1F8FC00BD480068B0F8D840082CC3
:10F6E0000DD0132C0BD0152C09D0182C07D01D2CA5
:10F6F00005D01F2C03D0212C01D02A2C7DD1032032
:10F70000B2490968A1F8FC000220B149096848859E
:10F710004FF4FA7006F01CFB002421E01020F2F7F1
:10F720009BFC0120F9F732FBA8480068B0F8D6002E
:10F7300018B14FF48050F9F729FB4FF49671A548A2
:10F74000FBF7B0FC0120F2F787FCA0480068B0F896
:10F75000D60018B14FF48050F2F77EFC601C84B2E2
:10F76000032CDBDB96219B48FBF79CFC0120F9F77F
:10F770000DFB96480068B0F8D60018B14FF48050E1
:10F78000F9F704FB96219348FBF78CFC0120F2F774
:10F7900063FC8E480068B0F8D60018B14FF4805072
:10F7A000F2F75AFC03208A49096848854FF4FA7039
:10F7B00006F0CEFA002434E0042084490968A1F858
:10F7C000FC00F2F799F84FF47A7006F0C1FA80481D
:10F7D0000068808BB0F5966F14DB7D480068808BE5
:10F7E000B0F5AF6F0EDC7A480068C08BB0F5966F4D
:10F7F00008DB77480068C08B00E07DE0B0F5AF6FB4
:10F8000000DC0FE02046611C8CB2032809DB0120DC
:10F810006E490968A1F8EC0002B0BDEC048BBDE8AC
:10F82000F081C9E700BF6A480068808B67490968B2
:10F83000A1F8DA0066480068C08B64490968A1F83D
:10F84000DC0063490968888B0AF0A4F841EC190BC5
:10F850009FED610B53EC102B0AF0ECF841EC180B08
:10F860000AF054F859490968A1F8DE0058490968B6
:10F87000C88B0AF08FF841EC190B9FED570B53EC36
:10F88000102B0AF0D7F841EC180B0AF03FF84F495B
:10F890000968A1F8E0004E490968888B0AF07AF8F7
:10F8A00041EC190B9FED4E0B53EC102B0AF0C2F8F4
:10F8B00041EC180B0AF02AF844490968A1F8E20063
:10F8C00043490968C88B0AF065F841EC190B9FEDB4
:10F8D000440B53EC102B0AF0ADF841EC180B0AF076
:10F8E00015F83A490968A1F8E40001203749096888
:10F8F000A1F8E60002F068FA052034490968A1F889
:10F90000FC0032480068B0F8D80001281ED12F480A
:10F910000068B0F8E800C8B104202D49096848859E
:10F920004FF4FA7006F014FA4FF48040F9F72EFA0B
:10F9300026490968B1F8E8104FF47A7201FB02F029
:10F9400006F006FA4FF48040F2F786FB9FED260A98
:10F950001E48006880ED240A9FED240A1B480068B9
:10F9600080ED250A9FED220A1848006880ED260ADE
:10F97000322016490968A1F86C001448006890F814
:10F980006C203C2300210846FBF79EF906200F4916
:10F990000968A1F8FC00F1F725FA08B101203BE75E
:10F9A00007200A490968A1F8FC00FDF72DFD08B100
:10F9B000012031E7082005490968A1F8FC00002171
:10F9C0000846F1F7ABFBA8B1012025E7F4010020C0
:10F9D000F801002050FBFFFF333333333333F33F61
:10F9E000000000000000E03F0000FA439A99993EB1
:10F9F0000000FA440920FE490968A1F8FC00F3F769
:10FA000075FC0A20FA490968A1F8FC0004F060F9C5
:10FA100008B1012000E70B20F5490968A1F8FC00B6
:10FA20000C20F449096848854FF4FA7006F090F903
:10FA300014204FF4C87101236FF02702CDE90010A4
:10FA40004FF416710420F1F7C1F804460CB10120FF
:10FA5000E2E60C20E6490968A1F8FC000B20E54924
:10FA6000096848854FF4FA7006F072F9E0480068BA
:10FA7000B0F8F00008B9012500E0022514204FF489
:10FA8000C8712B466FF02702CDE900104FF41671B4
:10FA90001020F1F79BF804460CB10120BCE60D20C4
:10FAA000D3490968A1F8FC0004F040FD04460CB1FC
:10FAB0000120B1E60E20CE490968A1F8FC00CD492D
:10FAC000096848854FF4FA7006F042F9002416E000
:10FAD00014204FF4C87101236FF02702CDE9001004
:10FAE0004FF416712020F1F771F805460DB1012091
:10FAF00092E64FF47A7006F02BF9601C84B2022C67
:10FB0000E6DBF2F749F92020F9F740F90221BA487B
:10FB1000FBF7C8FAF2F740F90F20B5490968A1F8D8
:10FB2000FC00B449096848854FF4FA7006F010F9F2
:10FB3000002003F007F89FEDB10AAD48006880EDA2
:10FB4000240AB1EE080AAA48006880ED250A9FED54
:10FB5000AC0AA748006880ED260A3220A44909684B
:10FB6000A1F86C000520A2490968A1F86E00A04820
:10FB70000068B0F86E0003B29D48006890F86C20F1
:10FB800000210846FBF784F88046B8F1000F15D134
:10FB9000102097490968A1F8FC009548006890ED8D
:10FBA000210ADFED980AB4EEE00AF1EE10FA05D270
:10FBB000172090490968888001202DE611208C4982
:10FBC0000968A1F8FC00002002F0BCFF162089495A
:10FBD000096848854FF4FA7006F0BAF84FF480606F
:10FBE000F9F7D4F80024002522E04FF47A7006F0EB
:10FBF000AFF8601C84B27E48006890ED210ADFED0A
:10FC0000820AB4EEE00AF1EE10FA00D811E040F2F8
:10FC1000DC50844205DD2120764909688880012076
:10FC2000FAE5002002F08EFF4FF48060F9F7AEF89D
:10FC3000DBE700BF4FF4FA7006F08AF84FF48060FB
:10FC4000F2F70AFA12206A490968A1F8FC001020AC
:10FC50006849096848854FF4FA7006F079F800247D
:10FC60001AE04FF47A7006F073F8601C84B26048B2
:10FC7000006890ED210ADFED650AB4EEE00AF1EECE
:10FC800010FA00D809E0B4F5167F05DD21205949A6
:10FC9000096888800120BFE5E3E700BF0026002453
:10FCA00008E054480068408B0644C82006F050F82D
:10FCB000601C84B20A2CF4DB0A20B6FBF0F64D4936
:10FCC00009680E8613204A490968A1F8FC009FEDD7
:10FCD0004B0A4748006880ED240AB1EE080A444800
:10FCE000006880ED250A9FED460A4148006880EDD6
:10FCF000260A32203E490968A1F86C0000203C49E0
:10FD00000968A1F86E003A480068B0F86E0003B2C6
:10FD10003748006890F86C2000210846FAF7D4FFB5
:10FD200011203449096848854FF4FA7006F010F83C
:10FD300000210846F9F72EF912202E490968488556
:10FD40004FF4FA7006F004F8F2F726F82848006835
:10FD5000B0F8F60020B126480068B0F8F67000E070
:10FD6000012700255CE000243BE01020F9F70EF8A5
:10FD70004FF4C8701E490968A1F872004FF416705C
:10FD80001B490968A1F85C00022019490968A1F81B
:10FD90006200174B1B68B3F86220154B1B68B3F960
:10FDA0005C10134B1B68B3F8720005F05FFE11493D
:10FDB00009688880F1F7F0FF4FF4FA7005F0C8FF8A
:10FDC0004FF44270F8F7E2FF4FF496711048FBF7DA
:10FDD00069F9F1F7E1FF4FF4FA7005F0B9FF601C23
:10FDE00084B2032CC1DB00210846F9F7D3F811E0F7
:10FDF000F4010020F8010020A8FDFFFF00806D4500
:10FE00000000484400004442333347420000464269
:10FE100050FBFFFF4FF4FA7005F09AFF681C85B2A3
:10FE2000BD42A0DB1420C1490968A1F8FC00F1F72C
:10FE3000B3FF00243BE01020F8F7A8FF4FF4C87090
:10FE4000BA490968A1F872004FF41670B7490968F9
:10FE5000A1F85C000220B5490968A1F86200B34B23
:10FE60001B68B3F86220B14B1B68B3F95C10AF4B51
:10FE70001B68B3F8720005F0F9FDAD490968888088
:10FE8000F1F78AFF4FF4FA7005F062FF4FF4427009
:10FE9000F8F77CFF4FF49671A648FBF703F9F1F7EA
:10FEA0007BFF4FF4FA7005F053FF601C84B2032C03
:10FEB000C1DB13209E49096848854FF4FA7005F0AC
:10FEC00047FF002002F03EFE1FED340A974800680D
:10FED00080ED240AB1EE080A9448006880ED250AF6
:10FEE0001FED390A9148006880ED260A32208F49BB
:10FEF0000968A1F86C0000208C490968A1F86E001F
:10FF00008A480068B0F86E0003B28848006890F82C
:10FF10006C2000210846FAF7D7FE002400255BE09C
:10FF20004FF47A7005F014FF601C84B27F480068BB
:10FF300090ED210A10EE101A084609F0A5FF41ECD9
:10FF4000180B9FED7D0B53EC102B09F071FE00D8C0
:10FF500043E0B4F5967F36DD7448006890ED210AE1
:10FF6000F3EE090AB4EEE00AF1EE10FA2BD255BB1B
:10FF700001251FED5E0A6D48006880ED240AB1EE90
:10FF8000080A6A48006880ED250A1FED630A674881
:10FF9000006880ED260A322064490968A1F86C00E7
:10FFA000002062490968A1F86E0060480068B0F856
:10FFB0006E0003B25D48006890F86C20002108468E
:10FFC000FAF782FE08E0B4F5167F05DD17205849E0
:10FFD0000968888001201FE4A2E700BF002002F02A
:10FFE000B1FD4FF48060F8F7D1FE00240025152004
:10FFF0004E490968A1F8FC0063E04FF47A7005F0FF
:020000040805ED
:10000000A7FE601C84B24948006890ED210A10EEFA
:10001000101A084609F038FF41EC180B9FED480B09
:1000200053EC102B09F0CAFC00D84BE0B4F5967FD6
:1000300036DD3E48006890ED210AF3EE090AB4EE81
:10004000E00AF1EE10FA2BD255BB01251FED950AFF
:100050003648006880ED240AB1EE080A334800688B
:1000600080ED250A1FED9A0A3048006880ED260AC7
:1000700032202E490968A1F86C0000202B4909683C
:10008000A1F86E0029480068B0F86E0003B2274856
:10009000006890F86C2000210846FAF715FE09E088
:1000A00040F2DC50844205DD212021490968888026
:1000B000012074E4002002F045FD4FF48060F8F761
:1000C00065FE9AE700BF4FF48060F1F7C5FF0A2094
:1000D000FAF712F94FF47A7005F03AFE0026002480
:1000E00008E013480068408B0644C82005F030FE45
:1000F000601C84B20A2CF4DB0A20B6FBF0F60C4933
:1001000009684E8600200A490968888041F28830D3
:1001100005F01EFE642005490968A1F8FC004FF4B3
:10012000FA70F0F73DFD002039E40000F4010020F2
:10013000F801002050FBFFFF3333333333F34840E3
:100140000000000000C04840F0B52DED048B83B0E6
:1001500000240025002600270020FE490968A1F898
:10016000FC00F1F719FE0120FB49096848854FF4AE
:10017000FA7005F0EDFD4FF48050F8F707FEFA2114
:10018000F648FAF78FFF4FF48050F1F765FF012032
:10019000F0490968A1F8FC0000210846F8F7FAFECA
:1001A00096214FF47A70FAF77DFF4FF44270F8F71A
:1001B000EDFD96214FF47A70FAF774FF4FF4427018
:1001C000F1F74AFF0120F8F7E1FDE2480068B0F8D6
:1001D000D60018B14FF48050F8F7D8FDFA21DF4867
:1001E000FAF760FF0120F1F737FFDA480068B0F84E
:1001F000D60018B14FF48050F1F72EFF9621D74862
:10020000FAF750FF0120F8F7C1FDD2480068B0F8B6
:10021000D60018B14FF48050F8F7B8FD9621CF48BA
:10022000FAF740FF0120F1F717FFCA480068B0F85D
:10023000D60018B14FF48050F1F70EFF0220C549E7
:100240000968A1F8FC00C3480068B0F8D840082C41
:100250000DD0132C0BD0152C09D0182C07D01D2C29
:1002600005D01F2C03D0212C01D02A2C7DD10320B6
:10027000B8490968A1F8FC000220B7490968488517
:100280004FF4FA7005F064FD002421E01020F1F72E
:10029000E3FE0120F8F77AFDAE480068B0F8D6001A
:1002A00018B14FF48050F8F771FD4FF49671AB48D8
:1002B000FAF7F8FE0120F1F7CFFEA6480068B0F883
:1002C000D60018B14FF48050F1F7C6FE601C84B21E
:1002D000032CDBDB9621A148FAF7E4FE0120F8F7B6
:1002E00055FD9C480068B0F8D60018B14FF4805016
:1002F000F8F74CFD96219948FAF7D4FE0120F1F762
:10030000ABFE94480068B0F8D60018B14FF48050A6
:10031000F1F7A2FE03209049096848854FF4FA706E
:1003200005F016FD002433E004208A490968A1F88D
:10033000FC00F1F7E1FA4FF47A7005F009FD864808
:100340000068808BB0F5966F14DB83480068808B63
:10035000B0F5AF6F0EDC80480068C08BB0F5966FCB
:1003600008DB7D480068C08B00E07CE0B0F5AF6F33
:1003700000DC0EE02046611C8CB2032808DB012063
:1003800074490968A1F8EC0003B0BDEC048BF0BD22
:10039000CAE700BF70480068808B6E490968A1F801
:1003A000DA006D480068C08B6A490968A1F8DC0072
:1003B00069490968888B09F0EDFA41EC190B9FED4A
:1003C000680B53EC102B09F035FB41EC180B09F0CE
:1003D0009DFA60490968A1F8DE005F490968C88B89
:1003E00009F0D8FA41EC190B9FED5D0B53EC102B83
:1003F00009F020FB41EC180B09F088FA554909680F
:10040000A1F8E00054490968888B09F0C3FA41EC6F
:10041000190B9FED550B53EC102B09F00BFB41EC26
:10042000180B09F073FA4B490968A1F8E2004A4930
:100430000968C88B09F0AEFA41EC190B9FED4A0B25
:1004400053EC102B09F0F6FA41EC180B09F05EFAA8
:1004500040490968A1F8E40001203E490968A1F873
:10046000E60001F0B1FC05203A490968A1F8FC005A
:1004700038480068B0F8D80001281ED13548006817
:10048000B0F8E800C8B104203349096848854FF442
:10049000FA7005F05DFC4FF48040F8F777FC2D49C9
:1004A0000968B1F8E8104FF47A7201FB02F005F028
:1004B0004FFC4FF48040F1F7CFFD0020F3F734F804
:1004C00024480068008F4FF6DC71884204DC214824
:1004D0000068408F88420EDD002407E0C820F0F756
:1004E0005FFBC82005F034FC601C84B2052CF5DBF2
:1004F0000020F3F719F817480068008F16490968BB
:10050000888614480068408F13490968C8869FEDA3
:10051000180A1048006880ED240A9FED160A0D485D
:10052000006880ED250A9FED140A0A48006880EDF6
:10053000260A322007490968A1F86C0005480068BE
:1005400090F86C203C2300210846FAF7BDFB0620FA
:10055000004913E0F4010020F801002050FBFFFFE8
:10056000333333333333F33F000000000000E03F08
:100570000000FA439A99993E0000FA440968A1F8EC
:10058000FC00F0F72FFC08B10120FDE60720FD4933
:100590000968A1F8FC00FCF737FF08B10120F3E679
:1005A0000820F8490968A1F8FC0000210120F0F7B3
:1005B000B5FD08B10120E7E60920F2490968A1F874
:1005C000FC00F2F793FE0A20EE490968A1F8FC004E
:1005D00003F086FD08B10120D6E60B20E949096841
:1005E000A1F8FC000C20E849096848854FF4FA702E
:1005F00005F0AEFB14204FF4C87101236FF0270201
:10060000CDE900104FF416710420F0F7DFFA04462C
:100610000CB10120B8E60C20DA490968A1F8FC0009
:100620000B20D949096848854FF4FA7005F090FB12
:10063000D4480068B0F8F00008B9012500E00225B0
:100640000A204FF4C8712B466FF02702CDE9001045
:100650004FF416711020F0F7B9FA04460CB10120DE
:1006600092E6C8480068B0F8F000012805D0C548F7
:100670000068B0F8F000022810D114204FF4C871BF
:1006800002236FF02702CDE900104FF416711020FD
:10069000F0F79CFA04460CB1012075E60D20B9492B
:1006A0000968A1F8FC000E20B749096848854FF495
:1006B000FA7005F04DFB14204FF4C87101236FF060
:1006C0002702CDE900104FF416712020F0F77EFAD2
:1006D00005460DB1012057E6F1F75EFB2020F8F743
:1006E00055FB0221A948FAF7DDFCF1F755FB0F2075
:1006F000A4490968A1F8FC001520A34909684885A8
:100700004FF4FA7005F024FB002002F01BFA9FED75
:10071000A00A9C48006880ED240AB2EE000A9948BD
:10072000006880ED250A9FED9B0A9648006880EDE1
:10073000260A782093490968A1F86C000A2091499B
:100740000968A1F86E008F480068B0F86E0003B227
:100750008C48006890F86C2000210846FAF798FA57
:100760000746AFB9102087490968A1F8FC00854801
:10077000006890ED210ADFED880AB4EEE00AF1EEA0
:1007800010FA05D217208049096888800120FBE50E
:1007900011207C490968A1F8FC00002002F0D2F980
:1007A00016207949096848854FF4FA7005F0D0FAA7
:1007B0004FF48060F8F7EAFA0024002521E04FF4B6
:1007C0007A7005F0C5FA601C84B26E48006890ED3E
:1007D000210ADFED720AB4EEE00AF1EE10FA00D859
:1007E00010E0B4F5167F05DD21206749096888808F
:1007F0000120C9E5002002F0A5F94FF48060F8F768
:10080000C5FADCE700BF4FF4FA7005F0A1FA4FF427
:100810008060F1F721FC12205A490968A1F8FC0018
:1008200017205949096848854FF4FA7005F090FA85
:100830000A204FF4C87101236FF02702CDE90010A0
:100840004FF416714020F0F7C1F905460DB10120B3
:100850009AE5F1F7A1FA4B480068B0F8F40060B1EE
:100860004020F8F793FA47480068B0F8F40001B266
:100870004648FAF717FCF1F78FFA10204249096849
:100880004885002002F05EF99FED450A3D4800686A
:1008900080ED240AB1EE080A3A48006880ED250A86
:1008A0009FED3C0A3748006880ED260A3220354922
:1008B0000968A1F86C00002032490968A1F86E00AF
:1008C00030480068B0F86E0003B22E48006890F817
:1008D0006C2000210846FAF7F7F90024002571E0A2
:1008E0004FF47A7005F034FA601C84B22548006831
:1008F00090ED210A10EE101A084609F0C5FA41ECF5
:10090000180B9FED280B53EC102B09F091F900D830
:1009100059E0B4F5967F4CDD1A48006890ED210A45
:10092000F3EE090AB4EEE00AF1EE10FA41D245BB4B
:1009300001259FED1B0A1348006880ED240AB1EEE3
:10094000080A1048006880ED250A9FED120A0D483C
:10095000006880ED260A32200A490968A1F86C0077
:10096000002008490968A1F86E0006480068B0F840
:100970006E0003B20348006890F86C20002108461E
:1009800014E016E0F4010020F8010020A8FDFFFFAC
:1009900000006145000048440000EE420000504263
:1009A00000806D453333333333F34840FAF78CF925
:1009B00008E0B4F5167F05DD1720F749096888803F
:1009C0000120E1E48CE700BF002002F0BBF84FF407
:1009D0008060F8F7DBF90024002562E04FF47A70BC
:1009E00005F0B6F9601C84B2EC48006890ED210A6D
:1009F00010EE101A084609F047FA41EC180B9FED6B
:100A0000E80B53EC102B08F0D9FF00D84AE0B4F5FE
:100A1000967F36DDE148006890ED210AF3EE090A81
:100A2000B4EEE00AF1EE10FA2BD255BB01251FED12
:100A3000240ADA48006880ED240AB1EE080AD74893
:100A4000006880ED250A1FED2D0AD448006880ED6E
:100A5000260A3220D1490968A1F86C000020CF494C
:100A60000968A1F86E00CD480068B0F86E0003B2C6
:100A7000CA48006890F86C2000210846FAF724F96B
:100A800008E0B4F5167F05DD2120C3490968888098
:100A9000012079E4002002F055F84FF48060F8F767
:100AA00075F99BE700BFC82005F052F94FF480604C
:100AB000F1F7D2FA0024002524E04FF47A7005F013
:100AC00047F9601C84B2B548006890ED210A10EE29
:100AD000101A084609F0D8F941EC180B9FEDB20B3B
:100AE00053EC102B08F06AFF00D80CE0B4F5167F29
:100AF00005DD2120A84909688880012044E4002000
:100B000002F020F8D9E700BF0120F2F70DFDA3485D
:100B10000068008F4FF6DC71884204DC9F48006853
:100B2000408F88420EDD002407E0C820F0F738F837
:100B3000C82005F00DF9601C84B2052CF5DB0120FE
:100B4000F2F7F2FC95480068008F9349096808871E
:100B500092480068408F90490968488713208F4960
:100B60000968A1F8FC00002001F0ECFF1FED740AF9
:100B70008A48006880ED240AB1EE080A87480068B8
:100B800080ED250A1FED7D0A8448006880ED260A65
:100B9000322082490968A1F86C0000207F49096869
:100BA000A1F86E007D480068B0F86E0003B27B4883
:100BB000006890F86C2000210846FAF785F81120AB
:100BC0007549096848854FF4FA7005F0C1F80021AD
:100BD0000846F8F7DFF912206F49096848854FF495
:100BE000FA7005F0B5F8F1F7D7F86C480068B0F87E
:100BF000F60020B169480068B0F8F66000E0012610
:100C0000002549E000243BE01020F8F7BFF84FF43E
:100C1000C87062490968A1F872004FF47A705F49A0
:100C20000968A1F85C0002205C490968A1F862002B
:100C30005A4B1B68B3F86220584B1B68B3F95C1021
:100C4000564B1B68B3F8720004F010FF5249096854
:100C50008880F1F7A1F84FF4FA7005F079F84FF4B5
:100C60004270F8F793F84FF496715148FAF71AFA70
:100C7000F1F792F84FF4FA7005F06AF8601C84B24C
:100C8000032CC1DB00210846F8F784F94FF4FA7011
:100C900005F05EF8681C85B2B542B3DB14203F490D
:100CA0000968A1F8FC00F1F777F800243BE0102078
:100CB000F8F76CF84FF4C87038490968A1F8720069
:100CC0004FF47A7035490968A1F85C000220334975
:100CD0000968A1F86200314B1B68B3F862202F4B02
:100CE0001B68B3F95C102D4B1B68B3F8720004F05D
:100CF000BDFE294909688880F1F74EF84FF4FA7073
:100D000005F026F84FF44270F8F740F84FF496716A
:100D10002748FAF7C7F9F1F73FF84FF4FA7005F0F2
:100D200017F8601C84B2032CC1DB13201A49096830
:100D300048854FF4FA7005F00BF8002001F002FF2F
:100D40001FEDE90A1548006880ED240AB1EE080A93
:100D50001248006880ED250A1FEDF20A0F4800686E
:100D600080ED260A32200D490968A1F86C000020A8
:100D70000A490968A1F86E0008480068B0F86E00DA
:100D800003B20648006890F86C2000210846F9F785
:100D90009BFF0024002569E0F8010020F4010020F9
:100DA0009A99999999D948400000000000C048409C
:100DB00050FBFFFF4FF47A7004F0CAFF601C84B24E
:100DC0008648006890ED210A10EE101A084609F0D6
:100DD0005BF841EC180B9FED820B53EC102B08F0E5
:100DE00027FF00D843E0B4F5967F36DD7B480068E6
:100DF00090ED210AF3EE090AB4EEE00AF1EE10FAE2
:100E00002BD255BB01259FED780A7448006880ED10
:100E1000240AB1EE080A7148006880ED250A9FEDAA
:100E2000730A6E48006880ED260A32206B49096813
:100E3000A1F86C00002069490968A1F86E006748B4
:100E40000068B0F86E0003B26448006890F86C2047
:100E500000210846F9F738FF08E0B4F5167F05DDF4
:100E60001720634909688880012016E4A2E700BFC3
:100E7000002001F067FE4FF48060F7F787FF002441
:100E80000025152055490968A1F8FC0063E04FF4DE
:100E90007A7004F05DFF601C84B25048006890EDE9
:100EA000210A10EE101A084608F0EEFF41EC180B6C
:100EB0001FED430B53EC102B08F080FD00D84BE0E6
:100EC000B4F5967F36DD4548006890ED210AF3EED3
:100ED000090AB4EEE00AF1EE10FA2BD255BB012557
:100EE0009FED410A3D48006880ED240AB1EE080AF2
:100EF0003A48006880ED250A9FED3C0A37480068B3
:100F000080ED260A322035490968A1F86C000020DE
:100F100032490968A1F86E0030480068B0F86E00E8
:100F200003B22E48006890F86C2000210846F9F7BB
:100F3000CBFE09E040F2DC50844205DD21202C4943
:100F400009688880012022E4002001F0FBFD4FF4B5
:100F50008060F7F71BFF9AE700BF4FF48060F1F75E
:100F60007BF80120F2F7E0FA1C480068008F4FF68A
:100F7000DC71884204DC19480068408F88420EDD2D
:100F8000002407E0C820EFF70BFEC82004F0E0FEC5
:100F9000601C84B2052CF5DB0120F2F7C5FA0F487E
:100FA0000068008F1249096888870C480068408FE4
:100FB0000F490968C88700200D490968888041F2F7
:100FC000883004F0C5FE642004490968A1F8FC00DB
:100FD0004FF4FA70EFF7E4FD00200AE4F40100207A
:100FE0003333333333F3484000806D4500004844C9
:100FF000F80100202DE9F0412DED048B82B0002492
:10100000002500270026A0460020F8490968A1F81D
:10101000FC00F0F7C1FE0120F549096848854FF44E
:10102000FA7004F095FE4FF48050F7F7AFFEFA2106
:10103000F048FAF737F84FF48050F1F70DF8012037
:10104000EA490968A1F8FC0000210846F7F7A2FF69
:1010500096214FF47A70FAF725F84FF44270F7F7BB
:1010600095FE96214FF47A70FAF71CF84FF442700F
:10107000F0F7F2FF0120F7F789FEDC480068B0F8CE
:10108000D60018B14FF48050F7F780FEFA21D94806
:10109000FAF708F80120F0F7DFFFD4480068B0F84D
:1010A000D60018B14FF48050F0F7D6FF9621D14802
:1010B000F9F7F8FF0120F7F769FECC480068B0F8AF
:1010C000D60018B14FF48050F7F760FE9621C9485A
:1010D000F9F7E8FF0120F0F7BFFFC4480068B0F857
:1010E000D60018B14FF48050F0F7B6FF0220BF4988
:1010F0000968A1F8FC00BD480068B0F8D840082C89
:101100000DD0132C0BD0152C09D0182C07D01D2C6A
:1011100005D01F2C03D0212C01D02A2C7DD10320F7
:10112000B2490968A1F8FC000220B1490968488564
:101130004FF4FA7004F00CFE002421E01020F0F7C8
:101140008BFF0120F7F722FEA8480068B0F8D60010
:1011500018B14FF48050F7F719FE4FF49671A54877
:10116000F9F7A0FF0120F0F777FFA0480068B0F87A
:10117000D60018B14FF48050F0F76EFF601C84B2B7
:10118000032CDBDB96219B48F9F78CFF0120F7F756
:10119000FDFD96480068B0F8D60018B14FF48050B5
:1011A000F7F7F4FD96219348F9F77CFF0120F0F75B
:1011B00053FF8E480068B0F8D60018B14FF4805045
:1011C000F0F74AFF03208A49096848854FF4FA700E
:1011D00004F0BEFD002434E0042084490968A1F82D
:1011E000FC00F0F789FB4FF47A7004F0B1FD804801
:1011F0000068808BB0F5966F14DB7D480068808BAB
:10120000B0F5AF6F0EDC7A480068C08BB0F5966F12
:1012100008DB77480068C08B00E07DE0B0F5AF6F79
:1012200000DC0FE02046611C8CB2032809DB0120A2
:101230006E490968A1F8EC0002B0BDEC048BBDE872
:10124000F081C9E700BF6A480068808B6749096878
:10125000A1F8DA0066480068C08B64490968A1F803
:10126000DC0063490968888B08F094FB41EC190B9A
:101270009FED610B53EC102B08F0DCFB41EC180BDD
:1012800008F044FB59490968A1F8DE00584909688B
:10129000C88B08F07FFB41EC190B9FED570B53EC0B
:1012A000102B08F0C7FB41EC180B08F02FFB4F493F
:1012B0000968A1F8E0004E490968888B08F06AFBCC
:1012C00041EC190B9FED4E0B53EC102B08F0B2FBC9
:1012D00041EC180B08F01AFB44490968A1F8E20038
:1012E00043490968C88B08F055FB41EC190B9FED89
:1012F000440B53EC102B08F09DFB41EC180B08F04D
:1013000005FB3A490968A1F8E4000120374909685A
:10131000A1F8E60000F058FD052034490968A1F85D
:10132000FC0032480068B0F8D80001281ED12F48D0
:101330000068B0F8E800C8B104202D490968488564
:101340004FF4FA7004F004FD4FF48040F7F71EFDEF
:1013500026490968B1F8E8104FF47A7201FB02F0EF
:1013600004F0F6FC4FF48040F0F776FE9FED260A7D
:101370001E48006880ED240A9FED240A1B4800687F
:1013800080ED250A9FED220A1848006880ED260AA4
:10139000322016490968A1F86C001448006890F8DA
:1013A0006C203C2300210846F9F78EFC06200F49EB
:1013B0000968A1F8FC00EFF715FD08B101203BE733
:1013C00007200A490968A1F8FC00FCF71DF808B1DC
:1013D000012031E7082005490968A1F8FC00012136
:1013E0000020EFF79BFEA8B1012025E7F4010020C3
:1013F000F801002050FBFFFF333333333333F33F27
:10140000000000000000E03F0000FA439A99993E76
:101410000000FA44FD480068B0F8F00030B901213E
:101420000020EFF77BFE08B1012005E70920F7490E
:101430000968A1F8FC00F1F759FF0A20F34909688F
:10144000A1F8FC0002F05EFF08B10120F4E60B20D9
:10145000EE490968A1F8FC000C20ED4909684885AF
:101460004FF4FA7004F074FC14204FF4C871012397
:101470006FF02702CDE900104FF416710420EFF74A
:10148000A5FB04460CB10120D6E60C20DF49096813
:10149000A1F8FC001520DE49096848854FF4FA7070
:1014A00004F056FC002001F04DFB9FEDDA0AD7480E
:1014B000006880ED240AB2EE000AD448006880ED8E
:1014C000250A9FEDD50AD148006880ED260A7820CC
:1014D000CE490968A1F86C000520CC490968A1F83B
:1014E0006E00CA480068B0F86E0003B2C7480068D2
:1014F00090F86C2000210846F9F7CAFB8046B8F145
:10150000000F15D11020C1490968A1F8FC00BF489F
:10151000006890ED210ADFEDC10AB4EEE00AF1EEB9
:1015200010FA05D21720BA4909688880012083E69D
:101530001120B6490968A1F8FC00002001F002FB67
:101540001620B349096848854FF4FA7004F000FC8E
:101550004FF48060F7F71AFC0024002522E04FF4D6
:101560007A7004F0F5FB601C84B2A848006890ED26
:10157000210ADFEDAB0AB4EEE00AF1EE10FA00D872
:1015800011E040F2DC50844205DD2120A0490968C9
:101590008880012050E6002001F0D4FA4FF48060EA
:1015A000F7F7F4FBDBE700BF4FF4FA7004F0D0FB71
:1015B0004FF48060F0F750FD122094490968A1F8BB
:1015C000FC009FED980A9148006880ED240AB0EE77
:1015D000000A8E48006880ED250A9FED8F0A8B482F
:1015E000006880ED260A322088490968A1F86C005D
:1015F0008648006890F86C203C2300210846F9F7E3
:1016000063FB82480068B0F8F00030B30B208049DB
:10161000096848854FF4FA7004F09AFB7B4800682B
:10162000B0F8F000012801D1012500E002251420C6
:101630004FF4C8712B466FF02702CDE900104FF42C
:1016400016711020EFF7C2FA04460CB10120F3E541
:101650000D206E490968A1F8FC000E206C4909684C
:1016600048854FF4FA7004F073FB14204FF4C871EE
:1016700001236FF02702CDE900104FF416712020EE
:10168000EFF7A4FA05460DB10120D5E5F0F784FB8C
:101690005E480068B0F8F40060B12020F7F776FBF0
:1016A0005A480068B0F8F40001B25F48F9F7FAFC54
:1016B000F0F772FB0F2055490968A1F8FC0002F011
:1016C00035FF04460CB10120B6E50E204F490968EC
:1016D000A1F8FC0017204E49096848854FF4FA70BC
:1016E00004F036FB14204FF4C87101236FF0270279
:1016F000CDE900104FF416714020EFF767FA054668
:101700000DB1012098E51020414909684885002065
:1017100001F018FA9FED450A3C48006880ED240A64
:10172000B1EE080A3948006880ED250A9FED3A0AB3
:101730003648006880ED260A322034490968A1F84D
:101740006C00002031490968A1F86E002F4800683C
:10175000B0F86E0003B22D48006890F86C200021AC
:101760000846F9F7B1FA0024002573E04FF47A70C7
:1017700004F0EEFA601C84B22448006890ED210A5F
:1017800010EE101A084608F07FFB41EC180B9FED95
:10179000280B53EC102B08F04BFA00D85BE0B4F5A3
:1017A000967F4EDD1948006890ED210AF3EE090A94
:1017B000B4EEE00AF1EE10FA43D2EDBB01259FED45
:1017C0001B0A1248006880ED240AB1EE080A0F488F
:1017D000006880ED250A9FED100A0C48006880ED36
:1017E000260A322009490968A1F86C00002007493F
:1017F0000968A1F86E0005480068B0F86E0003B2F1
:101800000248006890F86C20002116E0F4010020E6
:10181000F8010020000061450000484400004442F7
:101820000000504200C05A45A8FDFFFF00806D45F2
:101830003333333333F3484003E00846F9F744FACF
:1018400008E0B4F5167F05DD1720FD49096888809A
:101850000120F1E48AE700BF002001F073F94FF4A2
:101860008060F7F793FA0024002563E04FF47A7064
:1018700004F06EFA601C84B2F248006890ED210A10
:1018800010EE101A084608F0FFFA41EC180B9FED15
:10189000EE0B53EC102B08F091F800D84BE0B4F5A8
:1018A000967F36DDE748006890ED210AF3EE090ADD
:1018B000B4EEE00AF1EE10FA2BD255BB01251FED74
:1018C000250AE048006880ED240AB1EE080ADD48E8
:1018D000006880ED250A1FED300ADA48006880EDC7
:1018E000260A3220D7490968A1F86C000020D549A2
:1018F0000968A1F86E00D3480068B0F86E0003B222
:10190000D048006890F86C2000210846F9F7DCF90F
:1019100009E040F2DC50844205DD2120C849096815
:101920008880012088E4002001F00CF94FF48060E9
:10193000F7F72CFA9AE700BFC82004F009FA4FF431
:101940008060F0F789FB0026002408E0BC480068AE
:10195000408B0644C82004F0FBF9601C84B20A2CBA
:10196000F4DB0A20B6FBF0F6B54909680E861FEDD8
:10197000510AB448006880ED240AB1EE080AB14863
:10198000006880ED250A1FED5C0AAE48006880ED16
:10199000260A3220AB490968A1F86C000020A94949
:1019A0000968A1F86E00A7480068B0F86E0003B29D
:1019B000A448006890F86C2000210846F9F784F9E3
:1019C00011209F49096848854FF4FA7004F0C0F966
:1019D00000210846F7F7DEFA122099490968488580
:1019E0004FF4FA7004F0B4F9F0F7D6F995480068AE
:1019F000B0F8F60020B193480068B0F8F67000E047
:101A00000127002549E000243BE01020F7F7BEF94C
:101A10004FF4C8708B490968A1F872004FF47A70CE
:101A200088490968A1F85C00022086490968A1F884
:101A30006200844B1B68B3F86220824B1B68B3F9C9
:101A40005C10804B1B68B3F8720004F00FF87C49FF
:101A500009688880F0F7A0F94FF4FA7004F078F97B
:101A60004FF44270F7F792F94FF496717848F9F70E
:101A700019FBF0F791F94FF4FA7004F069F9601C62
:101A800084B2032CC1DB00210846F7F783FA4FF438
:101A9000FA7004F05DF9681C85B2BD42B3DB142016
:101AA00068490968A1F8FC00F0F776F900243BE0EA
:101AB0001020F7F76BF94FF4C87062490968A1F874
:101AC00072004FF47A705F490968A1F85C00022047
:101AD0005C490968A1F862005A4B1B68B3F86220A0
:101AE000584B1B68B3F95C10564B1B68B3F8720077
:101AF00003F0BCFF524909688880F0F74DF94FF4B4
:101B0000FA7004F025F94FF44270F7F73FF94FF4FB
:101B100096714F48F9F7C6FAF0F73EF94FF4FA70AC
:101B200004F016F9601C84B2032CC1DB1320444975
:101B3000096848854FF4FA7004F00AF9002001F0B2
:101B400001F81FEDC60A3F48006880ED240AB1EE97
:101B5000080A3C48006880ED250A1FEDD10A394883
:101B6000006880ED260A322036490968A1F86C0029
:101B7000002034490968A1F86E0032480068B0F8C6
:101B80006E0003B22F48006890F86C2000210846D0
:101B9000F9F79AF8002466E04FF47A7004F0D8F868
:101BA000601C84B22748006890ED210A10EE101ADC
:101BB000084608F069F941EC180B1FEDE30B53ECF4
:101BC000102B08F035F800D84EE0B4F5967F41DDD3
:101BD0001C48006890ED210AF3EE090AB4EEE00A11
:101BE000F1EE10FA36D255BB01251FEDF00A15486B
:101BF000006880ED240AB1EE080A1248006880ED02
:101C0000250A1FEDFB0A0F48006880ED260A3220E6
:101C10000C490968A1F86C0000200A490968A1F87C
:101C20006E0008480068B0F86E0003B2054800680E
:101C300090F86C2000210846F9F746F813E009E017
:101C4000F8010020F40100200000000000C048401E
:101C500050FBFFFFB4F5167F05DD172056490968D4
:101C60008880012010E497E700BF002000F06AFFA1
:101C70004FF48060F7F78AF80024002515204F49BB
:101C80000968A1F8FC0063E04FF47A7004F060F892
:101C9000601C84B24948006890ED210A10EE101AC9
:101CA000084608F0F1F841EC180B1FED190B53EC46
:101CB000102B07F083FE00D84BE0B4F5967F36DD9D
:101CC0003E48006890ED210AF3EE090AB4EEE00AFE
:101CD000F1EE10FA2BD255BB01259FED390A37489A
:101CE000006880ED240AB1EE080A3448006880EDEF
:101CF000250A9FED340A3148006880ED260A32201B
:101D00002E490968A1F86C0000202C490968A1F847
:101D10006E002A480068B0F86E0003B227480068D9
:101D200090F86C2000210846F8F7CEFF09E040F259
:101D3000DC50844205DD21201F490968888001208C
:101D400028E4002000F0FEFE4FF48060F7F71EF854
:101D50009AE700BF4FF48060F0F77EF90A20F8F7A9
:101D6000CBFA4FF47A7003F0F3FF0026002408E06A
:101D700011480068408B0644C82003F0E9FF601C4E
:101D800084B20A2CF4DB0A20B6FBF0F60A49096893
:101D90004E86002008490968888041F2883003F0A7
:101DA000D7FF642005490968A1F8FC004FF4FA70D8
:101DB000EEF7F6FE00204AE4F8010020F4010020CE
:101DC00000806D450000484410B540F2A542054929
:101DD000054800F013FE45F2AA510448C0F88C12E1
:101DE00010BD000080520020000002088062002028
:101DF0002DE9F04104460D4616461F463B46324645
:101E000029462046F9F78AF9BDE8F08110B5044665
:101E10000248006804F040F910BD0000740300207F
:101E200030B5DFED220AB4EEE00AF1EE10FA03DD80
:101E3000DFED1E0AB0EE600AB5EEC00AF1EE10FA50
:101E400003D2DFED1B0AB0EE600ADFED1A0A60EE86
:101E5000200AB0EE600ADFED150A80EE201AB0EE1F
:101E6000410AF6EE000A70EE200AB0EE600AFCEEBF
:101E7000C00A10EE901A88B20F49104A01F1080406
:101E8000C2F3034504EB85031C686FF30B040443A2
:101E90001C6000BF1146084A126801F010040123BB
:101EA000A3401A43044B1A6000BF30BD0000044237
:101EB0000000000000F07F45007400401200431550
:101EC00070B504460025032C00DD00240348005DA6
:101ED00040F001052846EEF7ECFD70BD74020020CD
:101EE00010B504480068C28805210120F0F710FFF2
:101EF00010BD0000F40100200821024880F8901273
:101F0000704700008062002070B50B4800680089AF
:101F10004FF47A7100FB01F44FF6FF7000EA24459C
:101F2000A6B22A4603210120F0F7F2FE3246042130
:101F30000120F0F7EDFE70BDF401002010B52DED8D
:101F4000028BB0EE408A9FED1F0AB4EEC08AF1EE1C
:101F500010FA03DD9FED1B0AB0EE408AB5EEC08A91
:101F6000F1EE10FA03D29FED180AB0EE408A9FED11
:101F7000170A28EE000AB0EE408A9FED120AC8EE5A
:101F8000000AB0EE608AB6EE000A38EE000AB0EE43
:101F9000408ABCEEC80A10EE100A84B224B9214669
:101FA0000B48F4F7B7FF0AE021460948F4F7B2FFFF
:101FB00001210748F4F7A0FE0548F4F7A6FEBDECA2
:101FC000028B10BD00000442000000000080BB45F1
:101FD0000004004010B52DED028BB0EE408A9FED5D
:101FE000200AB4EEC08AF1EE10FA03DD9FED1C0A60
:101FF000B0EE408AB5EEC08AF1EE10FA03D29FED42
:10200000190AB0EE408A9FED180A28EE000AB0EED9
:10201000408A9FED130AC8EE000AB0EE608AB6EE61
:10202000000A38EE000AB0EE408ABCEEC80A10EE94
:10203000100A84B224B921460C48F4F76FFF0BE074
:1020400021460A48F4F76AFF4FF480710748F4F715
:1020500053FE0648F4F759FEBDEC028B10BD00009C
:1020600000000442000000000080BB450004004066
:1020700080ED0A0A70474163704780ED000AC0EDA9
:10208000010A80ED021AC0ED031A7047816390EDDA
:102090000E0AB8EE400A80ED0A0A704780ED040A85
:1020A0007047000070B5054600242F222046641CAE
:1020B00010490A5431222046641C0A5456222046F4
:1020C000641C0A54052095FBF0F6081932460AA153
:1020D000EEF7C6F904440D222046641C05490A5453
:1020E00000BF4FF4FA7003F033FEF9F73BF8002815
:1020F000F7D170BDF46F0020256400002DE9F04198
:1021000005460E4631462846F1F7CEFAC7B20024FE
:102110002F222046641C11490A5431222046641C97
:102120000A546F222046641C0A5407F13000C2B2E0
:102130002046641C0A5452222046641C0A540D2274
:102140002046641C0A5400BF4FF4FA7003F000FEEE
:10215000F9F708F80028F7D1BDE8F081F46F002006
:1021600070B5054600242F222046641C11490A54EC
:1021700031222046641C0A547E222046641C0A54E4
:1021800056222046641C0A5408192A460AA1EEF772
:1021900067F904440D222046641C06490A5400BF16
:1021A0004FF4FA7003F0D4FDF8F7DCFF0028F7D104
:1021B00070BD0000F46F00202564000070B5054676
:1021C00000242F222046641C19490A54312220463B
:1021D000641C0A547A222046641C0A542322204696
:1021E000641C0A5440222046641C0A5432222046B1
:1021F000641C0A5439222046641C0A543D2220469D
:10220000641C0A5408192A460AA1EEF729F9044465
:102210000D222046641C06490A5400BF4FF4FA7090
:1022200003F096FDF8F79EFF0028F7D170BD00007F
:10223000F46F00202564000080ED050A704700005F
:1022400010B504480068828E01210846F6F7D4F9DB
:1022500010BD0000F401002070B536480021C022F6
:10226000354B5B5C03445B686FF30F031343324CE5
:10227000645C0444636000BF304B0C46002514B915
:1022800003F14C0500E02E4D2A4600BF2A4B5B5C53
:1022900003449A6000BF274800212A4A264B5B5C12
:1022A0000344DA6000BF284A234B5B5C03441B698C
:1022B000214C645C0444226100BF00BF1E4A525C92
:1022C000825842F480221C4B5B5CC25000BF00BFAE
:1022D000194A525C825842F00102174B5B5CC250B3
:1022E00000BF00BF20201349886000BF08460021BE
:1022F000114A525C825842F010020F4B5B5CC25094
:1023000000BF00BF0D48806840F001000B498860A5
:1023100000BF00BF0846806840F08040886000BF72
:102320004FF44070896821F440710143034A916081
:1023300000BF70BD00640240D4A105080020014028
:102340000823014050710020D07200202DED088B31
:102350000024F6F7F1FBF6F73FFBF3F7DBFB322047
:1023600003F0F6FC00224FF480717448F1F746FB4D
:10237000FFF772FF00BF7248006840F040007049EC
:10238000086000BFEEF788FA00BF0A2003F0E0FC07
:1023900004216C48FAF7DAFD6B48007800287DD0FC
:1023A000684800886949088066484088684908800C
:1023B000012211036748F1F721FB002062490870F0
:1023C0006248008864490988401A644909680844D9
:1023D000624908605E48008861490988401A61497D
:1023E000096808445F490860601C84B2142CCCD191
:1023F00001205D49096808835A480068401D14217E
:1024000090FBF1F058490968488301205649096852
:10241000888456480068401D1421B0FBF1F05249F1
:102420000968C8845248008800282ADD4FF4FA71F0
:102430005048006803F0E2FCF0B94D4840684A4952
:102440000968C98C08444A4948600846806846497A
:102450000968498B08444649886008460088401E40
:1024600008804448006803F053FD50B142480068BA
:10247000401C4149086004E03F480068401C3E4958
:10248000086039490968488B07F084FA41EC1A0B57
:1024900035490968088B07F07DFA00E030E041EC2F
:1024A0001B0B53EC1A2B07F09DF841EC190BB0EE07
:1024B000490AF0EE690A02F0CBF9B0EE408AF0EE7C
:1024C000608A51EC180B06F0A7FF2C490968C1F887
:1024D00080004FF400611F48F1F786FA00240020C5
:1024E0001E4908601F490860254908601F490860A7
:1024F000FAF776FE2348EFF775FFF6F76DFA44E733
:10250000002015490880164908801D4800681249B6
:10251000098808441A490860144800681049098865
:1025200008441249086000224FF480510948F1F72D
:1025300065FA01200449087027E7000000080240FE
:102540000038004038710020E8020020EE02002030
:10255000F0020020000C0240EA020020F4020020F9
:10256000EC020020F8020020F80100200003002007
:102570004471002060030020E4020020F4010020E8
:10258000FC0200202C71002010B50446AA200A4944
:10259000087055204870002088700620C8701E20E2
:1025A0000871200A48718C7105210348801CF6F7D8
:1025B00003FA0149C87110BD146E002010B504461D
:1025C000AA200A490870552048700020887006200B
:1025D000C8702F200871200A48718C7105210348AA
:1025E000801CF6F7E9F90149C87110BD146E00208E
:1025F0002DE9F04106460D46174606EB460000EB76
:10260000C6000D4901EB00140C48EFF7BDFB0B4869
:10261000F6F762FD00EE105AB8EE400A84ED040AA7
:10262000C7EB0710800001B2A18201206080A0806A
:102630002080BDE8F08100007C7000203470002014
:1026400070B52DED028B0446B0EE408AB5EEC08A1F
:10265000F1EE10FA02D8BDEC028B70BD1F48006885
:102660000482002C01DD012504E0002C02DA0025A3
:10267000604204B29FED1A0A28EE000ADFED190A43
:1026800060EE200A00EE104AB8EEC00A80EE801A12
:10269000BCEEC10A10EE106A00224FF4004112484D
:1026A000F1F7ACF90020114908702DB9012291030E
:1026B0000D48F1F7A3F906E0012D04D10022A9038A
:1026C0000948F1F79BF9A0B200F062F831460848DA
:1026D000006803F0A7FE00BFBDE70000F80100207E
:1026E0000000164400007A44000C0240FC01002067
:1026F000540300202DE9F04105460C461646002EF5
:1027000001DCBDE8F08125B120B2194909680882D1
:1027100004E0604200B21649096808824FF416715D
:1027200006FB01F04FF47A71484390FBF4F7002266
:102730004FF400410F48F1F761F900200E4908708D
:102740002DB9012291030B48F1F758F906E0012D4C
:1027500004D10022A9030748F1F750F9204600F000
:1027600017F839460548006803F05CFE00BFC8E76B
:10277000F8010020000C0240FC010020540300205E
:1027800010B5062200210120F0F7C2FA10BD0000AA
:1027900010B586B00446142101A8EDF788FF1E2C61
:1027A00000DA1E2441F27070844200DB04464520AA
:1027B000ADF80400002002900F4890FBF4F0039065
:1027C0000020049001A90D48F4F7AAFA03994808DB
:1027D0000A49886300BF1020096A0143074A116251
:1027E00000BF00BF1046006840F0010011460860BD
:1027F00000BF06B010BD0000E86E030000080040F6
:1028000000BF0A2003F0A4FA464800884FF6FF7183
:1028100001EA40004349088040214348F4F731F879
:102820004049098808433F4908800846007800F07D
:102830000300032808D13D480068007840F00100FB
:102840003A49096808700CE03648007800F0030047
:1028500038B936480068007800F0FE00334909684E
:102860000870334800884FF6FF7101EA4000304994
:1028700008804FF400512F48F4F703F82C490988D9
:1028800008432B4908800846007800F0030003281D
:1028900008D126480068007840F002002349096802
:1028A00008700CE02248007800F0030038B91F4897
:1028B0000068007800F0FD001C49096808701E4897
:1028C000007860B31D480068C08F1C490968898F73
:1028D00008440A2190FBF1F0194908601948006882
:1028E0000A301849086015480068C08F0A2190FB1B
:1028F000F1F014490968884202D9EFF7E3FA01E0E0
:10290000F6F76CF90F4800680D4909688842FFF432
:1029100078AF00200B490860EFF7D4FA71E7EFF7C2
:10292000D1FA6EE71803002000100240E4010020F5
:102930001A030020000802400C030020F4010020CC
:10294000100300201403002001461F48814201D2D9
:10295000002070471D48814201D20120F9E71C4840
:10296000814201D20220F4E71A48814201D20320B9
:10297000EFE71948814201D20420EAE71748814273
:1029800001D20520E5E71648814201D20620E0E7A2
:102990001448814201D20720DBE71348814201D26B
:1029A0000820D6E71148814201D20920D1E710481A
:1029B000814201D20A20CCE7B1F1016F01D20B2094
:1029C000C7E700BFC5E7000000400008008000081E
:1029D00000C0000800000108000002080000040810
:1029E000000006080000080800000A0800000C08A3
:1029F00000000E0801460868704700002DE9F0430A
:102A000087B004460E4617464FF00009002001909B
:102A100000258046B4F1006F02D304F0030018B122
:102A2000022007B0BDE8F083F0F7C4FF254604EBB1
:102A300087081E4885421DD219E02846FFF7DAFFB5
:102A4000401C78B1002002902846FFF77DFF0490DB
:102A5000012005900220069001A902A8F0F7FEFED1
:102A600008B106E02D1D4CF25030F0F70DFC454545
:102A7000E3D300BF4CF25030F0F706FC8146B9F1C9
:102A8000000F0FD10CE0D6F800C0624600232146AB
:102A90000220F0F743FF08B10120C2E7241D361DD4
:102AA0004445F0D3F0F730FF0020BAE70000FF1FE5
:102AB00070B5054605EB450000EBC5000A4901EB82
:102AC0000014A08800EB800104F1100000EB8100ED
:102AD000A0F114060020F08120800021284600F09B
:102AE00039FBEFF7ADF970BD7C70002010B500F038
:102AF0000FF80248006803F0B3FC10BD5403002037
:102B000010B50248006803F0ABFC10BD5C03002068
:102B100010B50122D1030948F0F770FF10200849D1
:102B2000096A8143064A116200BF00BF104600686F
:102B300020F001001146086000BF10BD000C0240EB
:102B40000008004070B5054605EB450000EBC500E8
:102B5000074901EB00142846FFF7AAFF0548EFF7E5
:102B600013F900206080A0802080FFF74FF970BD2E
:102B70007C7000203470002010B51248006803F00B
:102B80006FFC06F0E3F810490860084600680F493A
:102B90000968401A0C4908600846006800F5FA7098
:102BA0000860084600684FF47A71B0FBF1F00649FE
:102BB000086008460088064909688885FFF704F917
:102BC00010BD00005C030020380200203C02002001
:102BD000F801002010B5142200210120F5F70CFDAA
:102BE00010BD000070B5054600242F222046641C4D
:102BF00015490A5431222046641C0A5441222046B9
:102C0000641C0A5442F6E060684340F6C41190FB2D
:102C1000F1F60D49081932460CA1EDF721FC0444E8
:102C200052222046641C08490A540D222046641C86
:102C30000A5400BF4FF4FA7003F08AF8F8F792FADA
:102C40000028F7D170BD0000F46F0020256400005B
:102C500010B500242F222046641C12490A54312248
:102C60002046641C0A5441222046641C0A54081958
:102C700042F6E0620CA1EDF7F3FB04445222204639
:102C8000641C08490A540D222046641C0A5400BFE3
:102C90004FF4FA7003F05CF8F8F764FA0028F7D103
:102CA00010BD0000F46F00202564000070B50546DB
:102CB00000242F222046641C15490A543122204644
:102CC000641C0A5444222046641C0A5442F6E06004
:102CD000684340F6C41190FBF1F60D4908193246DD
:102CE0000CA1EDF7BDFB044452222046641C0849A8
:102CF0000A540D222046641C0A5400BF4FF4FA7097
:102D000003F026F8F8F72EFA0028F7D170BD00007E
:102D1000F46F00202564000010B54FF0E02000693A
:102D200006F004F8012801D005F050F810BD0000AD
:102D300010B53848016821F0070141F00501016034
:102D4000016801F007010529FAD1334B186840F4F6
:102D5000804018603148016841F4803101600168A9
:102D6000C1F340410029FAD02D490A6842F001021E
:102D70000A600A68C2F34002002AFAD0196841F4D6
:102D80008071196027490A6842F001020A600A68E6
:102D9000C2F34002002AFAD02449234A0B68DFF824
:102DA00090C003EA0C031A430A600A6822F4403216
:102DB0000A60016841F0807101600168C1F34061FF
:102DC0000029FAD01B48016821F0F0010160016878
:102DD00021F4E05141F4A0510160016821F4604107
:102DE00041F400410160016821F0030141F002015A
:102DF0000160016801F00C010829FAD10E48F3F7CF
:102E000075FF0F20F0F730FE002801D0EFF77DFFAF
:102E100010BD0000003C024000700040003802403D
:102E200074380240703802400854400004380240B0
:102E30000080BFFF08380240007A030A0448016896
:102E400041F47001016004490248086070470000C5
:102E500088ED00E00000040808ED00E000F008B88C
:102E6000704700000148F0F798BF00000879002083
:102E700010B502480068804710BD0000B80000206F
:102E800010B50268294B98420ED0B0F1804F0BD09C
:102E9000274B984208D0274B984205D0264B9842A2
:102EA00002D0264B984203D122F070024B681A439D
:102EB0001E4B984220D0B0F1804F1DD01C4B984241
:102EC0001AD01C4B984217D01B4B984214D01B4B66
:102ED000984211D01A4B98420ED01A4B98420BD000
:102EE000194B984208D0194B984205D0184B98427C
:102EF00002D0184B984203D122F44072CB681A4397
:102F000022F080034C6943EA040202608B68C362CA
:102F10000B688362054B984202D0084B984201D15E
:102F20000B6903630123436110BD000000000140F1
:102F30000004004000080040000C00400004014074
:102F4000004001400044014000480140001800409A
:102F5000001C0040002000402E480068D0ED261ADA
:102F6000B0EE611A2B480068D0ED251AF0EE610A28
:102F700028480068D0ED241AB0EE610ADFED261A69
:102F80002648FFF77AF823480068C18C2348FFF7EA
:102F900072F800212148FFF779F89FED1F0A1F48BA
:102FA000FFF74AF99FED1C0A1C48FFF761F89FEDF7
:102FB0001A0A1A48FFF772F81848F6F78DF8002138
:102FC000084600F0C7F800200BE01549096800EB3F
:102FD000400202EBC002134B03EB0212D160411C12
:102FE000C8B20128F1DB00BF642002F0B1FE00206E
:102FF000F0F776FB0C4880ED000A90ED000A002007
:1030000000F014F80120F0F76BFB074880ED000A90
:10301000EAE70000F4010020000000003470002006
:10302000580300207C700020CC0200202DE9F041E4
:103030002DED028B0746B0EE408A07EB470000EB10
:10304000C7003F4901EB0014208820B1012803D0BC
:10305000022870D13EE06FE03A480068D0ED261AB1
:10306000B0EE611A37480068D0ED251AF0EE610A1B
:1030700034480068D0ED241AB0EE610ADFED321A50
:103080003248FEF7FAFF6088082802DC60880028D2
:1030900005DC00202080BDEC028BBDE8F081A0881B
:1030A0006188884202DCA088002802DC00202080A1
:1030B000F1E702202080A08800EB800104F11000DD
:1030C00000EB8100A0F114060120F081204909687D
:1030D000488231E0B0EE480A2146384600F05EF8FA
:1030E0000546D5B9A088401C80B2A080618888427E
:1030F0000EDCA08800EB800104F1100000EB8100E1
:10310000A0F114060120F08111490968488210E0FD
:1031100000202080FEF77AFE0BE0FF2D00D1BAE7F9
:10312000FE2D03D10020FEF771FE02E0E5800020B5
:10313000208001E0FFE700BF00BF00BFABE7000059
:103140007C700020F401002000000000347000209A
:10315000F801002010B510B1012819D117E00E4A6E
:103160001268D18100BF4FF08042516300BF01223D
:1031700093071B6A13439407236200BF00BF9207A3
:10318000126842F0010223461A6000BF01E000E02D
:1031900000BF00BF10BD0000F801002070B52DED8C
:1031A000028B06460D46B0EE408AA88800EB8001EF
:1031B00005F1100000EB8100A0F11404E08907285C
:1031C0007ED2DFE800F0040537CCFCFBFA008EE18C
:1031D000BCEEC80A10EE100A6081BCEEC80A10EE00
:1031E000100AC4490968A1F8480005F0AFFD206144
:1031F00094ED000AF3EE090AB4EEE00AF1EE10FADB
:1032000003D80120BDEC028B70BD94ED000AB4EE32
:10321000C80AF1EE10FA07D2F5F756FC0320E08158
:10322000B5490968488204E00220E081B249096892
:1032300048825CE1B1EE040A38EE000AD4ED000ADF
:10324000B4EEE00AF1EE10FA40DBEEF7F9FDB4F966
:10325000040000281CDD00202881A2884FF47A7326
:1032600012FB03F1E86803F0DDF80620E081A249D3
:103270000968488205F06AFD206194ED000AF0EECD
:10328000400AB0EE480A304600F040F9FF20B9E7A6
:10329000A08820B93046FFF70BFC0020B2E70020E1
:1032A00028810620E08194490968488205F04EFD96
:1032B000206194ED000AF0EE400AB0EE480A00E00A
:1032C00014E1304600F022F9FE209BE794ED000A5D
:1032D000F0EE400AB0EE480A304600F017F905F06B
:1032E00035FD8649086020690968081A8349086025
:1032F000084600684FF47A71B0FBF1F07F4908602E
:10330000084600882081084600887A490968A1F8A3
:103310004A007A480068782820D3D4ED000A6089F2
:1033200000EE100AB8EE400A30EEC00ADFED740A73
:1033300060EE200A00EE100AB8EE400A38EE400AAD
:10334000F4EEC00AF1EE10FA08DD3046FFF7B0FBEC
:103350001E20694909688880012053E7C7E094ED81
:10336000000ADFED680A78EE600AB4EEE00AF1EEDA
:1033700010FA41DBEEF764FDB4F9040000281FDD0C
:1033800000202881A2884FF47A7312FB03F1E868C9
:1033900003F048F80620E08157490968488205F0A3
:1033A000D5FC206194ED000AF0EE400AB0EE480A28
:1033B000304600F0ABF8FF2024E75EE05CE05AE026
:1033C000A08820B93046FFF773FB00201AE70020E1
:1033D00028810620E08148490968488205F0B6FC4A
:1033E000206194ED000AF0EE400AB0EE480A304643
:1033F00000F08CF8FE2005E705F0A8FC3F490860C6
:1034000020690968081A3D490860084600684FF4B9
:103410007A71B0FBF1F039490860084600882081D4
:103420000846008833490968A1F84A003348006813
:1034300078281FD3608900EE100AB8EE400AD4ED58
:10344000000A30EE600ADFED2E0A60EE200A00EE80
:10345000100AB8EE400A30EE480AF4EEC00AF1EE67
:1034600010FA07DDEEF7ECFC20202349096888807C
:103470000220C7E63BE03AE039E094ED000AF0EEC6
:10348000400AB0EE480A304600F040F805F05EFC15
:103490001A49086020690968081A1849086008462E
:1034A00000684FF47A71B0FBF1F0144908600846E7
:1034B0000088E080084600880E490968A1F84C00A1
:1034C0002889012811D110480088A0810E48008861
:1034D00008490968A1F84E003046FFF7E9FA0020D4
:1034E000E0810549096848828CE600E000BF00BF22
:1034F000FF2087E6F4010020F8010020E002002010
:10350000CDCC4C3E00000000D002002010B52DEDC7
:10351000028B0446B0EE408AF0EE608A9FED1A0AF4
:10352000B4EEC08AF1EE10FA04DCB5EEC08AF1EE1A
:1035300010FA03D200212046FFF70CFE134890ED4D
:10354000050AB4EE680AF1EE10FA03D0C0ED058A60
:10355000F5F7C2FD0E4890ED000A0C48F5F730FC77
:103560000C490880084600884EF66021884202DD3A
:10357000084608490880074801882046FFF7EAFD09
:10358000BDEC028B10BD000000007A4334700020B7
:10359000CC020020D002002070B50546284603F07A
:1035A000B3FD044614B1D4E90010884770BD2DE97D
:1035B000F05F05460E4692469B46DDE90A4940F615
:1035C000C41094FBF0F087B240F6C41094FBF0F105
:1035D00000FB11401FFA80F80FE031462846FEF745
:1035E0008DFD40F6C410FFF7FDFA1F212846FEF7B7
:1035F00085FD40F6C410FFF759FB381EA7F1010105
:103600008FB2EAD131462846FEF778FD4046FFF7F3
:10361000E9FA1F212846FEF771FD4046FFF746FBF9
:103620000020BDE8F09F2DE9FF4F81B0814616468E
:103630001F46DDE90E850024032098FBF0F000F022
:10364000FF0A032098FBF0F100FB118000F0FF0B54
:103650003CE001224FF44871484600F0F9F910B9F6
:103660002920F9F771FD01233A4600954846029951
:10367000EFF734F9044654B94FF47A7002F068FB5E
:1036800012233A4631464846F7F748FD1EE0092323
:103690004FF4487203214846FEF7AAFB01233A463D
:1036A000009548460299EFF719F9044654B94FF4CA
:1036B0007A7002F04DFB12233A4631464846F7F73E
:1036C0002DFD03E0204605B0BDE8F08FBBF1000002
:1036D000ABF1010101F0FF0BBBD13AE003224FF443
:1036E0004871484600F0B4F910B92A20F9F72CFDCA
:1036F00003233A46009548460299EFF7EFF804464F
:1037000054B94FF47A7002F023FB12233A46314643
:103710004846F7F703FD1CE009234FF448720321E4
:103720004846FEF765FB03233A4600954846029952
:10373000EFF7D4F8044654B94FF47A7002F008FB5E
:1037400012233A4631464846F7F7E8FC01E02046A6
:10375000B9E7BAF10000AAF1010101F0FF0ABDD1F9
:103760002046B0E710B50E4C20680168C1F3401147
:10377000002904D06FF02001016003F0FFFB2068F6
:10378000C168C1F3C011002908D00068C0F3C0109F
:10379000002803D0BDE8104003F0F8BB10BD0000C6
:1037A0008400002038B5154C20680168C1F3001171
:1037B000002905D0016800914068009000F09AF857
:1037C00020680168C1F3C011002915D0016800917B
:1037D000416800910C3050E8001F21F0400140E8A2
:1037E0000012002AF7D1064C012211032046F0F7FF
:1037F00005F94FF08061A16138BD00006C02002026
:10380000000C024038B5104C20680168C1F300116B
:10381000002905D00168009140680090EFF796FB01
:1038200020680168C1F3C01100290CD00168009123
:10383000416800910C3050E8001F21F0400140E841
:103840000012002AF7D138BD8C02002010B525499E
:10385000086800BF00BF00BF00F10C0252E8002F53
:1038600042F0100100F10C0242E80013002BF3D1EA
:1038700000BF00BF1B49086800BF00BF00BF00F1C8
:10388000140252E8002F42F0400100F1140242E815
:103890000013002BF3D100BF00BF12480268121DB5
:1038A00001211148F2F738FF104A01210E48F2F7C2
:1038B00023FF4FF4807201210B48F2F7FDFE012136
:1038C0000948F2F7B1FE01210748F2F7C5FE0121D0
:1038D0000548F2F7D9FE64210548006802F040FB74
:1038E00010BD00006C020020006002401465002042
:1038F0007003002008B516480121164A525C825810
:1039000022F00102134B5B5CC25000BF00BF114AA2
:10391000525C0244526892B2C2F580700E4908802F
:103920000E48006802F0B8FB4FF48072012108488D
:10393000F2F7C2FE0A4908680168009100BF4168B9
:10394000009100BF00BF01210148F2F79DFE08BDB4
:10395000006002407EA10508700200207003002074
:103960006C02002008B545F61860194909684880BE
:1039700000200090174800684088642200FB02F392
:103980001448006801790322002001F0F9FC0022AC
:103990004FF480711048F0F731F801F0EFF900BFF3
:1039A0004FF4FA710D48006802F0DAFA48B901F0F4
:1039B00057FD0B48007820B1F7F786FC0020084936
:1039C000087000BF4AF6AA200649086000BFE7E772
:1039D000F8010020F40100200008024068030020E4
:1039E000A8020020003000402DE9F04105460027E4
:1039F000012415E0002715F8016B0DE006F0010029
:103A000018B1E0B2F5F706F902E0E0B2EEF776FAA7
:103A10007610641C781CC7B2402C01D8082FEDDB4F
:103A2000402CE7D9BDE8F081FEE7000070B5044600
:103A30004EF6602004FB00F10448006802F090FAA2
:103A400005460DB9002070BD2820FCE77403002056
:103A50000346012070472DE9F04105460E46174602
:103A6000002400233A4631462846EDF76BF8044619
:103A70005CB906234FF4487202212846FEF7B8F9D4
:103A800003212846F5F731FB0DE02046F9F75CFBF2
:103A900003234FF4167219462846FEF7A9F90321AD
:103AA0002846F5F722FB2046BDE8F0817CB50025CD
:103AB000002484480068B0F8F00020B1012803D049
:103AC000022805D102E000BF012503E0022501E044
:103AD000012500BF00BF022D7ED109207A49096867
:103AE00048854FF4FA7002F033F914204FF4C8718E
:103AF00002236FF02702CDE900104FF41671102059
:103B0000EDF764F804460CB101207CBD4FF4C87396
:103B100001224FF416714FF44270EEF7A9F80446F3
:103B20000CB10120F1E74FF44270F5F72FF9C821ED
:103B30008800F7F7B7FA4FF44270EEF78DFA4FF4BA
:103B4000FA6002F005F90120F5F720F95D480068F8
:103B5000B0F8D60018B14FF48050F5F717F942F2DB
:103B6000107002F0F5F8C82056490968A1F87200F3
:103B70006FF0270053490968A1F85C000120514902
:103B80000968A1F862004F4B1B68B3F862204D4BE7
:103B90001B68B3F95C104B4B1B68B3F87200EEF76F
:103BA000B3FC4949096888804FF4FA7002F0D0F8F4
:103BB00046E04FF4FA7002F0CBF82220424909683F
:103BC00048854FF4FA7002F0C3F83E480068B0F838
:103BD000DA003C49096800E071E0B1F85810484348
:103BE0004FF47A7190FBF1F037490968898B88426C
:103BF00025DAC82033490968A1F872006FF0270060
:103C000030490968A1F85C0001202E490968A1F833
:103C100062002C4B1B68B3F862202A4B1B68B3F977
:103C20005C10284B1B68B3F87200EEF76DFC264958
:103C3000096888804FF4FA7002F08AF800E000E02A
:103C4000B7E700BF4FF47A7002F082F81E480068B0
:103C5000808858B11C480068408D09282FD1072062
:103C600018490968A1F8EC0001204EE7EEF794F836
:103C70004FF47A7002F06CF84FF44270F5F786F862
:103C80004FF496711148F7F70DFA4FF44270EEF7C2
:103C9000E3F964210D48F7F705FA0120F5F776F806
:103CA00008480068B0F8D60018B14FF48050F5F716
:103CB0006DF864210548F7F7F5F9EEF76DF8002087
:103CC00023E70000F4010020F801002050FBFFFF73
:103CD0007CB500240025FE480068B0F8F00030B143
:103CE000012805D0022805D0032807D104E000BF31
:103CF000012405E0022403E0032401E0012400BFC5
:103D000000BF022C01D0032C78D10920F1490968A9
:103D100048854FF4FA7002F01BF814204FF4C87174
:103D200002236FF02702CDE900104FF41671102026
:103D3000ECF74CFF05460DB101207CBD4FF4C87374
:103D400001224FF416714FF44270EDF791FF0546D2
:103D50000DB10120F1E74FF4C87301224FF4167141
:103D60004FF44270EDF784FF05460DB10120E4E702
:103D70004FF44270F5F70AF8C8218800F7F792F976
:103D80004FF44270EEF768F94FF4FA6001F0E0FF8B
:103D90000120F4F7FBFFCE480068B0F8D60018B158
:103DA0004FF48050F4F7F2FF42F2107001F0D0FFB0
:103DB000C820C7490968A1F872006FF02700C449FC
:103DC0000968A1F85C000120C1490968A1F86200F6
:103DD000BF4B1B68B3F86220BD4B1B68B3F95C1086
:103DE000BB4B1B68B3F87200EEF78EFBB94909684C
:103DF00088804FF4FA7001F0ABFF45E083E04FF4A8
:103E0000FA7001F0A5FF2220B249096848854FF4F5
:103E1000FA7001F09DFFAE480068B0F8DA00AC49D6
:103E20000968B1F8581048434FF47A7190FBF1F0EB
:103E3000A8490968898B884225DAC820A4490968FD
:103E4000A1F872006FF02700A1490968A1F85C0091
:103E500001209F490968A1F862009D4B1B68B3F8D7
:103E600062209B4B1B68B3F95C10994B1B68B3F83D
:103E70007200EEF749FB9749096888804FF4FA70A1
:103E800001F066FF00E000E0B9E700BF4FF47A7090
:103E900001F05EFF8F480068808858B18D48006847
:103EA000408D09282FD1072089490968A1F8EC0025
:103EB000012042E7EDF770FF4FF47A7001F048FF00
:103EC0004FF44270F4F762FF4FF496718248F7F7AF
:103ED000E9F84FF44270EEF7BFF864217E48F7F737
:103EE000E1F80120F4F752FF79480068B0F8D600F5
:103EF00018B14FF48050F4F749FF64217648F7F782
:103F0000D1F8EDF749FF032C7DD10A2071490968EA
:103F100048854FF4FA7001F01BFF14204FF4C8716C
:103F200001236FF02702CDE900104FF41671102025
:103F3000ECF74CFE05464FF44270F4F727FFC8211A
:103F40008800F7F7AFF84FF44270EEF785F84FF4BA
:103F5000FA6001F0FDFE0120F4F718FF5C480068EC
:103F6000B0F8D60018B14FF48050F4F70FFF42F2CA
:103F7000107001F0EDFEC82055490968A1F87200E3
:103F80006FF0270052490968A1F85C0001205049F0
:103F90000968A1F862004E4B1B68B3F862204C4BD5
:103FA0001B68B3F95C104A4B1B68B3F87200EEF75C
:103FB000ABFA4849096888804FF4FA7001F0C8FEEE
:103FC00046E04FF4FA7001F0C3FE2220414909682F
:103FD00048854FF4FA7001F0BBFE3D480068B0F828
:103FE000DA003B490968B1F8581048434FF47A7138
:103FF00090FBF1F037490968898B884227DAC8209D
:104000003349096800E062E0A1F872006FF0270010
:104010002F490968A1F85C0001202D490968A1F821
:1040200062002B4B1B68B3F86220294B1B68B3F965
:104030005C10274B1B68B3F87200EEF765FA254950
:10404000096888804FF4FA7001F082FE00E000E019
:10405000B7E700BF4FF47A7001F07AFE1D480068A0
:10406000808858B11B480068408D09282FD107204F
:1040700017490968A1F8EC0001205EE6EDF78CFE17
:104080004FF47A7001F064FE4FF44270F4F77EFE54
:104090004FF496711048F7F705F84FF44270EDF7BA
:1040A000DBFF64210C48F6F7FDFF0120F4F76EFEFC
:1040B00007480068B0F8D60018B14FF48050F4F704
:1040C00065FE64210448F6F7EDFFEDF765FE05E0B7
:1040D000F4010020F801002050FBFFFF00202CE637
:1040E0007CB50025002484480068B0F8F00020B1B9
:1040F000012803D0022805D102E000BF012503E01A
:10410000022501E0012500BF00BF022D7ED109205C
:104110007A49096848854FF4FA7001F019FE1420B5
:104120004FF4C87102236FF02702CDE900104FF45D
:1041300016711020ECF74AFD04460CB101207CBD3D
:104140004FF4C87301224FF416714FF44270EDF72B
:104150008FFD04460CB10120F1E74FF44270F4F7F3
:1041600015FEC8218800F6F79DFF4FF44270EDF769
:1041700073FF4FF4FA6001F0EBFD0120F4F706FE47
:104180005D480068B0F8D60018B14FF48050F4F7DD
:10419000FDFD42F2107001F0DBFDC82056490968B0
:1041A000A1F872006FF0270053490968A1F85C007C
:1041B000012051490968A1F862004F4B1B68B3F810
:1041C00062204D4B1B68B3F95C104B4B1B68B3F876
:1041D0007200EEF799F94949096888804FF4FA703E
:1041E00001F0B6FD46E04FF4FA7001F0B1FD222077
:1041F0004249096848854FF4FA7001F0A9FD3E482C
:104200000068B0F8DA003C49096800E071E0B1F8F4
:10421000581048434FF47A7190FBF1F03749096820
:10422000898B884225DAC82033490968A1F87200D1
:104230006FF0270030490968A1F85C0001202E4981
:104240000968A1F862002C4B1B68B3F862202A4B66
:104250001B68B3F95C10284B1B68B3F87200EEF7CB
:1042600053F92649096888804FF4FA7001F070FD0F
:1042700000E000E0B7E700BF4FF47A7001F068FD9E
:104280001E480068808858B11C480068408D092885
:104290002FD1072018490968A1F8EC0001204EE74A
:1042A000EDF77AFD4FF47A7001F052FD4FF4427051
:1042B000F4F76CFD4FF496711148F6F7F3FE4FF4E6
:1042C0004270EDF7C9FE64210D48F6F7EBFE0120C0
:1042D000F4F75CFD08480068B0F8D60018B14FF458
:1042E0008050F4F753FD64210548F6F7DBFEEDF747
:1042F00053FD002023E70000F4010020F801002016
:1043000050FBFFFF7CB50025002485480068B0F80D
:10431000F000032801D1022500E00125022D78D10B
:1043200009208049096848854FF4FA7001F010FDB2
:1043300014204FF4C87102236FF02702CDE900105A
:104340004FF416711020ECF741FC04460CB101202B
:104350007CBD4FF4C87301224FF416714FF44270C4
:10436000EDF786FC04460CB10120F1E74FF4C87369
:1043700001224FF416714FF44270EDF779FC0446B8
:104380000CB10120E4E74FF44270F4F7FFFCC821C0
:104390008800F6F787FE4FF44270EDF75DFE4FF4AC
:1043A000FA6001F0D5FC0120F4F7F0FC5C480068ED
:1043B000B0F8D60018B14FF48050F4F7E7FC42F2A1
:1043C000107001F0C5FCC82055490968A1F87200B9
:1043D0006FF0270052490968A1F85C00012050499C
:1043E0000968A1F862004E4B1B68B3F862204C4B81
:1043F0001B68B3F95C104A4B1B68B3F87200EEF708
:1044000083F84849096888804FF4FA7001F0A0FCED
:1044100045E083E04FF4FA7001F09AFC2220414914
:10442000096848854FF4FA7001F092FC3C48006836
:10443000B0F8DA003A490968B1F8581048434FF427
:104440007A7190FBF1F037490968898B884225DA47
:10445000C82033490968A1F872006FF0270030497D
:104460000968A1F85C0001202D490968A1F86200E3
:104470002B4B1B68B3F86220294B1B68B3F95C1007
:10448000274B1B68B3F87200EEF73EF82549096820
:1044900088804FF4FA7001F05BFC00E000E0B9E7BF
:1044A00000BF4FF47A7001F053FC1E48006880880A
:1044B00058B11C480068408D09282FD107201849A1
:1044C0000968A1F8EC00012042E7EDF765FC4FF424
:1044D0007A7001F03DFC4FF44270F4F757FC4FF452
:1044E00096711148F6F7DEFD4FF44270EDF7B4FD1A
:1044F00064210D48F6F7D6FD0120F4F747FC084883
:104500000068B0F8D60018B14FF48050F4F73EFCC4
:1045100064210548F6F7C6FDEDF73EFC002017E7DD
:10452000F4010020F801002050FBFFFF70B52DEDD5
:10453000028B002400260025A848006890ED3E0A62
:10454000B5EEC00AF1EE10FA7ED00D20A44909683C
:1045500048854FF4FA7001F0FBFB0020FEF7F2FAF9
:104560009FEDA00A9D48006880ED240AB1EE080A7C
:104570009A48006880ED250A9FED9B0A97480068DD
:1045800080ED260A322095490968A1F86C000020C8
:1045900092490968A1F86E0090480068B0F86E0072
:1045A00003B28E48006890F86C2000210846F6F7A8
:1045B0008BFB5FE04FF47A7001F0CAFB601C84B2A1
:1045C0008648006890ED210A10EE101A084605F0A2
:1045D0005BFC41EC180B9FED850B53EC102B05F0A9
:1045E00027FB00D847E0B4F5967F38DD7B480068AC
:1045F00090ED210AF3EE090AB4EEE00AF1EE10FAAA
:104600002DD266BB01269FED770A7448006880EDC5
:10461000240AB1EE080A7148006880ED250A9FED72
:10462000720A6E48006880ED260A32206B490968DC
:10463000A1F86C00002069490968A1F86E0067487C
:104640000068B0F86E0000E09DE003B263480068C7
:1046500090F86C2000210846F6F736FB0AE0B4F526
:10466000167F07DD17205E49096888800120BDECB0
:10467000028B70BD9EE700BF0020FEF763FA4FF487
:104680008060F4F783FB0024002663E04FF47A7027
:1046900001F05EFB601C84B25048006890ED210A76
:1046A00010EE101A084605F0EFFB41EC180B9FEDD9
:1046B000510B53EC102B05F081F900D84BE0B4F509
:1046C000967F36DD4548006890ED210AF3EE090A31
:1046D000B4EEE00AF1EE10FA2BD256BB01269FEDA4
:1046E000410A3E48006880ED240AB1EE080A3B48C2
:1046F000006880ED250A9FED3C0A3848006880ED8F
:10470000260A322035490968A1F86C000020334997
:104710000968A1F86E0031480068B0F86E0003B275
:104720002E48006890F86C2000210846F6F7CCFA75
:1047300009E040F2DC50844205DD21202849096867
:104740008880012093E70020FEF7FCF94FF4806099
:10475000F4F71CFB9AE700BF4FF48060EDF77CFC98
:10476000002408E01E480068408B0544C82001F082
:10477000EFFA601C84B20A2CF4DB0A20B5FBF0F5DA
:1047800017490968CD859FED170A1448006880ED28
:10479000240AB1EE080A1148006880ED250A9FED51
:1047A000120A0E48006880ED260A32200B4909687B
:1047B000A1F86C00002009490968A1F86E000748BB
:1047C0000068B0F86E0003B20448006890F86C20EE
:1047D00000210846F6F778FA002048E7F4010020A7
:1047E000F801002000806D45000048443333333326
:1047F00033F348400000000000C048400248006811
:10480000C0F30220704700000CED00E010B5002856
:1048100004DB0A07130E054A135406E00A07140EB8
:10482000034A00F00F031B1FD45410BD00E400E046
:1048300018ED00E0EFF3058070472DED020B0198B5
:1048400020F0004001909DED000B02B07047000089
:1048500070B5D94B00242DED020B2DED108BDDE949
:104860001010984205DA20F000429A4201D809D18E
:1048700041B19DED100BBDEC108B02B0BDE8704056
:1048800000F05EBAB0F5801F26DA11430BD0002885
:1048900013DA0120EBF73AFFBDEC108B02B0BDE854
:1048A000704000F059BA0220EBF730FF00F030FA08
:1048B00051EC100B04F0A3FD9EE06FF035049FED6A
:1048C000C00B53EC102B9DED100B51EC100B05F0B1
:1048D000B1F8CDE91001084604EB2051C0F31304F0
:1048E000B948A1F2FF31204400F4801080F07F62CB
:1048F00082F04052224301EB20559FEDB50B1192FF
:1049000053EC102B9DED100B51EC100B05F0D2F970
:1049100041EC180BA01CC0F313009FEDAFDB9FED23
:10492000B0EBB14E7E4403286CD296ED000B51ECF7
:10493000180B53EC102B04F0ADFF1DD1002D01BF5F
:1049400096ED000BBDEC108B02B070BD284605F053
:104950000AF841EC180B53EC1D2B05F06BF841ECF9
:10496000190B53EC1E2B51EC180B05F063F853ECAC
:10497000192B04F083FD3FE09FED9D0B51EC180BCC
:1049800053EC102B05F056F89FED9B1B53EC112BAD
:1049900005F084F941EC190B53EC182B51EC180B72
:1049A00005F048F853EC192B05F044F841EC190BCD
:1049B000002D04BF53EC192B51EC180B1AD02846CC
:1049C00004F0D1FF41EC1A0B53EC1D2B05F032F82B
:1049D00053EC192B05F062F953EC182B05F06AF92A
:1049E00041EC180B53EC1E2B51EC1A0B05F022F87E
:1049F00053EC182B05F05EF9BDEC108B02B041ECC6
:104A0000100B70BD9FED7E0B51EC180B53EC102B6F
:104A100004F034FD41EC100B51EC180B53EC102B4F
:104A200004F0E0FD41EC190B284604F09CFF41EC3A
:104A30001B0B53EC192B51EC190B04F0FBFF41EC51
:104A40001A0B714853EC1A2B261851EC1A0B04F070
:104A5000F1FF41EC1F0B6D48C4F1510404F5D7245C
:104A6000B0EE4F0AF0EE6F0A0321784400F0D2F85E
:104A700053EC1F2B51EC100B04F0DCFF41EC1C0B32
:104A80006348B0EE4F0AF0EE6F0A0421784400F05C
:104A9000C1F853EC1A2B51EC100B04F0CBFF34434C
:104AA00053EC1C2B04F0EAFC41EC1C0B002C4CDDFD
:104AB0009FED510B51EC180B53EC102B04F0BAFF87
:104AC00053EC182B04F0B6FF41EC1A0B55B353EC22
:104AD0001D2B51EC1B0B04F0ADFF41EC1D0B53ECF7
:104AE0001C2B51EC1A0B04F0C9FC53EC192B04F0ED
:104AF000A1FF53EC1D2B04F0C1FC53EC1A2B05F065
:104B0000CDF853EC182B05F0D5F841EC180B53EC0D
:104B10001E2B51EC1B0B04F08DFF53EC182B05F0F2
:104B2000C9F869E753EC1C2B51EC1A0B04F0A6FCF6
:104B300053EC192B04F07EFF53EC1A2B05F0AEF862
:104B400053EC182B05F0AAF856E735B353EC1D2BA0
:104B500051EC1B0B04F06EFF41EC1A0B53EC1C2BB9
:104B600051EC180B05F0A6F853EC192B04F062FF7A
:104B700053EC1A2B05F09EF853EC182B05F09AF81D
:104B800041EC180B53EC1E2B51EC1B0B04F052FFA5
:104B900053EC182B05F08EF82EE753EC1C2B51EC40
:104BA000180B05F087F853EC192B04F043FF53EC76
:104BB000182B05F073F81FE70000F07F00000000DD
:104BC0000000000000005043645F09000000000086
:104BD000000000000000F03F763C7935EF39EA3DF7
:104BE0000000E0FE422EE63F0868000000000000E2
:104BF000555555555555D53F000000000000E03F84
:104C0000000000000000004086EBF9FF8A6600000B
:104C10008066000070B504462DED028B4D1E00EB42
:104C2000C500B0EE408AF0EE608A90ED000B35F0E2
:104C3000060017D053EC182B51EC100B04F0FAFEC1
:104C400041EC100B6D1E04EBC50090ED001B51EC08
:104C5000100B53EC112B04F011FC41EC100B35F050
:104C60000600E7D1022D36D0042D1CD0062D1CBF26
:104C7000BDEC028B70BD53EC182B51EC100B04F003
:104C8000D9FE94ED0A1B53EC112B04F0F7FB53EC07
:104C9000182B04F0CFFE94ED081B53EC112B04F0FD
:104CA000EDFB41EC100B53EC182B51EC100B04F006
:104CB000C1FE94ED061B53EC112B04F0DFFB53EC0B
:104CC000182B04F0B7FE94ED040B53EC102B04F0FA
:104CD000D5FB41EC100B53EC182B51EC100B04F0EE
:104CE000A9FE94ED021B53EC112B04F0C7FB53EC0F
:104CF000182B04F09FFE94ED001B53EC112B04F0D5
:104D0000BDFBBDEC028B41EC100B70BD0000000040
:104D10009FED070B10B553EC102B9FED070B51ECDB
:104D2000100B04F05FFC41EC100B10BD0000000004
:104D30000000000000000000000000000000F03F44
:104D400010B553EC102B51EC100B04F097FB41EC19
:104D5000100B10BD000000009FED050B10B553ECCB
:104D6000102B51EC100B04F03DFC41EC100B10BD6E
:104D700000000000000000007047000010B5002493
:104D800006480078012806D10548006880470020C1
:104D90000249087000E00624204610BD9A00002059
:104DA000A00000202DE9F04705460C464FF0000A10
:104DB0002088042832D168784FEA0028A87840EA91
:104DC000080808F101001FFA80F8EE78012E22DBB6
:104DD000802E20DC2F4600202080662007F8010B63
:104DE0002088401C208007F8016B2088401C208010
:104DF000002332464146384600F0A0FC8146B9F116
:104E0000000F04D0484602F0A7F8824608E0208848
:104E10003044208004E04FF0030A01E04FF0030A21
:104E20005046BDE8F0872DE9F05F06460D464FF08D
:104E3000000B2888052848D170784FEA0029B078FF
:104E400040EA090909F101001FFA80F9F07804022B
:104E500030790443012C35DBB4F5FA6F32DA37468A
:104E600000202880012007F8010B2888401C28809A
:104E700004F0070040B12046E11704EB5171C9105E
:104E8000491C01F0FF0805E02046E11704EB5171D1
:104E9000C1F3C70807F8018B2888401C288000232D
:104EA00022464946384600F07BFC8246BAF1000FA4
:104EB00004D0504602F050F8834608E02888404469
:104EC000288004E04FF0030B01E04FF0030B58463D
:104ED000BDE8F09F2DE9F05F06460D464FF0000B50
:104EE0002888052847D170784FEA0029B07840EA31
:104EF000090909F101001FFA80F9F07804023079FC
:104F00000443012C34DBB4F5FA6F31DA3746002064
:104F10002880022007F8010B2888401C288004F014
:104F2000070040B12046E11704EB5171C910491C3C
:104F300001F0FF0805E02046E11704EB5171C1F3D1
:104F4000C70807F8018B2888401C2880224649465C
:104F5000384600F0BDFC8246BAF1000F04D050463E
:104F600001F0FAFF834608E028884044288004E0E6
:104F70004FF0030B01E04FF0030B5846BDE8F09FE4
:104F80002DE9F04705460C464FF0000A2088052819
:104F900037D168784FEA0028A87840EA080808F175
:104FA00001001FFA80F8E87806022E79012E25DB31
:104FB0007D2E23DC2F4600202080032007F8010BE4
:104FC0002088401C20807006000E07F8010B208806
:104FD000401C2080002332464146384600F0CAFC7F
:104FE0008146B9F1000F04D0484601F0B5FF824672
:104FF00009E0208800EB4600208004E04FF0030A1F
:1050000001E04FF0030A5046BDE8F0872DE9F04774
:1050100005460C464FF0000A2088052837D16878ED
:105020004FEA0028A87840EA080808F101001FFAB2
:1050300080F8E878060228790643012E24DB7D2ECD
:1050400022DA2F4600202080042007F8010B208858
:10505000401C20807006000E07F8010B2088401CC1
:10506000208032464146384600F0DAFC8146B9F1EC
:10507000000F04D0484601F06FFF824609E0208807
:1050800000EB4600208004E04FF0030A01E04FF0FF
:10509000030A5046BDE8F0872DE9FC5F04460D4643
:1050A0000020009028880A2855DB60784FEA002A03
:1050B000A07840EA0A0AE07806022079064360797F
:1050C0004FEA002BA07940EA0B0BE0790702207A27
:1050D0000743607A0190012E3BDB7D2E39DC012FE6
:1050E00037DB792F35DC79000198814231D10123FA
:1050F0003A46594604F10A0000F03CFC8146B9F1F9
:10510000000F1ED1A04600202880172008F8010BB0
:105110002888401C28807006000E08F8010B28889B
:10512000401C2880002332465146404600F022FCB5
:105130008146B9F1000F04D12888022101FB060045
:105140002880B9F1000F06D0484601F005FF009015
:1051500001E0032000900098BDE8FC9F70B5054673
:105160000C46064802880649681CEBF7FFF903481D
:105170000088401C2080002070BD000088000020B6
:10518000604C00202DE9F04704460D464FF0000921
:105190002888042817DB60780602A0780643701C74
:1051A00086B294F80380012342463146201D00F068
:1051B000C5FA074627B1384601F0CEFE814604E025
:1051C0000420288001E04FF003094846BDE8F0873D
:1051D0002DE9F84304460F464FF0000838880528AB
:1051E00029D160780502A0780543681C85B2207932
:1051F000F0B9E078FF2801D0E078C8B900208DF838
:105200000100E078FF2803D101208DF8000002E0C2
:1052100000208DF8000001231A462946684600F058
:10522000BFFA06464EB1304601F096FE804604E0D5
:105230004FF0030801E04FF003084046BDE8F88353
:105240002DE9F04104460F464FF000083888052844
:1052500012D160780502A0780543681C85B201234D
:105260001A462946E01C00F085FB064636B130465A
:1052700001F072FE804601E04FF003084046BDE8B1
:10528000F0812DE9F05F05460E464FF0000B3088A7
:10529000052839DD68780702A8780743781C87B2AB
:1052A000E87804022879044395F805A004F0070083
:1052B00040B12046E11704EB5171C910491C01F0BF
:1052C000FF0805E02046E11704EB5171C1F3C70860
:1052D000012C16DBB4F5F66F13DCD04511D1012398
:1052E00022463946A81D00F05BFA8146B9F1000F4D
:1052F00004D0484601F030FE834607E005203080A8
:1053000004E04FF0030B01E04FF0030B5846BDE8FB
:10531000F09F2DE9F04704460E464FF0000A308812
:10532000062828DB60780702A0780743781C87B23C
:10533000E07805022079054394F80590012D17DBEC
:10534000782D15DC6806000E484511D101232A4648
:105350003946A01D00F00EFB8046B8F1000F04D0C6
:10536000404601F0F9FD824607E00520308004E068
:105370004FF0030A01E04FF0030A5046BDE8F08702
:105380002DE9F04705460C4616461F46DDF82090ED
:105390004FF000081CB1012C01DBF72C02DD4FF0AF
:1053A000020835E01C48047005BB1C481C49086015
:1053B0001C481D4908601D481D4908601D481E49BC
:1053C000086000201D4908601D481E4908601E48ED
:1053D0001E4908601E481F4908604B463A46314640
:1053E0000D48007800F0E4F8804602E04FF0020833
:1053F00000BF00BFB8F1000F0AD102F07BFA10B96C
:105400004FF0030804E014480570012013490870A8
:105410004046BDE8F08700009800002001570508CD
:10542000A000002025570508A4000020715605089B
:105430009C00002009560508A8000020AC000020B0
:10544000A17A0508B0000020697B0508B40000209F
:10545000297B0508B8000020990000209A00002050
:1054600038B500254848007808B1062038BD6846A0
:1054700002F02EFA012876D19DF8000030B1012803
:1054800005D002281CD003287AD178E078E03F4A82
:105490003F494048404B1B68984705467DB93D4809
:1054A00000783E490978884206D03A48007818B119
:1054B00038480078FF2802D1022002F023FA5FE08A
:1054C0003348006800783649087001203549087073
:1054D000002417E0344810F8340000B914E03248D2
:1054E00010F834002E49097888420AD12E4800EB82
:1054F000C400264942682648006890472949087038
:1055000002E0641C102CE5DB00BF2248007848B3A1
:1055100024480078C8B100201C4908802048007841
:1055200040F08001194802880088401C174B188001
:105530001748006881541B48017818460288008883
:10554000401C188012480068815412480078FF28D7
:105550000AD10E4802880E480168FF20134B1B68D1
:10556000984705460AE00CE00848028808480168A8
:105570000A4800780D4B1B689847054600E000BFBD
:1055800000BF002072E700009A0000204A010020BE
:105590004401002048010020A800002098000020BD
:1055A000490100204C010020C40000209C00002084
:1055B0002DE9F04781460E4614461F464FF000087D
:1055C000EDF786FB3B4608222146304602F0B8F94B
:1055D000012802D04FF003080FE0B4F5964F01D92F
:1055E000232503E060000749B1FBF0F5A8B202F003
:1055F00035FA012801D04FF00308EDF71DFD4046B4
:10560000BDE8F08740FCEA002DE9F04105460E4672
:1056100014460027EDF75CFB1248008804281BDBCA
:1056200010480188104801F09BFDA8B90E48007889
:1056300028700C480088C01E2080002005E00A4A1F
:10564000411C525C094B5A54401C21888142F6DCB3
:105650000648401C306000E00527EDF7EDFC3846B9
:10566000BDE8F08196000020804C0020804D002095
:105670002DE9F04105460E4617464FF00008EDF7BC
:1056800027FB1B48007801282BD1701E19490860A0
:1056900001201949088017480068057008460088ED
:1056A00038440880084601881248006801F058FD17
:1056B000044611490888411C0F4B19800D4909689F
:1056C0000C54221219460888411C1980094909689E
:1056D0000A540120094908700121002001F0BEFD93
:1056E00001E04FF00508EDF7A7FC4046BDE8F0816A
:1056F0008D00002090000020940000208C000020ED
:1057000010B5EDF7E5FA00200549087000210120E9
:1057100001F0A4FD01F0E0FDEDF78EFC10BD0000EE
:105720008D00002010B5EDF7D3FA0021084601F0F6
:1057300095FD01F0BBFDEDF77FFC10BDF0B5044613
:105740001E4600200023012924DB082922DC124FF9
:105750003F88CD1B16B1012E1BD10CE008E00F4F86
:1057600007EBC517FF5C04F8017B5B1C571EFAB200
:10577000002AF4DC0DE00AE014F8017BDFF81CC01D
:105780000CEBC51C0CF803705B1C571EFAB2002A08
:10579000F2DC00E00120F0BD56010020804E002028
:1057A0002DE9F05F05460E4614469A464FF0000B71
:1057B0002046E11704EB5171C91001F10109012ED6
:1057C00078DB3019412875DC3D490988701AC1170A
:1057D00000EB5171CF103A490988701AC11700EBDC
:1057E0005171C910A0EBC108BAF1000F03D0BAF192
:1057F000010F5DD125E00DE01FFA88F13A467F1CCC
:10580000304B1B68D018082202F0E6F905F8010BAE
:10581000A9F10109B9F1000FEEDC6D1E2046E11778
:1058200004EB5171C910A4EBC1018CB22878C4F10A
:105830000801884028702878C4F1080108412870C0
:1058400036E010E015F8013B1FFA88F13A467F1C5C
:10585000DFF870C0DCF800C002EB0C00082202F098
:10586000D0F9A9F10109B9F1010FEBDC2046E117EC
:1058700004EB5171C910A4EBC1018CB215F8013BC6
:10588000E2B21FFA88F1BC467F1CDFF838E0DEF890
:1058900000E00CEB0E0002F0B4F90B48007838B9C8
:1058A00001200949087002210848006800F066FCE0
:1058B00002E0FFE74FF0010B5846BDE8F09F000003
:1058C00050010020E8010020B80200204803002019
:1058D0002DE9F04705460E4614464FF0000A2046D3
:1058E000E11704EB5171C91001F10109012E38DBF8
:1058F0003019212835DC1D490988701AC11700EBC1
:105900005171CF1019490988701AC11700EB5171F4
:10591000C910A0EBC1080DE01FFA88F13A467F1CC0
:10592000134B1B68D018082202F056F905F8010B3A
:10593000A9F10109B9F1000FEEDC6D1E2046E11757
:1059400004EB5171C910A4EBC1018CB22878C4F1E9
:105950000801884028702878C4F10801084128709F
:1059600001E04FF0010A5046BDE8F0874E010020EB
:10597000E4010020F0B504460D460020012D46DB71
:10598000AE18B6F5817F42DA224E3688A91B13B1D4
:10599000012B3BD113E00FE01F4E366836F8116043
:1059A000361204F8016B1C4E366816F8116004F8C4
:1059B000016B491C561EB2B2002AEDDC26E023E042
:1059C00014F8017B3E02144F3F6827F8116014F869
:1059D000016B114F3F6837F811703E430E4F3F681F
:1059E00027F8116019B901260C4F3E7009E0002913
:1059F00007DD0A2905DA084F3F6839800126074F7D
:105A00003E70491C561EB2B2002AD9DC00E00120CB
:105A1000F0BD000054010020EC010020A80200208D
:105A200030B503460020012919DB8D18412D16DC05
:105A30000C4D2D884C1B0FE00B4D2D6835F8145084
:105A40002D1203F8015B084D2D6815F8145003F86A
:105A5000015B641C551EAAB2002AEDDC00E00120A7
:105A600030BD000052010020F00100202DE9F0417E
:105A70002DED028B05460E4614467F490E80002010
:105A80007E4908707E4908807E4908807E4908600A
:105A90007E4908707E4908601E27601E84B224B9C2
:105AA0007C4800887C49088004E001247B48008809
:105AB000794908807A480068B0F856007649098824
:105AC00048434FF47A7190FBF1F0764908807448AE
:105AD0000068B0F858007049098848434FF47A715B
:105AE00090FBF1F0704908806D480068B0F85A00EA
:105AF0006949098848434FF47A7190FBF1F06B498A
:105B000008804FF47A7000F023F900BF0A2000F0FB
:105B10001FF9674800681C3030F814006549088098
:105B200059480068401C584908605848007810B12E
:105B3000012875D11BE000EE105AB8EE400AF2EED3
:105B4000040A80EE201AB0EE418AB0EE480A4A48B4
:105B5000008800B2FCF774FD01204C490870002059
:105B600048490880544908804949086059E051482B
:105B700000884D490988884221DB4F480088002869
:105B800004DD00204C490880414908603D480088F8
:105B9000401C3C4908803E48006846490988084442
:105BA0003B49086037480088B84237DB322000F0B4
:105BB000CFF8FCF79BFF0120304908702EE03D48EC
:105BC000008838490988884221DC3B480088401C0D
:105BD000394908802B480088002804DD0020294925
:105BE00008802B4908602A4800683249098808441F
:105BF0002749086030480088B8420FDB322000F0A7
:105C0000A7F8FCF773FF01201C49087006E000208C
:105C10001C490880284908801D49086001E0FFE709
:105C200000BF00BF2348008824490880244800782A
:105C300020B91248007800283FF468AF2048007867
:105C400070B1FCF765FF1F48006800F009FC4FF4D5
:105C5000FA7000F07DF80120BDEC028BBDE8F08108
:105C60000648007828B14FF4FA7000F071F800206F
:105C7000F2E70020F0E700002002002019020020D7
:105C8000FE0100200002002014020020100200206B
:105C90001C0200202E0300200402002030030020FC
:105CA000F40100200C0200200A0200200E02002055
:105CB000F801002006020020020200200802002055
:105CC000FC01002054030020EDF7B0FEFDF730F892
:105CD000F1F74CFCF1F746FDF1F7EEFAF1F702FCB3
:105CE000F2F7B0F8F2F79AF9F2F718F9F1F7CAFEFD
:105CF000F1F7B4FFF2F740F9F1F768FFF1F714FF9D
:105D0000F2F716F8F1F720FEF2F7FCF9F1F72EFCA6
:105D1000F2F7FAFAF1F7FCFD0A48016841F08071E8
:105D200001600948F1F7FEF8012211020748EDF77A
:105D300065FEF0F719F800F01BF8F1F785FC00F0AC
:105D40002DF8FEE7743802400010014000080240C0
:105D500070B50546FEF76EFD10B16FF0050404E066
:105D6000002415B1284601F023FC204670BD000038
:105D700010B5FEF75FFD10B16FF0050409E00648AD
:105D8000006820B9012004490860002401E04FF0B8
:105D9000FF34204610BD00005000002070B5FEF713
:105DA00049FD10B16FF005041FE01148006801289B
:105DB00019D100BF801F0021002804DB0A07130E41
:105DC0000C4A135406E00A07150E0B4A00F00F03A5
:105DD0001B1FD55400BF00BF02200549086001F019
:105DE000CBFC002401E04FF0FF34204670BD0000E2
:105DF0005000002000E400E018ED00E02DE9F04143
:105E000004460D4624F0010604F001080027FEF7C1
:105E100011FD08B1BF1F1FE016B96FF003071BE0AB
:105E2000B8F1000F0CD02946304602F035FD0128AC
:105E300012D015B16FF001070EE06FF002070BE012
:105E40002946304602F04CFC012805D015B16FF010
:105E5000010701E06FF002073846BDE8F0812DE947
:105E6000F04704460026FEF7E5FC00284DD10CB1B2
:105E7000676800E0002707F0010008B1012500E095
:105E8000002507F0080008283FD04FF0FF3874B114
:105E9000A06828B1E068502802D34FF0010808E05C
:105EA000A06830B9E06820B94FF0000801E04FF079
:105EB0000008B8F1010F0CD12DB10420A16802F047
:105EC00010F8064612E00120A16802F00AF8064622
:105ED0000CE0B8F1000F09D125B1042001F0F0FF6A
:105EE000064603E0012001F0EBFF06464EB114B177
:105EF000D4F8009001E04FF000094946304601F027
:105F0000E9FA16B10DB146F001063046BDE8F0875A
:105F10002DE9F041044624F0010504F001070026B4
:105F2000FEF788FC08B1B61F16E015B96FF003063E
:105F300012E03FB1284602F095FA01280CD06FF02C
:105F4000020609E000231A461946284602F0C8F85E
:105F5000012801D06FF002063046BDE8F081000054
:105F6000F8B504460D46264600270EB93F1F29E026
:105F7000FEF760FCD0B115B16FF0030722E00020FE
:105F800000906A460021304602F044FB012802D00E
:105F90006FF0020716E00098A0B14FF080500A4958
:105FA0000860BFF34F8FBFF36F8F0BE02946304679
:105FB00002F096FB012805D015B16FF0010701E052
:105FC0006FF002073846F8BD04ED00E02DE9F84314
:105FD00005460F4614464FF00008FEF72BFC00283C
:105FE00057D1002D55D0AF4253D8461E64B1A0689A
:105FF00020B1E068502801D3012606E0A06820B94E
:10600000E06810B9002600E00026701C002840D08F
:10601000012D23D1012E09D1032000900022114629
:106020000120A36801F09FFF804605E003220021C4
:10603000012001F06BFF8046B8F1000F1CD0DFB1EA
:1060400000231A461946404602F04AF8012813D0A8
:10605000404601F055FA4FF000080DE0012E06D140
:1060600039462846A26801F0F9FE804604E0394628
:10607000284601F0C5FE8046B8F1000F09D014B1E2
:10608000D4F8009001E04FF000094946404601F085
:1060900021FA4046BDE8F883F8B5044625460026B7
:1060A0000DB9361F22E0FEF7C5FBA8B10020009015
:1060B0006946284602F066F9012802D06FF0020610
:1060C00014E0009890B14FF0805009490860BFF388
:1060D0004F8FBFF36F8F09E000231A4619462846F9
:1060E00001F0FEFF012801D06FF002063046F8BD36
:1060F00004ED00E0F8B50546FEF79CFB10B16FF02B
:10610000050421E005F0004010B16FF003041BE02E
:1061100002F006FE06466B4600221146304602F0AB
:10612000B9FC01280ED1009C0098A84300900023E0
:1061300003223046009902F0ADFC012804D04FF054
:10614000FF3401E04FF0FF342046F8BD38B5FEF7CC
:1061500071FB18B16FF0050000900DE002F0E0FD5A
:1061600004466B4600221146204602F093FC0128AB
:1061700002D04FF0FF300090009838BDFEB50446C5
:106180000D46264616B105F0004018B16FF0030029
:1061900002902EE04FF0FF300290FEF74BFBE0B193
:1061A0000020019001A800230122294600903046DA
:1061B00002F004FD002002AB02460146009030468A
:1061C00002F0FCFC0198A0B14FF080500A49086031
:1061D000BFF34F8FBFF36F8F0BE0002301222946DF
:1061E000304602F057FC02AB00221146304602F066
:1061F00051FC0298FEBD000004ED00E02DE9FC5FBB
:10620000054689461646FEF715FB10B16FF00504EA
:106210004AE005F0004010B16FF0030444E009F0DB
:106220000200022802D14FF0000A00E0AA46002432
:10623000374602F08BFD009000BF3B4601AA514655
:10624000002002F02BFE8046B8F1010F22D12C4035
:106250000198044309F0010040B105EA0400A84296
:1062600000D120E056B96FF002041CE005EA0400FA
:1062700000B118E016B96FF0020414E002F066FDF8
:106280000099A0EB010BBB4501D9002708E0A7EB63
:106290000B0705E016B96FF0020401E06FF001048E
:1062A000B8F1000FC9D100BF2046BDE8FC9F2DE921
:1062B000FF4780468946144600200390FEF7BAFA4D
:1062C00000284ED1B8F1000F4BD080261825824609
:1062D000471E44B3206808B1D4F800A0A06900B1FB
:1062E000A5692DB1382D03D8207900F0010018B12F
:1062F000002004B0BDE8F087606908B160698608D5
:10630000A06840B1E0685C2805D3206918B16069D5
:1063100008B1012708E0A06830B9E06820B9206919
:1063200010B9002700E00027012F0CD12169A068D7
:106330004B463246CDE9005102905146404602F0AC
:106340004BFB03900DE067B903A8B2B24B46514630
:10635000CDE90050404602F00DFB012801D000209D
:1063600003900398C5E700002DE9FE4F06468946D5
:1063700092461C4600200290FEF75CFA00284BD1A2
:10638000002E49D0082000F009FE0546002D43D01C
:106390002E60C5F804A0B9F1000F01D1002700E07C
:1063A00001274FF0FF384FF0000B94B1206808B17F
:1063B000D4F800B0A06828B1E0682C2802D34FF0D0
:1063C000010808E0A06830B9E06820B94FF0000883
:1063D00001E04FF00008B8F1010F0BD11049A0689F
:1063E0002B463A46CDE900100121584602F033FF12
:1063F00002900BE0B8F1000F08D109482B463A464D
:1064000001210090584602F00BFF0290029818B943
:1064100015B1284600F0BCFF0298BDE8FE8F0000D1
:1064200099350508F8B505460E462F46FEF702FADF
:1064300010B16FF0050411E017B96FF003040DE01F
:1064400000200346324604210090384602F078FFCF
:10645000012801D1002401E06FF002042046F8BDBC
:10646000F8B505462E46FEF7E5F910B16FF00504C4
:1064700018E016B96FF0030414E0304602F0A2FFF2
:1064800010B96FF002040DE000200346024603211C
:106490000090304602F054FF012801D1002401E0B1
:1064A0004FF0FF342046F8BD2DE9F04105460E4679
:1064B0001648076816480068001D00F06DFE681C4D
:1064C00038B936B112480168091D124800F0BAFE09
:1064D0001AE07C190E4800684460BC4207D20C48A0
:1064E0000168091D0C48006800F092FE0CE00848A5
:1064F0000168091D0948006800F08AFE0848006824
:10650000844201D206480460BDE8F08114000020F6
:10651000000000207C08002008000020040000206B
:106520003000002010B5044600F0EAFE2448006860
:10653000401C234908602348006840B92148046092
:106540000846006801280DD100F042FA0AE01E4812
:10655000006838B91B480068C06AE16A884201D8FF
:106560001848046019480068401C1849086008462B
:10657000006860641649E06A0968884202D91449D3
:10658000E06A0860E16A01EB8101124A02EB8100D6
:10659000211D00F057FE00F0DDFE0B48006868B1D9
:1065A00008480068C06AE16A884207D24FF080500C
:1065B00009490860BFF34F8FBFF36F8F10BD000014
:1065C00010000020000000201C0000202C000020F3
:1065D00018000020CC03002004ED00E008B500F016
:1065E0008FFE12480068E8B9114800F001FE11481A
:1065F00000F0FEFD0E48104908600E480F49086083
:1066000000200F4B0F4A102100900A2001F0ABFC34
:10661000064908600846006820B10BA103480068DD
:1066200000F058FF00F096FE08BD00004400002076
:1066300090080020A40800203C000020400000201A
:10664000B808002008090020546D725100000000B5
:1066500010B516E000F054FE0C48C068C468201D58
:1066600000F09AFD0A480068401E09490860094880
:106670000068401E0749086000F06CFE204600F0EC
:106680005FF8044800680028E4D110BD68080020C5
:10669000100000200C00002070B504460D46206C50
:1066A00070B1216CE0680144E160D4E902108842D5
:1066B00001D32168E1602846226CE168E9F756FFC2
:1066C00070BD2DE9F04104460F4615464FF0000815
:1066D000A66B206C48B9206800282CD1A06802F075
:1066E0002DFC80460020A06025E07DB93946226C53
:1066F0006068E9F73BFF216C606808446060D4E99A
:106700000101884217D32068606014E03946226C8A
:10671000E068E9F72BFF216CE068411AE16021682D
:10672000E068884203D2216CA068411AE160022D22
:1067300001D106B1761E701CA0634046BDE8F08111
:1067400010B5044694F8590030B9206B00F020FED3
:10675000204600F01DFE1AE094F85900012803D1EC
:10676000204600F015FE12E094F85900022801D1ED
:10677000012000E0002050B900BF502080F31188B4
:10678000BFF34F8FBFF36F8F00BF00BFFEE710BD99
:1067900001464A6A22B10A6B1268C2F1380000E071
:1067A000002070470146084A126812680AB901229F
:1067B00000E000220A600A6822B9034A1268D2681F
:1067C000106800E0002070473C00002030B54FF416
:1067D0007053174800F007042CB1C01D20F00700CB
:1067E000134C041B1B1B0246124C22600024114D4B
:1067F0006C60D018083820F007000F4C206000248F
:106800000D4D2D686C600C4D2D682C601146441A9E
:106810004C60094C24680C60084D4C682C60084D95
:106820004C682C604FF00044064D2C6030BD0000D9
:1068300060100020540000205C0000206400002054
:10684000600000207000002000BFFFF701FF064835
:1068500000680128F9D94FF0805004490860BFF35F
:106860004F8FBFF36F8FF0E7CC03002004ED00E003
:1068700010B5044654B10020A06020600021E16002
:1068800000231A461946204601F02AFC10BD2DE9C6
:10689000F04106460D4617469846069C0DB9246001
:1068A00000E02760E66325640121204601F0CCFB6F
:1068B00084F84C80BDE8F0812DE9F05F82460E46F9
:1068C00090469B460A9F0C9C4FEA8801A522206BAC
:1068D000E9F7C3FEA8F10100216B01EB800929F063
:1068E000070909F0070008B9012000E0002050B9AD
:1068F00000BF502080F31188BFF34F8FBFF36F8F1D
:1069000000BF00BFFEE786B1002507E0715D04F11E
:1069100034004155705D00B902E06D1C102DF5D3B7
:1069200000BF00214320015502E0002084F834001C
:10693000382F00D33727E762E76400202065201D49
:1069400000F063FC04F1180000F05FFC2461C7F163
:106950003800A06164620020606584F858005A46DF
:106960005146484600F0E6FB20600B9808B10B98B2
:106970000460BDE8F09F2DE9F04706460D46174636
:106980009846DDE908940DB1012000E0002050B9DF
:1069900000BF502080F31188BFF34F8FBFF36F8F7C
:1069A00000BF00BFFEE78CB1FFF718FE2660A561AF
:1069B000C4F81C80C4F82090201D00F026FC2FB1E4
:1069C00094F8280040F0040084F82800BDE8F0871F
:1069D00010B5002407E004EB84010F4A02EB8100AC
:1069E00000F006FC641C382CF5D30C4800F000FCC9
:1069F0000B4800F0FDFB0B4800F0FAFB0A4800F0E2
:106A0000F7FB0A4800F0F4FB044809490860044811
:106A10000849086010BD0000CC0300202C080020AD
:106A20004008002054080020680800207C0800204E
:106A3000040000200800002010B50146164800E0C0
:106A4000006803688B42FBD30246436813448B42C1
:106A500004D143684C682344436001460A464B68AE
:106A600013440468A34211D10C4C03682468A34268
:106A700008D04B680468646823444B6003681B6853
:106A80000B6005E0054B1B680B6001E003680B60C1
:106A9000884200D0016010BD540000205C0000203E
:106AA0002DE9F04104460D4616461F464FF00008FA
:106AB00065602461B5420CD8F01BA169884202D3FD
:106AC0004FF0010811E0211D0948006800F0A0FB0B
:106AD0000BE0BE4204D2BD4202D34FF0010804E0F5
:106AE000211D0448006800F093FB4046BDE8F0819A
:106AF000400000203C00002070B5054600F000FC7E
:106B0000A86B08B9012400E0002400F023FC204613
:106B100070BD70B5054600F0F3FBA86BE96B8842C9
:106B200001D1012400E0002400F014FC204670BDD7
:106B3000F8B505460F461A480068C068C468201DAD
:106B400000F02AFB94F8280000F00400E8B1A069E6
:106B500041192B463A462046FFF7A2FFD8B1002044
:106B600003462A4601460090204602F0E9FB06460D
:106B700056B900BF502080F31188BFF34F8FBFF389
:106B80006F8F00BF00BFFEE705E094F8280020F0FB
:106B9000010084F828002046216A8847F8BD0000DB
:106BA0003C000020F0B587B0A0E00398002811DA7F
:106BB00004AE56B900BF502080F31188BFF34F8F49
:106BC000BFF36F8F00BF00BFFEE7D6E90020B168BA
:106BD000904700BF03980028E6DB059C606908B970
:106BE000012000E0002010B9201D00F0D5FA02A815
:106BF00000F0DEF8054603980A2875D2DFE800F0B9
:106C000009050739416306083A4200BF00BF00BFCB
:106C100000BF94F8280040F0010084F82800049890
:106C2000A269811803462A462046FFF739FFF8B1CA
:106C30002046216A884794F8280000F00400B8B183
:106C4000002000900498A1694218002319462046AC
:106C500002F076FB074657B900BF502080F3118839
:106C6000BFF34F8FBFF36F8F00BF00BFFEE700BFC2
:106C70003BE000BF94F8280020F0010084F82800D1
:106C800033E000BF94F8280040F0010084F82800A9
:106C90000498A061A06908B1012000E0002050B96B
:106CA00000BF502080F31188BFF34F8FBFF36F8F69
:106CB00000BF00BFFEE7A06941192B462A462046C7
:106CC000FFF7EEFE11E094F8280000F0020018B97A
:106CD000204600F05DFB05E094F8280020F001005C
:106CE00084F8280001E0FFE700BF00BF002203A9ED
:106CF0000448006801F0DAFB00287FF456AF07B0C3
:106D0000F0BD000044000020F8B505460C4600F038
:106D10008FFD684600F04CF80646009820BB44B949
:106D2000B54206D802F0FAF931462846FFF700FFCF
:106D30001CE03CB10E480068006808B9012000E082
:106D400000200446A91B22460A48006800F00AFCFD
:106D500002F0E4F950B94FF0805007490860BFF3E2
:106D60004F8FBFF36F8F01E002F0D8F9F8BD00003C
:106D7000400000204400002004ED00E00A490968BA
:106D8000096809B9012100E0002121B14FF0FF316C
:106D9000064A116006E004490968C968C868034AE0
:106DA000416811607047000004000020300000209E
:106DB00070B5044601F0CAFF0546074800688542E1
:106DC00004D200F00BF80120206001E000202060D8
:106DD00001480560284670BD4C0000202DE9F843AD
:106DE00034E025480068C068056823480068C0682A
:106DF000C468201D00F0D0F92046216A884794F825
:106E0000280000F0040008B3A0694619AE4207D973
:106E100066602461211D1848006800F0F9F915E04A
:106E2000002003462A4601460090204602F088FAD8
:106E3000074657B900BF502080F31188BFF34F8F2A
:106E4000BFF36F8F00BF00BFFEE700BF0A480068B6
:106E5000006808B9012000E000200028C1D00648E1
:106E6000D0F8008005480068034908600348C0F86E
:106E70000080BDE8F88300003C00002040000020B6
:106E80000E480068401C08B9012000E0002050B9FD
:106E900000BF502080F31188BFF34F8FBFF36F8F77
:106EA00000BF00BFFEE700BF502080F31188BFF392
:106EB0004F8FBFF36F8F00BF00BFFEE7740000204D
:106EC00008B500BF6846FFF76DFC044620460099F0
:106ED000FFF71AFFFFF766FEF4E770B5044600F00F
:106EE0000FFA94F9455010E0606A08B9012000E0FB
:106EF000002038B904F1240002F0C4F818B100F001
:106F000091FB00E003E0681E45B2002DECDC00BF01
:106F1000FF2084F8450000F01DFA00F0F1F994F923
:106F2000445010E0206908B9012000E0002048B971
:106F300004F1100002F0A6F808B100F073FB681E1F
:106F400045B200E001E0002DECDC00BFFF2084F83A
:106F5000440000F0FFF970BD014621B1012904D0C1
:106F6000072906D103E0002005E0022003E0062007
:106F700001E0042000BF00BF7047000010B50248C8
:106F80000068804710BD0000B000002010B5024826
:106F90000068804710BD0000B40000202DE9F041DA
:106FA00004464FF0000800F043FC4948006808B967
:106FB000FFF70CFC474800682040002870D1D4B18E
:106FC000083404F00700B0B104F00700C0F1080075
:106FD000044404F0070008B9012000E0002050B983
:106FE00000BF502080F31188BFF34F8FBFF36F8F26
:106FF00000BF00BFFEE7002C52D037480068844233
:107000004ED8364E3046056801E02E462D68686839
:10701000A04202D228680028F7D12D480068854296
:107020003ED0306800F10808286830606868001BAE
:10703000102819D92F1907F0070008B9012000E01E
:10704000002050B900BF502080F31188BFF34F8F4C
:10705000BFF36F8F00BF00BFFEE76868001B78605A
:107060006C603846FFF7E8FC1B4968680968081A35
:10707000194908600846006819490968884203D21E
:10708000154800681649086012496868096808438D
:1070900068600020286013480068401C114908609F
:1070A00002F03CF808F0070008B9012000E00020D9
:1070B00050B900BF502080F31188BFF34F8FBFF34A
:1070C0006F8F00BF00BFFEE74046BDE8F0810000C3
:1070D0005C000020700000206000002054000020B0
:1070E00064000020680000200648006830B10549AF
:1070F000096801F15000096D491C016001480068F0
:10710000704700000000002070B50446254654B9C1
:1071100000BF502080F31188BFF34F8FBFF36F8FF4
:1071200000BF00BFFEE700F0EBF8EE6900F012F9D7
:10713000304670BD001F4FF080730360001F21F0C8
:1071400001030360001F054B036014380260001F39
:107150006FF002030360203870470000816E05085D
:1071600070B502460C46FF25FF2309E012F8010B1B
:1071700080EA03010648405C80EA05030548455C57
:10718000201EA4F10106B4B2F0D143EA052070BD7F
:107190007E9F05087EA0050801460A69D1E90130F5
:1071A0009860D1E9010358605068884201D188682D
:1071B0005060002008611068401E10601068704721
:1071C000034B0360034B0B60802313607047000088
:1071D000A8090020040A0020034B0360034B0B6046
:1071E0004FF4807313607047040C0020600C002083
:1071F00000F1080141604FF0FF31816000F10801AA
:10720000C160016100210160704700210161704788
:1072100010B502460B685C1C0CB9106907E002F15E
:10722000080000E04068446824689C42FAD9446839
:107230004C604C68A160886041600A611468641CFD
:10724000146010BD42684A6093688B60936859600F
:107250009160086103685B1C0360704770B5044669
:107260000D4624B110480068EFF7D2FE03E00E4847
:107270000068EFF7ADFE95B10B49086800BF00BF8D
:1072800000BF00F10C0252E8002F42F0800100F133
:107290000C0242E80013002BF3D100BF03E00248C8
:1072A0000068EFF7A5FE70BD8400002010B5002136
:1072B0000848EFF735FE00BF0648006820F00100DF
:1072C0000449086000BF00BF6FF00100086100BF03
:1072D00010BD00000048014010B500BF6FF0010074
:1072E0000649086100BF00210448EFF719FE034872
:1072F000EFF710FD0148EFF703FD10BD0048014016
:1073000000BF502080F31188BFF34F8FBFF36F8F02
:1073100000BF0E480068401C0C4908600846006821
:10732000012812D10A480068C0B208B9012000E063
:10733000002050B900BF502080F31188BFF34F8F59
:10734000BFF36F8F00BF00BFFEE7704774000020DF
:1073500004ED00E00D48006850B900BF502080F3F4
:107360001188BFF34F8FBFF36F8F00BF00BFFEE7E1
:1073700006480068401E054908600846006820B9B4
:10738000002080F3118800BF00BF70477400002008
:1073900070B506463546002E44D0083D2C4622499D
:1073A00060680968084008B1012000E0002050B979
:1073B00000BF502080F31188BFF34F8FBFF36F8F52
:1073C00000BF00BFFEE7206808B9012000E00020F0
:1073D00050B900BF502080F31188BFF34F8FBFF327
:1073E0006F8F00BF00BFFEE70F4960680968084063
:1073F000C0B12068B0B90C49606809688843606012
:1074000000F016FA094960680968084407490860ED
:107410002046FFF711FB06480068401C044908603D
:1074200001F07CFE70BD00007000002060000020B4
:107430006C00002000204FF0E021086188610648C0
:1074400000684FF47A71B0FBF1F0401E4FF0E0217C
:1074500048610720086170477C03002070B5E8F799
:1074600063FF0446102C16D304F1E02090F8F0538B
:1074700015480078854201DB012000E0002050B96A
:1074800000BF502080F31188BFF34F8FBFF36F8F81
:1074900000BF00BFFEE70D48006800F4E0600C4943
:1074A0000968884201D8012000E0002050B900BFDF
:1074B000502080F31188BFF34F8FBFF36F8F00BF51
:1074C00000BFFEE770BD0000780000200CED00E07A
:1074D0007C000020024600200BE0084B53F83030BF
:1074E00033B9064B43F8301003EBC0035A6002E097
:1074F000401C0828F1D300BF704700008C03002017
:1075000070B50446254655B900BF502080F3118858
:10751000BFF34F8FBFF36F8F00BF00BFFEE728465A
:1075200000F008F895F8460010B92846FFF730FF3C
:1075300070BD0000014600200EE0094A02EBC002C7
:1075400052688A4207D10022054B43F8302003EBF2
:10755000C0035A6002E0401C0828EED300BF704709
:107560008C0300202DE9F04105460E4617462C46B7
:10757000FFF7C6FE94F94400401C10B9002084F8BF
:10758000440094F94500401C10B9002084F84500DF
:10759000FFF7E0FEA06B28B93A46314604F124001B
:1075A00000F062F82046FFF798FCBDE8F08100008B
:1075B00070B504460025D4B11248006808B901200E
:1075C00000E0002050B900BF502080F31188BFF3C5
:1075D0004F8FBFF36F8F00BF00BFFEE700F028F9A9
:1075E00000212046FEF760FF01F098FD05463DB9F9
:1075F0004FF0805004490860BFF34F8FBFF36F8F87
:1076000070BD00003800002004ED00E00349096867
:1076100001600349096841607047000028000020AC
:107620001400002001200149086070472400002058
:1076300070B504460D4654B900BF502080F3118840
:10764000BFF34F8FBFF36F8F00BF00BFFEE705484A
:10765000016818312046FFF7DBFD01212846FEF7BF
:1076600023FF70BD0000002070B505460E4614468D
:1076700055B900BF502080F31188BFF34F8FBFF37F
:107680006F8F00BF00BFFEE706480168183128462B
:10769000FFF7D8FD0CB14FF0FF3621463046FEF71C
:1076A00003FF70BD000000202DE9F04706460F469D
:1076B00034464FF00109002E55D0206D50B900BF5F
:1076C000502080F31188BFF34F8FBFF36F8F00BF3F
:1076D00000BFFEE7E06CB84201D23D4600E0E56C39
:1076E000E06AA8423FD0206D01283CD11F480068C5
:1076F000844201D0012000E0002050B900BF50209A
:1077000080F31188BFF34F8FBFF36F8F00BF00BFAF
:10771000FEE7D4F82C80E562A06900F0004010B9C3
:10772000C5F13800A06108EB8801114A02EB810124
:107730006069884201D1012000E0002098B1201D3D
:10774000FFF72AFD0B49E06A0968884202D9094916
:10775000E06A0860E16A01EB8101054A02EB810001
:10776000211DFFF76FFDBDE8F0870000000000203D
:10777000CC0300201800002010B586B00020059032
:10778000049003AA04A905A8FFF71AFD0022DDE969
:1077900004101346CDE9002102901EA11F48039A50
:1077A00001F01AF91E4908600846006808B1012472
:1077B00000E00024012C02D101F086FD0446012CDA
:1077C00015D100BF502080F31188BFF34F8FBFF356
:1077D0006F8F00BF4FF0FF3012490860012012493F
:1077E000086000201149086000F03CFA10E0601CBD
:1077F00008B1012000E0002050B900BF502080F304
:107800001188BFF34F8FBFF36F8F00BF00BFFEE73C
:1078100006B010BD49444C45000000004968050809
:1078200034000020300000201C0000201400002044
:1078300002480068401C0149086070473800002079
:107840001E48006818B101201D49086034E000207E
:107850001B4908601B4801680CE051B900BF50206B
:1078600080F31188BFF34F8FBFF36F8F00BF00BF4E
:10787000FEE7491E01EB8100134A52F8200008B9C7
:10788000012000E000200028E7D101EB81020E4B2F
:1078900003EB820042685268426000F108024368CC
:1078A000934202D14268526842604268D268074BF4
:1078B0001A600448016000BF7047000038000020D3
:1078C0002400002018000020CC030020000000202D
:1078D00001460020054A127832B1054A12780A7032
:1078E0000022024B1A700120704700008100002026
:1078F000800000200020024908700120704700002D
:107900008100002010B5044605480068FEF7C4FB5E
:1079100001200449087004480470012010BD0000D3
:1079200068030020810000208000002001460348F9
:107930000068406808700120704700008400002043
:10794000F0B58FB006460C4617461D461C2108A808
:10795000E8F7ADFE182102A8E8F7A9FE102031498A
:10796000096801432F4A11601146096801400191DD
:1079700000BF00BF01202B49143909680143294A7F
:10798000143A1160114609680140019100BF00BF1F
:107990004FF4C06002900220039003200490002066
:1079A000059006900720079002A91F48EEF7C4FE35
:1079B0000894002009900A900B9025B1012D05D064
:1079C000022D0BD106E000200B9007E04FF4C060C1
:1079D0000B9003E04FF480600B9000BF00BF0C20C1
:1079E0000C9000200D900E9008A910480068EFF749
:1079F0001FFB0E490868016921F49041016141694A
:107A000021F02A01416100BF08490868C16841F4BA
:107A10000051C16000BF05480068EFF7F9FA012086
:107A20000FB0F0BD44380240000002408400002046
:107A30000146C1F30800024A1268506001207047F5
:107A40008400002000BF044908680168C1F3801168
:107A50000029F8D0012070478400002010B586B0BE
:107A60000446142101A8E8F722FE40F2AF40ADF829
:107A70000400002002903220604303900020049014
:107A800001A90648EFF74CF90448EFF743F903481A
:107A9000EFF736F9012006B010BD000000480140A4
:107AA00038B500246846FFF741FF1C48007830B124
:107AB00001280AD0022819D003282BD102E0FFF7B1
:107AC0000BFC27E0FFF708FC24E0002014490880A5
:107AD0009DF800200888411C114B198011490A5457
:107AE00002200E490870FFF7F7FB13E00C480088EE
:107AF000FF2809DC9DF8002009490888411C084B33
:107B0000198008490A5402E0032004490870FFF76D
:107B1000E3FB00BF00BF204638BD00008D00002001
:107B200096000020804C002010B500240D480078FD
:107B300020B1022807D003280BD109E00020FFF76D
:107B4000E1FE044606E00120FFF7DCFE044601E00A
:107B500000E000BF00BFFFF7A9FB0120014908704A
:107B6000204610BD8D00002010B500241748007875
:107B700010B1012826D104E000210120FFF76EFB9F
:107B800020E01348008878B1124909680878FFF7A7
:107B90004FFF10480068401C0E4908600C480088E0
:107BA000401E0B4908800CE00320FFF7ABFE0446A3
:107BB000FFF748FF00210120FFF750FB0020034999
:107BC000087000BF00BF204610BD00008C000020E0
:107BD0009400002090000020F0B503460C461546A6
:107BE000E208A4EBC20087B20120A840401E86B282
:107BF000995C501C185C41EA002139413140C8B2FF
:107C0000F0BD2DE9F043044615461F46C808A1EB18
:107C1000C0081FFA88FC07FA0CF81FFA88F74FF023
:107C2000010808FA05F8A8F101081FFA88F6A1EB87
:107C3000C00806FA08F81FFA88F6225C00F101086D
:107C400014F8088042EA082222EA060848EA0702F5
:107C500022544FEA222900F1010804F80890BDE8F7
:107C6000F08300001CB5524800685249884201D098
:107C7000012000E0002050B900BF502080F311889F
:107C8000BFF34F8FBFF36F8F00BF00BFFEE74848C1
:107C900000684849491E884201D0012000E00020C8
:107CA00050B900BF502080F31188BFF34F8FBFF34E
:107CB0006F8F00BF00BFFEE73F4908460078019084
:107CC000FF200A4610700846007800909DF80000DA
:107CD00000F0F0009DF80020904201D1012000E06A
:107CE000002050B900BF502080F31188BFF34F8FA0
:107CF000BFF36F8F00BF00BFFEE79DF8000000F0EC
:107D000050002E4A107007202D4A106009E02C48C0
:107D10000068401E2A4A10609DF800004006000ED0
:107D200000909DF8000000F080008028EFD02448EB
:107D30000068C0F10700042801D1012000E0002004
:107D400050B900BF502080F31188BFF34F8FBFF3AD
:107D50006F8F00BF00BFFEE7194800680002184A95
:107D600010601046008800F4E0601060124A01982C
:107D700010700F482030006840F470000C4920312A
:107D800008600846006840F070400860FFF752FB4A
:107D900000200C490860E8F78FFA0B48006840F0B3
:107DA000404009490860E8F773FA00201CBD000054
:107DB00000ED00E071C20F4100E400E07800002017
:107DC0007C0000207400002034EF00E010B500BFFC
:107DD000502080F31188BFF34F8FBFF36F8F00BF28
:107DE00000F0BAFF18B14FF080500449086000BF9E
:107DF000002080F3118800BF10BD000004ED00E0FA
:107E000070B505460E460DB1012000E0002050B9C6
:107E100000BF502080F31188BFF34F8FBFF36F8FE7
:107E200000BF00BFFEE7AE4201D8012000E0002005
:107E300050B900BF502080F31188BFF34F8FBFF3BC
:107E40006F8F00BF00BFFEE702220021284600F02E
:107E50005DF8044604B1A663204670BDF8B505463A
:107E60000E4617460DB1012000E0002050B900BFBA
:107E7000502080F31188BFF34F8FBFF36F8F00BF87
:107E800000BFFEE7AE4201D8012000E0002050B95B
:107E900000BF502080F31188BFF34F8FBFF36F8F67
:107EA00000BF00BFFEE702203B46002211460090C3
:107EB000284600F058F8044604B1A6632046F8BDF1
:107EC0002DE9F04104460126002722460021012029
:107ED00000F01CF805462846FEF7CAFC2846BDE817
:107EE000F0812DE9F84304460D4601274FF00008C4
:107EF0002B46002211460120009400F034F806467B
:107F00003046FEF7B5FC3046BDE8F8832DE9F8436E
:107F100005460E4617460DB1012000E0002050B97D
:107F200000BF502080F31188BFF34F8FBFF36F8FD6
:107F300000BF00BFFEE705FB06F808F15000FFF7A1
:107F40002DF8044664B1A14609F15009002084F8D7
:107F500046003B464A46314628460094FEF797FCC9
:107F60002046BDE8F8832DE9F84380460E461746C3
:107F70001D46DDF82090B8F1000F01D0012000E08F
:107F8000002050B900BF502080F31188BFF34F8FFD
:107F9000BFF36F8F00BF00BFFEE70DB1012000E00F
:107FA000002050B900BF502080F31188BFF34F8FDD
:107FB000BFF36F8F00BF00BFFEE707B10EB1012016
:107FC00000E0002050B900BF502080F31188BFF3BB
:107FD0004F8FBFF36F8F00BF00BFFEE707B90EB929
:107FE000012000E0002050B900BF502080F311882C
:107FF000BFF34F8FBFF36F8F00BF00BFFEE750206E
:1080000000900098502801D1012000E0002050B9D4
:1080100000BF502080F31188BFF34F8FBFF36F8FE5
:1080200000BF00BFFEE700BF2C464CB1012084F822
:1080300046004B463A46314640460094FEF727FC40
:108040002046BDE8F883000070B505460E462C4674
:1080500054B900BF502080F31188BFF34F8FBFF396
:108060006F8F00BF00BFFEE7FFF74AF9D4E90F1298
:10807000206801FB0200A0600020A063206860600F
:10808000E06B401E226C216800FB0211E160FF20C2
:1080900084F8440084F845009EB9206908B901209D
:1080A00000E00020A8B904F1100000F0EBFF80B15F
:1080B0004FF0805009490860BFF34F8FBFF36F8FB7
:1080C00007E004F11000FFF793F804F12400FFF734
:1080D0008FF8FFF73FF9012070BD000004ED00E0CC
:1080E0002DE9FF4383B0064688461D464FF0000940
:1080F000344654B900BF502080F31188BFF34F8F2E
:10810000BFF36F8F00BF00BFFEE7B8F1000F01D1D2
:10811000206C08B9012000E0002050B900BF5020B9
:1081200080F31188BFF34F8FBFF36F8F00BF00BF85
:10813000FEE7022D02D1E06B012801D1012000E011
:10814000002050B900BF502080F31188BFF34F8F3B
:10815000BFF36F8F00BF00BFFEE700F0E7FD08B977
:10816000059808B9012000E0002050B900BF502058
:1081700080F31188BFF34F8FBFF36F8F00BF00BF35
:10818000FEE700BFFFF7BCF8A06BE16B884201D3AC
:10819000022D28D12A4641462046FEF792FA07468C
:1081A000606A08B9012000E0002068B904F12400E9
:1081B00000F068FF88B14FF0805032490860BFF38B
:1081C0004F8FBFF36F8F08E03FB14FF080502D49C4
:1081D0000860BFF34F8FBFF36F8FFFF7BBF801202D
:1081E00007B0BDE8F083059818B9FFF7B3F8002091
:1081F000F6E7B9F1000F04D101A8FFF707FA4FF035
:108200000109FFF7A7F8FFF713FBFFF779F894F9D7
:108210004400401C10B9002084F8440094F9450043
:10822000401C10B9002084F84500FFF793F805A919
:1082300001A800F059FBF0B92046FEF76AFCA0B196
:1082400004F110000599FFF7F3F92046FEF745FE0B
:1082500000F064FF002895D14FF080500949086074
:10826000BFF34F8FBFF36F8F8CE72046FEF735FECD
:1082700000F054FF86E72046FEF72FFE00F04EFF89
:108280000020ADE704ED00E02DE9F84F07468A46EF
:1082900090461E463C4654B900BF502080F31188DA
:1082A000BFF34F8FBFF36F8F00BF00BFFEE7BAF180
:1082B000000F01D1206C08B9012000E0002050B966
:1082C00000BF502080F31188BFF34F8FBFF36F8F33
:1082D00000BF00BFFEE7022E02D1E06B012801D1F2
:1082E000012000E0002050B900BF502080F3118829
:1082F000BFF34F8FBFF36F8F00BF00BFFEE7FFF7E5
:10830000ADF800BF5021EFF3118081F31188BFF366
:108310004F8FBFF36F8F00BF0546A06BE16B8842A4
:1083200001D3022E25D194F945B0A06B00903246BE
:1083300051462046FEF7C5F90BF1010088B9606A85
:1083400008B9012000E0002050B904F1240000F039
:1083500099FE28B1B8F1000F02D00120C8F8000042
:1083600004E00BF1010040B284F845004FF0010930
:1083700001E04FF0000900BF85F3118800BF4846B7
:10838000BDE8F88F2DE9F04706460F46344654B94C
:1083900000BF502080F31188BFF34F8FBFF36F8F62
:1083A00000BF00BFFEE7206C08B9012000E00020FC
:1083B00050B900BF502080F31188BFF34F8FBFF337
:1083C0006F8F00BF00BFFEE7206808B9A06808B93A
:1083D000012000E0002050B900BF502080F3118838
:1083E000BFF34F8FBFF36F8F00BF00BFFEE7FFF7F4
:1083F00035F800BF5021EFF3118081F31188BFF3EE
:108400004F8FBFF36F8F00BF0546D4F83890E06BF5
:1084100048451ED994F945A009F10100A0630AF16D
:10842000010070B9606A08B9012000E0002068B955
:1084300004F1240000F026FE40B13FB10120386075
:1084400004E00AF1010040B284F845004FF0010851
:1084500001E04FF0000800BF85F3118800BF4046DF
:10846000BDE8F08770B505462C4654B900BF5020D2
:1084700080F31188BFF34F8FBFF36F8F00BF00BF32
:10848000FEE700F04DFCA16888420CD1E068401E78
:10849000E060E06828B900231A4619462046FFF735
:1084A0001FFE012600E00026304670BD2DE9F74191
:1084B00083B005460E464FF000082C4654B900BF65
:1084C000502080F31188BFF34F8FBFF36F8F00BF31
:1084D00000BFFEE70EB9206C08B9012000E00020C3
:1084E00050B900BF502080F31188BFF34F8FBFF306
:1084F0006F8F00BF00BFFEE700F018FC08B90598B9
:1085000008B9012000E0002050B900BF502080F3DE
:108510001188BFF34F8FBFF36F8F00BF00BFFEE71F
:1085200000BFFEF7EDFEA76BF7B131462046FEF720
:10853000B3F8781EA063206908B9012000E000208C
:1085400060B904F1100000F09DFD38B14FF080508B
:108550002F490860BFF34F8FBFF36F8FFEF7FAFE0E
:10856000012006B0BDE8F081059818B9FEF7F2FECB
:108570000020F6E7B8F1000F04D101A8FFF746F894
:108580004FF00108FEF7E6FEFFF752F9FEF7B8FEDE
:1085900094F94400401C10B9002084F8440094F978
:1085A0004500401C10B9002084F84500FEF7D2FEBB
:1085B00005A901A800F098F9F0B92046FEF79CFA49
:1085C000A0B104F124000599FFF732F82046FEF728
:1085D00084FC00F0A3FD0028A3D14FF080500C498B
:1085E0000860BFF34F8FBFF36F8F9AE72046FEF707
:1085F00074FC00F093FD94E72046FEF76EFC00F05B
:108600008DFD2046FEF778FA00288AD00020A8E7E2
:1086100004ED00E02DE9F05F064689461746344632
:1086200054B900BF502080F31188BFF34F8FBFF3C0
:108630006F8F00BF00BFFEE7B9F1000F01D1206CC2
:1086400008B9012000E0002050B900BF502080F39D
:108650001188BFF34F8FBFF36F8F00BF00BFFEE7DE
:10866000FEF7FCFE00BF5021EFF3118081F311886B
:10867000BFF34F8FBFF36F8F00BF0546D4F838A00C
:10868000BAF1000F22D094F944B049462046FEF7D3
:1086900003F8AAF10100A0630BF1010070B9206991
:1086A00008B9012000E0002068B904F1100000F0D2
:1086B000E9FC40B13FB10120386004E00BF101005A
:1086C00040B284F844004FF0010801E04FF0000888
:1086D00000BF85F3118800BF4046BDE8F09F000051
:1086E0002DE9F34182B005464FF000082C460026E4
:1086F00054B900BF502080F31188BFF34F8FBFF3F0
:108700006F8F00BF00BFFEE7206C08B9012000E0BA
:10871000002050B900BF502080F31188BFF34F8F65
:10872000BFF36F8F00BF00BFFEE700F0FFFA08B98C
:10873000039808B9012000E0002050B900BF502084
:1087400080F31188BFF34F8FBFF36F8F00BF00BF5F
:10875000FEE700BFFEF7D4FDA76BFFB1781EA06354
:10876000206810B9FEF7C0FCA060206908B901209C
:1087700000E0002060B904F1100000F083FC38B183
:108780004FF0805043490860BFF34F8FBFF36F8FA6
:10879000FEF7E0FD012004B0BDE8F081039898B930
:1087A0000EB9012000E0002050B900BF502080F336
:1087B0001188BFF34F8FBFF36F8F00BF00BFFEE77D
:1087C000FEF7C8FD0020E6E7B8F1000F04D16846C7
:1087D000FEF71CFF4FF00108FEF7BCFDFFF728F87D
:1087E000FEF78EFD94F94400401C10B9002084F877
:1087F000440094F94500401C10B9002084F845005D
:10880000FEF7A8FD03A9684600F06EF840BB2046BD
:10881000FEF772F9F0B1206838B9FEF771FDA06873
:1088200000F0DEFB0646FEF795FD04F124000399F7
:10883000FEF7FEFE2046FEF750FB00F06FFC00281E
:1088400088D14FF0805013490860BFF34F8FBFF3BA
:108850006F8F7FE72046FEF740FB00F05FFC79E773
:108860002046FEF73AFB00F059FC2046FEF744F99B
:108870000028EED05EB1FEF743FD2046FDF788FFED
:1088800007463946A068FEF70FFFFEF763FD00209C
:1088900081E7000004ED00E02DE9F04106460F46B7
:1088A000344654B900BF502080F31188BFF34F8F76
:1088B000BFF36F8F00BF00BFFEE700F031FAA16881
:1088C000884204D1E068401CE060012508E0394698
:1088D0002046FFF705FF054615B1E068401CE06043
:1088E0002846BDE8F081000070B505460C4655B934
:1088F00000BF502080F31188BFF34F8FBFF36F8FFD
:1089000000BF00BFFEE754B900BF502080F31188BC
:10891000BFF34F8FBFF36F8F00BF00BFFEE7FEF7BF
:10892000EFFC124802686868131A2068401C08B9F6
:10893000002617E00E4928680968884204D0686854
:10894000904201D801260DE02068984207D920689E
:10895000C01A20602846FEF759FE002602E00020DB
:1089600020600126FEF7F6FC304670BD14000020A2
:10897000280000202DE9FF4F85B080468946174624
:10898000DDE912ABB800FEF709FB064656B15C20E4
:10899000FEF704FB04460CB1266304E03046FEF704
:1089A000F7FC00E000248CB1002084F85900CDE9E8
:1089B00000ABCDE902403A4649464046089BFDF7E8
:1089C0007BFF2046FDF7AEFD012501E04FF0FF35AE
:1089D000284609B0BDE8F08F2DE9F04F85B0074675
:1089E000884691469A46DDE90EB6109C0EB10120EC
:1089F00000E0002050B900BF502080F31188BFF381
:108A00004F8FBFF36F8F00BF00BFFEE70CB1012097
:108A100000E0002050B900BF502080F31188BFF360
:108A20004F8FBFF36F8F00BF00BFFEE75C20039046
:108A300003985C2801D1012000E0002050B900BF5C
:108A4000502080F31188BFF34F8FBFF36F8F00BFAB
:108A500000BFFEE700BFB4B1AEB125462C462E6381
:108A6000022085F85900002004A953464A46CDE962
:108A700000B1CDE9025041463846FDF71DFF2846BA
:108A8000FDF750FD01E000200490049805B0BDE81A
:108A9000F08F00002DE9F04706460D461746984630
:108AA0004FF0010A56B900BF502080F31188BFF380
:108AB0004F8FBFF36F8F00BF00BFFEE73446FEF756
:108AC0001FFCB8F1000F02D0606DC8F8000094F8E8
:108AD0005890022084F85800052F17D2DFE807F0DD
:108AE0001503070B0D00606D2843606521E0606D84
:108AF000401C60651DE065651BE0B9F1020F01D007
:108B0000656501E04FF0000A13E012E0606D401C63
:108B100008B9012000E0002050B900BF502080F3C8
:108B20001188BFF34F8FBFF36F8F00BF00BFFEE709
:108B300000BF00BFB9F1010F32D1201DFEF72CFBA1
:108B40001A49E06A0968884202D91849E06A08604F
:108B5000E16A01EB8101164A02EB8100211DFEF75B
:108B600071FBA06A08B9012000E0002050B900BFE5
:108B7000502080F31188BFF34F8FBFF36F8F00BF7A
:108B800000BFFEE70B49E06A0968C96A884207D955
:108B90004FF0805008490860BFF34F8FBFF36F8FCD
:108BA000FEF7D8FB5046BDE8F08700001800002013
:108BB000CC0300200000002004ED00E02DE9F84F78
:108BC00007460E4690469946DDF828B001200090F1
:108BD00057B900BF502080F31188BFF34F8FBFF308
:108BE0006F8F00BF00BFFEE7FEF738FC3C4600BFBA
:108BF0005021EFF3118081F31188BFF34F8FBFF342
:108C00006F8F00BF0546B9F1000F02D0606DC9F843
:108C1000000094F858A0022084F85800B8F1050F1D
:108C200017D2DFE808F01503070B0D00606D304325
:108C3000606521E0606D401C60651DE066651BE0BD
:108C4000BAF1020F01D0666501E00020009013E048
:108C500012E0606D401C08B9012000E0002050B90E
:108C600000BF502080F31188BFF34F8FBFF36F8F89
:108C700000BF00BFFEE700BF00BFBAF1010F3CD14B
:108C8000A06A08B9012000E0002050B900BF5020C0
:108C900080F31188BFF34F8FBFF36F8F00BF00BF0A
:108CA000FEE719480068A0B9201DFEF775FA1749BC
:108CB000E06A0968884202D91449E06A0860E16AFA
:108CC00001EB8101124A02EB8100211DFEF7BAFA85
:108CD00004E004F118010F48FEF7B4FA0E49E06A07
:108CE0000968C96A884208D9BBF1000F02D0012087
:108CF000CBF8000001200949086000BF85F3118806
:108D000000BF0098BDE8F88F380000201800002050
:108D1000CC03002054080020000000202400002084
:108D200001490868704700000000002005490968F3
:108D300009B9012005E00449096809B9022000E0E9
:108D4000002070471C0000203800002001490868FE
:108D500070470000140000202DE9F0414FF000089A
:108D60004348006800287BD142480068451C4148C0
:108D7000056015BB40480068006808B9012000E0A4
:108D8000002050B900BF502080F31188BFF34F8FEF
:108D9000BFF36F8F00BF00BFFEE737480768374853
:108DA0000068354908603548076035480068401C50
:108DB00033490860FDF7E2FF00BF32480068854292
:108DC0003BD300BF2C480068006808B9012000E0D0
:108DD000002020B14FF0FF302A4908602CE02648DF
:108DE0000068C068C4686668B54202D2254806605B
:108DF00022E0201DFEF7D0F9A06A18B104F1180096
:108E0000FEF7CAF92049E06A0968884202D91E497A
:108E1000E06A0860E16A01EB81011C4A02EB810013
:108E2000211DFEF70FFA1A49E06A0968C96A8842EB
:108E3000C8D34FF00108C5E700BF15480068C06AF5
:108E400000EB8000114951F82000012801D94FF0B2
:108E500001081048006808B14FF0010805E0FFE77D
:108E60000D480068401C0C4908604046BDE8F08190
:108E7000380000201400002004000020080000201A
:108E8000280000203000002018000020CC03002023
:108E90000000002024000020200000202DE9F041E7
:108EA0000746884614461D46FEF72AFA2148006800
:108EB00090F85800022818D01E49096801F15400A2
:108EC000496DB943016001201A49096881F85800C9
:108ED0005DB101212846FDF7E7FA4FF080501649B1
:108EE0000860BFF34F8FBFF36F8FFEF733FAFEF7C3
:108EF00007FA1CB10F480068406D20600D480068FB
:108F000090F85800022801D0002608E009490968B5
:108F100001F15400496D21EA080101600126002099
:108F20000449096881F85800FEF714FA3046BDE894
:108F3000F08100000000002004ED00E070B505465F
:108F40002C460026002D43D022480068844201D1DF
:108F5000012000E0002050B900BF502080F31188AC
:108F6000BFF34F8FBFF36F8F00BF00BFFEE7206DD1
:108F700050B900BF502080F31188BFF34F8FBFF36B
:108F80006F8F00BF00BFFEE7206D401E2065E16CC3
:108F9000E06A88421CD0206DD0B9201DFEF7FCF895
:108FA000E06CE062E06AC0F13800A0610A49E06A62
:108FB0000968884202D90849E06A0860E16A01EB61
:108FC0008101064A02EB8100211DFEF73BF90126D3
:108FD000304670BD0000002018000020CC030020A7
:108FE00070B505462C460026002D42D02249E06A85
:108FF0000968C96A884235D2A06900F0004028B9E2
:109000001D480068C06AC0F13800A061E16A01EB48
:1090100081011A4A02EB81016069884201D1012075
:1090200000E00020C0B1201DFEF7B6F8124800682D
:10903000C06AE0621249E06A0968884202D91049B0
:10904000E06A0860E16A01EB81010C4A02EB8100F1
:10905000211DFEF7F7F803E007480068C06AE062E8
:10906000012606E00449E06C0968C96A884200D21A
:109070000126304670BD000000000020CC03002017
:109080001800002070B50646F068C46854B900BFE7
:10909000502080F31188BFF34F8FBFF36F8F00BF55
:1090A00000BFFEE704F11800FEF776F815480068E7
:1090B000A0B9201DFEF770F81349E06A09688842DC
:1090C00002D91149E06A0860E16A01EB81010F4AA7
:1090D00002EB8100211DFEF7B5F804E004F1180150
:1090E0000B48FEF7AFF80B49E06A0968C96A884285
:1090F00004D9012501200849086000E00025284620
:1091000070BD00003800002018000020CC030020B3
:1091100054080020000000202400002070B5002426
:1091200000263648006850B900BF502080F31188EF
:10913000BFF34F8FBFF36F8F00BF00BFFEE7FEF797
:10914000DFF82E480068401E2C4908600846006879
:1091500000284ED12A48006800284AD023E0294838
:10916000C068C46804F11800FEF716F8201DFEF769
:1091700013F82549E06A0968884202D92249E06A61
:109180000860E16A01EB8101204A02EB8100211DA8
:10919000FEF758F81E49E06A0968C96A884202D396
:1091A00001201C4908601748006808B9012000E048
:1091B00000200028D3D00CB1FDF7E0FD164805686B
:1091C00065B100BFFFF7C8FD10B10120114908606B
:1091D0006D1E002DF6D100200F4908600D48006873
:1091E00038B1012630070D490860BFF34F8FBFF338
:1091F0006F8FFEF7AFF8304670BD000038000020DA
:10920000100000205408002018000020CC0300208B
:1092100000000020240000202000002004ED00E0D9
:109220002DE9FC4705460E4617469846DDF828907E
:109230002C20FDF7B3FE044654B1002084F828002A
:1092400043463A4631462846CDE90094FDF793FB64
:109250002046BDE8FC872DE9FC4706460F469046B0
:109260009946DDE90AA52C20019001982C2801D10E
:10927000012000E0002050B900BF502080F3118889
:10928000BFF34F8FBFF36F8F00BF00BFFEE700BF7C
:1092900055B900BF502080F31188BFF34F8FBFF343
:1092A0006F8F00BF00BFFEE72C4654B1022084F848
:1092B00028004B46424639463046CDE900A4FDF72A
:1092C0005AFB2046BDE8FC8710B586B00024FDF7A8
:1092D00085F916480068D0B100200590049003AAD3
:1092E00004A905A8FDF778FF0222DDE90410002398
:1092F000CDE9002102900EA10F48039AFFF76CFB05
:109300000E4908600846006800B1012400BF54B946
:1093100000BF502080F31188BFF34F8FBFF36F8FD2
:1093200000BF00BFFEE7204606B010BD440000208D
:10933000546D722053766300C16E0508480000200A
:109340002DE9FF4704460D4616461F46DDF83080DE
:109350004FF0000954B900BF502080F31188BFF3CB
:109360004F8FBFF36F8F00BF00BFFEE71448006848
:1093700010B3009501960294062D15DAFFF7D6FC7E
:10938000022808D10023424669460D480068FEF7CE
:10939000A7FE814610E000231A4669460848006887
:1093A000FEF79EFE814607E000233A4669460448E0
:1093B0000068FEF769FF8146484604B0BDE8F087C3
:1093C0004400002070B50446264654B900BF502022
:1093D00080F31188BFF34F8FBFF36F8F00BF00BFC3
:1093E000FEE7FDF78DFF96F8280000F0010008B9B0
:1093F000002500E00125FDF7ADFF284670BD81F096
:109400000041704780F00040704721F000417047F4
:1094100020F000407047000021F00042A2F16052AD
:10942000B2F5801F01F0004328BFD2F17F6C0BD949
:109430005FEA001C43EAC20242EB507018BF70475B
:1094400028BF20F001007047B2F5801FBCBF18464E
:1094500070474FEA410C1CF5001F02D2084600F08D
:1094600089BD70B500F090FB00000089FFF7F6BFE2
:109470004FF00040A0F580007047000010B591EA61
:10948000030F48BF83F0004300F11C84841A71EB82
:10949000030C05D2121943EB0C03001B61EB0C010A
:1094A000DFF824E14FEA1154A4EB135C1EEA430FEA
:1094B00018BF9EEA445F73D023EA0E03DCF1200E4E
:1094C00021EA045143F4801332D322FA0CFE10EB4C
:1094D0000E0023FA0CFE41EB0E01CCF1200E03FA34
:1094E0000EFE10EB0E0051F10001B1F5801FCCF122
:1094F000200E32D201EB045112FA0EF2BDE81040F8
:1095000058BF7047401C38BF5FEA420218BF70471F
:10951000002814BF20F0010041F100014FEA41038F
:1095200013F5001F38BF7047A1F1C04100F07ABBAE
:10953000012A43EB0302ACF1200CDCF11F0E32BF19
:109540004FF0000E23FA0CF310EB030041EB045133
:10955000B4EB115FD0D0A1EB045101F580114908A3
:109560005FEA300001EB04510ED350F1000038BF28
:1095700012FA0EFE08D1BDE81040C9E7401C38BF02
:109580005FEA4202CAD1C3E7BDE810404FEA410397
:1095900013F5001F38BF7047A1F1C04100F042BB76
:1095A0009EEA445F08D011EA5E0FBDE8104004BF98
:1095B00001F0004100207047BDE8104070B500F098
:1095C000E3FA00BF64FBBE3E0000E0FF491058BF55
:1095D000C1F140415B1058BFC3F140438B42EFF3F0
:1095E000008070472DE9C04130B4DFF8A0C23CEAEA
:1095F000111418BF3CEA131400F0EC8081EA030553
:109600001CEA111444EAD57418BF1CEA131500F0C3
:10961000C780A4EB05044FF0004545EAC12145EAA7
:10962000C32341EA505143EA525304F17F749942F3
:1096300004F500344FEAC0204FEAC22208BF90422E
:1096400000F09C804FEA13650FF24016765D4FEAFA
:10965000134506FB05F7C7F1807706FB07F74FEACE
:10966000D737A7FB03687642C8F58038A7FB06CE3C
:1096700038BFA8F1010807FB08E64FF0000EA6FB73
:10968000028CE6FB03CEDCF1000CCEF1004E38BFBD
:10969000AEF1010EA6FB0C584FF000074FF000058D
:1096A000E6FB0E87A1FB08C6A0FB07CE16EB0E0655
:1096B00045F10005E1FB076515F1E04E7EBFA4F51D
:1096C00080345FEA46066D4116F1800745F10005DA
:1096D0004FEA17274FEA066647EA0567A6F1DE4616
:1096E000B6F1805F4FEA15251FD9384624F0010CEA
:1096F00005EBC471BCF1FE6F01EB0C1102D8F0BC9C
:10970000BDE8008124425CBF01F5801E9EEAC47F53
:1097100002D4F0BCBDE80081244238D4F0BCA1F1F1
:10972000C041BDE8004100F07DBA4FEAD22242EAD2
:1097300043524FEAD323A7FB02864FEAD02040EAE8
:10974000415007FB03661EEA0E0F4FEAD12105FBCD
:10975000026658BFA6EB0056B6EB00564FEA520E13
:109760004EEAC37E18EB0E0E56EB530EBDD518EB2A
:1097700002085E417F1C55F10005B6E74FF48015E5
:109780004FF000074FF000064FF00008ADE7F0BCC7
:109790004FF0000001F1C04101F00041BDE800813F
:1097A00011EA0C1F0CEA131500D00CE013EA0C1F91
:1097B00000F025804FF00000F0BC81EA030101F0C9
:1097C0000041BDE80081F0BCBDE8004181EA030131
:1097D00000F028BAF0BCBDE8004170B500F0D4F943
:1097E000097EFC3E00F007B881EA03014FF000005B
:1097F00001F00041704781EA030100F013BAF0BCA8
:10980000BDE800414FF0000021497047FFFDFBF922
:10981000F7F5F4F2F0EEEDEBE9E8E6E4E3E1E0DEA3
:10982000DDDBDAD8D7D5D4D3D1D0CFCDCCCBCAC815
:10983000C7C6C5C4C2C1C0BFBEBDBCBBBAB9B8B73C
:10984000B6B5B4B3B2B1B0AFAEADACABAAA9A8A82F
:10985000A7A6A5A4A3A3A2A1A09F9F9E9D9C9C9BFD
:109860009A999998979796959594939392919190A8
:109870008F8F8E8E8D8C8C8B8B8A89898888878739
:109880008685858484838382828181800000FF07AE
:109890000000F87F51EA030C17D41CF5801F58BF55
:1098A000BCF5801F00F10680994218BF704708BFC1
:1098B0009042704707D711F5801F58BF13F5801FDE
:1098C00019D499427047894270471CF5801F08D50A
:1098D000BCF5801FF7D58B4218BF704708BF824286
:1098E00070474FF4001C1CEB410F38BF1CEB430FBB
:1098F00001D28B42704770B500F046F992244900BE
:109900004FF000514FF08053FFF760BE4FEA115304
:10991000A3F58063D3F11E03A8BFD3F1200C08DBAD
:109920004FF0004242EAC12252EA505232FA03F0AA
:10993000704709420BD4102BC4BF0020704703F5B9
:10994000787CBCF1FF3F05D04FF0FF3070474FF0FF
:109950000000704770B500F017F900BF49922480ED
:1099600000207047F0E710F0004248BF4042B0FAD4
:1099700080F310FA03F10AD0C3F11D0303F58063ED
:109980004FEA415002EB035202EBD12170474FF0F6
:1099900000007047B0FA80F310FA03F10AD0C3F167
:1099A0001D0303F580634FEA41504FEA035202EB77
:1099B000D12170474FF000007047000051EA030CBE
:1099C00017D41CF5801F58BFBCF5801F00F106801E
:1099D000994218BF704708BF9042704707D711F5EA
:1099E000801F58BF13F5801F19D4994270478942D0
:1099F00070471CF5801F08D5BCF5801FF7D58B423A
:109A000018BF704708BF824270474FF4001C1CEB20
:109A1000410F38BF1CEB430F01D28B42704770B52A
:109A200000F0B2F8922449004FF000514FF08053FB
:109A3000FFF7CCBDDFF848C170B51CEA111E1EBF90
:109A40001CEA13159EEA0C0F95EA0C0F00F06F80CC
:109A500081EA030423EA4C134EEAD47E21EA4C1136
:109A600041F4801143F48013AE44A1FB024CA0FBEF
:109A70000365AEF17F7E361955EB0C05A1FB034C57
:109A80004CF10003A0FB021C16EB0C06654153F1E0
:109A90000003094218BF46F0010613F4007F0BD102
:109AA0004FEA03314FEA0530340341EA155140EAE9
:109AB00016506FF003020AE04FEAC3214FEAC520B7
:109AC000F40241EA555140EA56506FF0020202EBAF
:109AD0002E4201EB025585EACE710AD05FEA440CB2
:109AE00018BF24F0004450F1000041F1000120EAC9
:109AF000D47040F2FE7C624500D270BDA84214BF13
:109B00004FF080444FF04044002E08BF0024BEF1C7
:109B1000806FA8BFA1F1C041BDE8704080F2828093
:109B20004FF0000001F1C04101F0004170479EEA92
:109B30000C0F0CEA131518BF95EA0C0F06D04FF066
:109B4000000081EA030E0EF0004170BD00F01CF829
:109B50008900013E00F007B800F009B84FEA430C55
:109B60005FEA5C5C08D081EA030100F05BB84FEA71
:109B7000410C5FEA5C5CF6D14FF000000149704790
:109B80000000FF070000F87F0EF1020E2EF0030E1A
:109B90005EF8046B364205D4012A43EB030515F544
:109BA000001F12D8012841EB010C1CF5001F0CD836
:109BB0000ED14FEAD17C15F5001F0CEB4C0C0CF1CB
:109BC000020C08BF4CEBD37C04E04FF0080C01E022
:109BD0004FEAD37C0CEB4C0526FA05F606F0070697
:109BE000B6F1040C06D20EEB860CBDE870404CF0CA
:109BF000010C6047DFE80CF0090B02024FF0004156
:109C00004FF00000A1F5002170BD19461046012853
:109C100051EB010418BFD4F5001484BF002001F0FB
:109C2000004170BD0808A0F500114FEA31017047EE
:109C300053EA010C17D41CF5801F58BFBCF5801FD8
:109C400000F106808B4218BF704708BF8242704700
:109C500007D713F5801F58BF11F5801F19D48B4209
:109C600070479B4270471CF5801F08D5BCF5801FCC
:109C7000F7D5994218BF704708BF904270474FF41C
:109C8000001C1CEB430F38BF1CEB410F01D2994263
:109C900070470FB40CBC03BCFFF7C1BE91EA030FC1
:109CA00010B581F000413FF5F1AB83F0004300F0C7
:109CB00009B8000010B591EA030F48BF83F00043D4
:109CC0003FF5E4AB841A71EB030C07D212198CF048
:109CD000004C43EB0C03001B61EB0C01DFF8A4E12B
:109CE0004FEA1154A4EB135C1EEA430F18BF9EEA1F
:109CF000445F00F0B08023EA6E03524221EA04512F
:109D0000C3EB6E0338BF5B1EDCF1200E25D322FAB5
:109D10000CFE10EB0E0043FA0CFE41EB0E01CCF1F1
:109D2000200E03FA0EFE10EB0E0051F10001CCF1F3
:109D3000200E29D412FA0EF201EB0451BDE81040B6
:109D400058BF7047401C1CBFB2F1004F704700283D
:109D50000CBF491C20F00100704712EB020E43EBD0
:109D6000030218BF4FF0010E4EEA4202ACF1200C84
:109D7000DCF11E0E54D943FA0CFE10EB0E0051F12B
:109D8000FF31CCF11E0ED5D50EF1010E12FA0EFEEA
:109D9000404141EB010101EB445C5FEA5C5C10D99E
:109DA00010EBDE7001EB045138BFBEF1004FBDE88F
:109DB000104018BF704700280CBF491C20F001005C
:109DC000704730D24FEAD42C11F5001124F400640E
:109DD0001BD0B1FA81F20B3AA41AA41ED2F12003CF
:109DE000914030FA03F31943904001EBCC71002C01
:109DF00001EB0451BDE81040A8BF704701F1C0411C
:109E00004FF0000001F000417047B0FA80F310FA03
:109E100003F100D110BDE41A173C4805C90AE4E774
:109E200001EB045110BD491001EB0451BDE8104095
:109E30004FEA300002E04FF0000170474A0008BFCF
:109E40000042F8D0B2F5001F28BF704701F0004172
:109E50004FF0000070479EEA445F07D011EA5E0FA2
:109E6000BDE8104004BF002100207047BDE810404D
:109E700070B5FFF789FE00BF40DFF63E83F000417A
:109E8000104670470000E0FF43004FEAD30C4FEA52
:109E90003C0C43401FBF40070CF1605113F0FE4FD4
:109EA00070471CF0006F03D100200CF00041704798
:109EB0000CF0004343EA507010B540EACC0000F0CB
:109EC0000EF800BF000000924FEA0001FFF7AABEA3
:109ED0004FF000414FF00000A1F5002170470EF156
:109EE000020E2EF0030E5EF8044B244204D44FEA17
:109EF0004102B2F17F4F11D84FEA4003B3F17F4FD7
:109F00000CD80ED14FEAD07CB2F17F4F0CEB4C0C49
:109F10000CF1020C08BF4CEBD17C04E04FF0080CB4
:109F200001E04FEAD17C0CEB4C0324FA03F404F07B
:109F30000704B4F1040C06D20EEB840CBDE810400B
:109F40004CF0010C6047DFE80CF0070802024FF00C
:109F50000040A0F5800010BD0846420018BFD2F1B5
:109F6000807288BF00F0004010BD4FF04070E1EEFD
:109F7000100A7047FF2141EAD050C005704700C168
:109F8000814001C0804101C0804100C1814001C0C9
:109F9000804100C1814000C1814001C0804101C0B9
:109FA000804100C1814000C1814001C0804100C1A9
:109FB000814001C0804101C0804100C1814001C099
:109FC000804100C1814000C1814001C0804100C189
:109FD000814001C0804101C0804100C1814000C179
:109FE000814001C0804101C0804100C1814001C069
:109FF000804100C1814000C1814001C0804101C059
:10A00000804100C1814000C1814001C0804100C148
:10A01000814001C0804101C0804100C1814000C138
:10A02000814001C0804101C0804100C1814001C028
:10A03000804100C1814000C1814001C0804100C118
:10A04000814001C0804101C0804100C1814001C008
:10A05000804100C1814000C1814001C0804101C0F8
:10A06000804100C1814000C1814001C0804100C1E8
:10A07000814001C0804101C0804100C1814000C0D9
:10A08000C101C30302C2C60607C705C5C404CC0C80
:10A090000DCD0FCFCE0E0ACACB0BC90908C8D818F0
:10A0A00019D91BDBDA1A1EDEDF1FDD1D1CDC14D400
:10A0B000D515D71716D6D21213D311D1D010F03030
:10A0C00031F133F3F23236F6F737F53534F43CFC40
:10A0D000FD3DFF3F3EFEFA3A3BFB39F9F83828E8F0
:10A0E000E929EB2B2AEAEE2E2FEF2DEDEC2CE424C0
:10A0F00025E527E7E62622E2E323E12120E0A06030
:10A1000061A163A3A26266A6A767A56564A46CACFF
:10A11000AD6DAF6F6EAEAA6A6BAB69A9A86878B86F
:10A12000B979BB7B7ABABE7E7FBF7DBDBC7CB4747F
:10A1300075B577B7B67672B2B373B17170B050902F
:10A1400091519353529296565797559594549C5CBF
:10A150005D9D5F9F9E5E5A9A9B5B9959589888486F
:10A1600049894B8B8A4A4E8E8F4F8D4D4C8C44843F
:10A170008545874746868242438341818040102837
:10A1800040587088A0B800000000040404000008D3
:10A190000000000800000800000008000204060893
:10A1A0000A0C00010203040506102840587088A01C
:10A1B000B8000000000404040000080000000800CB
:10A1C00000080000000800020406080A0C00010252
:10A1D00003040506102840587088A0B8000000004D
:10A1E000040404000008000000080000080000004B
:10A1F0000800020406080A0C000102030405060018
:10A20000102840587088A0B8000000000404040022
:10A210000008000000080000080000000800020418
:10A2200006080A0C000102030405060000000000F5
:10A230000000000000000000000058025802580210
:10A2400058025802C8005802580258025802900199
:10A2500058025802580258025802900158025802F7
:10A260005802580258025802000000000000000086
:10A270005802000000000000000000000000000084
:10A2800000000000000000000000000000000000CE
:10A2900058025802580258025802580258025802EE
:10A2A0005802200358025802580258025802580215
:10A2B0000000000000000000070000000400000093
:10A2C000273605080000000008000000800000009C
:10A2D0002736050800000000090000000800000003
:10A2E00027360508000000000B00000010000000E9
:10A2F00027360508000000000A00000020000000CA
:10A3000027360508000000000C0000004000000097
:10A3100027360508000000002200000001000000B0
:10A3200027360508000000000500000000020000BC
:10A3300027360508000000000200000000050000AC
:10A34000273605080000000003000000020000009E
:10A35000273605080000000004000000021000007D
:10A36000273605080000000006000000004000003D
:10A37000273605080000000024000000002000002F
:10A380002736050800000000000000000000000063
:10A3900000000000000000000000000000000000BD
:10A3A00000000000000000000000000000000000AD
:10A3B000000000000000000000000000000000009D
:10A3C000000000000000000000000000000000008D
:10A3D000000000000000000000000000000000007D
:10A3E000000000000000000000000000000000006D
:10A3F0000000000000000000070000000400000052
:10A40000273605087C0100000800000080000000DD
:10A41000273605087C010000090000000800000044
:10A42000273605087C0100000B000000100000002A
:10A4300027360508C80000000A00000020000000C0
:10A44000273605087C0100000C00000040000000D9
:10A45000273605086400000022000000010000000B
:10A4600027360508F4010000050000000002000086
:10A4700027360508F4010000020000000005000076
:10A4800027360508F4010000030000000200000068
:10A49000273605087C0100000400000002100000BF
:10A4A000273605087C01000006000000004000007F
:10A4B00027360508F40100002400000000200000F9
:10A4C00027360508F401000000000000000000002D
:10A4D000000000000000000000000000000000007C
:10A4E000000000000000000000000000000000006C
:10A4F000000000000000000000000000000000005C
:10A50000000000000000000000000000000000004B
:10A51000000000000000000000000000000000003B
:10A52000000000000000000000000000000000002B
:10A530000000000000000000070000000400000010
:10A540002736050800000000080000008000000019
:10A550002736050800000000090000000800000080
:10A5600027360508000000000B0000001000000066
:10A5700027360508000000000A0000002000000047
:10A5800027360508000000000C0000004000000015
:10A59000273605080000000022000000010000002E
:10A5A000273605080000000005000000000200003A
:10A5B000273605080000000002000000000500002A
:10A5C000273605080000000003000000020000001C
:10A5D00027360508000000000400000002100000FB
:10A5E00027360508000000000600000000400000BB
:10A5F00027360508000000002400000000200000AD
:10A6000027360508000000000000000000000000E0
:10A61000000000000000000000000000000000003A
:10A62000000000000000000000000000000000002A
:10A63000000000000000000000000000000000001A
:10A64000000000000000000000000000000000000A
:10A6500000000000000000000000000000000000FA
:10A6600000000000000000000000000000000000EA
:10A6700000000000000000000700000004000000CF
:10A6800027360508000000000800000080000000D8
:10A69000273605080000000009000000080000003F
:10A6A000273605080000000016000000100000001A
:10A6B0002736050800000000170000000100000018
:10A6C000AF350508000000000F000000200000006A
:10A6D00027360508000000002000000001000000EF
:10A6E00027360508000000001A0000006000000086
:10A6F00027360508000000001F00000002000000CF
:10A70000AF35050800000000020000000001000055
:10A7100027360508000000000300000002000000CA
:10A7200027360508000000000400000002100000A9
:10A730002736050800000000060000000040000069
:10A74000273605080000000024000000002000005B
:10A75000273605080000000000000000000000008F
:10A7600000000000000000000000000000000000E9
:10A7700000000000000000000000000000000000D9
:10A7800000000000000000000000000000000000C9
:10A7900000000000000000000000000000000000B9
:10A7A00000000000000000000000000000000000A9
:10A7B000000000000000000007000000040000008E
:10A7C0002736050800000000080000008000000097
:10A7D00027360508000000000900000008000000FE
:10A7E00027360508000000001700000010000000D8
:10A7F00027360508000000001900000020000000B6
:10A80000273605080000000011000000400000008D
:10A8100027360508000000000200000000050000C7
:10A82000273605080000000022000000010000009B
:10A8300027360508000000000500000000020000A7
:10A840002736050800000000030000000200000099
:10A850002736050800000000040000000210000078
:10A860002736050800000000060000000040000038
:10A87000273605080000000024000000002000002A
:10A88000273605080000000000000000000000005E
:10A8900000000000000000000000000000000000B8
:10A8A00000000000000000000000000000000000A8
:10A8B0000000000000000000000000000000000098
:10A8C0000000000000000000000000000000000088
:10A8D0000000000000000000000000000000000078
:10A8E0000000000000000000000000000000000068
:10A8F000000000000000000007000000040000004D
:10A900002736050800000000080000008000000055
:10A9100027360508000000000900000008000000BC
:10A920002736050800000000170000001000000096
:10A930002736050800000000190000002000000074
:10A94000273605080000000011000000400000004C
:10A95000273605080000000001000000010000008B
:10A96000273605080000000002000000000100007A
:10A970002736050800000000050000000002000066
:10A980002736050800000000030000000200000058
:10A99000273605080000000004000000020800003F
:10A9A00027360508000000000600000000400000F7
:10A9B000273605080000000000000000000000002D
:10A9C0000000000000000000000000000000000087
:10A9D0000000000000000000000000000000000077
:10A9E0000000000000000000000000000000000067
:10A9F0000000000000000000000000000000000057
:10AA00000000000000000000000000000000000046
:10AA10000000000000000000000000000000000036
:10AA20000000000000000000000000000000000026
:10AA3000000000000000000007000000020000000D
:10AA40002736050800000000080000001000000084
:10AA50002736050800000000090000008000000003
:10AA600027360508000000003D000000040000003B
:10AA700027360508000000003E000000200000000E
:10AA800027360508000000003F00000040000000DD
:10AA9000273605080000000040000000008000008C
:10AAA00027360508000000004100000000000100FA
:10AAB00027360508000000002200000000200000EA
:10AAC000273605080000000002000000080300000F
:10AAD0002736050800000000030000000100000008
:10AAE00027360508000000000400000000100000E8
:10AAF00027360508000000000600000000400000A6
:10AB000027360508000000002400000000080000AF
:10AB100027360508000000000500000000040000C2
:10AB200027360508000000000000000000000000BB
:10AB30000000000000000000000000000000000015
:10AB40000000000000000000000000000000000005
:10AB500000000000000000000000000000000000F5
:10AB600000000000000000000000000000000000E5
:10AB700000000000000000000700000004000000CA
:10AB800027360508000000000800000080000000D3
:10AB9000273605080000000009000000080000003A
:10ABA0002736050800000000180000001000000013
:10ABB00027360508000000001000000020000000FB
:10ABC00027360508000000001400000040000000C7
:10ABD0002736050800000000010000000100000009
:10ABE00027360508000000000200000000010000F8
:10ABF00027360508000000000300000002000000E6
:10AC000027360508000000000400000002100000C4
:10AC100027360508000000000600000000000200C2
:10AC200027360508000000000000000000000000BA
:10AC30000000000000000000000000000000000014
:10AC40000000000000000000000000000000000004
:10AC500000000000000000000000000000000000F4
:10AC600000000000000000000000000000000000E4
:10AC700000000000000000000000000000000000D4
:10AC800000000000000000000000000000000000C4
:10AC900000000000000000000000000000000000B4
:10ACA00000000000000000000000000000000000A4
:10ACB0000000000000000000070000000400000089
:10ACC0002736050800000000080000008000000092
:10ACD00027360508000000000900000008000000F9
:10ACE00027360508000000001600000010000000D4
:10ACF00027360508000000001700000020000000B3
:10AD000027360508000000000F000000400000008A
:10AD100027360508000000002200000001000000A6
:10AD200027360508000000000200000000050000B2
:10AD300027360508000000000500000000020000A2
:10AD40002736050800000000030000000200000094
:10AD50002736050800000000040000000210000073
:10AD60002736050800000000060000000040000033
:10AD70002736050800000000240000000000020043
:10AD80002736050800000000000000000000000059
:10AD900000000000000000000000000000000000B3
:10ADA00000000000000000000000000000000000A3
:10ADB0000000000000000000000000000000000093
:10ADC0000000000000000000000000000000000083
:10ADD0000000000000000000000000000000000073
:10ADE0000000000000000000000000000000000063
:10ADF0000000000000000000070000000400000048
:10AE00002736050800000000080000008000000050
:10AE100027360508000000000900000008000000B7
:10AE20002736050800000000170000001000000091
:10AE30002736050800000000110000002000000077
:10AE400027360508000000000C000000400000004C
:10AE50002736050800000000220000000100000065
:10AE60002736050800000000020000000005000071
:10AE70002736050800000000050000000002000061
:10AE80002736050800000000030000000200000053
:10AE90002736050800000000040000000210000032
:10AEA00027360508000000000600000000400000F2
:10AEB00027360508000000002400000000200000E4
:10AEC0002736050800000000000000000000000018
:10AED0000000000000000000000000000000000072
:10AEE0000000000000000000000000000000000062
:10AEF0000000000000000000000000000000000052
:10AF00000000000000000000000000000000000041
:10AF10000000000000000000000000000000000031
:10AF20000000000000000000000000000000000021
:10AF3000000000000000000070B1050800000000E3
:10AF400000000000000000000000000000040000FD
:10AF500030000000000000000000000094B105086F
:10AF600000000000000000000000000000000000E1
:10AF700000020000180000000000000000000000B7
:10AF80007CB1050800000000000000000000000087
:10AF90000000000000040000180000000000000095
:10AFA0000000000054B1050800000000000000008F
:10AFB000000000000000000000040000200000006D
:10AFC000000000000000000088B10508000000003B
:10AFD000000000000000000000000000000400006D
:10AFE00030000000000000000000000060B1050813
:10AFF0000000000000000000000000000000000051
:10B000000002000008000000000000000000000036
:10B01000C4B10508000000000000000000000000AE
:10B02000A4B10508000000000000000000000000BE
:10B03000B4B105080000000000000000000000009E
:10B04000D8B105080000000000000000000000006A
:10B05000E4B105080000000000000000000000004E
:10B06000D0B1050800000000000000000000000052
:10B0700038B10508000000000000000000000000DA
:10B0800040B10508000000000000000000000000C2
:10B090004CB10508000000000000000000000000A6
:10B0A000102840587088A0B8000000000404040074
:10B0B000000800000008102840587088A0B8000060
:10B0C000102840587088A0B8000000000000000060
:10B0D0000000000000000000000000000000000070
:10B0E0000000000000000000010203040607080938
:10B0F000000000000102030404FA97999999D93FCE
:10B10000AF788E1DC571CC3F9FC678D0099AC33FDA
:10B11000935555555555E53F599322942449D23FAF
:10B12000DE03CB966446C73F44523EDF12F1C23F76
:10B1300000000000000000005556646174610000CA
:10B14000486F73744D62646174610000486F744DA0
:10B150007367000050726F635461736B00000000EE
:10B16000537469724374726C5461736B0000000015
:10B1700052756E4D61696E5461736B0054656D70EC
:10B180005461736B00000000734D6F6462757354FB
:10B1900061736B0044617461436F6C6C65637454DC
:10B1A00061736B00486F74486F6C6454696D6572AD
:10B1B000000000005265706F7274537465705469BA
:10B1C0006D6572004D6F746F7254696D6572000029
:10B1D000436F6D6D335278006F734144534D7574F6
:10B1E0006578000054656D70446174614D757465D7
:10B1F0007800000014B20508000000208C03000055
:10B20000C4010408ECB205088C030020449E000031
:10B210002002040801741AAA01D10412100140028C
:10B2200029023211365D51050804360D5005080318
:10B2300036814F050810361353050806364152056E
:10B2400008171A9920320136274E0508051AD138F9
:10B25000320F1A832029721AD518326636A54D0589
:10B2600008671A8520012A8A010216459EB35801F3
:10B270002C2094121619F4111A0F0845D0078813C0
:10B280000312C8AF0316803F093618237A442B20D7
:10B290004008130865122019041B8062048A6408A0
:10B2A000013C9B60090C0212EA134C021B204D0466
:10B2B0001A4E041A4F04198C12411248199019A2FF
:10B2C000041590A0B03B140120A123C642126303D1
:10B2D00076B80B05165DCF040819CC3904013A1372
:0CB2E000507112205324F432103201008F
:040000050804018961
:00000001FF
