:020000040804EE
:1000000088A00020310304082F6004086D2F040825
:100010000D6004086F0C0408B5AC04080000000073
:100020000000000000000000000000007102040851
:10003000C916040800000000CD020408B19F04089E
:100040004B030408116804084B0304084B0304081D
:100050004B0304084B0304084B0304084B03040838
:100060004B0304084B0304084B0304084B03040828
:10007000511204084B030408C11204084B0304087E
:100080004B0304084B0304084B0304084B03040808
:100090004B0304084B0304084B0304084B030408F8
:1000A0004B0304084B030408F5A004084B030408A1
:1000B0004B0304084B0304084B0304084B030408D8
:1000C0004B0304084B0304084B0304084B030408C8
:1000D0004B030408F1A904084B03040831AA0408DF
:1000E0004B0304084B0304084B0304084B030408A8
:1000F0004B030408FDA004084B0304084B03040849
:100100004B0304084B0304084B0304084B03040887
:100110004B0304084B0304084B030408F9A004082C
:100120005D1304089D1404084B0304084B030408E2
:100130004B0304084B0304084B0304084B03040857
:100140004B0304084B0304084B0304084B03040847
:100150004B0304080D1504084B03040891AA040876
:100160004B0304084B0304084B0304084B03040827
:100170004B0304084B0304084B0304080000000071
:100180004B0304084B03040800F002F800F061F888
:100190000AA090E8000C82448344AAF10107DA45E2
:1001A00001D100F056F8AFF2090EBAE80F0013F0D3
:1001B000010F18BFFB1A43F0010318476415010033
:1001C000841501000A444FF0000C10F8013B13F0B5
:1001D000070408BF10F8014B1D1108BF10F8015BA0
:1001E000641E05D010F8016B641E01F8016BF9D193
:1001F00013F0080F1EBF10F8014BAD1C0C1B09D1EA
:100200006D1E58BF01F801CBFAD505E014F8016B5B
:1002100001F8016B6D1EF9D59142D6D370470000ED
:100220000023002400250026103A28BF78C1FBD8FF
:10023000520728BF30C148BF0B607047642900F0E7
:100240002581002070471FB510F033F91FBD10B590
:1002500010BD00F049FB1146FFF7F5FF0BF0D8FF8A
:1002600000F067FB03B4FFF7F2FF03BC0BF02BF8C1
:100270002C4B19680868B0E8F04F80F30988BFF389
:100280006F8F4FF0000080F311887047000000006E
:1002900008480068006880F308884FF0000080F389
:1002A000148862B661B6BFF34F8FBFF36F8F00DF64
:1002B00000BF00BF08ED00E0DFF80C00016841F46A
:1002C00070010160704700BF88ED00E0EFF3098026
:1002D000BFF36F8F134B1A681EF0100F08BF20ED8D
:1002E000108A20E9F04F106009B44FF0500080F3FD
:1002F0001188BFF34F8FBFF36F8F0DF045FD4FF0A7
:10030000000080F3118809BC19680868B0E8F04F54
:100310001EF0100F08BFB0EC108A80F30988BFF3FD
:100320006F8F704700000020EFF3058070470000DA
:100330000948804709480047FEE7FEE7FEE7FEE779
:10034000FEE7FEE7FEE7FEE7FEE7FEE704480549B5
:10035000054A064B70470000D5A00408890104082F
:100360008878002088A000208898002088980020A5
:1003700053EA020C00F069802DE9F04B4FF00006C3
:10038000002B1FBFB3FA83F503FA05F424FA05F630
:100390005E4012BF1643B2FA82F502FA05F4C5F1C7
:1003A00020051EBF22FA05FC44EA0C04203556EA5B
:1003B000044C4FEA144418BF641C4FF000084FF07F
:1003C0000009904271EB030C39D3002919BFB1FA2F
:1003D00081F701FA07F6B0FA80F700FA07F6C7F1DD
:1003E00020071EBF20FA07FC46EA0C062037B6FBA2
:1003F000F4FCA7EB0507103F07F01F0BCBF120061D
:100400000CFA0BFB2CFA06F644BFB3460026202F4D
:10041000A4BF5E464FF0000B5BEA060C08BF4FF02E
:10042000010B19EB0B09ABFB027C48EB0608C01B68
:1004300006FB02CC0BFB03CC71EB0C01C1E70B46B6
:10044000024641464846BDE8F08B13B54FF0000028
:100450004FF00001AFF30080BDE81C407047000082
:100460000FB41CB5084B06AA7B446946009005985A
:1004700000F019FA04460020694600F027FA2046E9
:100480001CBC5DF814FB0000610400002DE9F04184
:100490000646002410687529314616A510D0AFF322
:1004A0000080002802DA404213A507E031688A077D
:1004B00001D512A502E0490704D511A5012401E0E8
:1004C000AFF3008000210A2206F1240709E0B0FB07
:1004D000F2FCB0FBF2F302FB1C00303078541846FB
:1004E000491C0028F3D123462A463046BDE8F04196
:1004F00000F07AB9000000002D0000002B00000081
:10050000200000002DE9F05F894604464FF0000A04
:10051000DFF824B1FB44C0F820A02046E1688847FA
:1005200000287DD0252806D0D4E901219047206AF3
:10053000401C2062F1E700255F462046E1688847BD
:100540002028064607DB312E05D2B81910F8200CFA
:1005500008B10543F1E7A80701D525F00405C4F863
:100560001CA00027C4F818A02A2E09D030460AF093
:10057000A3FE38B304EB8708303EC8F8186019E0D2
:1005800059F8041B204604EB87029161E168884713
:10059000012F064618D1E069002820DA25F0200551
:1005A0001DE0D8F8180000EB800006EB4000303862
:1005B000C8F818002046E168884706460AF07CFE25
:1005C0000028EED1012F0AD02E2E08D12046E16856
:1005D00088477F1C0646022F45F02005C4DBA06932
:1005E000002803DA404245F00105A061E80701D088
:1005F00025F01005A6B1A6F14100192802D8203631
:1006000045F400654A463146204625604D46FFF7D1
:1006100015FE60B1012807D0ED1D25F0070000E0B0
:1006200007E000F1080978E705F1040975E73046AD
:100630007AE7206ABDE8F09F04110100032A40F226
:10064000308010F0030C00F0158011F8013BBCF174
:10065000020F624498BF11F801CB00F8013B38BF8C
:1006600011F8013BA2F1040298BF00F801CB38BF9A
:1006700000F8013B11F0030300F02580083AC0F0B8
:10068000088051F8043B083A51F804CBA0E8081060
:10069000F5E7121D5CBF51F8043B40F8043BAFF393
:1006A0000080D20724BF11F8013B11F801CB48BFED
:1006B00011F8012B24BF00F8013B00F801CB48BF23
:1006C00000F8012B704710B5203AC0F00B80B1E85C
:1006D0001850203AA0E81850B1E81850A0E8185077
:1006E000BFF4F5AF5FEA027C24BFB1E81850A0E880
:1006F000185044BF18C918C0BDE810405FEA827C9A
:1007000024BF51F8043B40F8043B08BF7047D207B0
:1007100028BF31F8023B48BF11F8012B28BF20F851
:10072000023B48BF00F8012B704702F0FF0343EA89
:10073000032242EA024200F002B84FF0000204290C
:10074000C0F0128010F0030C00F01B80CCF1040C00
:10075000BCF1020F18BF00F8012BA8BF20F8022B34
:10076000A1EB0C0100F00DB85FEAC17C24BF00F8DA
:10077000012B00F8012B48BF00F8012B70474FF008
:10078000000200B5134694469646203922BFA0E8E1
:100790000C50A0E80C50B1F12001BFF4F7AF0907ED
:1007A00028BFA0E80C5048BF0CC05DF804EB8900DE
:1007B00028BF40F8042B08BF704748BF20F8022B21
:1007C00011F0804F18BF00F8012B70477047704739
:1007D000704710B500F080F8006810BD10B50446F1
:1007E00000F07AF8046010BD2DE9F0470D469946F7
:1007F0009246044600F124080168880604D5E069A1
:1008000021F01001216000E00120A84201DD471B1A
:1008100000E00027A1697A1902EB0900081AA0611B
:100820002078C00602D42046AFF30080002608E0FE
:10083000D4E901211AF806009047206A401C761C72
:1008400020624E45F4DB2078C0060AD52046AFF37F
:10085000008006E0D4E9012130209047206A401C46
:100860002062381EA7F10107F4DC07E0D4E901217A
:1008700018F805009047206A401C2062281EA5F148
:100880000105F3DC2046AFF300802078000602D596
:100890000220BDE8F0870120FBE7000001694A1C47
:1008A00002610878704700B58FB0CDE901310021B1
:1008B000059105497944CDE9031011466846FFF7D3
:1008C00021FE0FB000BD0000E5FFFFFF0A6802F83F
:1008D000010B0A607047000000487047287800202C
:1008E00000487047287800207546FFF7F9FFAE46AC
:1008F00005006946534620F00700854618B020B52C
:10090000FFF724FDBDE820404FF000064FF0000740
:100910004FF000084FF0000B21F00701AC46ACE8A7
:10092000C009ACE8C009ACE8C009ACE8C0098D4614
:10093000704710B50446AFF300802046BDE8104074
:10094000FFF790BC30B14FF480510A04054B9A6117
:1009500000BF05E04FF48051024A916100BF00BF23
:10096000704700000004024008B500200090B1204C
:1009700000906A460121002000F00DF9002000904F
:100980006A46012100F042F800200090C420009047
:100990006A460121084600F0FEF8002000906A46F1
:1009A0000121084600F032F800200090202000903D
:1009B0006A460121022000F0EEF8002000906A460D
:1009C0000121022000F022F800F0D0F808BD10B597
:1009D0000120FFF7B7FF102000F082F8FF2000F0A1
:1009E00037F80446FF2000F033F840EA0424FF20E3
:1009F00000F02EF840EA042404F4000008B144F0AA
:100A00007F440020FFF79EFF204610BD2DE9F041F6
:100A100006460C4615460120FFF794FF0C2101EA1B
:100A20008601621E02F00302114341F0200000F033
:100A30000FF8002704E0FF2000F00AF801C57F1C32
:100A4000A742F8DB0020FFF77DFFBDE8F081000042
:100A500010B5044600201E4908800CE01C480088A0
:100A6000401C1B4908800846008844F620618842E3
:100A700001DD002010BD174803F085FD0028EDD0F2
:100A800013480088144908802146124803F080FD6D
:100A900000200F4908800CE00D480088401C0C49DC
:100AA00008800846008844F62061884201DD002065
:100AB000E0E7084803F062FD0028EDD00448008814
:100AC0000649088000BF0348007B00BFD2E7000052
:100AD00080020020003800408602002088020020AA
:100AE00010B5044600201D4908800BE01B48008813
:100AF000401C1A4908800846008844F62061884254
:100B000000DD10BD164803F03EFD0028EED013486E
:100B10000088144908802146114803F039FD00205F
:100B20000E4908800BE00D480088401C0B490880E6
:100B30000846008844F62061884200DDE1E7084865
:100B400003F01CFD0028EED0044800880649088008
:100B500000BF0348007B00BFD3E7000080020020F5
:100B600000380040820200208402002010B50120DD
:100B7000FFF7E8FE0820FFF7B3FF0020FFF7E2FED3
:100B800010BD38B5044600946A460121002000F0EB
:100B900002F8002038BD2DE9F04106460C46154606
:100BA0000120FFF7CFFE0C2101EA8601621E02F050
:100BB0000302114341F04000FFF792FF002704E0D9
:100BC00015F8040BFFF78CFF7F1CA742F8DB002011
:100BD000FFF7B8FEBDE8F0812DE9FC4707460C465B
:100BE00015461E464FF00009094830F814A0534638
:100BF0001A2221463846CDE9005609F05AFE8146B0
:100C00002146484601F065F980464046BDE8FC872C
:100C1000740705082DE9FC5F81460E461746984685
:100C20004FF0000A104830F81650B5F57A7F01DC15
:100C3000C82D00DAC8253146484601F0F7FC0446C5
:100C400044B12B46022231464846CDE90078A04700
:100C5000824601E04FF0090A3146504601F039F969
:100C600083465846BDE8FC9F740705087047FEE7B9
:100C700010B500240020A2490880A2490880A2489B
:100C800090ED000A08F096FA6FE04FF4FA700BF05E
:100C900003FB9E480068808B9949088008460088BD
:100CA000B0F5966F2EDA984890ED000ADFED980ABD
:100CB000B4EEE00AF1EE10FA01DD042010BD022CC2
:100CC00000D153E0904890ED000ADFED920A30EE3B
:100CD000200A80ED000AD0ED000AB2EE041AB6EE4A
:100CE000000A00EE810ABCEEC00A10EE100A8A4922
:100CF0000968A1F85200844890ED000A08F05AFAF9
:100D0000012432E07E480088B0F5AF6F2CDD7E48CC
:100D100090ED000AB5EEC00AF1EE10FA01D20420FF
:100D2000CCE7012C00D121E0774890ED000ADFEDFF
:100D3000790A30EE600A80ED000AD0ED000AB2EECA
:100D4000041AB6EE000A00EE810ABCEEC00A10EEEC
:100D5000100A71490968A1F852006B4890ED000A29
:100D600008F028FA022400E000E08EE700BF4FF40C
:100D7000FA700BF091FA65480068808B6049088032
:100D80000846008865490880084600885F49096868
:100D900008845D48D0ED000AB2EE041AB6EE000AEF
:100DA00000EE810ABCEEC00A10EE100A5A4909682A
:100DB000A1F852005A4890ED000A08F047FA0024C2
:100DC0006FE04FF4FA700BF067FA50480068C08B80
:100DD0004C49088008460088B0F5966F2EDA5048D6
:100DE00090ED000ADFED4A0AB4EEE00AF1EE10FAE7
:100DF00001DD052062E7022C00D153E0484890ED68
:100E0000000ADFED440A30EE200A80ED000AD0ED42
:100E1000000AB2EE041AB6EE000A00EE810ABCEE39
:100E2000C00A10EE100A3C490968A1F854003C4879
:100E300090ED000A08F00AFA012432E031480088F7
:100E4000B0F5AF6F2CDD364890ED000AB5EEC00A64
:100E5000F1EE10FA01D2052030E7012C00D121E09B
:100E60002F4890ED000ADFED2B0A30EE600A80ED8E
:100E7000000AD0ED000AB2EE041AB6EE000A00EE47
:100E8000810ABCEEC00A10EE100A23490968A1F8D5
:100E90005400234890ED000A08F0D8F9022400E03D
:100EA00000E08EE700BF4FF4FA700BF0F5F9174839
:100EB0000068C08B134908800846008819490880DB
:100EC000104800881149096848841548D0ED000A87
:100ED000B2EE041AB6EE000A00EE810ABCEEC00AB9
:100EE00010EE100A0C490968A1F85400064890ED6C
:100EF000000A08F05FF908F0A3F80020DEE6000021
:100F00001A0300201C03002024030020F801002005
:100F100000000442CDCCCC3DF40100201E03002093
:100F200028030020200300209FED020A80ED0A0A1A
:100F3000704700000000000000B59FED020A08F0B5
:100F4000ABF800BD0000000010B50020284909687A
:100F500008602021274803F0FAF81021254803F003
:100F6000F6F80821234803F0F2F80421214803F0A1
:100F7000EEF802211F4803F0EAF801211D4803F0B2
:100F8000E6F84FF400711C4803F0E1F84FF480716B
:100F9000194803F0DCF88021174803F0D8F8402105
:100FA000154803F0D4F82021134803F0D0F810219D
:100FB000114803F0CCF808210F4803F0C8F880214D
:100FC0000E4803F0C4F840210C4803F0C0F820217B
:100FD0000A4803F0BCF81021084803F0B8F80821CB
:100FE000064803F0B4F80421044803F0B0F810BD3B
:100FF000E80100200010024000040240000C024002
:1010000010B50C480068B0F84000132805DC09480A
:101010000068B0F84000012804DA1020054909688A
:10102000A1F840000349096891F8400000F046F833
:1010300010BD0000F401002070B506460C462146A4
:10104000304601F041FB0546002009490968A1F836
:101050007000642C03D1FFF777FF012070BD0DB93C
:101060000020FBE7284600F0D9F80120F6E7000051
:10107000F401002010B500220B21012000F046FFF2
:1010800010BD000010B50C480068B0F842001328ED
:1010900005DC09480068B0F84200012804DA122093
:1010A00005490968A1F842000349096891F842001E
:1010B00000F004F810BD0000F401002010B5044653
:1010C0002E2C6FD2DFE804F094171C21262B30352C
:1010D0003B41464B50555A5F64696F7494949494A5
:1010E00094797D8185898D94949494949494949426
:1010F00094949494949120213F4803F028F878E048
:1011000010213D4803F023F873E008213A4803F02A
:101110001EF86EE00421384803F019F869E0022156
:10112000354803F014F864E00121334803F00FF868
:101130005FE04FF40071314803F009F859E04FF4D3
:1011400080712E4803F003F853E080212B4802F011
:10115000FEFF4EE04021294802F0F9FF49E020213E
:10116000264802F0F4FF44E01021244802F0EFFF8B
:101170003FE00821214802F0EAFF3AE080212048C0
:1011800002F0E5FF35E040211D4802F0E0FF30E0CD
:1011900020211B4802F0DBFF2BE01021184802F051
:1011A000D6FF26E024E00821154802F0D0FF20E019
:1011B0000421134802F0CBFF1BE000201149087006
:1011C00017E000201049087013E000200F49087054
:1011D0000FE000200E4908700BE000200D49087058
:1011E00007E000200C49087003E0FFF7A5FE00E0CF
:1011F00000BF00BF10BD000000100240000402400C
:10120000000C02404C0200204D0200204E02002043
:101210004F020020500200205102002070B5044609
:1012200001250A4800680068A04308490968086069
:1012300008E004F0010010B1E8B2FFF73FFF6408D6
:10124000681C85B2202DF4DD70BD0000E80100208F
:1012500070B5184C2068C0F3C020174D002807D087
:10126000E014A06068782058697840F00100605070
:101270002068C0F3402000281BD0104E00224FF4FD
:101280008051304601F0CCFB7015A0606878205882
:10129000697820F00400605068782058697820F060
:1012A000010060503046BDE870400122110301F09A
:1012B000B7BB70BD00600240E4150508000C024099
:1012C00070B5224C2068C0F3C060214D002819D0B1
:1012D0004FF00060A060E8782058E97820F0100016
:1012E0006050E8782058E97820F0010060501948F3
:1012F00000680C3050E8001F41F0400140E8001247
:10130000002AF7D12068C0F3406000281CD0124E9C
:1013100000224FF48051304601F082FB4FF0007004
:10132000A060E8782058E97820F004006050E87860
:101330002058E97820F0010060503046BDE8704048
:101340000122110301F06CBB70BD0000006002407F
:10135000E41505086C020020000C024070B487B050
:1013600046490868C0F3401000287DD020208860DE
:1013700043480078085800F40020424B00287AD0F7
:10138000414818603E48D0F810C085694469C26879
:101390008168C069009105903C49CDF808C004956A
:1013A00003940192059E0098C1F808C04E610D613A
:1013B000CC604A60086000221B6802EB4200D1F852
:1013C00000C033F82040A444C1F800C003EB800003
:1013D000D1F804C04488A444C1F804C08488D1F87A
:1013E00008C0A444C1F808C0C488D1F80CC0A44403
:1013F000C1F80CC00489D1F810C0A444C1F810C0D1
:101400004089D1F814C060444861501CC2B2202AFF
:10141000D3D3086800F110020A60486800F1100593
:101420004D60886800F110048C60C86800F11003FA
:10143000CB60086910300861D1F814C00CF1100CB1
:10144000C1F814C0124E52093280690971806109D5
:10145000B1805B09F380400930814FEA5C107081F4
:101460000C480068C28201E002E004E08183C3838B
:1014700007B070BC70470848186083E700640240FA
:10148000E415050864030020FC6F00209C77002011
:10149000D86F0020F80100207C71002070B5184C36
:1014A0002068C0F3C020174D002807D0E014A060CA
:1014B00068782058697840F0010060502068C0F3D7
:1014C000402000281BD0104E00224FF4805130469F
:1014D00001F0A6FA7015A06068782058697820F0AD
:1014E0000400605068782058697820F0010060504E
:1014F0003046BDE870400122110301F091BA70BD81
:1015000000640240E4150508000C024070B5224C4E
:101510006068C0F34050214D002819D04FF40010EE
:10152000E060A8792058A97920F010006050A879CF
:101530002058A97920F001006050194800680C304B
:1015400050E8001F41F0400140E80012002AF7D1A6
:101550006068C0F3C04000281CD0124E00224FF437
:101560008051304601F05CFA4FF40020E060A87929
:101570002058A97920F004006050A8792058A97952
:1015800020F0010060503046BDE870400122110398
:1015900001F046BA70BD000000640240E415050881
:1015A0008C020020000C024010B52DED068B84B09B
:1015B00004462068019060680290A068039020892A
:1015C00000EE100AB8EE400AB0EE408A18EE100A9B
:1015D0000EF0FEFE41EC1A0B9FED330B53EC102B7B
:1015E0000EF0CCFC41EC190B0EF0BAF908EE100A23
:1015F0009FED2F0AC8EE000AB0EE608A18EE100ABE
:101600000EF0E6FE41EC1A0B9FED2A0B53EC102B6B
:101610000EF0F4FD41EC190B0EF0A2F908EE100AE1
:1016200018EE100A0EF0D4FE41EC1A0B9FED230BBE
:1016300053EC102B0EF07AFA41EC190B0EF090F9E6
:1016400008EE100AB3EE090A38EE000AB0EE408A3E
:101650001C48006880ED1B8A6089400000EE100A7B
:10166000B8EEC00AB0EE408A18EE100A0EF0B0FED6
:1016700041EC1A0B9FED0C0B53EC102B0EF07EFC83
:1016800041EC190B0EF06CF908EE100A9FED080AF8
:10169000C8EE000AB0EE608A0A48006880ED1A8A37
:1016A00004B0BDEC068B10BD6666666666660A40D1
:1016B00000F07F4552B81E85EB51E83F7B14AE47E2
:1016C000E17A643FF8010020704700002DE9F04105
:1016D0002DED028B05460E46144662490E80002011
:1016E0006149087061490880614908806149086062
:1016F00061490870614908601E27601E84B224B9E0
:101700005F4800885F49088004E001245E48008843
:101710005C4908805D480068B0F85600594909885E
:1017200048434FF47A7190FBF1F0594908805748CB
:101730000068B0F858005349098848434FF47A715B
:1017400090FBF1F05349088050480068B0F85A0007
:101750004C49098848434FF47A7190FBF1F04E49A7
:1017600008804FF47A700AF097FD00BF0A200AF053
:1017700093FD4A4800681C3030F81400484908803E
:101780003C480068401C3B4908603B4800780728FB
:101790003ED2DFE800F0041C38393A3B3C00002020
:1017A0003349088000EE105AB8EE400AF2EE040AFF
:1017B00080EE201AB0EE418AB0EE480A294800882F
:1017C00000B208F07DF801202B49087021E0344870
:1017D000008831490988884205DC012022490870C7
:1017E00008F0D0FA0EE02E4800882949098888427E
:1017F00005DB2B48008827490988884202DD002044
:101800001B49088005E004E003E002E001E000E09D
:1018100000BF00BF22480088224908802248007883
:1018200018B9114800780028A0D01F48007870B17E
:1018300008F0BAFA1D4800680BF0B6F84FF4FA70D9
:101840000AF02AFD0220BDEC028BBDE8F0810648BB
:10185000007828B14FF4FA700AF01EFD0020F2E77C
:101860000020F0E72002002019020020FE010020E5
:101870000002002014020020100200201C020020A0
:101880001E0300200402002020030020F401002099
:101890000C0200200A0200200E020020F8010020A5
:1018A0000602002008020020FC0100204003002066
:1018B0002DE9F0412DED028B05460E461446654993
:1018C0000E800020644908706449088064490880DB
:1018D0006449086064490870644908601E27601EF6
:1018E00084B224B9624800886249088004E0012477
:1018F000614800885F49088060480068B0F8560079
:101900005C49098848434FF47A7190FBF1F05C49D7
:1019100008805A480068B0F858005649098848437A
:101920004FF47A7190FBF1F05649088053480068F3
:10193000B0F85A004F49098848434FF47A7190FB38
:10194000F1F0514908804FF47A700AF0A5FC00BF0D
:101950000A200AF0A1FC4D4800681C3030F8140041
:101960004B4908803F480068401C3E4908603E489B
:101970000078072844D2DFE800F0041C3E3F4041D5
:10198000420000203649088000EE105AB8EE400AA6
:10199000F2EE040A80EE201AB0EE418AB0EE480A58
:1019A0002C48008800B207F08BFF01202E490870F8
:1019B00027E03748008834490988884205DD3448E3
:1019C000008830490988884205DB012022490870D7
:1019D00008F0D8F90EE02E48008829490988884285
:1019E00005DB2B48008827490988884202DD002052
:1019F0001B49088005E004E003E002E001E000E0AC
:101A000000BF00BF22480088224908802248007891
:101A100018B91148007800289AD01F48007870B192
:101A200008F0C2F91D4800680AF0BEFF4FF4FA70D2
:101A30000AF032FC0320BDEC028BBDE8F0810648C1
:101A4000007828B14FF4FA700AF026FC0020F2E783
:101A50000020F0E72002002019020020FE010020F3
:101A60000002002014020020100200201C020020AE
:101A70001E0300200402002020030020F4010020A7
:101A80000C0200200A0200200E020020F8010020B3
:101A90000602002008020020FC0100204003002074
:101AA0002DE9F05F82468B4614461E460A9F4FF092
:101AB0001209E34804800020E2490870E2490880E6
:101AC000E2490880E2490860E2490870E24908609A
:101AD0008FB100EE104AF8EE400A9FEDE01A81EE59
:101AE000200AF2EE040A80EE201ABCEEC10A10EEC3
:101AF000100A85B200E01E25012E06D14FF0000825
:101B0000D7480088D749088005E04FF00108D6483B
:101B10000088D4490880D5480068B0F85600D149FB
:101B2000098848434FF47A7190FBF1F0D04908805E
:101B3000CE480068B0F85800CA49098848434FF4B5
:101B40007A7190FBF1F0CB490880C8480068B0F882
:101B50005A00C449098848434FF47A7190FBF1F068
:101B6000C54908805946504604F00AFC4FF47A7083
:101B70000AF092FB00BF0A200AF08EFBBF48006803
:101B80001C3030F81800BE490880B1480068401C7D
:101B9000AF490860AF480078072871D2DFE800F04D
:101BA00004167999CBEBF80009F0FF02A4480188EC
:101BB000012007F0DFFE0120A64908700020A3499C
:101BC0000880B0490880A4490860FBE0AC48008860
:101BD000A8490988884226DBAA480088002804DD35
:101BE0000020A84908809C49086098480088401C4B
:101BF0009649088098480068A14909880844964990
:101C0000086092480088A84242DB32200AF044FB78
:101C100008F0B8F81FB106208E49087038E001209E
:101C20008849087034E096480088914909888842BC
:101C300027DC94480088401C92490880834800882B
:101C4000002804DD0020814908808349086082481B
:101C500000688B49098808447F49086089480088E2
:101C6000A84215DB32200AF017FB08F08BF81FB1F1
:101C70000620784908700BE001207249087007E0DF
:101C80009FE00020714908807E4908807249086001
:101C900098E040F2DC500AF0FFFA694800886428B6
:101CA00003DA0A206649088006E0654800880A21B0
:101CB00090FBF1F062490880002064490880052209
:101CC0005F480188002007F055FE03206149087035
:101CD00078E06B48008868490988884205DC012063
:101CE0005849087008F04EF824E0654800886049BB
:101CF000098888421BDB624800885E49098888425F
:101D000015DC52480088401C50490880084600886D
:101D1000A8420FDB08F036F84FEA690900204A496B
:101D200008804748048000204A49087002E00020EB
:101D30004649088046E040F2DC500AF0ADFA4048DF
:101D40000088642803DA0A203D49088006E03C4800
:101D500000880A2190FBF1F03949088000203B49B6
:101D60000880052236480188002007F003FE052080
:101D70003849087026E0424800883F49098888426F
:101D800004DD01202F49087007F0FCFF1AE0FFE78F
:101D90002E4800883B49098808442F49096891FB6F
:101DA000F0F037490880084600883349098888429E
:101DB00003DD02202749087002E00420254908704D
:101DC00000E000BF00BF2E4800882F4908802F4840
:101DD000007820B91B48007800283FF4CCAE2B488F
:101DE0000078E8B107F0E0FF294800680AF0DCFD60
:101DF0004FF47A700AF050FA59465046FFF71CF932
:101E00004FF4FA700AF048FA12480078032805D116
:101E1000032E01D1BDE8F09F0220FBE70120F9E786
:101E20000848007848B159465046FFF705F94FF485
:101E3000FA700AF031FA0020ECE70720EAE7000028
:101E40002002002019020020FE01002000020020D4
:101E500014020020100200201C02002000606A48CA
:101E60001E0300200402002020030020F4010020B3
:101E70000C0200200A0200200E020020F8010020BF
:101E8000060200200202002008020020FC010020BF
:101E9000400300203EB503464D200290592001909A
:101EA000002011E00C5C9DF808506C401C541C5C38
:101EB0009DF804506C4000949DF8044002949DF8F5
:101EC00000400194441CA0B29042EBDB3EBD72B6D0
:101ED000704702460C2A15D2DFE802F006080A0C09
:101EE0000E14141414141012002070470846FCE756
:101EF0000320FAE70420F8E70846F6E72620F4E78F
:101F00002720F2E70020F0E772B6FEE72DE9F04166
:101F100005460E46174600242046641C20490D54F1
:101F200006222046641C0A54320A2046641C0A54C5
:101F30002046641C0E543A0A2046641C0A5420466B
:101F4000641C0F54214616480BF0AEFB8046204619
:101F5000641C134901F800804FEA18222046641CD3
:101F60000A5461010F48FEF7E8FB01210E480068A2
:101F70000AF09AFA21460A4800F01EF94FF4FA7165
:101F8000094800680AF090FA40B906480078A8426B
:101F900002D10120BDE8F0810020FBE70020F9E735
:101FA000406E0020406D00205803002010B52549E8
:101FB000086800BF00BF00BF00F10C0252E8002F0C
:101FC00042F0100100F10C0242E80013002BF3D1A3
:101FD00000BF00BF1B49086800BF00BF00BF00F181
:101FE000140252E8002F42F0400100F1140242E8CE
:101FF0000013002BF3D100BF00BF12480268121D6E
:102000000121114801F0EAFF104A01210E4801F0B8
:10201000D5FF4FF4807201210B4801F0B7FF012179
:10202000094801F067FF0121074801F07BFF01210A
:10203000054801F08FFF0121054800680AF034FAD5
:1020400010BD00008C02002000640240406D0020A2
:10205000580300202DE9F0470746884615461E46DE
:1020600000242046641C35490F5403222046641C7A
:102070000A544FEA18222046641C0A542046641C65
:1020800001F800802A0A2046641C0A542046641C79
:102090000D54062129480BF007FB81462046641C9D
:1020A000264901F800904FEA19222046641C0A5480
:1020B00061012348FEF741FB0121224800680AF034
:1020C000F3F921461D4800F077F84FF4FA711D48E6
:1020D00000680AF0E9F960BB19480078B84225D1D8
:1020E0001748C01C30F815906800C01C81B2144815
:1020F0000BF0DAFA484515D1002010E04100C91C68
:102100000F4A515C090226F8101036F810204100E1
:10211000091D0B4B595C114426F81010401CA842B5
:10212000ECDB09E04FF0FF30BDE8F0876FF0010015
:10213000FAE76FF00200F7E700BFF5E7406E002016
:10214000406D00205803002008B516480121164AAA
:10215000525C825822F00102134B5B5CC25000BFFC
:1021600000BF114A525C0244526892B2C2F58070BC
:102170000E4908800E4800680AF032FA4FF4807267
:102180000121084801F002FF0A490868016800912E
:1021900000BF4168009100BF00BF0121014801F06C
:1021A000D9FE08BD00640240F10605089002002037
:1021B000580300208C02002070B504460D462246CC
:1021C00006211A4801F0FAFE19480268121D06217C
:1021D000164801F003FF2A460621144801F0D6FEF6
:1021E0001349086800BF00BF00BF00F1140252E8A5
:1021F000002F42F0800100F1140242E80013002B8E
:10220000F3D100BF00BF00BF20200849C86000BF55
:102210000621064801F06EFE0621044801F082FE08
:102220000621024801F096FE70BD000000640240E5
:102230008C02002062B6704710B5002201B909E097
:10224000012901D10A0205E0022901D10A0201E0B7
:102250004FF440720E4B1B6823F440730C4C236008
:1022600023461B681343236023461B6823F0F803AF
:10227000236023461B68022444EAC0042343044C21
:10228000236023461B6843F48033236010BD0000A5
:10229000103C02401C48006800F40070B0B11A48BD
:1022A000006820F400701849086000BF0846006804
:1022B00040F4006008600846006820F40060086090
:1022C00000BF0846006840F4007008600E480068CF
:1022D00000F48060B0B10C48006820F480600A49C6
:1022E000086000BF0846006840F480500860084657
:1022F000006820F48050086000BF0846006840F481
:102300008060086070470000003C02400A4A126882
:1023100022F44072084B1A601A46126842F0040216
:102320001A601A4612684FF4803343EA00231A43B6
:10233000014B1A6070470000103C0240074A1268C7
:1023400022F44072054B1A601A4612681A601A4647
:10235000126842F001021A6001707047103C02409E
:1023600010B50D49096821F440710B4C21602146DC
:10237000096841F4407121602146096841F001017A
:102380002160026000BF00BF00BFBFF36F8F00BFBE
:1023900000BF00BF436010BD103C0240084A1268F5
:1023A00022F44072064B1A601A46126842F4807298
:1023B0001A601A46126842F001021A6001807047E2
:1023C000103C0240084A126822F44072064B1A6020
:1023D0001A46126842F400721A601A46126842F0F5
:1023E00001021A6001607047103C024023480068F7
:1023F00000F0100040B12248C06940F010002049B0
:10240000C86110201D4908601C48006800F02000C9
:1024100040B11B48C06940F008001949C86120203C
:10242000164908601548006800F0400040B11448A3
:10243000C06940F004001249C86140200F4908609B
:102440000E48006800F0800040B10D48C06940F0BF
:1024500002000B49C86180200849086007480068ED
:1024600000F0020040B10648C06940F02000044975
:10247000C861022001490860704700000C3C02401E
:10248000FC77002070B50446002500201449C8617F
:1024900000F0CCFA054609E0601C38B124B100F028
:1024A000C5FA401BA04201D9032070BD0D48006849
:1024B00000F480300028EFD10A48006800F00100E5
:1024C00010B10120074908600648006800F0F200DA
:1024D00018B1FFF78BFF0120E7E70020E5E70000D8
:1024E000FC7700200C3C02407CB50546002400200F
:1024F00001214FF496730322CDE900101A212846DA
:1025000008F0D7F90446002001214FF49673032206
:10251000CDE900101A21284608F0CBF904461CB971
:102520000321284604F07FF93B212046FFF7D1FC28
:10253000064630467CBD00002DE9F84380460E4635
:1025400017461D460024154830F816903B464A466B
:10255000314640460095FFF7A3FA0446C4B109236B
:102560004FF448720321404606F07EFD3B464A4642
:10257000314640460095FFF793FA0446022C01D0FD
:10258000032C00D101241CB14FF4967009F084FE95
:1025900031462046FFF79DFCBDE8F8837407050827
:1025A00070B505460E461446642009F075FE4FF4DA
:1025B000FA711B48006809F0C5FE80B9002019496E
:1025C00048608860084604801548006809F044FFA8
:1025D00050B115480068401C1349086004E01248D7
:1025E0000068401C1049086002E0642009F054FEB5
:1025F0000C4800880028F8DC204604EBD071094A1A
:10260000526802EB6101B1FBF4F1298004EBD07157
:10261000044A926802EB6101B1FBF4F1318070BDB4
:102620004C030020F06F0020D402002030B5024699
:102630000B460A4850F8224000210BE004EB011041
:102640000088984204D104EB01108568284630BD0B
:10265000481CC1B21429F1DB0020F8E7FC76002009
:1026600000B515480068401C50B913484068401C2C
:1026700030B911488068401C10B94FF0FF3000BDE0
:102680000C220E490E48FFF705FC0D4800680D4965
:10269000096888420DD10A4840680A494968884259
:1026A00007D10748806807498968884201D100201E
:1026B000E5E70120E3E70000E878FF1F107AFF1F3D
:1026C0001C780020C0FF010830B502460B460A48BE
:1026D00050F8224000210BE004EB011000889842E2
:1026E00004D104EB01104568284630BD481CC1B236
:1026F0001429F1DB0020F8E7FC76002030B5024613
:102700000B460B4850F8224000210CE004EB01106E
:102710000088984205D104EB0110808885B22846D4
:1027200030BD481CC1B21429F0DB0020F8E70000DE
:10273000FC76002010B52DED068B04469FED460B70
:10274000B0EE408AF0EE608A24B1012C5ED0022CFB
:1027500069D15CE042480068C08A00EE100AB8EE19
:10276000400A10EE101A08460DF032FE41EC180B2C
:102770003B490968C88A0DF0B1FB41EC190B384997
:102780000968C88A0DF0AAFB41EC1A0B53EC192B0F
:102790000DF0F4FB41EC180B9FED320B53EC102BBA
:1027A00051EC180B0DF0EAFB41EC180B2C490968B1
:1027B000C88A0DF093FB41EC1A0B9FED2C0B53ECE8
:1027C000102B0DF0DBFB41EC190B53EC182B0DF02B
:1027D000F9F841EC180B9FED270B53EC102B51EC43
:1027E000180B0DF0EFF841EC180B51EC180B0DF035
:1027F000B7F822490968C1F8840051EC180B0DF0B4
:10280000AFF81E490968C1F888001BE01AE01448B7
:10281000006890ED1B0A10EE101A08460DF0D8FD66
:1028200041EC180B0EE00E480068C08A00EE100A5A
:10283000B8EE400A10EE101A08460DF0C9FD41EC42
:10284000180B00BF00BF51EC180B0DF089F800EE1B
:10285000100ABDEC068B10BD000000000000000057
:10286000F8010020000000805CEEB63EFA035C0E2A
:102870003FF1A73FD8F50B76C3B6C93FF40100205E
:102880002DE9F04104460E460127002500BF2548EA
:10289000007E012802D10220BDE8F08101202149FB
:1028A000087600BF4CF25030FFF7ECFD0746002FD2
:1028B00031D1401E3060206801280FD1207C616832
:1028C000FFF724FD4CF25030FFF7DCFD07461648B9
:1028D000006820F00400144908601AE0A56812E0BE
:1028E000217C2846FFF7A8FC4CF25030FFF7CAFDC8
:1028F00007460D48006820F0FA000B4908600FB148
:10290000356005E06D1CD4E902100844A842E7D800
:1029100000BFFFF7BFFC00BF00200249087600BFE0
:102920003846B9E7FC770020103C024003480068B5
:1029300040F000400149086000207047103C024010
:102940002DE9F04106460F4614461D464FF001089A
:1029500000BF1F48007E012802D10220BDE8F0819F
:1029600001201B49087600BF4CF25030FFF78AFD6A
:102970008046B8F1000F23D126B9E1B23846FFF7FF
:10298000DDFC12E0012E04D1A1B23846FFF706FDAE
:102990000BE0022E04D121463846FFF713FD04E078
:1029A00022462B463846FFF7DBFC4CF25030FFF74F
:1029B00069FD80460748006820F00100054908606D
:1029C00000BF00200249087600BF4046C6E700006D
:1029D000FC770020103C024000200949096801F002
:1029E000004159B10749064A0C3A11600649116085
:1029F0000349096801F0004101B10120704700005E
:102A0000103C024023016745AB89EFCD10B5426908
:102A100021EA020302EA010443EA0443836110BD90
:102A20000AB1816101E00B048361704701480068CD
:102A3000704700006C0300200348006803490978D0
:102A400008440149086070476C03002074030020AB
:102A500010B50D48006840F400700B490860084646
:102A6000006840F4806008600846006840F48070A8
:102A70000860032000F0BAF80F2000F007F800F01B
:102A800041F8002010BD0000003C024010B588B0A5
:102A9000014600222D2000F06BF82D2000F058F8A0
:102AA00000241448016841F480710160006800F45A
:102AB0008070019002A903A800F0BEF800F0E4F8CD
:102AC00040000D49B0FBF1F0411E0D480B4A026079
:102AD00040F2E732C26041600461846000F0E6F8D1
:102AE00010B108B0012010BD054800F013F908B07E
:102AF00010BD00004038024040420F00002000405E
:102B0000B477002008B51048016841F480410160A5
:102B1000006800F4804000900C48016841F080514A
:102B20000160006800F08050009000220F21901E8C
:102B300000F01EF800220521012000F019F8BDE880
:102B40000840012000F004B84438024040380240F8
:102B500001460846002809DB00F01F0301229A40C5
:102B600043099B0003F1E023C3F8002100BF704735
:102B70002DE9F05F80460D461646002708F0DCF888
:102B8000074639462A46334601F00700C0F1070AD6
:102B9000BAF1040F02D94FF0040A01E0C0F1070AAC
:102BA000D14600F1040ABAF1070F02D24FF0000A31
:102BB00001E0A0F1030AD4464FF0010A0AFA09FA2B
:102BC000AAF1010A0AEA020A0AFA0CFA4FF0010B0A
:102BD0000BFA0CFBABF1010B0BEA030B4AEA0B04FB
:102BE0002146404608F0B0F8BDE8F09F00BF00F075
:102BF0000702064B19684FF6FF031940044B0B43BD
:102C000043EA0221014B196000BF70470CED00E060
:102C10000000FA057047000010B50648006800F48F
:102C2000803028B1FFF7F6FF4FF48030014908608B
:102C300010BD0000143C01400F2202600D4A1268D2
:102C400002F0030242600B4A126802F0F002826056
:102C5000084A126802F4E052C260064A126802F49E
:102C60006042D2080261044A126802F007020A6058
:102C70007047000008380240003C024001480068EC
:102C8000704700006803002000B5FFF7F7FF044914
:102C90000968C1F38221034A515CC84000BD0000AD
:102CA00008380240141605087047704710B50446EE
:102CB0000CB9012010BD94F83D0028B9002084F81B
:102CC0003C00204600F025F8022084F83D00211D3C
:102CD000206807F021FA012084F8460000BF84F83C
:102CE0003E0001213F200155402001554120015562
:102CF00000BF00BF012084F842004320015544205A
:102D000001554520015500BF012084F83D000020F9
:102D1000D0E77047014691F83D00012801D001201D
:102D20007047022081F83D000868C06840F001004B
:102D30000B68D8601A4B086898421BD00868B0F13D
:102D4000804F17D0174B0868984213D0164B08686D
:102D500098420FD0154B086898420BD0144B086866
:102D6000984207D0134B0868984203D0124B08686A
:102D700098420CD10868806800F00702062A0CD03F
:102D80000868006840F001000B68186005E00868FA
:102D9000006840F001000B6818600020C0E70000E8
:102DA000000001400004004000080040000C00400A
:102DB000000401400040014000180040704710B579
:102DC000044620680069C0F34000D8B12068C0689C
:102DD000C0F34000B0B16FF002002168086101202B
:102DE00020772068806900F0030018B12046FFF7C3
:102DF000E5FF05E0204600F0ADF8204600F0ABF816
:102E00000020207720680069C0F38000D8B12068D6
:102E1000C068C0F38000B0B16FF0040021680861A1
:102E2000022020772068806900F4407018B12046A5
:102E3000FFF7C4FF05E0204600F08CF8204600F0C4
:102E40008AF80020207720680069C0F3C000D8B15C
:102E50002068C068C0F3C000B0B16FF008002168FE
:102E60000861042020772068C06900F0030018B1D1
:102E70002046FFF7A3FF05E0204600F06BF8204650
:102E800000F069F80020207720680069C0F3001086
:102E9000D8B12068C068C0F30010B0B16FF0100066
:102EA00021680861082020772068C06900F440701C
:102EB00018B12046FFF782FF05E0204600F04AF8EF
:102EC000204600F048F8002020772068006900F0D4
:102ED000010058B12068C06800F0010030B16FF007
:102EE000010021680861204600F036F8206800697A
:102EF000C0F3C01058B12068C068C0F3C01030B132
:102F00006FF08000216808612046FFF7CDFE206841
:102F10000069C0F3801058B12068C068C0F3801009
:102F200030B16FF0400021680861204600F01DF8C4
:102F300020680069C0F3401058B12068C068C0F331
:102F4000401030B16FF02000216808612046FFF783
:102F5000ACFE10BD704770470068A0F18041B1F52C
:102F6000005101D1FFF768BD70477047FEE70000D0
:102F700070B52DED028BC448006805880B20C2494E
:102F80000968A1F87800172D7ED00FDCA5F10300A9
:102F900014287AD2DFE800F0E5E8797979797928A0
:102FA000323C657F9AB0C2D4DCDDEBEE1F2D6DD0D4
:102FB00009DCA5F118000728EBD2DFE800F0E1FFFB
:102FC000F6F5F4F3F200232D7BD006DC202D79D02A
:102FD000212D78D0222D58D139E16C2D74D06D2D52
:102FE00073D06E2DF7D144E1A7490968486C03F00E
:102FF0000DFB0020A449096808803CE1A24909684A
:10300000486CFEF70BF900209F490968088032E1FF
:1030100006F0B8FE4FF4967009F03EF99A48006841
:10302000B0F8720000EE100AB8EE400AF2EE040AA0
:1030300080EE201AB0EE418A93490968B1F95C002C
:10304000B0EE480A06F03CFC02E0322009F024F918
:103050008E4800780028F8D000208B490968088045
:1030600009E1894B1B68B3F86220874B1B68B3F9F1
:103070005C10854B1B68B3F8720008F09BFF844915
:1030800009688880002002E077E0F3E0BAE07E493A
:1030900009680880EFE07C4B1B68B3F862207A4B2C
:1030A0001B68B3F95C10784B1B68B3F87200FEF72D
:1030B0000DFB7749096888800020734909680880FA
:1030C000D9E091E0AAE0B5E0CCE0D1E06E4B1B681E
:1030D000B3F862206C4B1B68B3F95C106A4B1B6839
:1030E000B3F87200FEF7E4FB6949096888800020A4
:1030F000654909680880BEE063480068B0F86E0062
:1031000003B26148006890F86C200021084605F081
:1031100095F900205C4909680880ACE05A480068CD
:10312000B0F86E0003B25848006890F86C20002197
:10313000084605F09FF900205349096808809AE085
:10314000002006F04BFE00204F490968088092E0FD
:1031500000BF0A2004F092FC00204B490968088057
:1031600089E005F0F9FF86E006F00AF883E003F055
:103170006DF980E0FDF77EFF7DE006F041FC7AE02E
:10318000444805F063FE0446002C10DB41480088EB
:103190003D49096848873F4840883B490968088796
:1031A0000BE02BE026E01CE013E00AE006E03649E5
:1031B00009684C87344909680C875CE005F094FE87
:1031C00059E006F079F930490968C86A02F01FFF32
:1031D00051E006F071F92C490968086B02F01FFFF5
:1031E00049E006F043FE46E005F01AFE284909686A
:1031F000886040E00120284908703CE00020264912
:10320000087038E0002025490968087024490968D9
:10321000087001202349096808702CE001201F492B
:103220000968087000201E49096808701D4909686E
:10323000087020E000201949096808700120184929
:1032400009680870002017490968087013E0002019
:10325000124909680870124909680870114909681B
:10326000087008E0FDF704FD09490968888002E05C
:1032700001E000E000BF00BF0020034909680880AA
:10328000BDEC028B70BD0000F4010020FC010020A9
:10329000F8010020B0020020FC0200205C020020A7
:1032A000600200205802002070B504460D464FF41D
:1032B00080601C49886100BF224603211A4800F043
:1032C00075FE1A480268121D0321174800F07EFEA1
:1032D0002A460321144800F049FE1449086800BF3B
:1032E00000BF00BF00F1140252E8002F42F080013D
:1032F00000F1140242E80013002BF3D100BF00BF1D
:1033000000BF20200849C86000BF0321064800F024
:10331000E5FD0321044800F0F9FD0321024800F017
:103320000DFE70BD000C0240006002406C020020E7
:103330000121014A11817047286F0020084809497E
:103340000860094848600948886009484861094898
:1033500008610948C860094888610948C861704720
:10336000A18404084C770020276B0408096904082D
:1033700015720408257B0408C1800408196E04082E
:10338000677E040810B500242F222046641C1049D3
:103390000A5431222046641C0A5457222046641CD9
:1033A0000A5434222046641C0A5452222046641CCB
:1033B0000A540D222046641C0A5400BF4FF4FA70D0
:1033C00008F06AFF05F098FA0028F7D110BD000058
:1033D000A06E002000B587B00020049005900690F4
:1033E000029003900190674A012002F1500101EB25
:1033F00080010B6843F2F220834273D062A04178CF
:10340000303961A00078202801D1002002E05EA0C0
:103410000078303800EB800001EB4000C0B28DF83E
:103420000C0059A00179303957A0C078202801D16B
:10343000002002E054A0C078303800EB800001EB9F
:103440004000C0B28DF80D004FA0C17930394EA0B8
:103450008079202801D1002002E04BA0807930380B
:1034600000EB800001EB4000C0B28DF80E0002AA14
:103470000021444800F0B4FF46A080786E2801D1B6
:1034800001203DE043A08078622801D1022037E08E
:1034900040A08078722807D13EA000784D2801D145
:1034A00003202DE004202BE03AA08078792801D178
:1034B000052025E037A080786E2801D106201FE086
:1034C00034A080786C2801D1072019E031A08078E1
:1034D000672801D1082013E02EA08078702802D13F
:1034E00009200DE04CE02BA08078742801D10A203F
:1034F00006E028A08078762801D10B2000E00C207F
:103500008DF8050023A0007A303822A1C97930391E
:1035100001EB810100EB410000EB80011DA0407A2E
:10352000303800EB410000EB80011AA0807A30387F
:1035300000EB4100A0F5FA60C0B28DF8070015A0BD
:103540004179303913A00079202801D1002002E010
:1035500010A00079303800EB800001EB4000C0B2D1
:103560008DF8060000208DF8040001AA002105480E
:1035700000F036FE43F2F2220121024800F004FE80
:1035800007B000BD0028004031303A33363A3530BC
:1035900000000000466562203131203230323300B5
:1035A00070B504460D4600200D49096808850C4891
:1035B000006844850A480068808D0A4908604FF415
:1035C0007A706843084908600BF064FE0749086098
:1035D000054801680648006809F0C8F970BD000098
:1035E000F801002038020020440200203C020020A4
:1035F0004803002010B540F6C41005F01BFF0E2054
:1036000005F0EAFE41F2707008490880084600881B
:1036100005F084FEFFF7B6FE40F6B8300349088097
:103620000846008805F07AFE10BD00009A020020CE
:1036300010B58020FA4908604001086041F29412F8
:10364000F849F948FDF73FF8F848F9490860A0F54E
:10365000C070F849086000F58070F7490860A0F56F
:103660008070F649086000F58070F5490860002018
:10367000F24909680880F348D0F88C0145F2AA5154
:1036800088427DD0B0EE080AEF4880ED000AB0EE27
:10369000080AEE4880ED000A9FEDED0AED4880ED46
:1036A000000A4FF49660EC490880EC490880EA482B
:1036B0000088E34909680884E8480088E049096807
:1036C0004884E14890ED000AF2EE040A20EE200A58
:1036D000BCEEC00A10EE100AD8490968A1F85200E1
:1036E000DA4890ED000AF2EE040A20EE200ABCEE61
:1036F000C00A10EE100AD1490968A1F85400D54853
:1037000090ED000AF2EE040A20EE200ABCEEC00A98
:1037100010EE100AC9490968A1F850003220C749C3
:103720000968A1F85A004FF42F70C4490968A1F83C
:10373000560040F21450C1490968A1F8580040F6FB
:10374000B830BF49096888854FF41670BB490968CD
:10375000A1F85C004FF49060B849096848800120E6
:10376000B649096888809FEDBE0AB448006880EDBC
:10377000240A9FEDBC0AB148006880ED250A00E0EC
:103780001EE09FEDB70AAD48006880ED260A4CF2B6
:103790005030AA490968C8841020A8490968A1F8CE
:1037A00040001220A5490968A1F84200002004E069
:1037B00000219F4A12681154401C0828F8DBD6E00B
:1037C0009E480068B0F8520000EE100AB8EE400AB9
:1037D0009D4880ED000A90ED000AF2EE040A80EEAA
:1037E000201A80ED001A90ED000ADFED9F0AB4EE7A
:1037F000E00AF1EE10FA06DC90ED000AB5EEC00A20
:10380000F1EE10FA04D2B0EE080A8F4880ED000AFB
:103810008A480068B0F8540000EE100AB8EE400A7A
:103820008A4880ED000A90ED000AF2EE040A80EE6C
:10383000201A80ED001A90ED000ADFED8B0AB4EE3D
:10384000E00AF1EE10FA06DC90ED000AB5EEC00ACF
:10385000F1EE10FA04D2B0EE080A7C4880ED000ABE
:1038600076480068B0F8500000EE100AB8EE400A42
:10387000784880ED000A90ED000AF2EE040A80EE2E
:10388000201A80ED001A6E480068008C724908808A
:10389000084600884FF6FF71884202D06E480088C3
:1038A00018B942F6E0606C49088065480068408CB1
:1038B0006A490880084600884FF6FF71884202D0A6
:1038C0006648008818B942F6E060644908805B48A1
:1038D00000684088B0F5906F05DD4FF4906057495F
:1038E0000968488009E05548006840885C2804DA87
:1038F0004FF49060514909684880504800688088BA
:10390000802803DC4D480068808818B901204B49A5
:10391000096888804A480068808D40F6B83188423E
:1039200003DD084646490968888544480068B0F8C0
:103930004000132805DC41480068B0F84000012829
:1039400004DA10203D490968A1F840003B480068AE
:10395000B0F84200132805DC38480068B0F842008F
:10396000012804DA122035490968A1F842003348D9
:103970000068B0F85C0030B130480068B0F95C0015
:10398000B0F57A7F05DD4FF416702C490968A1F86F
:103990005C0000202A490968488500F033F90020BE
:1039A00027490968C88001202549096888810020C5
:1039B0001F49096808701E49096848701C49096850
:1039C00088701B480068C07800F0FE00184909683C
:1039D000C8701748006807F04DF924A0007A303805
:1039E00022A1C979303901EB810100EB410000EBE4
:1039F00080011EA0407A303800EB410000EB8001CE
:103A00001AA0807A303800EB41000D490968A1F80E
:103A10005C0016A080786E282ED1012073E0000093
:103A200060010020000002086C520020EC630020BE
:103A3000E8010020EC010020F0010020F40100204A
:103A4000F80100206C6200202403002028030020DD
:103A50003333F33F680200201E03002020030020C0
:103A600000007A44000016440000044246656220CB
:103A70003135203230323300AFF2100080786228C6
:103A800001D102203FE0AFF21C008078722808D1FB
:103A9000AFF2280000784D2801D1032033E0042044
:103AA00031E0AFF238008078792801D105202AE092
:103AB000AFF2480080786E2801D1062023E0AFF2F3
:103AC000540080786C2801D107201CE0AFF264001C
:103AD0008078672801D1082015E0AFF27000807867
:103AE000702801D109200EE0AFF2800080787428A0
:103AF00001D10A2007E0AFF28C008078762801D14E
:103B00000B2000E00C2039490968A1F85E00AFF2F3
:103B1000A40041793039AFF2AC000079202801D1FE
:103B2000002003E0AFF2BC000079303800EB8000E9
:103B300001EB40002D490968A1F860002CA04178F4
:103B400030392BA00078202801D1002002E028A0E5
:103B50000078303800EB800001EB40002349096811
:103B6000A1F8620022A00179303921A0C078202874
:103B700001D1002002E01EA0C078303800EB8000A8
:103B800001EB400019490968A1F8640018A0C17947
:103B9000303917A08079202801D1002002E014A03C
:103BA0008079303800EB800001EB40000F49096854
:103BB000A1F8660000200D490968C8810B49096811
:103BC00008820E490968C8620C49096808634BF607
:103BD00080300A49096888624FF4E1600749096842
:103BE0008886002006490968087010BDF801002089
:103BF00032313A35383A303500000000F401002007
:103C0000E40100200848094908600948486009485B
:103C1000886009484861094808610948C86009483E
:103C2000C86109488861704700080508FC760020D3
:103C300040090508800A0508800F050800120508DC
:103C4000000D050840130508C00B05082DE9F041DB
:103C500005460C460026606800B100BF134800F01E
:103C600049F80746124800F045F80743114800F0AC
:103C700041F80743AFB9606860B1D4E90001084377
:103C8000A1680843E168084369680B4A114008438A
:103C9000686007E068680849084021680843686070
:103CA00000E001263046BDE8F08100000020014020
:103CB0000021014000220140E010FCFF70B50446E5
:103CC0000D460026204600F015F870B9A96828684E
:103CD00008436168064A114008436060A06820F408
:103CE000006069680843A06000E00126304670BDAE
:103CF000FFFEFFFC0146886800F0010070470000ED
:103D000070B504460D460026686800B100BF204625
:103D1000FFF7F0FF00BB686830B1606820F46840CE
:103D2000A9680843606003E0606820F46840606050
:103D3000286800F07060E968084329690843A168B1
:103D4000074A11400843A0606868E16A21F47001E5
:103D50000143E16200BF00E00126304670BD000073
:103D6000FDFCFFC04FF4407C9CFAACFC01F44073B6
:103D7000BCFA8CFC23FA0CF300EB8300C36A01F05D
:103D80001F014FF01F0C0CFA01FC02F01F0223EA86
:103D90000C0302FA01F11943C162704730B44FF0CD
:103DA000007C9CFAACFC01F00073BCFA8CFC23FA9A
:103DB0000CF300EB8300D0F80CC04FF0F87393FACB
:103DC000A3F401F0F871B4FA84F421FA04F407259D
:103DD00005FA04F493FAA3F3B3FA83F3D9402CEA77
:103DE000040C02FA01F14CEA0101C16030BC7047D9
:103DF000024909680143014A1160704720380240B6
:103E0000024909688143014A116070472038024025
:103E1000024909680143014A116070472438024091
:103E2000024909688143014A116070472438024001
:103E300030B500F10804C1F3034504EB85031C68A9
:103E40006FF30B0414431C6030BD10B5026801F021
:103E500010040123A3401A43026010BDF0B50346CD
:103E60000024506800B100BF08461D6800F010072C
:103E70000126BE40354000F010070126BE40B54285
:103E800001D1012500E0002525BB506898B11868D4
:103E900001F0100640F6FA75B540A843D2E9005685
:103EA000354396683543D668354301F01006B54072
:103EB000284318600FE0186801F01006FA25B54095
:103EC000A843D6681568354301F01006B54028436D
:103ED000186000E001242046F0BD0000044A525C56
:103EE000825842F01002024B5B5CC25070470000E7
:103EF000C6060508044A525C825842F01002024B82
:103F00005B5CC25070470000F1060508044A525C31
:103F1000825842F00402024B5B5CC25070470000C2
:103F2000C6060508044A525C825842F00402024B5D
:103F30005B5CC25070470000F1060508044A525C01
:103F4000825842F00102024B5B5CC2507047000095
:103F5000C6060508044A525C825842F00102024B30
:103F60005B5CC25070470000F106050810B5064BB7
:103F70005B5C03445B686FF30F031343024C645CA8
:103F80000444636010BD0000C606050810B5064B6A
:103F90005B5C03445B686FF30F031343024C645C88
:103FA0000444636010BD0000F1060508024B5B5C31
:103FB0000344DA6070470000C6060508024B5B5CEC
:103FC0000344DA6070470000F1060508024B5B5CB1
:103FD00003449A6070470000C6060508024B5B5C0C
:103FE00003449A6070470000F1060508F0B50246E8
:103FF0000B4600240021186890FAA0F0B0FA80F473
:104000008AE00125A540186800EA050100297DD055
:104010005868012802D0586802281CD19868956811
:1040200091FAA1F6B6FA86F677000326BE40B543AC
:1040300091FAA1F6B6FA86F6760000FA06F635434E
:10404000956000BFD86855688D4301FB00F6354385
:10405000556000BF00BF1869D56891FAA1F6B6FA9D
:1040600086F677000326BE40B54391FAA1F6B6FA6C
:1040700086F6760000FA06F63543D56000BF58682C
:10408000022831D191FAA1F0B0FA80F0082814D2B8
:104090005869156A91FAA1F6B6FA86F6B7000F26A6
:1040A000BE40B54391FAA1F6B6FA86F6B60000FA1C
:1040B00006F63543156200BF16E05869556A0E0AC8
:1040C00096FAA6F6B6FA86F6B7000F26BE40B543B6
:1040D0000E0A96FAA6F6B6FA86F6B60000FA06F6C4
:1040E0003543556200BF00BF5868156891FAA1F6C4
:1040F000B6FA86F677000326BE40B54391FAA1F6DC
:10410000B6FA86F6760000FA06F600E003E03543DC
:10411000156000BF00BF641C1868E04000287FF4F1
:1041200070AFF0BD024610690840884201D10120FD
:1041300070470020FCE7024610690840884201D120
:10414000012070470020FCE70A048261704781610A
:10415000704710B5044604F027FC2060206804F086
:10416000EFFB6060606804F0FBFBA060606804F037
:1041700009FCE06010BD000002480068C0F3881030
:10418000704700000438024010B500F1500303EB03
:1041900081031A6010BD0000F0B5059C04F0F00624
:1041A000360404F00F0746EA074646EA413603F0B4
:1041B000F0073F0203F00F0C47EA0C273E4302F0E2
:1041C000F00702F00F0C47EA0C0746EA07054668BD
:1041D000024F3E402E434660F0BD0000C00000FF8D
:1041E0002DE9F84F06460D46144601274DB9607873
:1041F00000F01000102804D1607800F0EF000A30C1
:10420000607005B900E000BF304600F058F8304655
:1042100000F05DF8012848D045B1E078009063785F
:10422000A27821783046FFF7B7FF31E0E0780A2125
:10423000B0FBF1F201FB1200E1780A22B1FBF2F1CE
:1042400040EA011000F0FF0860781146B0FBF1F27F
:1042500001FB120061780A22B1FBF2F140EA011081
:1042600000F0FF09A0781146B0FBF1F201FB12004B
:10427000A1780A22B1FBF2F140EA011000F0FF0A36
:10428000CDF8008021784B4652463046FFF784FF38
:10429000304600F010F8304600F07BF820B9304688
:1042A00000F00EF9074600E00027304600F00CF859
:1042B0003846BDE8F88F6FF08001C1607047CA21B1
:1042C0004162532141627047FF2141627047F8B556
:1042D00004464FF47A70009000250026204600F036
:1042E0004EF8D0B900BF681EE06000BF204600F065
:1042F00046F806460DE000F04DF9012802D100987D
:10430000401E0090204600F03AF80646009800B99A
:104310000125009808B1012EEDD12846F8BD0146CF
:10432000886800F04000704770B504460D460126CD
:104330002046FFF7C4FF2046FFF7C9FF012819D028
:104340002868A16821F040010143A16000BFA8686E
:1043500021696FF30E010143216100BF6868216983
:1043600021F4FE0141EA0041216100BF2046FFF730
:10437000A2FF00262046FFF7A7FF304670BD01468A
:10438000C868C0F3801070470146C868C0F3401089
:10439000704701468868C0F340107047F0B5059C2F
:1043A00002F0F006360402F00F0746EA07460E4315
:1043B00003F0F0073F0203F00F0C47EA0C273E43DF
:1043C00004F0F00704F00F0C47EA0C0746EA070573
:1043D0000668024F3E402E430660F0BD808080FF9D
:1043E0002DE9F84F06460D461446012745B93046DB
:1043F000FFF795FF00B102E00020206000BF08E059
:104400003046FFF78CFF00B102E00020206000BFC3
:1044100000BF3046FFF753FF3046FFF758FF012833
:1044200048D045B1A079009063792279304621685F
:10443000FFF7B4FF31E0A0790A21B0FBF1F201FBF4
:104440001200A1790A22B1FBF2F140EA011000F05A
:10445000FF0860791146B0FBF1F201FB12006179AF
:104460000A22B1FBF2F140EA011000F0FF092079C5
:104470001146B0FBF1F201FB120021790A22B1FBD7
:10448000F2F140EA011000F0FF0ACDF800804B463F
:10449000524630462168FFF781FF3046FFF70BFF99
:1044A0003046FFF776FF20B9304600F009F807469E
:1044B00000E000273046FFF707FF3846BDE8F88FD9
:1044C000F8B504464FF47A7000900025002600BF2E
:1044D000E06800F0800060F0A000E06000BF2046CF
:1044E000FFF752FF06460DE000F054F8012802D114
:1044F0000098401E00902046FFF746FF06460098B1
:1045000000B90125009808B1012EEDD12846F8BD6B
:1045100030B50246012300BF1068C0F3801038BBDD
:10452000D1E9000420438C682043CC6820430C6907
:1045300020434C6920438C692043CC6920430C6A9A
:10454000204314684FF6BF75AC4320431060506899
:1045500020F004004C6940EA14405060086AB0F54D
:10456000005F04D1486A84B2146100BF00BF002319
:10457000D06920F40060D061184630BD01468868DB
:1045800000F00100704701468868C0F340007047A2
:10459000017370474FF0E0200069C0F3004070479E
:1045A000014908607047000068030020026A0A435E
:1045B00002627047016841F00101016070470168C3
:1045C00041F0010101607047C16841F00101C16023
:1045D0007047000010B5024613682C4882420ED086
:1045E000B2F1804F0BD02A48824208D0294882423B
:1045F00005D02948824202D02848824204D123F0C3
:1046000070004C6840EA04032048824220D0B2F196
:10461000804F1DD01E4882421AD01E48824217D0B9
:104620001D48824214D01D48824211D01C4882424B
:104630000ED01C4882420BD01B48824208D01B4837
:10464000824205D01A48824202D01A48824204D1DE
:1046500023F44070CC6840EA040313608868D06299
:1046600000BF0888906200BF0848824202D00B4811
:10467000824203D10869106300BF00BF00BF5069C8
:1046800040F00100506100BF002010BD000001405B
:104690000004004000080040000C004000040140FD
:1046A0000040014000440140004801400018004023
:1046B000001C00400020004001291AD004291AD013
:1046C00010291AD040291AD0B1F5807F19D0B1F540
:1046D000806F18D006210D4A1830525C10440268D1
:1046E0000B4B595C042303FA01F122EA010101603A
:1046F00070470021EFE70121EDE70221EBE70321FD
:10470000E9E70421E7E70521E5E70000CC15050806
:10471000D3150508012919D0042919D0102919D059
:10472000402919D0B1F5807F18D0B1F5806F17D02E
:1047300006210C4A1830525C104402680A4B595C3E
:10474000082303FA01F11143016070470021F0E7EB
:104750000121EEE70221ECE70321EAE70421E8E783
:104760000521E6E7CC150508D31505082DE9F0412C
:1047700006460C4615460127012C08D0102C0CD0FB
:10478000B4F5807F0FD0B4F5805F18D111E02946D1
:10479000304601F069FC074612E02946304601F038
:1047A000A3FC07460CE02946304601F0E3FC07462F
:1047B00006E02946304601F01DFD074600E000BF37
:1047C00000BF3846BDE8F0814163704781637047A0
:1047D000C16370474162704770B5044600252348A5
:1047E000844206D11020FFF713FB1020FFF718FBBF
:1047F0003AE01F48844208D14FF40030FFF7F8FA3E
:104800004FF40030FFF7FCFA2EE01A48844208D13A
:104810004FF48020FFF7ECFA4FF48020FFF7F0FA16
:1048200022E01548844206D12020FFF7F1FA20202B
:10483000FFF7F6FA18E01148844208D14FF400203F
:10484000FFF7D6FA4FF40020FFF7DAFA0CE00C4835
:10485000844208D14FF48010FFF7CAFA4FF4801059
:10486000FFF7CEFA00E00125284670BD0010014098
:10487000004400400048004000140140004C00404B
:104880000050004000BF00BF00F10C0252E8002FB2
:1048900022F0200100F10C0242E80013002BF3D1BA
:1048A00000BF704700BF00BF00F10C0252E8002FAC
:1048B00022F0800100F10C0242E80013002BF3D13A
:1048C00000BF704700BF00BF00F10C0252E8002F8C
:1048D00042F0200100F10C0242E80013002BF3D15A
:1048E00000BF70472DE9FF4104460D460127002611
:1048F000204600F059F8002845D1E9686868084367
:1049000029690843A9690843E16849F20C629143A7
:104910000843E060A868216921F440510143216106
:1049200000BF6869616921F440710143616100BFA2
:104930006846FFF70EFC1648844201D1039E17E03B
:104940001448844201D1029E12E01348844201D1EE
:10495000029E0DE01148844201D1039E08E01048F8
:10496000844201D1029E03E00E48844200D1029E9F
:104970004EB1286838B10027314620462B68AA6915
:1049800000F017F800BF384604B0BDE8F081000021
:104990000010014000440040004800400014014065
:1049A000004C0040005000400146C868C0F3403051
:1049B00070472DE9FC5F06460C4691461D46B9F549
:1049C000004F68D10220A0FB057003461920A4FB0C
:1049D00000A001463A465046FBF7CAFC6421B0FBF2
:1049E000F1F04FEA001A0220A0FB05710B461920D6
:1049F000A4FB00B13A465846FBF7BAFC83460220B6
:104A0000A0FB057003461920A4FB00013A46CDE93E
:104A10000001FBF7ADFC6421B0FBF1F000EBC0013D
:104A200001EB0010ABEB8000322101EBC0006421F0
:104A3000B0FBF1F000F0F8000AEB400A0220A0FB06
:104A4000057003461920A4FB00B13A465846FBF70F
:104A50008FFC83460220A0FB057003461920A4FBAF
:104A600000013A46CDE90001FBF782FC6421B0FB6E
:104A7000F1F000EBC00101EB0010ABEB8000322144
:104A800001EBC0006421B0FBF1F000F007005044DE
:104A900080B2B06067E00420A0FB057003461920D7
:104AA000A4FB00A001463A465046FBF761FC824653
:104AB0000420A0FB05711920A4FB00B084463A46EF
:104AC0000B4658466146FBF753FC6421B0FBF1F0FE
:104AD00000EBC00101EB0010AAEB8000322101EBDA
:104AE00000106421B0FBF1F000F0F00A0420A0FBFC
:104AF000057003461920A4FB00B001463A4658460B
:104B0000FBF736FC6421B0FBF1F00AEB001A04203D
:104B1000A0FB057003461920A4FB00B13A46584695
:104B2000FBF726FC83460420A0FB057003461920F2
:104B3000A4FB00013A46CDE90001FBF719FC642112
:104B4000B0FBF1F000EBC00101EB0010ABEB80001B
:104B5000322101EB00106421B0FBF1F000F00F00F6
:104B6000504480B2B060BDE8FC9F000070B594B0C6
:104B700000241194129413940C940D940E940F9499
:104B80001094089409940A940B9404940594069440
:104B900007947348016841F480710160006800F473
:104BA000807001906F48016841F001010160016867
:104BB00001F001010191016841F00201016000680A
:104BC00000F002000190832002900325039502A9C2
:104BD0006548FFF70BFA022602960395069402A990
:104BE0006248FFF703FA6249624802788A580378FC
:104BF00022F06062CA5002788A58037822F0C0021C
:104C0000CA5002788A58037822F44032CA50027897
:104C10008A58037822F4907242F48072CA50027863
:104C20008A58037822F40072CA5002788A580378AE
:104C300042F48062CA5002788A58037822F4C05243
:104C400042F40062CA5002788A58037822F4C042C3
:104C500042F40052CA50027847495258007822F074
:104C6000040242501194129488151390434D11A9D7
:104C70002846FFF723F80C944FF4A0000D900E94F3
:104C80000F964FF4407010900CA92846FFF738F8A3
:104C9000A86820F48060A8604FF440300890099420
:104CA000374C08A92046FEF7D1FF320611142846DA
:104CB000FFF758F8072231062846FFF76FF8314E04
:104CC00040F2052132462846FFF74CF807223146CC
:104CD0002846FFF763F82C4E40F20A213246284658
:104CE000FFF740F8072231462846FFF757F8274ECE
:104CF00040F20F2132462846FFF734F807223146AA
:104D00002846FFF74BF8224E4FF4057132462846ED
:104D1000FFF728F8072231462846FFF73FF860687A
:104D200020F4400040F4000060601A4E40F2192167
:104D300032462846FFF716F8072231462846FFF785
:104D40002DF8606820F4400040F480006060D5F8E1
:104D5000040340F44000C5F8040314B070BD000023
:104D60004438024030380240000002400004024053
:104D700000640240C415050814640240002001408C
:104D80000023014001003002070050030900B00376
:104D9000100020811200808110B58CB0002408948E
:104DA00009940A940B940494059406940794164865
:104DB000016841F000510160006800F0005001906E
:104DC0001248016841F001010160006800F0010033
:104DD0000190302002900320039002A90C48FFF7B5
:104DE00005F938200890099402200B900A4C08AA73
:104DF00008492046FFF732F808AA08492046FFF77D
:104E00002DF80CB010BD0000403802403038024090
:104E1000000002400100100200740040120043151F
:104E200038B52D48016841F480010160016801F442
:104E300080010091016841F400110160006800F4F4
:104E400000100090254C2068C0F3022000220521AC
:104E500001F0EEF8224900010870224D4FF4805015
:104E600028602068C0F302200022052101F0E0F84C
:104E70001D49000181F800044FF48040286020683B
:104E8000C0F302200022052101F0D2F817490001E9
:104E900081F800042D1D4FF0807028602068C0F359
:104EA00002200022052101F0C3F81149000181F818
:104EB00000044FF0007028602068C0F30220002238
:104EC000052101F0B5F80B49000181F800040A49F9
:104ED0002020C1F8000138BD303802400CED00E060
:104EE0000CE400E000E100E00EE000E038E000E06B
:104EF00039E000E045E000E008E000E010B52A48B5
:104F000007F051FA294C2062294807F04CFA6062F8
:104F10000121284A084607F0FDFAA0620121264A2D
:104F2000084607F0F7FAE0620121244A084607F034
:104F3000F1FA20630121224A084607F0EBFA606388
:104F40000022204B1146204807F0B2FC606100228D
:104F50001E4B11461E4807F0ABFCA0611D4B002202
:104F600001211D4807F0A4FCE0611C4A00211C48F7
:104F700007F041FC20601B4A00211B4807F03BFC66
:104F800060601A4A00211A4807F035FCA060194AEF
:104F90000021194807F02FFCE060184A002118484A
:104FA00007F029FC206110BD641505082C030020C2
:104FB000741505088415050894150508A415050839
:104FC000B41505083415050891880408441505082A
:104FD00031330408541505087D8E04088014050833
:104FE000C5950408A4140508F1A10408C81405080F
:104FF0008D870408EC140508F1AB040810150508AA
:10500000819A04082DE9F04788B00024049406949E
:1050100007946048016841F010010160016801F0E7
:1050200010010191016841F004010160016801F083
:1050300004010191016841F080010160016801F003
:1050400080010191016841F001010160016801F0F6
:1050500001010191016841F002010160016801F064
:1050600002010191016841F008010160006800F04F
:10507000080001903F21484EB16141F6FC01474FC5
:10508000B9614FF47E71DFF81881C8F8181008076D
:10509000B0614FF0E050C8F818004248B861DFF83E
:1050A00008910002C9F81800DFF800A14FF08070E5
:1050B000CAF818003720029001250395059502A92A
:1050C0003046FEF793FF48F20800029003950494DF
:1050D0000594069402A93046FEF788FF402002900E
:1050E0000394069402A93046FEF780FF68030290FD
:1050F0000394069402A94846FEF778FFA80302909D
:105100000394069502A93046FEF770FF4FF4E05075
:105110000290039504940594069402A94046FEF774
:1051200065FF4CF21F400290039504940594069489
:1051300002A93846FEF75AFF4FF4C7500290039574
:1051400004940595069402A93846FEF74FFF4FF4E4
:1051500040700290039504940594069402A9484671
:10516000FEF744FF280202900395049405940694E8
:1051700002A95046FEF73AFF4FF47E700290039565
:1051800004940595069402A94046FEF72FFF08B047
:10519000BDE8F0873038024000100240000C0240A9
:1051A00000040240000003C4000802400000024066
:1051B0000C494CF6CC40086045F25550086006207A
:1051C000486040F6FF708860C86810F0030F06D092
:1051D00000200128F8D14AF6AA2008607047012073
:1051E000F7E700000030004070B588B00024049458
:1051F000059406940294039401944548016801F4CF
:105200004071B1F5807F47D000234FF08051DFF827
:1052100004C1DCF80020914314D0002101290BD0F7
:10522000DCF8001041F08051CCF80010DCF80010E0
:1052300001F080510091012337490A68C2F300222E
:1052400012B10AE00121E9E70A6842F480720A60BB
:105250000A68C2F30022002AFAD0016841F48031C2
:105260000160016821F480310160016841F00101B1
:1052700001600168C1F340010029FAD0016821F4FE
:10528000407141F480710160012B05D1DCF8001000
:1052900021F08051CCF80010016841F40041016018
:1052A00004947F200590FF2006901C4E04A93546EB
:1052B0002846FFF739F8286940F4FE00286128697C
:1052C0006FF30E0040F0FF002861154D2868A0F52F
:1052D0004851F2391AD08DF80C408DF80D408DF8F8
:1052E0000E4002AA01213046FFF77AF801218DF81D
:1052F00004108DF805108DF806108DF8074001AAEE
:105300003046FEF76DFF43F2F220286008B070BD12
:1053100070380240403802400070004000280040D1
:105320005028004010B592B00024089409940A94C3
:105330000B940C940D940E940F9410941194059466
:1053400006941D48016841F480410160006800F442
:10535000804001901948016841F002010160006835
:1053600000F0020001904FF4604002900220039090
:10537000032004900520079002A91148FEF736FE8D
:1053800008944FF4827009900A940B9401200C90B9
:1053900040020D9010200E900F9410940A2011904E
:1053A000084C08A92046FFF7B3F8616821F0100106
:1053B000616012B010BD0000403802403038024039
:1053C000000402400038004030B593B00024089437
:1053D00009940A940B940C940D940E940F941094C9
:1053E0001194059406941D48016841F40041016040
:1053F000006800F4004001901948016841F0040180
:105400000160006800F0040001904FF4E050029049
:1054100002250395032004900620079002A9114855
:10542000FEF7E4FD08944FF4827009900A940B95FE
:1054300001200C9040020D9018200E900F941094B3
:105440000A201190084C08A92046FFF761F861680E
:1054500021F01001616013B030BD000040380240FF
:105460003038024000080240003C004010B586B0D1
:105470000020019002900390049005901B48016861
:1054800041F480210160006800F4802000901848F9
:105490000068C0F30220C0F10701042900D90421EB
:1054A000021D072A01D2002000E0C01E012202FADC
:1054B00001F1491E01F0050101FA00F00D4900015A
:1054C00008704FF0E0219006C1F80001A720ADF868
:1054D000040032200390084C01A92046FFF77AF817
:1054E000216821F08001216006B010BD44380240DF
:1054F0000CED00E01AE400E00048014070B596B001
:1055000000241094119413941494089409940A9408
:105510000B940C940D940E940F94029403940494A1
:105520000594069407942748016841F00101016041
:10553000006800F00100019040F65F10ADF84000F7
:105540004EF66020129010A94FF08040FFF742F80D
:105550004FF08045286820F08000286001218807EE
:10556000FFF7D8F86020089009940A940B9402265B
:105570000C96012108AA8807FFF7F8F8012188078F
:10558000FFF79AF8686820F070006860A86820F05B
:105590008000A8600C48016841F0010101600068CA
:1055A00000F001000190E813029003960494059422
:1055B00006940120079002A90448FEF717FD16B0D3
:1055C00070BD000040380240303802400000024008
:1055D00030B595B000241094119413941494089449
:1055E00009940A940B940C940D940E940F940294C5
:1055F000039404940594069407943548016841F097
:1056000002010160006800F002000190ADF8404026
:1056100041F2707012902F4D10A92846FEF7DAFF64
:10562000286820F08000286001212846FFF772F8E2
:105630006020089009940A9440F6B8300B900C94BE
:1056400008AA01212846FFF791F801212846FFF713
:1056500033F8A9152846FFF75DF808AAA9152846CA
:10566000FFF784F8A9152846FFF726F8686820F0A8
:1056700070006860A86820F08000A8601648016883
:1056800041F001010160016801F00101019101682F
:1056900041F002010160006800F00200019040202A
:1056A000029002250395049405940694079502A997
:1056B0000A48FEF79BFC0120029003950494059490
:1056C0000694079502A90648FEF790FC15B030BD78
:1056D00040380240000400403038024000000240E0
:1056E0000004024030B595B0002410941194139436
:1056F0001494089409940A940B940C940D940E94A9
:105700000F940294039404940594069407942748F4
:10571000016841F004010160006800F0040001909C
:105720004520ADF8400043F698201290204D10A976
:105730002846FEF74FFF286820F0800028601021DF
:105740002846FEF7E7FF6020089009940A940B941E
:105750000C9408AA10212846FFF708F810212846C3
:10576000FEF7AAFF686820F070006860A86820F063
:105770008000A860286840F0010028600D4801689A
:1057800041F008010160006800F008000190681411
:10579000029002200390049405940694079002A9B5
:1057A0000548FEF723FC15B030BD0000403802402C
:1057B0000008004030380240000C024010B586B0AE
:1057C000002001900290049005901148016841F07A
:1057D00010010160006800F010000090A820ADF8F2
:1057E00004004FF47A7003900A4C01A92046FEF79A
:1057F000F1FE206820F080002060606820F07000DA
:105800006060A06820F08000A06006B010BD0000BD
:10581000403802400010004010B586B000200190D2
:1058200002900390049005901F490A6842F02002FC
:105830000A60096801F0200100911C490968C1F360
:105840000221C1F10702042A00D904220B1D072BF3
:1058500001D2002100E0C91E012303FA02F2521E08
:1058600002F0050202FA01F1114A09011170114911
:10587000DA05C1F80021ADF804004FF6FF7003907F
:105880000D4C01A92046FEF7A5FE206820F08000FF
:105890002060606820F070006060A06820F08000E8
:1058A000A06006B010BD0000403802400CED00E0E2
:1058B00037E400E004E000E00014004010B590B0D0
:1058C0000024089409940A940B940C940D940E945B
:1058D000059406942C48016841F0100101600068AD
:1058E00000F0100001902948016841F001010160B9
:1058F000006800F0010001904FF4C06002900220A7
:105900000390032004900720079002A92048FEF787
:105910006DFB20480068C0F30220C0F10701042994
:1059200000D90421021D072A01D2002000E0C01E78
:10593000012202FA01F1491E01F0050101FA00F00D
:1059400015490001087015492020C1F800014FF4E5
:10595000E130089009940A940B940C200C900D945B
:105960000E940F4C08A92046FEF7BCFF206920F4D6
:1059700090402061606920F02A006061E06840F496
:105980000050E06010B010BD443802403038024092
:10599000000002400CED00E025E400E004E000E03F
:1059A0000010014010B590B00024089409940A94A6
:1059B0000B940C940D940E94059406947048016811
:1059C00041F480210160006800F4802001906D485E
:1059D000016841F008010160006800F008000190D2
:1059E0004FF440700290022003900320049007209F
:1059F000079002A96448FEF7F9FA644964484278BE
:105A00008A58437822F0606242F00062CA504278BD
:105A10008A58437822F0C002CA5042788A584378A4
:105A200022F44032CA5042788A58437822F4907265
:105A3000CA5042788A58437822F40072CA50427899
:105A40008A58437842F48062CA5042788A58437830
:105A500022F4C052CA5042788A58437822F4C04295
:105A6000CA5043784B4A9B5890F801C023F0040376
:105A70004CF80230C378CB5890F803C023F0606331
:105A800043F0006341F80C30C378CB5890F803C062
:105A900023F0C00343F0400341F80C30C378CB58E7
:105AA00090F803C023F4403341F80C30C378CB584E
:105AB00090F803C023F4907341F80C30C378CB58AE
:105AC00090F803C023F4007341F80C30C378CB582E
:105AD00090F803C043F4806341F80C30C378CB588E
:105AE00090F803C023F4C05341F80C30C378CB586E
:105AF00090F803C023F4C04341F80C30C1788958B2
:105B0000C07821F00401815023480068C0F30220CE
:105B1000C0F10701042900D90421021D072A01D27E
:105B2000002000E0C01E012202FA01F1491E01F02E
:105B3000050101FA00F01949000108701849802098
:105B4000C1F800014FF4E130089009940A940B94D5
:105B50000C200C900D940E94124C08A92046FEF7D0
:105B6000C1FE206920F490402061606920F02A0085
:105B70006061E06840F40050E06010B010BD0000CB
:105B80004038024030380240000C024000600240C1
:105B9000DA150508146002400CED00E027E400E08F
:105BA00004E000E00048004010B590B000240894E4
:105BB00009940A940B940C940D940E9405940694F5
:105BC0006F48016841F020010160006800F020008A
:105BD00001906C48016841F004010160006800F028
:105BE00004000190C0200290022003900320049042
:105BF0000820079002A96448FEF7F8F96349644851
:105C000042788A58437822F0606242F02062CA509B
:105C100042788A58437822F0C002CA5042788A58A3
:105C2000437822F44032CA5042788A58437822F4AA
:105C30009072CA5042788A58437822F40072CA504F
:105C400042788A58437842F48062CA5042788A582F
:105C5000437822F4C052CA5042788A58437822F4DA
:105C6000C042CA5043784B4A9B5890F801C023F079
:105C700004034CF802308379CB5890F806C023F027
:105C8000606343F0206341F80C308379CB5890F87F
:105C900006C023F0C00343F0400341F80C30837981
:105CA000CB5890F806C023F4403341F80C30837988
:105CB000CB5890F806C023F4907341F80C308379E8
:105CC000CB5890F806C023F4007341F80C30837968
:105CD000CB5890F806C043F4806341F80C308379C8
:105CE000CB5890F806C023F4C05341F80C308379A8
:105CF000CB5890F806C023F4C04341F80C308179AA
:105D00008958807921F00401815023480068C0F34C
:105D10000220C0F10701042900D90421021D072A2D
:105D200001D2002000E0C01E012202FA01F1491E4A
:105D300001F0050101FA00F0184900010870184946
:105D40008020C1F800014FF4E130089009940A94D2
:105D50000B940C200C900D940E94124C08A9204624
:105D6000FEF7C0FD206920F490402061606920F0BA
:105D70002A006061E06840F40050E06010B010BD9F
:105D800044380240303802400008024000640240BB
:105D9000DA150508146402400CED00E047E400E069
:105DA00008E000E0001401402DE9F05F0746884656
:105DB00015461E460024A3462046641C33490F5452
:105DC00004222046641C0A544FEA18222046641C10
:105DD0000A542046641C01F800802A0A2046641CEC
:105DE0000A542046641C0D540621284807F05CFC28
:105DF00081462046641C254901F800904FEA19228B
:105E00002046641C0A5480212148FAF796FC21465A
:105E10001E48FDF749FA4FF4FA711E48006806F073
:105E200043FB68BB1A480078B84226D11848C01C0A
:105E300030F815906800C01C81B2154807F034FC9A
:105E40008246D14515D1002010E04100C91C104AFE
:105E5000515C090226F8101036F810204100091D87
:105E60000B4B595C114426F81010401CA842ECDB87
:105E700009E04FF0FF30BDE8F09F6FF00100FAE756
:105E80006FF00200F7E700BFF5E700008064002034
:105E9000006400205C0300202DE9F04105460E4619
:105EA000174600242046641C1E490D540622204635
:105EB000641C0A54320A2046641C0A542046641C9E
:105EC0000E543A0A2046641C0A542046641C0F549F
:105ED0002146144807F0E8FB80462046641C11491F
:105EE00001F800804FEA18222046641C0A548021E1
:105EF0000D48FAF722FC21460A48FDF7D5F94FF480
:105F0000FA710A48006806F0CFFA40B906480078EE
:105F1000A84202D10120BDE8F0810020FBE700206B
:105F2000F9E7000080640020006400205C0300208A
:105F30002DE9F04707468846154699460024A246B3
:105F40002146641C2E48475410222146641C4254AA
:105F50004FEA28222146641C42542146641C00F862
:105F600001802A122146641C42542146641C455477
:105F70006806020E2146641C21484254002610E0A7
:105F800039F81600020A2046611C8CB21C490A54DA
:105F900019F816202046611C8CB219490A54701C4D
:105FA00086B2AE42ECDB2146154807F07DFB824607
:105FB0002046611C8CB2124901F800A04FEA2A2247
:105FC0002046611C8CB20E490A5480210D48FAF714
:105FD000B4FB21460A48FDF767F94FF4FA710A4805
:105FE000006806F061FA40B906480078B84202D16C
:105FF0000120BDE8F0870020FBE70020F9E7000062
:1060000080640020006400205C030020FEE701B5EE
:106010006B46022204210120FFF78AFF08BD01B56B
:106020006B46022211460120FFF782FF08BDFEE702
:1060300000F00700C0F10703042B00D9042300F18E
:10604000040CBCF1070F01D2002000E0C01E4FF08D
:10605000010C0CFA03F35B1E194081400CFA00F0AE
:10606000401E10400843704770B50246106A20F089
:1060700001001062136A5568946924F0030424F047
:1060800070000E6840EA060423F002000E6940EA40
:10609000060323F001004E6840EA060310488242DE
:1060A00002D01048824213D123F008004E6940EA22
:1060B000860323F004008E6840EA860325F480708E
:1060C0008E6940EA060525F40070CE6940EA46056F
:1060D00055609461C868506300BF1362002070BDB2
:1060E00000000140000401402DE9F04104460D4646
:1060F000206A20F010002062266AD4F80480A76984
:1061000027F4407727F4E040296840EA012726F089
:106110002000296940EA011626F01000696840EA6B
:1061200001161248844202D01148844213D126F04D
:106130008000696940EA811626F04000A96840EABB
:10614000811628F48060A96940EA810828F400607B
:10615000E96940EAC108C4F80480A7612046E968FB
:10616000FEF734FB26620020BDE8F081000001400C
:106170000004014070B50246106A20F4807010627D
:10618000136A5568D46924F0030424F070000E6883
:1061900040EA060423F400700E6940EA062323F463
:1061A00080704E6840EA06231048824202D01048B0
:1061B000824213D123F400604E6940EA862323F41F
:1061C00080608E6840EA862325F480508E6940EA1C
:1061D000061525F40050CE6940EA46155560D46195
:1061E000C868D06300BF1362002070BD000001408A
:1061F0000004014070B50246106A20F4805010621D
:10620000146A5568D36923F4407323F4E0400E68A0
:1062100040EA062324F400500E6940EA063424F4D0
:1062200080504E6840EA06340948824202D009484C
:10623000824204D125F480408E6940EA861555607B
:10624000D361C868106400BF1462002070BD0000F4
:10625000000001400004014010B50246002003E0A8
:1062600012F8014B2318D8B20B1EA1F10104A1B200
:10627000F6D1C0B210BD000000B5034890ED000A91
:1062800002F00AFF00BD00006802002010B54FF0C8
:10629000FF3029490968086020212848FDF754FF8C
:1062A00010212648FDF750FF08212448FDF74CFF38
:1062B00004212248FDF748FF02212048FDF744FF52
:1062C00001211E48FDF740FF4FF400711C48FDF707
:1062D0003BFF4FF480711A48FDF736FF80211848C4
:1062E000FDF732FF40211648FDF72EFF202114480C
:1062F000FDF72AFF10211248FDF726FF082110485C
:10630000FDF722FF80210F48FDF71EFF40210D48B9
:10631000FDF71AFF20210B48FDF716FF1021094851
:10632000FDF712FF08210748FDF70EFF042105487D
:10633000FDF70AFF10BD0000E80100200010024038
:1063400000040240000C024010B50C480068B0F890
:106350004000132805DC09480068B0F84000012817
:1063600004DA102005490968A1F8400003490968CA
:1063700091F8400000F08EF810BD0000F4010020FC
:1063800070B506460C4621463046FCF79DF9054699
:1063900008480068A0F87040642C03D1FFF776FF2E
:1063A000012070BD0DB90020FBE7284600F02EF952
:1063B0000120F6E7F401002010B52DED028B1F48F7
:1063C0000068B0F8520000EE100AB8EE400AF2EE93
:1063D000040A80EE201AB0EE418A9FED190AB4EE4D
:1063E000C08AF1EE10FA03DD9FED150AB0EE408A87
:1063F000144890ED000A02F0DDFE10480068B0F885
:10640000540000EE100AB8EE400AF2EE040A80EEE4
:10641000201AB0EE418A9FED0A0AB4EEC08AF1EE6E
:1064200010FA03DD9FED060AB0EE408A064890EDB3
:10643000000A02F00BFFBDEC028B10BDF40100203E
:1064400000000442240300202803002010B501228C
:106450000B211046FBF75AFD10BD000010B50C488B
:106460000068B0F84200132805DC09480068B0F85D
:106470004200012804DA122005490968A1F8420007
:106480000349096891F8420000F004F810BD0000CB
:10649000F401002010B504462E2C6FD2DFE804F082
:1064A0009C171C21262B30353B41464B50555A5FDB
:1064B00064696F749C9C9C9C9C797D8185898D917D
:1064C000959C9C9C9C9C9C9C9C9C9C9C9C9920210D
:1064D0004348FDF739FE80E010214148FDF734FEC6
:1064E0007BE008213E48FDF72FFE76E004213C4882
:1064F000FDF72AFE71E002213948FDF725FE6CE028
:1065000001213748FDF720FE67E04FF40071354860
:10651000FDF71AFE61E04FF480713248FDF714FE7A
:106520005BE080212F48FDF70FFE56E040212D480B
:10653000FDF70AFE51E020212A48FDF705FE4CE058
:1065400010212848FDF700FE47E008212548FDF707
:10655000FBFD42E080212448FDF7F6FD3DE04021AF
:106560002148FDF7F1FD38E020211F48FDF7ECFD43
:1065700033E010211C48FDF7E7FD2EE02CE0082158
:106580001948FDF7E1FD28E004211748FDF7DCFD7F
:1065900023E00120154908701FE00120144908700C
:1065A0001BE001201349087017E001201249087010
:1065B00013E00120114908700FE001201049087014
:1065C0000BE001200F49087007E001200E49087018
:1065D00003E0FFF751FE00E000BF00BF10BD000068
:1065E0000010024000040240000C02404C02002057
:1065F0004D0200204E0200204F02002050020020D9
:1066000051020020520200205302002070B50446BF
:1066100001250A48006800682043084909680860A5
:1066200008E004F0010010B1E8B2FFF733FF64089E
:10663000681C85B2202DF4DD70BD0000E80100204B
:1066400010B52DED088B0446B0EE408A84ED048A27
:1066500094ED050AD4ED040A30EE600A84ED060AD2
:1066600094ED030A10EE101A084609F0B1FE41EC51
:10667000190B94ED060A10EE101A084609F0A8FE50
:1066800041EC1B0BB0EE4B0AF0EE6B0A04F073FB0F
:10669000B0EE40AAF0EE60AA53EC192B51EC1A0BA5
:1066A00009F06AFD7ED294ED060AD4ED000A20EED0
:1066B000200A84ED090A606B09F010FC41EC190B0B
:1066C00094ED090A10EE101A084609F081FE41EC1B
:1066D0001B0BB0EE4B0AF0EE6B0A04F04CFBB0EE75
:1066E00040AAF0EE60AA53EC192B51EC1A0B09F0FA
:1066F00043FD06D294ED0E0AB8EE400A84ED0A0A74
:106700003FE094ED0A0AD4ED010A94ED061A00EE7A
:10671000810A84ED0A0AD4ED0A0A94ED0D0AB8EE56
:10672000400AF4EEC00AF1EE10FA06DD94ED0D0A0F
:10673000B8EE400A84ED0A0A23E094ED0A0AB5EEA9
:10674000C00AF1EE10FA11DBD4ED0A0A94ED0E0A3C
:10675000B8EE400AF4EEC00AF1EE10FA06D294ED5B
:106760000A0ABCEEC00A84ED0E0A0AE094ED0A0A99
:10677000B5EEC00AF1EE10FA03D29FED240A84EDC3
:106780000A0A94ED060AD4ED070A30EE600A84ED99
:10679000080A94ED080AD4ED020A20EE200A84EDDE
:1067A0000B0A00E012E094ED090AD4ED0A0A30EE7B
:1067B000200AD4ED0B0A30EE200AF6EE000A30EE85
:1067C000200ABDEEC00A84ED0C0A09E094ED0A0A25
:1067D000F6EE000A30EE200ABDEEC00A84ED0C0A87
:1067E00094ED060A84ED070A206B002801DA0020E8
:1067F0002063606B28B1D4E90C01884201D9606B39
:106800002063206BBDEC088B10BD00000000000071
:10681000FCF702BA90ED050AD0ED040A30EE600AEA
:1068200080ED070A70472DE9FC4106460C4600251D
:10683000002716E0002003214FF448732246CDE9DB
:1068400000100221304604F034F80546781CC0B22E
:1068500007460F2805DB242002F002FB0820BDE8D4
:10686000FC81002DE6D012234FF4487221463046B9
:1068700002F0FAFB2846F2E72DE9F04105460E4604
:106880001746984601233A4631462846FAF7A4F9B6
:1068900004464CB1204602F0E3FA03212846FFF7F4
:1068A000C2FF0020BDE8F0810120FBE72DE9F041A7
:1068B00005460E461746984601233A463146284675
:1068C000FAF7A8F904464CB1204602F0C9FA0321B0
:1068D0002846FFF7A8FF0020BDE8F0810120FBE774
:1068E00010B504461E234FF416721A21204602F0FA
:1068F000BBFB10BD10B504460B234FF416720221EA
:10690000204602F0B1FB10BD2DE9F84380460E464B
:1069100014461F46DDE90895404600F063FE10B9B5
:106920000020BDE8F8830321404600F0B7FB322089
:1069300001F0FAFE5DB1322001F0F6FE062140467C
:10694000FFF71EFDC5EB0511880000F08EFB01204E
:1069500001F0EAFE012000F088FB0CB9032000E002
:10696000062002460CB9304600E0072001464046AA
:1069700001F0E6FE08B90020D3E70CB9032000E0DF
:10698000062002460CB9304600E00720014640468A
:1069900001F0D6FE08B90020C3E7304601F0C4FE7E
:1069A000012000F062FB24B1012C10D0022C10D188
:1069B0000EE00123062231464046FFF777FF08B973
:1069C0000020AEE73146404600F046FE01E000E020
:1069D00000BF00BF1DB106214046FAF72DFB0A207B
:1069E00001F0A2FE012000F040FB012302220A2157
:1069F0004046FFF75BFF08B9002092E74046FFF7EB
:106A000079FF0321404600F087FB0B2001F08CFE4C
:106A1000012000F02AFB01231A460B214046FFF714
:106A200045FF08B900207CE74046FFF763FF0321DC
:106A3000404600F071FB0C2001F076FE012000F0D2
:106A400014FB01231A460C214046FFF72FFF08B91B
:106A5000002066E7012000F008FB012303220C213F
:106A60004046FFF723FF08B900205AE74046FFF7EA
:106A700041FF4046FFF73EFF4046FFF73BFF28201F
:106A800001F052FE012000F0F0FA4B463A46002198
:106A9000012001F0D3FC2F2001F046FE012000F080
:106AA000E4FA4B465A220021012001F0C7FC2E20B7
:106AB00001F03AFE012000F0D8FA0A2000F08AFE28
:106AC00000F0CAFA022000F0D0FA042001F02CFEF7
:106AD000012000F0CAFA0620034605220421009096
:106AE000404600F049FB0421404600F0D7FA04205C
:106AF00001F01AFE012000F0B8FA0023012208215B
:106B0000404600F022FB0321404600F005FB09222D
:106B10000821404601F014FE00F0FCFF0A2000F0BE
:106B2000A4FA0120FDE62DE9F84380460D461646FD
:106B30001F46DDE90894404600F054FD10B90020DE
:106B4000BDE8F88324214046FFF71AFC03214046A4
:106B500000F0A4FA012001F0E7FD44B1062140460F
:106B6000FFF70EFCC4EB0411880000F07EFA012050
:106B700000F07BFA09222946404601F0E1FD08B900
:106B80000020DDE700230C2208214046FFF78EFE9F
:106B900008B90020D4E72D2001F0C6FD0A2000F03E
:106BA00067FD022000F061FA0321404600F076FA0A
:106BB000002303222946404601F0D6FD284601F075
:106BC000B3FD012000F051FA26B1012E1AD0022E99
:106BD00066D13EE00123062229464046FFF766FEC5
:106BE00008B90020ACE70321404600F095FA294699
:106BF000404600F031FD002303220821404601F009
:106C0000B3FD4DE00123032229464046FFF74EFE27
:106C100008B9002094E70321404600F07DFA294698
:106C2000404600F019FD002303220821404601F0F0
:106C30009BFD002303220821404601F095FD01231E
:106C4000032208214046FFF731FE08B9002077E70C
:106C500026E001231A4629464046FFF727FE08B9D9
:106C600000206DE70321404600F056FA29464046D1
:106C700000F0F2FC002301220821404601F074FDDF
:106C8000002303220821404601F06EFD0123052266
:106C900008214046FFF70AFE08B9002050E700BF70
:106CA00000BF1CB106214046FAF7C6F90A2001F0E0
:106CB0003BFD012000F0D9F901231A460A21404684
:106CC000FFF7F4FD08B900203AE74046FFF712FE4F
:106CD0000321404600F020FA0B2001F025FD0120A1
:106CE00000F0C3F9002301220B21404601F03CFDD6
:106CF000012302220B214046FFF7D8FD08B90020EE
:106D00001EE74046FFF7F6FD0321404600F004FA77
:106D10000C2001F009FD012000F0A7F90123052254
:106D20000C214046FFF7C2FD08B9002008E74046A5
:106D3000FFF7E0FD4046FFF7DDFD4046FFF7DAFDD7
:106D4000002301220821404601F00EFD282001F019
:106D5000EBFC012000F089F94B463A460021012066
:106D600001F06CFB2F2001F0DFFC012000F07DF929
:106D7000002346221946012001F060FB4046FFF740
:106D8000B9FD4046FFF7B6FD02234622002101204F
:106D900001F054FB2E2001F0C7FC012000F065F942
:106DA0000A2000F017FD00F057F9042001F0BCFCA8
:106DB000012000F05AF90620034605220421009024
:106DC000404600F0D9F90421404600F067F904205C
:106DD00001F0AAFC012000F048F90023012208215B
:106DE000404600F0B2F90321404600F095F9032235
:106DF0000821404601F0A4FC0C220821404601F085
:106E00009FFC00F087FE012000F02FF9242140466E
:106E1000FAF712F9012093E62DE9F04780460D4676
:106E200016461F46DDE90894FCF7E4FB404600F0F7
:106E3000D9FB10B90020BDE8F0871E22042140468E
:106E400000F05AF9322001F06FFC5CB1322001F001
:106E50006BFC06214046FFF793FAC4EB041188004F
:106E600000F003F9012000F000F9002078490968DA
:106E7000C884774909688884284601F055FC0120B8
:106E800000F0F3F826B1012E10D0022E10D10EE042
:106E90000123152229464046FFF708FD08B90020C6
:106EA000C9E72946404600F0D7FB01E000E000BFFB
:106EB00000BF1CB106214046FAF7BEF8162001F0CB
:106EC00033FC012000F0D1F80123032216214046B3
:106ED000FFF7ECFC08B90020ADE720214046FFF7A2
:106EE0004FFA052000F0C1F820214046FAF7A4F837
:106EF000002303220821404601F036FC0023032230
:106F00000821404601F030FC172001F00DFC012063
:106F100000F0ABF820214046FFF732FA0A2000F0DB
:106F2000A4F8012340F6AC5217214046FFF7BEFCFF
:106F300008B900207FE7282001F0F6FB012000F0CF
:106F400094F84B463A460021012001F077FA2F20B1
:106F500001F0EAFB012000F088F8002350221946D6
:106F6000012001F06BFA0F2001F0DEFB012000F0A0
:106F70007CF8012303220F214046FFF797FC08B954
:106F8000002058E7282001F0CFFB002346221946B5
:106F9000012001F06FFA0A2000F067F82021404636
:106FA000FFF7EEF9302001F0BFFB032000F05DF8A1
:106FB00028480068B0F86810404601F0D3FA08B9D4
:106FC000002038E700F090FD022000F04EF800F0BD
:106FD00093FD022000F049F800F03EF8022000F096
:106FE00044F8042001F0A0FB012000F03EF81E222E
:106FF0000421404600F080F820214046FFF7C0F908
:1070000001231B2208214046FFF750FC08B900204D
:1070100011E728220421404600F06EF801231B22CC
:1070200008214046FFF742FC08B9002003E7282268
:107030000421404600F060F820214046F9F7FCFFAB
:1070400000F068FD0A2000F010F80120F3E60000CF
:10705000F8010020F40100207047704710B5044685
:1070600006212046F9F7E8FF10BD10B504464FF49D
:107070007A7104FB01F005F00FF910BD7CB50646EE
:107080000C46154601204FF4487322460221CDE9F3
:107090000050304603F00DFC7CBD000070B5044686
:1070A0000D460321204600F037F80020FBF742FB95
:1070B000DFED100AB4EEE00AF1EE10FA14DD002361
:1070C00055221946012001F0B9F903E041F2883058
:1070D00005F0E2F80020FBF72DFBDFED060AB4EE29
:1070E000E00AF1EE10FAF1DC29462046FFF79BFB9F
:1070F00070BD00000000AA4270B505460E46144659
:1071000031462846FFF73CF92046FFF7AEFF3146EF
:107110002846F9F791FF70BD70B504460D4612235D
:107120004FF448722946204601F09EFF70BD70B5AD
:1071300005462846FBF7D8F9044624B1204601F05D
:107140008FFE002070BD0120FCE72DE9F0410546CF
:107150000E461746984643463A4631462846FBF7C0
:10716000EBF904462CB1204601F07AFE0020BDE880
:10717000F0810120FBE700002DE9F04705460E46AF
:1071800017469846DDF82090002425E00221284685
:10719000FFF7F6F84FF4FA7005F07EF83A464FF430
:1071A0004871012002F0E6FB02E00A2005F074F8C5
:1071B0000B4800780028F8D002212846F9F73CFF58
:1071C0004FF4FA7005F068F843464FF448723146C0
:1071D000284601F049FF641C4C45D7DBBDE8F08729
:1071E000FC01002010B50446224603490348FBF782
:1071F000D7F90148008810BD1803002016030020AD
:1072000070B506460C46154629462046FCF7C8F9D7
:1072100070BD00002DE9F84380460D4616461F4616
:10722000DDE90894404600F0DDF910B90020BDE822
:10723000F88303214046FFF731FF322001F074FA52
:1072400044B106214046FFF79BF8C4EB04118800C7
:10725000FFF70BFF012001F067FA00230322294604
:10726000404601F081FA284601F05EFA0120FFF75E
:10727000FCFE36B1012E2ED0022E56D0032E76D132
:1072800092E00123062229464046FFF70FFB08B98A
:107290000020CCE72946404600F0DEF90023012219
:1072A0000821404601F060FA0023032208214046ED
:1072B00001F05AFA01231A4608214046FFF7F6FA70
:1072C00008B90020B3E74046FFF714FB032140460E
:1072D000FFF722FFB8E001231A4629464046FFF790
:1072E000E5FA08B90020A2E72946404600F0B4F9C3
:1072F000002301220821404601F036FA0023032230
:107300000821404601F030FA0123062208214046B8
:10731000FFF7CCFA08B9002089E74046FFF7EAFA00
:1073200003214046FFF7F8FE8EE0012302222946A2
:107330004046FFF7BBFA08B9002078E729464046E7
:1073400000F08AF9002301220821404601F00CFADE
:10735000002303220821404601F006FA01230622F9
:1073600008214046FFF7A2FA10B900205FE76AE063
:107370004046FFF7BFFA4046FFF7BCFA03214046FC
:10738000FFF7CAFE4046FFF7D2FE09220821404619
:1073900001F0D6F94046FFF7A3FA0123092208219C
:1073A0004046FFF769FA4FE001230622294640468E
:1073B000FFF762FA08B9002039E72946404600F095
:1073C0004BF90123032208214046FFF755FA08B97B
:1073D00000202CE74046FFF783FA0A20FFF745FE1E
:1073E00003214046FFF798FE4046FFF7A0FE092222
:1073F0000821404601F0A4F94046FFF771FA012345
:10740000092208214046FFF737FA08B900200EE7A5
:107410004046FFF765FA0A20FFF727FE4046FFF7D0
:1074200086FE09220821404601F08AF94046FFF70E
:1074300057FA0123092208214046FFF71DFA08B92F
:107440000020F4E600E000BF00BF14B14046FFF7A3
:1074500005FE03214046FFF75FFE112001F064F9AD
:107460000120FFF702FE01205449087001231A464B
:107470003D21404600F0A4F804214046FFF74CFEB1
:1074800004214046FFF748FE01231A463D214046AD
:10749000FFF70CFA08B90020C9E600204749087038
:1074A0004046FFF727FA002301220821404600F05A
:1074B00087F8002301220821404600F081F82D20A2
:1074C00001F032F90A2000F0BDFA0A20FFF7CDFDE5
:1074D000172001F029F90120FFF7C7FD01203749E6
:1074E000087001231A463E21404600F069F8012346
:1074F0001A463E214046FFF7D9F908B9002096E622
:1075000000202E4908704046FFF7F4F900230122BD
:107510000821404600F054F800230122082140468B
:1075200000F04EF8292001F0FFF80120FFF79DFD43
:107530004B463A460021012000F080FF4046FFF70D
:10754000D9F91E20FFF791FD2E2001F0EDF80A2059
:1075500000F05CFA0520FFF788FD0520FFF785FDA8
:10756000042001F0E1F80220FFF77FFD062003462A
:107570000522042100904046FFF7FEFD042140460D
:10758000FFF78CFD0120FFF770FD01230922082180
:107590004046FFF78BF903214046FFF77FFD0123AB
:1075A000092208214046FFF781F90A2000F012FA6B
:1075B000FFF753FD00F0AEFA012038E61802002074
:1075C0002DE9F04104460D4616461F463B4632461D
:1075D00029462046FFF7B9FD04212046FFF79CFD10
:1075E000BDE8F08170B505460024002018490968FF
:1075F000A1F84C0016490968A1F84A001549096824
:1076000088801348006890ED210A1148006880EDD9
:10761000220AF9F799FC00210520F9F727FB3C2203
:1076200000212846FFF7ECFD03212846FFF774FDF3
:1076300003212846FFF770FD44B1204601F010FCFD
:1076400000211220F9F712FB002070BD0120FCE799
:10765000F4010020F801002070B504460D460A230D
:107660004FF416722946204601F0FEFC70BD000062
:1076700010B52DED088B044622461F48016866317F
:1076800000686430FAF78CFF1B490968B1F866009E
:1076900008F024FC41EC1A0B17490968B1F86400A2
:1076A00008F01CFC41EC1B0B53EC1A2B08F03EFAC3
:1076B00041EC190BB0EE490AF0EE690A03F068FBE1
:1076C000B0EE408AF0EE608A51EC180B08F048F9F1
:1076D00009490968C1F89C004FF47A7004F0DCFD98
:1076E00084200649096848854FF47A7004F0D4FD77
:1076F000BDEC088B10BD0000F4010020F801002053
:107700002DE9FF41694602A82F4A126890470646B4
:1077100040F6B83004F0C0FD0DF102010DF10A0091
:10772000294A12689047064640F6B83004F0B4FD86
:1077300001A903A8244A126890470646BDF808002C
:10774000BDF80A10884201DC012000E00020044658
:107750000CB9012500E0002502A830F81400BDF89E
:107760000C10884201DA204600E00220074602A8F9
:1077700030F8150002A931F81710884201DD2846BB
:1077800000E03846044602A830F814000F490968A2
:10779000A1F866003DF814000C490968A1F86400DE
:1077A000012E06D0212001F05BFB002004B0BDE8D3
:1077B000F081842006490968488540F6B83004F015
:1077C0006BFD0120F2E700000C030020F401002013
:1077D000F801002010B52DED088B044622461D4807
:1077E00001686A3100686830FAF7DAFE19490968F9
:1077F000B1F86A0008F072FB41EC1A0B15490968F0
:10780000B1F8680008F06AFB41EC1B0B53EC1A2B33
:1078100008F08CF941EC190BB0EE490AF0EE690A58
:1078200003F0B6FAB0EE408AF0EE608A51EC180B25
:1078300008F096F807490968C1F8A0004FF47A707B
:1078400004F02AFD4FF47A7004F026FDBDEC088B9D
:1078500010BD0000F4010020F0B52DED088B85B0BF
:1078600001A903A8584A12689047064640F6B83066
:1078700004F012FD0DF106010DF10E00524A1268DE
:107880009047064640F6B83004F006FD02A904A869
:107890004D4A126890470646BDF80C00BDF80E1020
:1078A000884201DC012000E0002004460CB90125DB
:1078B00000E0002503A830F81400BDF8101088423D
:1078C00001DA204600E00220074603A830F8150040
:1078D00003A931F81710884201DD284600E0384638
:1078E000044603A830F8140038490968A1F86A0072
:1078F00001A830F8140035490968A1F86800012E84
:1079000007D0212001F0ACFA002005B0BDEC088BB7
:10791000F0BD2E490968B1F8680008F0DFFA41ECC3
:10792000190B2A490968B1F8640008F0D7FA41EC4C
:107930001B0BB0EE4B0AF0EE6B0A03F029FAB0EE27
:1079400040AAF0EE60AA53EC192B51EC1A0B08F088
:10795000EDF841EC180B08F003F81C490968C1F870
:107960009C001A490968B1F86A0008F0B7FA41ECBE
:107970001A0B16490968B1F8660008F0AFFA41EC35
:107980001B0B53EC1A2B08F0D1F841EC190BB0EE9D
:10799000490AF0EE690A03F0FBF9B0EE408AF0EE16
:1079A000608A51EC180B07F0DBFF08490968C1F841
:1079B000A000852006490968488540F6B83004F0E3
:1079C0006BFC0120A1E700000C030020F401002063
:1079D000F801002010B5044622460A4801686A31C1
:1079E00000686430FAF7DCFD4FF47A7004F054FC60
:1079F00084200549096848854FF47A7004F04CFCEE
:107A000010BD0000F4010020F801002010B504466C
:107A100022460A480168683100686430FAF7C0FD00
:107A20004FF47A7004F038FC8420054909684885D1
:107A30004FF47A7004F030FC10BD0000F401002017
:107A4000F801002010B5044622460A480168663154
:107A500000686430FAF7A4FD4FF47A7004F01CFC5F
:107A600084200549096848854FF47A7004F014FCB5
:107A700010BD0000F4010020F801002010B50446FC
:107A800022460A480168663100686430FAF788FDCA
:107A90004FF47A7004F000FC842005490968488599
:107AA0004FF47A7004F0F8FB10BD0000F4010020E0
:107AB000F801002010B500210620F9F7D7F802F0F0
:107AC0006BF910BD1CB5694601A8064A12689047BB
:107AD0000446012C04D0212001F0C2F900201CBD75
:107AE0000120FCE70C030020842002490968488536
:107AF00070470000F8010020852002490968488588
:107B000070470000F801002010B50446204602F03E
:107B10001BF910BD10B500210620F9F7A7F802F0F7
:107B200077F910BD2DE9F84380460D4616461F46ED
:107B3000DDE908944046FFF755FD10B90020BDE887
:107B4000F88303214046FFF7A9FA322000F0ECFD4C
:107B500044B106214046FEF713FCC4EB0411880033
:107B6000FFF783FAFFF7AEFF08B90020E7E704202C
:107B700000F0DAFD0120FFF778FA0C2208214046D8
:107B800000F0DEFD08B90020D9E701230C2208210E
:107B90004046FEF78BFE08B90020D0E72D2000F00C
:107BA000C3FDFFF7ADFD08B90020C8E7032140463B
:107BB000FFF774FA284600F0B7FD0120FFF755FAE9
:107BC00026B1012E2BD0022E28D157E0002303220C
:107BD0002946404600F0C8FD0023032229464046BE
:107BE00000F0C2FD0123042229464046FEF75EFE56
:107BF00008B90020A3E729464046FFF72DFD0023E2
:107C000003220821404600F0AFFD0123062208218F
:107C10004046FEF74BFE08B9002090E777E00023CE
:107C200003222946404600F09FFD002303222946F7
:107C3000404600F099FD01231A4629464046FEF7CA
:107C400035FE08B900207AE729464046FFF704FDD3
:107C5000002301220821404600F086FD0023032274
:107C60000821404600F080FD0123092208214046FA
:107C7000FEF71CFE08B9002061E748E0002303225C
:107C80002946404600F070FD002303222946404665
:107C900000F06AFD01231A4629464046FEF706FE1B
:107CA00008B900204BE729464046FFF7D5FC0023E2
:107CB00001220821404600F057FD0023032208213D
:107CC000404600F051FD01230C2208214046FEF7FA
:107CD000EDFD08B9002032E70A2203214046FFF7F4
:107CE000CDF9002301220821404600F03DFD00238C
:107CF00003220821404600F037FD01230722082116
:107D00004046FEF7D3FD08B9002018E700BF00BFCA
:107D10001CB106214046F9F78FF903214046FFF7D1
:107D2000FBF9172000F000FD0120FFF79EF9012369
:107D30001A4617214046FEF7B9FD08B90020FEE6B5
:107D4000002301220821404600F00EFD00230122FD
:107D50000821404600F008FD162000F0E5FC012057
:107D6000FFF783F901231A4616214046FEF79EFDD0
:107D700008B90020E3E64046FEF7BCFD00230122DF
:107D80000821404600F0F0FC282000F0CDFC012046
:107D9000FFF76BF94B463A460021012000F04EFBFD
:107DA0002F2000F0C1FC0120FFF75FF900233222F1
:107DB0001946012000F042FB0F2000F0B5FC012025
:107DC000FFF753F901231A460F214046FEF76EFDD7
:107DD00008B90020B3E64046FEF78CFD2F2000F0E6
:107DE000A3FC0120FFF741F92E2000F09DFC0220AA
:107DF000FFF73BF9FFF730FDFFF72EF9042000F005
:107E000093FC0120FFF731F90620034605220421E7
:107E100000904046FFF7B0F903214046FFF73EF9D6
:107E20000120FFF722F9002303220821404600F039
:107E30009BFC002301220F214046FEF737FD08B9C5
:107E400000207CE60D220821404600F079FC0F223C
:107E50000821404600F074FCFFF75CFE0A20FFF7A3
:107E600004F901206BE62DE9F04780460D461646E1
:107E70001F46DDE908944046FFF7B4FB10B9002027
:107E8000BDE8F08703214046FFF708F9322000F0F3
:107E90004BFC44B106214046FEF772FAC4EB0411D4
:107EA0008800FFF7E2F8042000F03EFC0120FFF715
:107EB000DCF8012000F038FC0120FFF7D6F8092299
:107EC0002946404600F03CFC08B90020D8E70123D1
:107ED0000C2208214046FEF7E9FC08B90020CFE754
:107EE00003214046FFF7DAF80023032229464046E3
:107EF00000F03AFC284600F017FC0120FFF7B5F827
:107F000016B1012E2BD10DE0012303222946404654
:107F1000FEF7CCFC08B90020B2E729464046FFF73F
:107F20009BFB1DE001231A4629464046FEF7BEFC96
:107F300008B90020A4E729464046FFF78DFB00233F
:107F400001220821404600F00FFC012303220821F2
:107F50004046FEF7ABFC08B9002091E700E000BF07
:107F600000BF1CB106214046F9F766F8172000F063
:107F7000DBFB0120FFF779F800230122172140469F
:107F8000FFF71EFB01231A4617214046FEF78EFC21
:107F900008B9002074E74046FEF7ACFC002301223C
:107FA0000821404600F0E0FB282000F0BDFB012046
:107FB000FFF75BF84B463A460021012000F03EFAFD
:107FC0002F2000F0B1FB0120FFF74FF800233222F1
:107FD0001946012000F032FA0C2000F0A5FB002326
:107FE00001220821404600F0BFFB012306220C219C
:107FF0004046FEF75BFC08B9002041E74046FEF72B
:1080000079FC4046FEF776FC282000F08DFB052326
:1080100046220021012000F011FA2D2000F084FBFF
:108020001E20FFF722F80A20FFF722FB112000F0A4
:108030007BFB0120FFF719F80023012211214046A4
:10804000FFF7BEFA0123022211214046FEF72EFC63
:1080500008B9002014E7282000F066FB032346221D
:108060000021012000F0EAF92E2000F05DFB142031
:10807000FEF7FBFF0A20FFF7ADFBFEF7EDFF022046
:10808000FEF7F3FF042000F04FFB0120FEF7EDFFA9
:1080900004214046FFF702F80120FEF7E6FF032225
:1080A0000821404600F04CFB0C220821404600F01D
:1080B00047FBFFF72FFD0A20FEF7D7FF0120DFE681
:1080C0002DE9F84380460D4616461F46DDE9089423
:1080D0004046FFF787FA10B90020BDE8F883032176
:1080E0004046FEF7DBFF322000F01EFB5CB1322081
:1080F00000F01AFB06214046FEF742F9C4EB0411DA
:108100008800FEF7B2FF012000F00EFB0120FEF711
:10811000ACFF09222946404600F012FB08B90020B6
:10812000DBE70C220821404600F00AFB08B90020DA
:10813000D3E7284600F0F8FA0120FEF796FF36B1A3
:10814000012E16D0022E3BD0032E7CD15FE00123FE
:10815000092229464046FEF7A9FB08B90020BCE7E2
:1081600029464046FFF778FA03214046FEF7D4FF40
:1081700091E00123032229464046FEF797FB08B908
:108180000020AAE703214046FEF7C6FF29464046E5
:10819000FFF762FA002301220821404600F0E4FACA
:1081A000002303220821404600F0DEFA01230822C2
:1081B00011464046FEF77AFB08B900208DE76AE0D9
:1081C0000123022229464046FEF770FB08B9002031
:1081D00083E729464046FFF73FFA03214046FEF772
:1081E0009BFF002301220821404600F0BDFA002336
:1081F00003220821404600F0B7FA01230922082192
:108200004046FEF753FB08B9002066E743E0012330
:10821000022229464046FEF749FB08B900205CE7E8
:1082200029464046FFF718FA03214046FEF774FF3F
:10823000002301220821404600F096FA0023032281
:108240000821404600E025E000F08EFA01230922D3
:1082500008214046FEF72AFB08B900203DE7082226
:1082600003214046FEF70AFF00230322082140466F
:1082700000F07AFA002303220821404600F074FA45
:108280000123092208214046FEF710FB08B900200F
:1082900023E700E000BF00BF1CB106214046F8F70D
:1082A000CBFE172000F040FA0120FEF7DEFE03218E
:1082B0004046FEF731FF03214046FEF72DFF002325
:1082C000012217214046FFF77BF901231A461721A7
:1082D0004046FEF7EBFA08B90020FEE64046FEF7FE
:1082E00009FB03214046FEF717FF282000F01CFA87
:1082F0000120FEF7BAFE4B463A460021012000F06D
:108300009DF82F2000F010FA0120FEF7AEFE0023AA
:1083100046221946012000F091F8192000F004FAD5
:108320000120FEF7A2FE03214046FEF7F5FE0321E1
:108330004046FEF7F1FE0023012219214046FFF7D7
:108340003FF901231A4619214046FEF7AFFA08B952
:108350000020C2E64046FEF7CDFA4046FEF7CAFAD4
:1083600003214046FEF7D8FE282000F0DDF9012366
:1083700046220021184600F061F82D2000F0D4F9C3
:108380000A20FFF775F9112000F0CEF903214046CD
:10839000FEF7C2FE03214046FEF7BEFE0023012287
:1083A00011214046FFF70CF901231A4611214046DE
:1083B000FEF77CFA08B900208FE64046FEF79AFAED
:1083C000282000F0B1F9032348220021012000F009
:1083D00035F82E2000F0A8F91420FEF746FE0A20FA
:1083E000FFF7F8F9FEF738FE0220FEF73EFE042004
:1083F00000F09AF90120FEF738FE06200346052218
:10840000042100904046FEF7B7FE04214046FEF7E7
:1084100045FE0120FEF729FE0023032208214046E5
:1084200000F0A2F90C220821404600F089F9FFF77C
:1084300071FB0A20FEF719FE01204EE62DE9F041FE
:1084400080460C4615461E46012002F035FC0746C4
:1084500032462946204601F00BFA1E2002F02CFC81
:1084600007462FB1384600F0FBFC0020BDE8F08144
:108470000120FBE72DE9F04107460C4615469846DA
:108480004FF0FF322946204601F0F2F91E2002F09B
:1084900013FC064616B10020BDE8F0810120FBE781
:1084A0002DE9F04705460C4690469946DDE90867F8
:1084B0000320FEF7DAFD2846FFF794F810B90020F4
:1084C000BDE8F08703212846FEF7E8FD0120FEF70E
:1084D000CCFD322000F028F90120FEF7C6FD012076
:1084E00000F022F90120FEF7C0FD204600F01CF943
:1084F0000120FEF7BAFD0A2000F016F90120FEF770
:10850000B4FD0B2000F010F90120FEF7AEFD0C20A9
:1085100000F00AF90120FEF7A8FD282000F004F978
:108520000120FEF7A2FD2F2000F0FEF80120FEF74B
:108530009CFD2E2000F0F8F80120FEF796FD0A20A1
:10854000FFF748F9FEF788FD0220FEF78EFD0420B4
:1085500000F0EAF8FFF7AEFA0120FEF786FD0120F1
:10856000AEE700002DE9F84F83460D46002000904D
:108570000027824680464FF005091721584600F033
:10858000F9FE01F0B1FC40F6C41A4FF4FA7003F0A2
:1085900083FE1F21584600F0EDFE4FF6FF705F4945
:1085A0000968C8840A20FEF71DFE5D490968A1F824
:1085B00068005B480068B0F86850ADE0BAF1000FA1
:1085C0000FD11721584600F0D5FE01F08DFC40F682
:1085D000C41A4FF4FA7003F05FFE1F21584600F0F2
:1085E000C9FE484601F0AEFC08EB09001FFA80F80E
:1085F000AAEB09001FFA80FA49480068A0F86480D5
:10860000009803F049FE0120FEF7ECFD04464448C3
:108610000068A0F86A40AC4201DD601B00E0281B46
:1086200086B2B6F5FA7F06DBB6F57A7F03DAFA2072
:108630000090002760E0B6F57A7F08DB40F2DC505E
:10864000864204DA009000274FF0050954E040F21A
:10865000DC5086424BDB31480068C48400BF0120F7
:10866000FEF7C0FD04462E480068A0F86A40AC4200
:1086700001DD601B00E0281B86B240F2DC50864220
:1086800007DB781C87B2012F09D124480068C48415
:1086900005E0002021490968C884002701E0032F74
:1086A000DDDB00BF781C80B20746032824DB4FF6D1
:1086B000FF701A490968C8841A48D0ED000AB2EE62
:1086C000041AB6EE000A00EE810ABCEEC00A10EEF3
:1086D000100A13490968A1F8660020215846F8F7E6
:1086E000ABFC0020FFF710FA0120BDE8F88F002056
:1086F000009000274FF0050941F64C5080450BDDF6
:1087000020215846F8F798FC0020FFF7FDF92520B6
:1087100000F0A6FB0020E8E750E70000F801002089
:10872000F4010020BC02002010B504460348006894
:1087300044850120FEF799FC10BD0000F8010020DF
:108740002DE9F04105460E4617463A463146284681
:1087500002F0C7FA04462CB1204600F081FB00204D
:10876000BDE8F0810120FBE72DE9F04104460D460C
:1087700016461F463B46324629462046FEF7E5FC94
:1087800003212046FEF7C8FCBDE8F0810024FAF77B
:10879000D5FD0122D1033748FAF742F902F09CF9DE
:1087A000F9F704FC4FF47A7003F076FDF9F758FFFF
:1087B000054625B322E0012211022F48FAF730F9CD
:1087C000322003F069FD00224FF480712A48FAF745
:1087D00027F9642003F060FD012211022648FAF710
:1087E0001FF9322003F058FD00224FF48071224817
:1087F000FAF716F94FF4487003F04EFDDBE700BFBF
:108800001E48007870B91E48007858B14FF47A704D
:1088100003F042FD1B4801682431006826301A4AE3
:1088200012689047322003F037FD03F033FF04460F
:108830004FF4FA720221032003F084FF044604F08F
:108840000040B0F1004FDBD004F0010028B101205E
:108850000C490968C880FAF78BFB04F0020010B1DC
:108860000A4802F007FA032003F0E8FE002003495B
:108870000870C5E7000C024000080240A802002072
:10888000A9020020F80100200C030020EC63002066
:1088900010B5044601F088FA0348006804F084F833
:1088A00001200249087010BD40030020FC01002097
:1088B0002DE9F04106460F4614461D46394630461E
:1088C000FDF75EFD2A462146002001F053F802E044
:1088D000322003F0E1FC074800780028F8D04FF47C
:1088E000FA7003F0D9FC39463046F8F7A5FBBDE82D
:1088F000F0810000FC01002000212F230846491CC4
:108900000D4A135431230846491C13543F2308468B
:10891000491C13540D230846491C135407488078FA
:10892000602801D10020704704488078402801D198
:108930000120F8E70120F6E7A06E0020606E00201D
:10894000014600BF0448006800F0F0000009034A37
:10895000125C21FA02F0704708380240041605083C
:10896000014600BF0548006800F4E050044A02EBED
:108970009020027821FA02F0704700000838024087
:1089800014160508014600BF0548006800F4604061
:10899000044A02EB5030027821FA02F070470000DE
:1089A000083802401416050810B5002400BF0C4812
:1089B000006800F00C0020B1042804D0082809D178
:1089C00003E0084C08E0084C06E0082000F00EF830
:1089D000044601E0034C00BF00BF204610BD00006C
:1089E000083802400024F40000127A002DE9F0411A
:1089F000044600250026002700BF1548006800F443
:108A0000800006461EB1B6F5800F04D101E0114D7D
:108A100003E0114D01E00F4D00BF00BF082C14D141
:108A200000BF0B48006800F03F00B5FBF0F8FBF713
:108A3000A3FB08FB00F80648006800F44030012161
:108A400001EB10404000B8FBF0F73846BDE8F0817C
:108A5000043802400024F40000127A0010B505200A
:108A600041490968A1F878003F4800680088FC285F
:108A700027D006DC01280BD002280AD0122859D1B1
:108A800015E0FD280AD0FE284DD0FF2852D11FE066
:108A900000BF002034490968088062E001F072F9E3
:108AA0003248F8F7BBFB002001F098F900BF002026
:108AB00001F094F900202C49096808802C490870BD
:108AC0004FE000F0BDFA002027490968088048E01F
:108AD0000020254909680880FE210846F8F7C6F8F5
:108AE00000F046FB00F0ACFA72B600BF00BF00BF5A
:108AF00000BF00BFBFF34F8F00BF00BF00BF1D48C6
:108B0000006800F4E0601C490843001D1949086032
:108B100000BF00BF00BFBFF34F8F00BF00BF00BF4B
:108B200000BF00BFFDE700200F490968088000F082
:108B300087FA16E00E48007868B906200A490968E5
:108B4000A1F8780001200A49087001210B4800684B
:108B500003F0B8FD04E0072003490968A1F8780094
:108B600000BF00BF10BD0000F4010020FFFF0300A4
:108B7000A80200200CED00E00000FA0534030020FC
:108B80002DE9F04781468A4600240025002600276B
:108B9000A046032000F0D0FA4BE042F2107800BF6C
:108BA0004FF480412A48FBF7BDFA20B1B8F100002C
:108BB000A8F10108F4DA42F21070A0EB0800254990
:108BC0000860F7F704FF0746022000F0B5FA3E44BC
:108BD00021482249096840F8217042F2107800BF0C
:108BE0004FF480411A48FBF79DFA20B1B8F100001C
:108BF000A8F10108F4DA42F21070A0EB0800154960
:108C00000860F7F7E4FE0746032000F095FA3D44BC
:108C1000124801680068401C104A1060104840F873
:108C200021701046007800F07F0011460860601C3B
:108C300084B25445B1DB95FBF4F596FBF4F62D12A6
:108C40003612A9F80250A9F80060BDE8F0870000CC
:108C50000010024078020020C06A00207C02002040
:108C6000C068002070B504460D4629462046FFF72F
:108C700087FF70BD2DE9FF4106460F460024002501
:108C800002A903A800F066F8A0460CE0322269466B
:108C900001A800F01FF8BDF804000444BDF800006E
:108CA000054408F10108B8F10A0FEFDB641D6D1DE2
:108CB0000A20B4FBF0F0BDF80C10401A30800A20F6
:108CC000B5FBF0F0BDF80810401A3880012004B060
:108CD000BDE8F0812DE9F04106460F46904640463A
:108CE00000F092FD4FF47A711848006803F0DCFB45
:108CF00048BB174C0A2522E002E0641C681EC5B27E
:108D00002078552801D0002DF7D115B90020BDE8F5
:108D1000F0810721601CFDF79FFA217A88420BD170
:108D20006079217900EB01203080E079A17900EBB6
:108D3000012038800120EAE7641C681EC5B2002DBE
:108D4000DAD10020E3E70020E1E70000580300202B
:108D5000C06C00202DE9FC4106460F46002400258A
:108D6000A0460CE06422694601A800F019F8BDF89D
:108D700004000444BDF80000054408F10108B8F1FE
:108D80000A0FEFDB641D6D1D0A20B4FBF0F030808C
:108D90000A20B5FBF0F038800120BDE8FC8100001E
:108DA0002DE9F04106460F469046404600F046FD4C
:108DB0004FF47A711848006803F076FB48BB174CF3
:108DC0000A2522E002E0641C681EC5B220785528FE
:108DD00001D0002DF7D115B90020BDE8F0810721A1
:108DE000601CFDF739FA217A88420BD1607921792C
:108DF00000EB01203080E079A17900EB0120388080
:108E00000120EAE7641C681EC5B2002DDAD10020FB
:108E1000E3E70020E1E7000058030020C06C0020D9
:108E200010B5552008490880AA2048800B46022228
:108E300000210120FCF7B8FF0446002C02DB0248A9
:108E4000006810BD2046FCE79202002010B50446E1
:108E50002346022220210120F9F7FCF810BD000072
:108E600010B5044621460720F7F700FF02480068C6
:108E70008480012010BD0000F801002010B50446D8
:108E800006F008FA144908600846006813490968A2
:108E9000401A114908600846008811490968A1F87C
:108EA00058000D4800680A21B0FBF1F00A4908603B
:108EB000084600680B490968B0FBF1F006490860F4
:108EC00008460068642801D96420086002480088C8
:108ED00003490968088510BD400200203C020020BB
:108EE000F80100203802002010B5152200210120D1
:108EF000FCF7D2FF10BD000010B52DED068B4548E4
:108F00000068007860B140F6D27243494348FAF7EE
:108F10008FFF41494148FAF798FFBDEC068B10BD21
:108F20003F480068007848B164223B493B48FAF763
:108F30007FFF39493948FAF788FFEEE7394800687A
:108F4000007820B13848006890ED318A03E0364857
:108F5000006890ED308A34480068D0ED348A88EE9D
:108F6000280AB0EE408AB3EE000A28EE000AB0EEFE
:108F7000408A2D48006890ED330AF1EE000A30EE89
:108F8000C00A30EE080AB0EE408A9FED280A28EEAB
:108F9000000AB0EE408A2448006890ED320A224868
:108FA0000068D0ED330A30EE600AC8EE000AB0EE79
:108FB000608A9FED1F0A38EE000AB0EE408AB5EED7
:108FC000C08AF1EE10FA03D29FED1A0AB0EE408A81
:108FD00018EE100A07F0FCF941EC1A0B9FED160B86
:108FE00053EC102B06F0EEFC41EC190B06F032FFAF
:108FF00084B2B4F5805F01DB40F6FF742246064977
:109000000648FAF715FF04490448FAF71EFF00BFA7
:1090100083E700005C0200200100100200740040A1
:109020006002002058020020F401002000E0764594
:109030000000C84200000000000000000000E03F07
:1090400010B540F265420549054800F023FE45F29F
:10905000AA510448C0F88C1110BD00006C520020C9
:10906000000002086C6200202DE9F04104460D4624
:1090700016461F463B46324629462046FFF718FC57
:10908000BDE8F08110B504460248006803F0A8FA74
:1090900010BD00006003002030B5DFED220AB4EE01
:1090A000E00AF1EE10FA03DDDFED1E0AB0EE600A11
:1090B000B5EEC00AF1EE10FA03D2DFED1B0AB0EEF6
:1090C000600ADFED1A0A60EE200AB0EE600ADFEDFA
:1090D000150A80EE201AB0EE410AF6EE000A70EE94
:1090E000200AB0EE600AFCEEC00A10EE901A88B2B8
:1090F0000F49104A01F10804C2F3034504EB85034C
:109100001C686FF30B0404431C6000BF1146084A3F
:10911000126801F010040123A3401A43044B1A60A3
:1091200000BF30BD000004420000000000F07F4599
:10913000007400401200431570B504460025032C4E
:1091400000DD00240348005D40F001052846F7F7E4
:1091500018FD70BD7402002010B504480068C28874
:1091600005210120F8F7D2FE10BD0000F401002017
:109170000821024880F89011704700006C620020BE
:1091800070B50B48006800894FF47A7100FB01F458
:109190004FF6FF7000EA2445A6B22A4603210120BB
:1091A000F8F7B4FE324604210120F8F7AFFE70BD97
:1091B000F401002010B52DED028BB0EE408A9FED3A
:1091C0001F0AB4EEC08AF1EE10FA03DD9FED1B0A10
:1091D000B0EE408AB5EEC08AF1EE10FA03D29FEDF0
:1091E000180AB0EE408A9FED170A28EE000AB0EE8A
:1091F000408A9FED120AC8EE000AB0EE608AB6EE11
:10920000000A38EE000AB0EE408ABCEEC80A10EE42
:10921000100A84B224B921460B48FBF7D5FA0AE0BC
:1092200021460948FBF7D0FA01210748FBF7BEF9B0
:109230000548FBF7C4F9BDEC028B10BD00000442E9
:10924000000000000080BB450004004010B52DED7B
:10925000028BB0EE408A9FED200AB4EEC08AF1EE98
:1092600010FA03DD9FED1C0AB0EE408AB5EEC08A0D
:10927000F1EE10FA03D29FED190AB0EE408A9FED8D
:10928000180A28EE000AB0EE408A9FED130AC8EED5
:10929000000AB0EE608AB6EE000A38EE000AB0EEC0
:1092A000408ABCEEC80A10EE100A84B224B92146E6
:1092B0000C48FBF78DFA0BE021460A48FBF788FAC9
:1092C0004FF480710748FBF771F90648FBF777F90F
:1092D000BDEC028B10BD0000000004420000000045
:1092E0000080BB450004004080ED0A0A70474163DE
:1092F000704780ED000AC0ED010A80ED021AC0ED52
:10930000031A7047816390ED0E0AB8EE400A80EDB3
:109310000A0A704780ED040A7047000070B50546E0
:1093200000242F222046641C10490A543122204672
:10933000641C0A5456222046641C0A54052095FBDE
:10934000F0F6081932460AA1F7F78AF804440D220C
:109350002046641C05490A5400BF4FF4FA7002F01D
:109360009BFFFFF7C9FA0028F7D170BDA06E00205F
:10937000256400002DE9F04105460E463146284699
:10938000F9F7BCF9C7B200242F222046641C11490A
:109390000A5431222046641C0A546F222046641C61
:1093A0000A5407F13000C2B22046641C0A5452220B
:1093B0002046641C0A540D222046641C0A5400BF37
:1093C0004FF4FA7002F068FFFFF796FA0028F7D121
:1093D000BDE8F081A06E002070B5054600242F2264
:1093E0002046641C11490A5431222046641C0A5448
:1093F0007E222046641C0A5456222046641C0A54CD
:1094000008192A460AA1F7F72BF804440D22204632
:10941000641C06490A5400BF4FF4FA7002F03CFF86
:10942000FFF76AFA0028F7D170BD0000A06E002097
:109430002564000070B5054600242F222046641CD8
:1094400019490A5431222046641C0A547A222046C3
:10945000641C0A5423222046641C0A5440222046DD
:10946000641C0A5432222046641C0A5439222046C5
:10947000641C0A543D222046641C0A5408192A46DA
:109480000AA1F6F7EDFF04440D222046641C0649AC
:109490000A5400BF4FF4FA7002F0FEFEFFF72CFAF8
:1094A0000028F7D170BD0000A06E002025640000E8
:1094B00080ED050A7047000010B504480068828EF0
:1094C00001210846FCF7E8FC10BD0000F401002073
:1094D00070B536480021C022354B5B5C03445B68A5
:1094E0006FF30F031343324C645C0444636000BFAA
:1094F000304B0C46002514B903F14C0500E02E4D0D
:109500002A4600BF2A4B5B5C03449A6000BF274891
:1095100000212A4A264B5B5C0344DA6000BF284ADC
:10952000234B5B5C03441B69214C645C0444226153
:1095300000BF00BF1E4A525C825842F480221C4B7E
:109540005B5CC25000BF00BF194A525C825842F0B7
:109550000102174B5B5CC25000BF00BF20201349C3
:10956000886000BF08460021114A525C825842F0D0
:1095700010020F4B5B5CC25000BF00BF0D488068FB
:1095800040F001000B49886000BF00BF08468068BA
:1095900040F08040886000BF4FF44070896821F43B
:1095A00040710143034A916000BF70BD00640240F6
:1095B0001C0705080020014008230140FC6F002023
:1095C0007C7100202DED088B0024FCF7F5FEFCF7E4
:1095D00053FEF9F7FFFE322002F05EFE00224FF448
:1095E00080717648F9F71CFAFFF772FF00BF7448E4
:1095F000006840F040007249086000BFF7F7B4F916
:1096000000BF0A2002F048FE04216E48FFF72AFB43
:109610006D48007800287DD06A4800886B49088032
:10962000684840886A490880F7F786FC01221103E0
:109630006848F9F7F5F90020634908706348008825
:1096400065490988401A6549096808446349086002
:109650005F48008862490988401A624909680844DD
:1096600060490860601C84B20A2CCAD101205E499E
:10967000096808835B480068401D0A2190FBF1F0EF
:10968000594909684883012057490968888457481F
:109690000068401D0A21B0FBF1F053490968C884F5
:1096A0005348008800282ADD4FF4FA7151480068B9
:1096B00002F048FEF0B94E4840684B490968C98C31
:1096C00008444B4948600846806847490968498B07
:1096D00008444749886008460088401E088045487D
:1096E000006802F0B9FE50B143480068401C42498E
:1096F000086004E040480068401C3F4908603A495F
:109700000968488B06F0EAFB41EC1A0B36490968F8
:10971000088B00E030E006F0E1FB41EC1B0B53EC62
:109720001A2B06F003FA41EC190BB0EE490AF0EEE1
:10973000690A01F02DFBB0EE408AF0EE608A51EC30
:10974000180B06F00DF92D490968C1F880004FF497
:1097500000612048F9F75AF9002400201F490860E9
:10976000204908602649086020490860FFF7C4FBCB
:109770002448F7F719FF44E7124800881649088083
:1097800010484088164908801D4800681249098819
:1097900008441B49086015480068114909880844B5
:1097A00012490860FCF768FD00224FF48051094817
:1097B000F9F736F901200449087022E70008024051
:1097C00000380040E46F0020D8020020DE020020B4
:1097D000E0020020000C0240DA020020E402002037
:1097E000DC020020E8020020F8010020F002002046
:1097F000F06F00204C030020D4020020F401002070
:10980000EC020020D86F002010B50446AA200A49B7
:10981000087055204870002088700620C8701E20EF
:109820000871200A48718C7105210348801CFCF7DF
:1098300013FD0149C87110BD006D002010B504462C
:10984000AA200A4908705520487000208870062018
:10985000C8702F200871200A48718C7105210348B7
:10986000801CFCF7F9FC0149C87110BD006D002097
:109870002DE9F04106460D46174606EB460000EB83
:10988000C6000D4901EB00140C48F7F74DFB0B48DF
:10989000FCF7C0FF00EE105AB8EE400A84ED040A4F
:1098A000C7EB0710800001B2A18201206080A08078
:1098B0002080BDE8F0810000286F0020E06E0020CD
:1098C00070B52DED028B0446B0EE408AB5EEC08A2D
:1098D000F1EE10FA02D8BDEC028B70BD1F48006893
:1098E0000482002C01DD012504E0002C02DA0025B1
:1098F000604204B29FED1A0A28EE000ADFED190A51
:1099000060EE200A00EE104AB8EEC00A80EE801A1F
:10991000BCEEC10A10EE106A00224FF4004112485A
:10992000F9F77EF80020114908702DB90122910342
:109930000D48F9F775F806E0012D04D10022A903BE
:109940000948F9F76DF8A0B200F062F8314608480E
:10995000006803F00BF800BFBDE70000F80100202D
:109960000000164400007A44000C0240FC01002074
:10997000400300202DE9F04105460C461646002E16
:1099800001DCBDE8F08125B120B2194909680882DF
:1099900004E0604200B21649096808824FF416716B
:1099A00006FB01F04FF47A71484390FBF4F7002274
:1099B0004FF400410F48F9F733F800200E490870C2
:1099C0002DB9012291030B48F9F72AF806E0012D81
:1099D00004D10022A9030748F9F722F8204600F035
:1099E00017F839460548006802F0C0FF00BFC8E715
:1099F000F8010020000C0240FC0100204003002080
:109A000010B5062200210120F8F780FA10BD0000F1
:109A100010B586B00446142101A8F6F7B0FE1E2C3E
:109A200000DA1E2441F27070844200DB04464520B7
:109A3000ADF80400002002900F4890FBF4F0039072
:109A40000020049001A90D48FAF7C4FD03994808C5
:109A50000A49886300BF1020096A0143074A11625E
:109A600000BF00BF1046006840F0010011460860CA
:109A700000BF06B010BD0000E86E03000008004003
:109A800000BF0A2002F008FC4C4800884FF6FF7126
:109A900001EA40004949088040214948FAF74BFB58
:109AA000464909880843454908800846007800F07F
:109AB0000300032808D143480068007840F0010003
:109AC0004049096808700CE03C48007800F0030049
:109AD00038B93C480068007800F0FE003949096850
:109AE0000870394800884FF6FF7101EA4000364996
:109AF00008804FF400513548FAF71DFB32490988B8
:109B00000843314908800846007800F00300032824
:109B100008D12C480068007840F002002949096803
:109B200008700CE02848007800F0030038B9254898
:109B30000068007800F0FD00224909680870244898
:109B40000078B0B323480068C08F22490968898F24
:109B500008440A2190FBF1F01F4908601F48006883
:109B60000A301E4908601B480068C08F0A2190FB1C
:109B7000F1F01A490968884202D9F7F783FA80E7B9
:109B800014480068C08F0A2190FBF1F0134909685E
:109B9000884202D8FCF762FC73E7104800680E495F
:109BA00009688842EBD300200C490860F7F76AFA8D
:109BB00067E7FFE7F7F766FA63E7000008030020AE
:109BC00000100240E40100200A03002000080240C7
:109BD000FC020020F4010020000300200403002008
:109BE00001461F48814201D2002070471D48814232
:109BF00001D20120F9E71C48814201D20220F4E79A
:109C00001A48814201D20320EFE71948814201D26C
:109C10000420EAE71748814201D20520E5E716480B
:109C2000814201D20620E0E71448814201D2072098
:109C3000DBE71348814201D20820D6E71148814270
:109C400001D20920D1E71048814201D20A20CCE795
:109C5000B1F1016F01D20B20C7E700BFC5E70000DB
:109C6000004000080080000800C000080000010853
:109C700000000208000004080000060800000808B0
:109C800000000A0800000C0800000E0801460868E1
:109C9000704700002DE9F04387B004460E46174692
:109CA0004FF000090020019000258046B4F1006FBC
:109CB00002D304F0030018B1022007B0BDE8F0831E
:109CC000F8F78AFE254604EB87081E4885421DD218
:109CD00019E02846FFF7DAFF401C78B10020029017
:109CE0002846FFF77DFF0490012005900220069092
:109CF00001A902A8F8F7C4FD08B106E02D1D4CF239
:109D00005030F8F7BFFB4545E3D300BF4CF250306D
:109D1000F8F7B8FB8146B9F1000F0FD10CE0D6F887
:109D200000C06246002321460220F8F709FE08B170
:109D30000120C2E7241D361D4445F0D3F8F7F6FD97
:109D40000020BAE70000FF1F70B5054605EB45008F
:109D500000EBC5000A4901EB0014A08800EB80016C
:109D600004F1100000EB8100A0F114060020F08146
:109D700020800021284600F033FBF7F741F970BD41
:109D8000286F002010B500F00FF80248006802F0BC
:109D90000BFE10BD4003002010B50248006802F021
:109DA00003FE10BD4803002010B50122D10309486D
:109DB000F8F736FE10200849096A8143064A116205
:109DC00000BF00BF1046006820F001001146086087
:109DD00000BF10BD000C02400008004070B50546F1
:109DE00005EB450000EBC500074901EB00142846D0
:109DF000FFF7AAFF0548F7F797F800206080A080DA
:109E00002080FFF73FF970BD286F0020E06E002032
:109E100010B51248006802F0C7FD05F03BFA104982
:109E20000860084600680F490968401A0C49086034
:109E30000846006800F5FA700860084600684FF4AC
:109E40007A71B0FBF1F006490860084600880649BF
:109E500009688885FFF7F4F810BD0000480300206A
:109E6000380200203C020020F801002010B5142226
:109E700000210120FCF710F810BD000070B5054668
:109E800000242F222046641C15490A543122204602
:109E9000641C0A5441222046641C0A5442F6E060C5
:109EA000684340F6C41190FBF1F60D49081932469B
:109EB0000CA1F6F7D5FA044452222046641C084946
:109EC0000A540D222046641C0A5400BF4FF4FA7055
:109ED00002F0E2F9FEF710FD0028F7D170BD000096
:109EE000A06E00202564000010B500242F2220461B
:109EF000641C12490A5431222046641C0A5441222F
:109F00002046641C0A54081942F6E0620CA1F6F7D8
:109F1000A7FA044452222046641C08490A540D2220
:109F20002046641C0A5400BF4FF4FA7002F0B4F9E2
:109F3000FEF7E2FC0028F7D110BD0000A06E002063
:109F40002564000070B5054600242F222046641CBD
:109F500015490A5431222046641C0A5444222046E2
:109F6000641C0A5442F6E060684340F6C41190FB5A
:109F7000F1F60D49081932460CA1F6F771FA0444BE
:109F800052222046641C08490A540D222046641CB3
:109F90000A5400BF4FF4FA7002F07EF9FEF7ACFCF1
:109FA0000028F7D170BD0000A06E002025640000DD
:109FB00010B54FF0E020006905F05CF9012801D0F0
:109FC00004F0A8F910BD000010B53848016821F070
:109FD000070141F005010160016801F00701052951
:109FE000FAD1334B186840F480401860314801685A
:109FF00041F4803101600168C1F340410029FAD089
:10A000002D490A6842F001020A600A68C2F3400260
:10A01000002AFAD0196841F48071196027490A684A
:10A0200042F001020A600A68C2F34002002AFAD034
:10A030002449234A0B68DFF890C003EA0C031A4353
:10A040000A600A6822F440320A60016841F08071B7
:10A0500001600168C1F340610029FAD01B48016822
:10A0600021F0F0010160016821F4E05141F4A051B8
:10A070000160016821F4604141F400410160016820
:10A0800021F0030141F002010160016801F00C01BF
:10A090000829FAD10E48FAF783FA0F20F8F7F6FCF0
:10A0A000002801D0F7F730FF10BD0000003C02404F
:10A0B000007000400038024074380240703802409E
:10A0C00008544000043802400080BFFF08380240B6
:10A0D000007A030A0448016841F4700101600449F0
:10A0E000024808607047000088ED00E000000408A6
:10A0F00008ED00E000F008B8704700000148F8F7EC
:10A100005EBE0000B477002010B5024800688047AA
:10A1100010BD0000B800002010B50268294B98421D
:10A120000ED0B0F1804F0BD0274B984208D0274B70
:10A13000984205D0264B984202D0264B984203D134
:10A1400022F070024B681A431E4B984220D0B0F1A7
:10A15000804F1DD01C4B98421AD01C4B984217D0F0
:10A160001B4B984214D01B4B984211D01A4B98426B
:10A170000ED01A4B98420BD0194B984208D0194B6D
:10A18000984205D0184B984202D0184B984203D100
:10A1900022F44072CB681A4322F080034C6943EAF0
:10A1A000040202608B68C3620B688362054B9842AD
:10A1B00002D0084B984201D10B690363012343612C
:10A1C00010BD0000000001400004004000080040F5
:10A1D000000C0040000401400040014000440140E8
:10A1E0000048014000180040001C004000200040D2
:10A1F0002B480068D0ED261AB0EE611A2848006896
:10A20000D0ED251AF0EE610A25480068D0ED241A39
:10A21000B0EE610ADFED231A2348FFF76AF8204801
:10A220000068C18C2048FFF762F800211E48FFF744
:10A2300069F89FED1C0A1C48FFF73AF99FED190ACF
:10A240001948FFF751F89FED170A1748FFF762F812
:10A250001548FCF7DFFA0021084600F0C1F800209D
:10A260000BE01249096800EB400202EBC002104B00
:10A2700003EB0212D160411CC8B20128F1DB00BF20
:10A28000642002F009F80020F8F754FA094880ED3C
:10A29000000A90ED000A002000F00EF8F0E7000040
:10A2A000F401002000000000E06E002044030020C4
:10A2B000286F0020BC0200202DE9F0412DED028B1B
:10A2C0000746B0EE408A07EB470000EBC7003F4966
:10A2D00001EB0014208820B1012803D0022870D19E
:10A2E0003EE06FE03A480068D0ED261AB0EE611A01
:10A2F00037480068D0ED251AF0EE610A344800684E
:10A30000D0ED241AB0EE610ADFED321A3248FEF7C2
:10A31000F0FF6088082802DC6088002805DC002047
:10A320002080BDEC028BBDE8F081A0886188884266
:10A3300002DCA088002802DC00202080F1E7022057
:10A340002080A08800EB800104F1100000EB810068
:10A35000A0F114060120F08120490968488231E00B
:10A36000B0EE480A2146384600F05EF80546D5B9F9
:10A37000A088401C80B2A080618888420EDCA08842
:10A3800000EB800104F1100000EB8100A0F1140645
:10A390000120F08111490968488210E000202080E6
:10A3A000FEF770FE0BE0FF2D00D1BAE7FE2D03D1C2
:10A3B0000020FEF767FE02E0E5800020208001E03B
:10A3C000FFE700BF00BF00BFABE70000286F002021
:10A3D000F401002000000000E06E0020F8010020E1
:10A3E00010B510B1012819D117E00E4A1268D181B9
:10A3F00000BF4FF08042516300BF012293071B6AE8
:10A4000013439407236200BF00BF9207126842F013
:10A41000010223461A6000BF01E000E000BF00BF58
:10A4200010BD0000F801002070B52DED028B06462E
:10A430000D46B0EE408AA88800EB800105F11000BF
:10A4400000EB8100A0F11404E08907287ED2DFE848
:10A4500000F0040537CCFCFBFA008EE1BCEEC80A24
:10A4600010EE100A6081BCEEC80A10EE100AC44952
:10A470000968A1F8480004F00DFF206194ED000A7E
:10A48000F3EE090AB4EEE00AF1EE10FA03D8012067
:10A49000BDEC028B70BD94ED000AB4EEC80AF1EE7B
:10A4A00010FA07D2FBF750FF0320E081B549096895
:10A4B000488204E00220E081B249096848825CE1F8
:10A4C000B1EE040A38EE000AD4ED000AB4EEE00A58
:10A4D000F1EE10FA40DBF6F793FDB4F90400002822
:10A4E0001CDD00202881A2884FF47A7312FB03F14F
:10A4F000E86802F03BFA0620E081A2490968488238
:10A5000004F0C8FE206194ED000AF0EE400AB0EEBF
:10A51000480A304600F040F9FF20B9E7A08820B98A
:10A520003046FFF711FC0020B2E70020288106200A
:10A53000E08194490968488204F0ACFE206194ED02
:10A54000000AF0EE400AB0EE480A00E014E130469E
:10A5500000F022F9FE209BE794ED000AF0EE400A9D
:10A56000B0EE480A304600F017F904F093FE864931
:10A57000086020690968081A83490860084600686D
:10A580004FF47A71B0FBF1F07F490860084600880B
:10A590002081084600887A490968A1F84A007A486B
:10A5A0000068782820D3D4ED000A608900EE100AF4
:10A5B000B8EE400A30EEC00ADFED740A60EE200A01
:10A5C00000EE100AB8EE400A38EE400AF4EEC00A77
:10A5D000F1EE10FA08DD3046FFF7B6FB1E206949A0
:10A5E00009688880012053E7C7E094ED000ADFED99
:10A5F000680A78EE600AB4EEE00AF1EE10FA41DB88
:10A60000F6F7FEFCB4F9040000281FDD00202881C5
:10A61000A2884FF47A7312FB03F1E86802F0A6F9FE
:10A620000620E08157490968488204F033FE206122
:10A6300094ED000AF0EE400AB0EE480A304600F011
:10A64000ABF8FF2024E75EE05CE05AE0A08820B988
:10A650003046FFF779FB00201AE70020288106200A
:10A66000E08148490968488204F014FE206194EDB5
:10A67000000AF0EE400AB0EE480A304600F08CF8CE
:10A68000FE2005E704F006FE3F49086020690968DE
:10A69000081A3D490860084600684FF47A71B0FB1B
:10A6A000F1F0394908600846008820810846008892
:10A6B00033490968A1F84A003348006878281FD355
:10A6C000608900EE100AB8EE400AD4ED000A30EEC0
:10A6D000600ADFED2E0A60EE200A00EE100AB8EEE6
:10A6E000400A30EE480AF4EEC00AF1EE10FA07DD37
:10A6F000F6F786FC20202349096888800220C7E6F7
:10A700003BE03AE039E094ED000AF0EE400AB0EEAA
:10A71000480A304600F040F804F0BCFD1A490860D1
:10A7200020690968081A18490860084600684FF44B
:10A730007A71B0FBF1F01449086008460088E080A7
:10A74000084600880E490968A1F84C0028890128AC
:10A7500011D110480088A0810E4800880849096876
:10A76000A1F84E003046FFF7EFFA0020E0810549DE
:10A77000096848828CE600E000BF00BFFF2087E642
:10A78000F4010020F8010020D0020020CDCC4C3E86
:10A7900000000000C002002010B52DED028B044621
:10A7A000B0EE408AF0EE608A9FED1A0AB4EEC08ADD
:10A7B000F1EE10FA04DCB5EEC08AF1EE10FA03D225
:10A7C00000212046FFF70CFE134890ED050AB4EE79
:10A7D000680AF1EE10FA03D0C0ED058AFCF71AF80A
:10A7E0000E4890ED000A0C48FBF72AFF0C49088040
:10A7F000084600884EF66021884202DD0846084976
:10A800000880074801882046FFF7EAFDBDEC028B6F
:10A8100010BD000000007A43E06E0020BC02002062
:10A82000C002002070B50546284602F011FF04461C
:10A8300014B1D4E90010884770BD2DE9F05F0546DA
:10A840000E4692469B46DDE90A4940F6C41094FB49
:10A85000F0F087B240F6C41094FBF0F100FB114019
:10A860001FFA80F80FE031462846FEF783FD40F6D8
:10A87000C410FFF703FB1F212846FEF77BFD40F6BF
:10A88000C410FFF75FFB381EA7F101018FB2EAD1B8
:10A8900031462846FEF76EFD4046FFF7EFFA1F21CE
:10A8A0002846FEF767FD4046FFF74CFB0020BDE859
:10A8B000F09F2DE9FF4F81B0814616461F46DDE926
:10A8C0000E850024032098FBF0F000F0FF0A03201F
:10A8D00098FBF0F100FB118000F0FF0B3CE001223F
:10A8E0004FF44871484600F0F9F910B92920FEF7F5
:10A8F000B7FA01233A46009548460299F7F7D0F88F
:10A90000044654B94FF47A7001F0C6FC12233A465B
:10A9100031464846FDF7CCFF1EE009234FF448724C
:10A9200003214846FEF7A0FB01233A46009548461E
:10A930000299F7F7B5F8044654B94FF47A7001F06C
:10A94000ABFC12233A4631464846FDF7B1FF03E01F
:10A95000204605B0BDE8F08FBBF10000ABF101016E
:10A9600001F0FF0BBBD13AE003224FF44871484697
:10A9700000F0B4F910B92A20FEF772FA03233A4620
:10A98000009548460299F7F78BF8044654B94FF4FE
:10A990007A7001F081FC12233A4631464846FDF7B1
:10A9A00087FF1CE009234FF4487203214846FEF755
:10A9B0005BFB03233A46009548460299F7F770F887
:10A9C000044654B94FF47A7001F066FC12233A46FB
:10A9D00031464846FDF76CFF01E02046B9E7BAF181
:10A9E0000000AAF1010101F0FF0ABDD12046B0E745
:10A9F00010B50E4C20680168C1F34011002904D045
:10AA00006FF02001016002F05DFD2068C168C1F3B4
:10AA1000C011002908D00068C0F3C010002803D07E
:10AA2000BDE8104002F056BD10BD000084000020BB
:10AA300038B5154C20680168C1F30011002905D014
:10AA4000016800914068009000F09AF82068016861
:10AA5000C1F3C011002915D001680091416800912F
:10AA60000C3050E8001F21F0400140E80012002A9D
:10AA7000F7D1064C012211032046F7F7D1FF4FF022
:10AA80008061A16138BD00006C020020000C024012
:10AA900038B5104C20680168C1F30011002905D0B9
:10AAA0000168009140680090F7F74EFB206801684C
:10AAB000C1F3C01100290CD00168009141680091D8
:10AAC0000C3050E8001F21F0400140E80012002A3D
:10AAD000F7D138BD8C02002010B52549086800BFA9
:10AAE00000BF00BF00F10C0252E8002F42F010013D
:10AAF00000F10C0242E80013002BF3D100BF00BFAD
:10AB00001B49086800BF00BF00BF00F1140252E8F3
:10AB1000002F42F0400100F1140242E80013002B24
:10AB2000F3D100BF00BF12480268121D0121114875
:10AB3000F9F74CFA104A01210E48F9F737FA4FF4A9
:10AB4000807201210B48F9F711FA01210948F9F740
:10AB5000C5F901210748F9F7D9F901210548F9F7A5
:10AB6000EDF964210548006801F09EFC10BD00006D
:10AB70006C02002000600240006400205C030020A2
:10AB800008B516480121164A525C825822F001028B
:10AB9000134B5B5CC25000BF00BF114A525C0244C1
:10ABA000526892B2C2F580700E4908800E48006863
:10ABB00001F016FD4FF4807201210848F9F7D6F92B
:10ABC0000A4908680168009100BF4168009100BF10
:10ABD00000BF01210148F9F7B1F908BD006002404A
:10ABE000C6060508700200205C0300206C020020ED
:10ABF00008B540F297101949096848800020009074
:10AC0000174800684088642200FB02F3144800687B
:10AC100001790322002000F059FE00224FF48071D8
:10AC20001048F7F7FDFE00F04FFB00BF4FF4FA713C
:10AC30000D48006801F038FC48B900F0B7FE0B4839
:10AC4000007820B1FDF70AFF00200849087000BF16
:10AC50004AF6AA200649086000BFE7E7F80100208D
:10AC6000F401002000080240540300209C02002050
:10AC7000003000402DE9F04105460027012415E091
:10AC8000002715F8016B0DE006F0010018B1E0B2E5
:10AC9000FBF700FC02E0E0B2F6F710FA7610641C55
:10ACA000781CC7B2402C01D8082FEDDB402CE7D927
:10ACB000BDE8F081FEE7000070B504464EF6602066
:10ACC00004FB00F10448006801F0EEFB05460DB9F5
:10ACD000002070BD2820FCE760030020034601200F
:10ACE00070472DE9F04105460E4617460024002323
:10ACF0003A4631462846F5F78DFF04465CB90623EF
:10AD00004FF4487202212846FEF7AEF90321284687
:10AD1000FBF789FD0DE02046FEF7A2F803234FF470
:10AD2000167219462846FEF79FF903212846FBF7BD
:10AD30007AFD2046BDE8F08102480068C0F3022099
:10AD4000704700000CED00E010B5002804DB0A0796
:10AD5000130E054A135406E00A07140E034A00F0C6
:10AD60000F031B1FD45410BD00E400E018ED00E0F9
:10AD7000EFF3058070472DED020B019820F00040A5
:10AD800001909DED000B02B0704700000000000034
:10AD900070B5D94B00242DED020B2DED108BDDE9A4
:10ADA0001010984205DA20F000429A4201D809D1E9
:10ADB00041B19DED100BBDEC108B02B0BDE87040B1
:10ADC00000F05EBAB0F5801F26DA11430BD00028E0
:10ADD00013DA0120F5F702FDBDEC108B02B0BDE8DF
:10ADE000704000F059BA0220F5F7F8FC00F030FA94
:10ADF00051EC100B04F0A7FD9EE06FF035049FEDC1
:10AE0000C00B53EC102B9DED100B51EC100B05F00B
:10AE1000B5F8CDE91001084604EB2051C0F3130446
:10AE2000B948A1F2FF31204400F4801080F07F6225
:10AE300082F04052224301EB20559FEDB50B119259
:10AE400053EC102B9DED100B51EC100B05F0D6F9C7
:10AE500041EC180BA01CC0F313009FEDAFDB9FED7E
:10AE6000B0EBB14E7E4403286CD296ED000B51EC52
:10AE7000180B53EC102B04F0B1FF1DD1002D01BFB6
:10AE800096ED000BBDEC108B02B070BD284605F0AE
:10AE90000EF841EC180B53EC1D2B05F06FF841EC4C
:10AEA000190B53EC1E2B51EC180B05F067F853EC03
:10AEB000192B04F087FD3FE09FED9D0B51EC180B23
:10AEC00053EC102B05F05AF89FED9B1B53EC112B04
:10AED00005F088F941EC190B53EC182B51EC180BC9
:10AEE00005F04CF853EC192B05F048F841EC190B20
:10AEF000002D04BF53EC192B51EC180B1AD0284627
:10AF000004F0D5FF41EC1A0B53EC1D2B05F036F87D
:10AF100053EC192B05F066F953EC182B05F06EF97C
:10AF200041EC180B53EC1E2B51EC1A0B05F026F8D4
:10AF300053EC182B05F062F9BDEC108B02B041EC1C
:10AF4000100B70BD9FED7E0B51EC180B53EC102BCA
:10AF500004F038FD41EC100B51EC180B53EC102BA6
:10AF600004F0E4FD41EC190B284604F0A0FF41EC8D
:10AF70001B0B53EC192B51EC190B04F0FFFF41ECA8
:10AF80001A0B714853EC1A2B261851EC1A0B04F0CB
:10AF9000F5FF41EC1F0B6D48C4F1510404F5D724B3
:10AFA000B0EE4F0AF0EE6F0A0321784400F0D2F8B9
:10AFB00053EC1F2B51EC100B04F0E0FF41EC1C0B89
:10AFC0006348B0EE4F0AF0EE6F0A0421784400F0B7
:10AFD000C1F853EC1A2B51EC100B04F0CFFF3443A3
:10AFE00053EC1C2B04F0EEFC41EC1C0B002C4CDD54
:10AFF0009FED510B51EC180B53EC102B04F0BEFFDE
:10B0000053EC182B04F0BAFF41EC1A0B55B353EC78
:10B010001D2B51EC1B0B04F0B1FF41EC1D0B53EC4D
:10B020001C2B51EC1A0B04F0CDFC53EC192B04F043
:10B03000A5FF53EC1D2B04F0C5FC53EC1A2B05F0B7
:10B04000D1F853EC182B05F0D9F841EC180B53EC60
:10B050001E2B51EC1B0B04F091FF53EC182B05F049
:10B06000CDF869E753EC1C2B51EC1A0B04F0AAFC49
:10B0700053EC192B04F082FF53EC1A2B05F0B2F8B5
:10B0800053EC182B05F0AEF856E735B353EC1D2BF7
:10B0900051EC1B0B04F072FF41EC1A0B53EC1C2B10
:10B0A00051EC180B05F0AAF853EC192B04F066FFCD
:10B0B00053EC1A2B05F0A2F853EC182B05F09EF870
:10B0C00041EC180B53EC1E2B51EC1B0B04F056FFFC
:10B0D00053EC182B05F092F82EE753EC1C2B51EC97
:10B0E000180B05F08BF853EC192B04F047FF53ECC9
:10B0F000182B05F077F81FE70000F07F0000000034
:10B100000000000000005043645F090000000000E0
:10B11000000000000000F03F763C7935EF39EA3D51
:10B120000000E0FE422EE63F006800000000000044
:10B13000555555555555D53F000000000000E03FDE
:10B14000000000000000004086EBF9FF826600006E
:10B150007866000070B504462DED028B4D1E00EBA5
:10B16000C500B0EE408AF0EE608A90ED000B35F03D
:10B17000060017D053EC182B51EC100B04F0FEFE18
:10B1800041EC100B6D1E04EBC50090ED001B51EC63
:10B19000100B53EC112B04F015FC41EC100B35F0A7
:10B1A0000600E7D1022D36D0042D1CD0062D1CBF81
:10B1B000BDEC028B70BD53EC182B51EC100B04F05E
:10B1C000DDFE94ED0A1B53EC112B04F0FBFB53EC5A
:10B1D000182B04F0D3FE94ED081B53EC112B04F054
:10B1E000F1FB41EC100B53EC182B51EC100B04F05D
:10B1F000C5FE94ED061B53EC112B04F0E3FB53EC5E
:10B20000182B04F0BBFE94ED040B53EC102B04F050
:10B21000D9FB41EC100B53EC182B51EC100B04F044
:10B22000ADFE94ED021B53EC112B04F0CBFB53EC61
:10B23000182B04F0A3FE94ED001B53EC112B04F02B
:10B24000C1FBBDEC028B41EC100B70BD0000000097
:10B250009FED070B10B553EC102B9FED070B51EC36
:10B26000100B04F063FC41EC100B10BD000000005B
:10B270000000000000000000000000000000F03F9F
:10B2800010B553EC102B51EC100B04F09BFB41EC70
:10B29000100B10BD000000009FED050B10B553EC26
:10B2A000102B51EC100B04F041FC41EC100B10BDC5
:10B2B000000000000000000030380A2801D2012000
:10B2C000704700207047704710B50024064800788A
:10B2D000012806D10548006880470020024908700F
:10B2E00000E00624204610BD9A000020A0000020A7
:10B2F0002DE9F04705460C464FF0000A2088042847
:10B3000032D168784FEA0028A87840EA080808F1A6
:10B3100001001FFA80F8EE78012E22DB802E20DC5F
:10B320002F4600202080662007F8010B2088401C53
:10B33000208007F8016B2088401C208000233246C3
:10B340004146384600F0A0FC8146B9F1000F04D018
:10B35000484602F0A5F8824608E020883044208064
:10B3600004E04FF0030A01E04FF0030A5046BDE845
:10B37000F0872DE9F05F06460D464FF0000B288858
:10B38000052848D170784FEA0029B07840EA0909C9
:10B3900009F101001FFA80F9F078040230790443C2
:10B3A000012C35DBB4F5FA6F32DA374600202880FD
:10B3B000012007F8010B2888401C288004F00700B2
:10B3C00040B12046E11704EB5171C910491C01F04E
:10B3D000FF0805E02046E11704EB5171C1F3C708EF
:10B3E00007F8018B2888401C288000232246494604
:10B3F000384600F07BFC8246BAF1000F04D050467C
:10B4000002F04EF8834608E028884044288004E093
:10B410004FF0030B01E04FF0030B5846BDE8F09FDF
:10B420002DE9F05F06460D464FF0000B28880528F1
:10B4300047D170784FEA0029B07840EA090909F14C
:10B4400001001FFA80F9F078040230790443012CDE
:10B4500034DBB4F5FA6F31DA374600202880022059
:10B4600007F8010B2888401C288004F0070040B131
:10B470002046E11704EB5171C910491C01F0FF0887
:10B4800005E02046E11704EB5171C1F3C70807F846
:10B49000018B2888401C288022464946384600F007
:10B4A000BDFC8246BAF1000F04D0504601F0F8FF0F
:10B4B000834608E028884044288004E04FF0030BCE
:10B4C00001E04FF0030B5846BDE8F09F2DE9F0472F
:10B4D00005460C464FF0000A2088052837D16878C9
:10B4E0004FEA0028A87840EA080808F101001FFA8E
:10B4F00080F8E87806022E79012E25DB7D2E23DCEC
:10B500002F4600202080032007F8010B2088401CD4
:10B5100020807006000E07F8010B2088401C208058
:10B52000002332464146384600F0CAFC8146B9F154
:10B53000000F04D0484601F0B3FF824609E020889E
:10B5400000EB4600208004E04FF0030A01E04FF0DA
:10B55000030A5046BDE8F0872DE9F04705460C4642
:10B560004FF0000A2088052837D168784FEA002874
:10B57000A87840EA080808F101001FFA80F8E87886
:10B58000060228790643012E24DB7D2E22DA2F467F
:10B5900000202080042007F8010B2088401C208018
:10B5A0007006000E07F8010B2088401C20803246F0
:10B5B0004146384600F0D8FC8146B9F1000F04D06E
:10B5C000484601F06DFF824609E0208800EB460006
:10B5D000208004E04FF0030A01E04FF0030A5046D8
:10B5E000BDE8F0872DE9FC5F04460D460020009081
:10B5F00028880A2855DB60784FEA002AA07840EABC
:10B600000A0AE07806022079064360794FEA002BA7
:10B61000A07940EA0B0BE0790702207A0743607AB1
:10B620000190012E3BDB7D2E39DC012F37DB792F9A
:10B6300035DC79000198814231D101233A465946DF
:10B6400004F10A0000F03CFC8146B9F1000F1ED164
:10B65000A04600202880172008F8010B2888401CED
:10B6600028807006000E08F8010B2888401C2880EE
:10B67000002332465146404600F022FC8146B9F193
:10B68000000F04D12888022101FB06002880B9F1AF
:10B69000000F06D0484601F003FF009001E00320B0
:10B6A00000900098BDE8FC9F70B505460C46064822
:10B6B00002880649681CF4F7C1FF03480088401C53
:10B6C0002080002070BD0000880000204C4C00202D
:10B6D0002DE9F04704460D464FF00009288804285C
:10B6E00017DB60780602A0780643701C86B294F8D7
:10B6F0000380012342463146201D00F0C5FA07466B
:10B7000027B1384601F0CCFE814604E004202880B1
:10B7100001E04FF003094846BDE8F0872DE9F84302
:10B7200004460F464FF000083888052829D1607874
:10B730000502A0780543681C85B22079F0B9E0784D
:10B74000FF2801D0E078C8B900208DF80100E0782A
:10B75000FF2803D101208DF8000002E000208DF8C1
:10B76000000001231A462946684600F0BFFA064643
:10B770004EB1304601F094FE804604E04FF00308DD
:10B7800001E04FF003084046BDE8F8832DE9F041A1
:10B7900004460F464FF000083888052812D160781B
:10B7A0000502A0780543681C85B201231A46294684
:10B7B000E01C00F085FB064636B1304601F070FE15
:10B7C000804601E04FF003084046BDE8F0812DE9D6
:10B7D000F05F05460E464FF0000B3088052839DD36
:10B7E00068780702A8780743781C87B2E8780402D3
:10B7F0002879044395F805A004F0070040B12046DD
:10B80000E11704EB5171C910491C01F0FF0805E074
:10B810002046E11704EB5171C1F3C708012C16DB78
:10B82000B4F5F66F13DCD04511D101232246394619
:10B83000A81D00F05BFA8146B9F1000F04D048461C
:10B8400001F02EFE834607E00520308004E04FF033
:10B85000030B01E04FF0030B5846BDE8F09F2DE9C4
:10B86000F04704460E464FF0000A3088062828DBD1
:10B8700060780702A0780743781C87B2E078050259
:10B880002079054394F80590012D17DB782D15DC00
:10B890006806000E484511D101232A463946A01DED
:10B8A00000F00EFB8046B8F1000F04D0404601F0D6
:10B8B000F7FD824607E00520308004E04FF0030AE0
:10B8C00001E04FF0030A5046BDE8F0872DE9F0474C
:10B8D00005460C4616461F46DDF820904FF000083E
:10B8E0001CB1012C01DBF72C02DD4FF0020835E022
:10B8F0001C48047005BB1C481C4908601C481D49B5
:10B9000008601D481D4908601D481E490860002048
:10B910001D4908601D481E4908601E481E490860F0
:10B920001E481F4908604B463A4631460D4800788C
:10B9300000F0E4F8804602E04FF0020800BF00BFCC
:10B94000B8F1000F0AD102F079FA10B94FF00308EC
:10B9500004E0144805700120134908704046BDE812
:10B96000F0870000980000204DBC0408A0000020D3
:10B9700071BC0408A4000020BDBB04089C0000208A
:10B9800055BB0408A8000020AC000020E9DF040833
:10B99000B0000020B1E00408B400002071E0040809
:10B9A000B8000020990000209A00002038B500253A
:10B9B0004848007808B1062038BD684602F02CFAE5
:10B9C000012876D19DF8000030B1012805D0022869
:10B9D0001CD003287AD178E078E03F4A3F494048BC
:10B9E000404B1B68984705467DB93D4800783E4965
:10B9F0000978884206D03A48007818B1384800786B
:10BA0000FF2802D1022002F021FA5FE033480068EB
:10BA1000007836490870012035490870002417E085
:10BA2000344810F8340000B914E0324810F83400FB
:10BA30002E49097888420AD12E4800EBC4002649D5
:10BA400042682648006890472949087002E0641C53
:10BA5000102CE5DB00BF2248007848B3244800786A
:10BA6000C8B100201C4908802048007840F08001BF
:10BA7000194802880088401C174B18801748006836
:10BA800081541B480178184602880088401C1880A1
:10BA900012480068815412480078FF280AD10E48E5
:10BAA00002880E480168FF20134B1B689847054623
:10BAB0000AE00CE008480288084801680A48007853
:10BAC0000D4B1B689847054600E000BF00BF0020F3
:10BAD00072E700009A0000204A0100204401002083
:10BAE00048010020A8000020980000204901002003
:10BAF0004C010020C40000209C0000202DE9F047EC
:10BB000081460E4614461F464FF00008F6F7DFF94F
:10BB10003B4608222146304602F0B6F9012802D001
:10BB20004FF003080FE0B4F5964F01D9232503E049
:10BB300060000749B1FBF0F5A8B202F033FA012822
:10BB400001D04FF00308F6F775FB4046BDE8F087DB
:10BB500040FCEA002DE9F04105460E461446002758
:10BB6000F6F7B5F91248008804281BDB1048018855
:10BB7000104801F099FDA8B90E48007828700C48CB
:10BB80000088C01E2080002005E00A4A411C525C4B
:10BB9000094B5A54401C21888142F6DC0648401C5F
:10BBA000306000E00527F6F745FB3846BDE8F08138
:10BBB000960000206C4C00206C4D00202DE9F041D7
:10BBC00005460E4617464FF00008F6F780F91B4869
:10BBD000007801282BD1701E1949086001201949ED
:10BBE00008801748006805700846008838440880B7
:10BBF000084601881248006801F056FD04461149C4
:10BC00000888411C0F4B19800D4909680C542212F9
:10BC100019460888411C1980094909680A540120FD
:10BC2000094908700121002001F0BCFD01E04FF03E
:10BC30000508F6F7FFFA4046BDE8F0818D000020C8
:10BC400090000020940000208C00002010B5F6F732
:10BC50003EF90020054908700021012001F0A2FDF5
:10BC600001F0DEFDF6F7E6FA10BD00008D000020C1
:10BC700010B5F6F72CF90021084601F093FD01F00C
:10BC8000B9FDF6F7D7FA10BDF0B504461E46002000
:10BC90000023012924DB082922DC124F3F88CD1B19
:10BCA00016B1012E1BD10CE008E00F4F07EBC517B2
:10BCB000FF5C04F8017B5B1C571EFAB2002AF4DC1F
:10BCC0000DE00AE014F8017BDFF81CC00CEBC51C8A
:10BCD0000CF803705B1C571EFAB2002AF2DC00E07D
:10BCE0000120F0BD560100206C4E00202DE9F05FD0
:10BCF00005460E4614469A464FF0000B2046E117C3
:10BD000004EB5171C91001F10109012E78DB3019E2
:10BD1000412875DC3D490988701AC11700EB517143
:10BD2000CF103A490988701AC11700EB5171C91038
:10BD3000A0EBC108BAF1000F03D0BAF1010F5DD139
:10BD400025E00DE01FFA88F13A467F1C304B1B6856
:10BD5000D018082202F0E4F905F8010BA9F1010955
:10BD6000B9F1000FEEDC6D1E2046E11704EB5171B6
:10BD7000C910A4EBC1018CB22878C4F10801884035
:10BD800028702878C4F108010841287036E010E0D6
:10BD900015F8013B1FFA88F13A467F1CDFF870C0A6
:10BDA000DCF800C002EB0C00082202F0CEF9A9F189
:10BDB0000109B9F1010FEBDC2046E11704EB5171E9
:10BDC000C910A4EBC1018CB215F8013BE2B21FFA15
:10BDD00088F1BC467F1CDFF838E0DEF800E00CEBB1
:10BDE0000E0002F0B2F90B48007838B90120094979
:10BDF000087002210848006800F064FC02E0FFE7D8
:10BE00004FF0010B5846BDE8F09F000050010020A4
:10BE1000E8010020A8020020340300202DE9F047AB
:10BE200005460E4614464FF0000A2046E11704EB83
:10BE30005171C91001F10109012E38DB3019212897
:10BE400035DC1D490988701AC11700EB5171CF10FC
:10BE500019490988701AC11700EB5171C910A0EB7C
:10BE6000C1080DE01FFA88F13A467F1C134B1B688E
:10BE7000D018082202F054F905F8010BA9F10109C4
:10BE8000B9F1000FEEDC6D1E2046E11704EB517195
:10BE9000C910A4EBC1018CB22878C4F10801884014
:10BEA00028702878C4F108010841287001E04FF09B
:10BEB000010A5046BDE8F0874E010020E401002051
:10BEC000F0B504460D460020012D45DBAE18812E4D
:10BED00042DC224E3688A91B13B1012B3BD113E063
:10BEE0000FE01F4E366836F81160361204F8016B09
:10BEF0001B4E366816F8116004F8016B491C561E7B
:10BF0000B2B2002AEDDC26E023E014F8017B3E0209
:10BF1000134F3F6827F8116014F8016B104F3F680A
:10BF200037F811703E430E4F3F6827F8116019B97A
:10BF300001260C4F3E7009E0002907DD0A2905DAC9
:10BF4000074F3F6839800126064F3E70491C561E38
:10BF5000B2B2002AD9DC00E00120F0BD540100207B
:10BF6000EC0100209C02002030B50346002001298E
:10BF700019DB8D18412D16DC0C4D2D884C1B0FE064
:10BF80000B4D2D6835F814502D1203F8015B084D48
:10BF90002D6815F8145003F8015B641C551EAAB2F5
:10BFA000002AEDDC00E0012030BD0000520100203D
:10BFB000F00100202DE9F0412DED028B05460E46E3
:10BFC00014467F490E8000207E4908707E49088013
:10BFD0007E4908807E4908607E4908707E49086075
:10BFE0001E27601E84B224B97C4800887C490880E2
:10BFF00004E001247B480088794908807A48006879
:10C00000B0F856007649098848434FF47A7190FB9E
:10C01000F1F07649088074480068B0F8580070491B
:10C02000098848434FF47A7190FBF1F07049088019
:10C030006D480068B0F85A006949098848434FF4D0
:10C040007A7190FBF1F06B4908804FF47A7000F040
:10C0500023F900BF0A2000F01FF9674800681C3070
:10C0600030F814006549088059480068401C584958
:10C0700008605848007810B1012875D11BE000EE27
:10C08000105AB8EE400AF2EE040A80EE201AB0EE22
:10C09000418AB0EE480A4A48008800B2FDF710FC19
:10C0A00001204C4908700020484908805449088004
:10C0B0004949086059E0514800884D49098888423B
:10C0C00021DB4F480088002804DD00204C4908800F
:10C0D000414908603D480088401C3C4908803E4872
:10C0E00000684649098808443B4908603748008889
:10C0F000B84237DB322000F0CFF8FDF743FE0120D5
:10C10000304908702EE03D48008838490988884247
:10C1100021DC3B480088401C394908802B480088B6
:10C12000002804DD0020294908802B4908602A489E
:10C130000068324909880844274908603048008867
:10C14000B8420FDB322000F0A7F8FDF71BFE0120FC
:10C150001C49087006E000201C4908802849088016
:10C160001D49086001E0FFE700BF00BF23480088C9
:10C17000244908802448007820B912480078002813
:10C180003FF468AF2048007870B1FDF70DFE1F48FE
:10C19000006800F009FC4FF4FA7000F07DF801200F
:10C1A000BDEC028BBDE8F0810648007828B14FF461
:10C1B000FA7000F071F80020F2E70020F0E70000CC
:10C1C0002002002019020020FE01002000020020B1
:10C1D00014020020100200201C0200201E03002078
:10C1E0000402002020030020F40100200C020020A3
:10C1F0000A0200200E020020F801002006020020A2
:10C200000202002008020020FC0100204003002060
:10C21000F6F71EFCFDF7D8FEF8F702FEF8F7F2FE7F
:10C22000F8F7A4FCF8F7B8FDF9F75CFAF9F746FB64
:10C23000F9F7C4FAF9F776F8F9F760F9F9F7ECFAD3
:10C24000F9F714F9F9F7C0F8F9F7C2F9F8F7CCFFE4
:10C25000F9F7A8FBF8F7E4FDF9F7A6FCF8F7A8FF53
:10C260000A48016841F0807101600948F8F7B4FAA2
:10C27000012211020748F6F7D3FBF7F7D9F900F0CE
:10C280001BF8F8F73BFE00F02DF8FEE7743802408B
:10C29000001001400008024070B50546FEF768FD39
:10C2A00010B16FF0050404E0002415B1284601F038
:10C2B00023FC204670BD000010B5FEF759FD10B1FB
:10C2C0006FF0050409E00648006820B90120044920
:10C2D0000860002401E04FF0FF34204610BD00004C
:10C2E0005000002070B5FEF743FD10B16FF005045B
:10C2F0001FE011480068012819D100BF801F0021EC
:10C30000002804DB0A07130E0C4A135406E00A0740
:10C31000150E0B4A00F00F031B1FD55400BF00BFC2
:10C3200002200549086001F0CBFC002401E04FF039
:10C33000FF34204670BD00005000002000E400E003
:10C3400018ED00E02DE9F04104460D4624F0010609
:10C3500004F001080027FEF70BFD08B1BF1F1FE026
:10C3600016B96FF003071BE0B8F1000F0CD0294697
:10C37000304602F035FD012812D015B16FF00107EB
:10C380000EE06FF002070BE02946304602F04CFC4D
:10C39000012805D015B16FF0010701E06FF0020729
:10C3A0003846BDE8F0812DE9F04704460026FEF747
:10C3B000DFFC00284DD10CB1676800E0002707F0D2
:10C3C000010008B1012500E0002507F00800082859
:10C3D0003FD04FF0FF3874B1A06828B1E068502812
:10C3E00002D34FF0010808E0A06830B9E06820B936
:10C3F0004FF0000801E04FF00008B8F1010F0CD138
:10C400002DB10420A16802F010F8064612E00120C8
:10C41000A16802F00AF806460CE0B8F1000F09D155
:10C4200025B1042001F0F0FF064603E0012001F0F1
:10C43000EBFF06464EB114B1D4F8009001E04FF086
:10C4400000094946304601F0E9FA16B10DB146F04F
:10C4500001063046BDE8F0872DE9F041044624F09E
:10C46000010504F001070026FEF782FC08B1B61FA3
:10C4700016E015B96FF0030612E03FB1284602F04E
:10C4800095FA01280CD06FF0020609E000231A4645
:10C490001946284602F0C8F8012801D06FF00206BC
:10C4A0003046BDE8F0810000F8B504460D4626464A
:10C4B00000270EB93F1F29E0FEF75AFCD0B115B195
:10C4C0006FF0030722E0002000906A46002130460A
:10C4D00002F044FB012802D06FF0020716E000983A
:10C4E000A0B14FF080500A490860BFF34F8FBFF3EF
:10C4F0006F8F0BE02946304602F096FB012805D0ED
:10C5000015B16FF0010701E06FF002073846F8BD82
:10C5100004ED00E02DE9F84305460F4614464FF0C0
:10C520000008FEF725FC002857D1002D55D0AF425A
:10C5300053D8461E64B1A06820B1E068502801D3EA
:10C54000012606E0A06820B9E06810B9002600E0E6
:10C550000026701C002840D0012D23D1012E09D1C6
:10C5600003200090002211460120A36801F09FFFE4
:10C57000804605E003220021012001F06BFF804688
:10C58000B8F1000F1CD0DFB100231A46194640460F
:10C5900002F04AF8012813D0404601F055FA4FF056
:10C5A00000080DE0012E06D139462846A26801F0A8
:10C5B000F9FE804604E03946284601F0C5FE804673
:10C5C000B8F1000F09D014B1D4F8009001E04FF099
:10C5D00000094946404601F021FA4046BDE8F8838B
:10C5E000F8B50446254600260DB9361F22E0FEF7B1
:10C5F000BFFBA8B1002000906946284602F066F90A
:10C60000012802D06FF0020614E0009890B14FF0BC
:10C61000805009490860BFF34F8FBFF36F8F09E067
:10C6200000231A461946284601F0FEFF012801D0D2
:10C630006FF002063046F8BD04ED00E0F8B505469F
:10C64000FEF796FB10B16FF0050421E005F0004005
:10C6500010B16FF003041BE002F006FE06466B46C5
:10C6600000221146304602F0B9FC01280ED1009C90
:10C670000098A8430090002303223046009902F05E
:10C68000ADFC012804D04FF0FF3401E04FF0FF343F
:10C690002046F8BD38B5FEF76BFB18B16FF005000A
:10C6A00000900DE002F0E0FD04466B4600221146CA
:10C6B000204602F093FC012802D04FF0FF3000909A
:10C6C000009838BDFEB504460D46264616B105F065
:10C6D000004018B16FF0030002902EE04FF0FF30E1
:10C6E0000290FEF745FBE0B10020019001A8002375
:10C6F000012229460090304602F004FD002002ABE2
:10C70000024601460090304602F0FCFC0198A0B1C0
:10C710004FF080500A490860BFF34F8FBFF36F8F0F
:10C720000BE0002301222946304602F057FC02AB01
:10C7300000221146304602F051FC0298FEBD000076
:10C7400004ED00E02DE9FC5F054689461646FEF73C
:10C750000FFB10B16FF005044AE005F0004010B186
:10C760006FF0030444E009F00200022802D14FF008
:10C77000000A00E0AA460024374602F08BFD009034
:10C7800000BF3B4601AA5146002002F02BFE804626
:10C79000B8F1010F22D12C400198044309F00100A7
:10C7A00040B105EA0400A84200D120E056B96FF07C
:10C7B00002041CE005EA040000B118E016B96FF0AD
:10C7C000020414E002F066FD0099A0EB010BBB45EA
:10C7D00001D9002708E0A7EB0B0705E016B96FF0B9
:10C7E000020401E06FF00104B8F1000FC9D100BFED
:10C7F0002046BDE8FC9F2DE9FF4780468946144648
:10C8000000200390FEF7B4FA00284ED1B8F1000FD3
:10C810004BD0802618258246471E44B3206808B1B5
:10C82000D4F800A0A06900B1A5692DB1382D03D8B6
:10C83000207900F0010018B1002004B0BDE8F087B5
:10C84000606908B160698608A06840B1E0685C284A
:10C8500005D3206918B1606908B1012708E0A06814
:10C8600030B9E06820B9206910B9002700E000273E
:10C87000012F0CD12169A0684B463246CDE9005109
:10C8800002905146404602F04BFB03900DE067B921
:10C8900003A8B2B24B465146CDE90050404602F0E3
:10C8A0000DFB012801D0002003900398C5E700008C
:10C8B0002DE9FE4F0646894692461C46002002900E
:10C8C000FEF756FA00284BD1002E49D0082000F080
:10C8D00009FE0546002D43D02E60C5F804A0B9F12D
:10C8E000000F01D1002700E001274FF0FF384FF083
:10C8F000000B94B1206808B1D4F800B0A06828B14A
:10C90000E0682C2802D34FF0010808E0A06830B995
:10C91000E06820B94FF0000801E04FF00008B8F1DE
:10C92000010F0BD11049A0682B463A46CDE9001003
:10C930000121584602F033FF02900BE0B8F1000FDE
:10C9400008D109482B463A4601210090584602F08A
:10C950000BFF0290029818B915B1284600F0BCFFF1
:10C960000298BDE8FE8F000025A80408F8B505462A
:10C970000E462F46FEF7FCF910B16FF0050411E0EA
:10C9800017B96FF003040DE000200346324604217E
:10C990000090384602F078FF012801D1002401E020
:10C9A0006FF002042046F8BDF8B505462E46FEF7A6
:10C9B000DFF910B16FF0050418E016B96FF0030449
:10C9C00014E0304602F0A2FF10B96FF002040DE04F
:10C9D00000200346024603210090304602F054FF37
:10C9E000012801D1002401E04FF0FF342046F8BDBA
:10C9F0002DE9F04105460E461648076816480068BE
:10CA0000001D00F06DFE681C38B936B1124801688F
:10CA1000091D124800F0BAFE1AE07C190E480068A1
:10CA20004460BC4207D20C480168091D0C480068EC
:10CA300000F092FE0CE008480168091D09480068F2
:10CA400000F08AFE08480068844201D2064804606B
:10CA5000BDE8F081140000200000002068080020DC
:10CA600008000020040000203000002010B504461B
:10CA700000F0EAFE24480068401C2349086023486F
:10CA8000006840B9214804600846006801280DD1BB
:10CA900000F042FA0AE01E48006838B91B480068F6
:10CAA000C06AE16A884201D81848046019480068E1
:10CAB000401C184908600846006860641649E06A2E
:10CAC0000968884202D91449E06A0860E16A01EB0A
:10CAD0008101124A02EB8100211D00F057FE00F097
:10CAE000DDFE0B48006868B108480068C06AE16A6A
:10CAF000884207D24FF0805009490860BFF34F8F3A
:10CB0000BFF36F8F10BD0000100000200000002058
:10CB10001C0000202C00002018000020B80300207A
:10CB200004ED00E008B500F08FFE12480068E8B997
:10CB3000114800F001FE114800F0FEFD0E481049BA
:10CB400008600E480F49086000200F4B0F4A102163
:10CB500000900A2001F0ABFC064908600846006816
:10CB600020B10BA10348006800F058FF00F096FECA
:10CB700008BD0000440000207C0800209008002030
:10CB80003C00002040000020A4080020F408002001
:10CB9000546D72510000000010B516E000F054FE14
:10CBA0000C48C068C468201D00F09AFD0A4800685F
:10CBB000401E0949086009480068401E074908608E
:10CBC00000F06CFE204600F05FF804480068002882
:10CBD000E4D110BD54080020100000200C000020FB
:10CBE00070B504460D46206C70B1216CE0680144BC
:10CBF000E160D4E90210884201D32168E16028464F
:10CC0000226CE168F3F71AFD70BD2DE9F04104468E
:10CC10000F4615464FF00008A66B206C48B92068F7
:10CC200000282CD1A06802F02DFC80460020A060D6
:10CC300025E07DB93946226C6068F3F7FFFC216C72
:10CC4000606808446060D4E90101884217D3206815
:10CC5000606014E03946226CE068F3F7EFFC216C69
:10CC6000E068411AE1602168E068884203D2216CE3
:10CC7000A068411AE160022D01D106B1761E701C38
:10CC8000A0634046BDE8F08110B5044694F8590011
:10CC900030B9206B00F020FE204600F01DFE1AE0A7
:10CCA00094F85900012803D1204600F015FE12E047
:10CCB00094F85900022801D1012000E0002050B969
:10CCC00000BF502080F31188BFF34F8FBFF36F8FE9
:10CCD00000BF00BFFEE710BD01464A6A22B10A6BE1
:10CCE0001268C2F1380000E0002070470146084A8F
:10CCF000126812680AB9012200E000220A600A687C
:10CD000022B9034A1268D268106800E00020704718
:10CD10003C00002030B54FF47053174800F0070472
:10CD20002CB1C01D20F00700134C041B1B1B024636
:10CD3000124C22600024114D6C60D018083820F08D
:10CD400007000F4C206000240D4D2D686C600C4DC9
:10CD50002D682C601146441A4C60094C24680C6004
:10CD6000084D4C682C60084D4C682C604FF0004416
:10CD7000064D2C6030BD00004C10002054000020F7
:10CD80005C00002064000020600000207000002093
:10CD900000BFFFF701FF064800680128F9D94FF0EE
:10CDA000805004490860BFF34F8FBFF36F8FF0E7E7
:10CDB000B803002004ED00E010B5044654B1002093
:10CDC000A06020600021E16000231A461946204639
:10CDD00001F02AFC10BD2DE9F04106460D4617462C
:10CDE0009846069C0DB9246000E02760E663256440
:10CDF0000121204601F0CCFB84F84C80BDE8F08195
:10CE00002DE9F05F82460E4690469B460A9F0C9C99
:10CE10004FEA8801A522206BF3F787FCA8F10100F7
:10CE2000216B01EB800929F0070909F0070008B917
:10CE3000012000E0002050B900BF502080F311888D
:10CE4000BFF34F8FBFF36F8F00BF00BFFEE786B108
:10CE5000002507E0715D04F134004155705D00B9B3
:10CE600002E06D1C102DF5D300BF002143200155B9
:10CE700002E0002084F83400382F00D33727E7621F
:10CE8000E76400202065201D00F063FC04F1180019
:10CE900000F05FFC2461C7F13800A06164620020EB
:10CEA000606584F858005A465146484600F0E6FB53
:10CEB00020600B9808B10B980460BDE8F09F2DE945
:10CEC000F04706460D4617469846DDE908940DB131
:10CED000012000E0002050B900BF502080F31188ED
:10CEE000BFF34F8FBFF36F8F00BF00BFFEE78CB162
:10CEF000FFF718FE2660A561C4F81C80C4F82090D6
:10CF0000201D00F026FC2FB194F8280040F004000A
:10CF100084F82800BDE8F08710B5002407E004EB92
:10CF200084010F4A02EB810000F006FC641C382CDF
:10CF3000F5D30C4800F000FC0B4800F0FDFB0B485B
:10CF400000F0FAFB0A4800F0F7FB0A4800F0F4FB97
:10CF500004480949086004480849086010BD0000F9
:10CF6000B8030020180800202C08002040080020EA
:10CF70005408002068080020040000200800002059
:10CF800010B50146164800E0006803688B42FBD3E9
:10CF90000246436813448B4204D143684C682344DF
:10CFA000436001460A464B6813440468A34211D10A
:10CFB0000C4C03682468A34208D04B68046864687A
:10CFC00023444B6003681B680B6005E0054B1B683E
:10CFD0000B6001E003680B60884200D0016010BD67
:10CFE000540000205C0000202DE9F04104460D466D
:10CFF00016461F464FF0000865602461B5420CD804
:10D00000F01BA169884202D34FF0010811E0211DF5
:10D010000948006800F0A0FB0BE0BE4204D2BD420C
:10D0200002D34FF0010804E0211D0448006800F01D
:10D0300093FB4046BDE8F081400000203C0000200A
:10D0400070B5054600F000FCA86B08B9012400E0AB
:10D05000002400F023FC204670BD70B5054600F0AA
:10D06000F3FBA86BE96B884201D1012400E00024A6
:10D0700000F014FC204670BDF8B505460F461A486E
:10D080000068C068C468201D00F02AFB94F82800DE
:10D0900000F00400E8B1A06941192B463A46204649
:10D0A000FFF7A2FFD8B1002003462A4601460090B0
:10D0B000204602F0E9FB064656B900BF502080F337
:10D0C0001188BFF34F8FBFF36F8F00BF00BFFEE724
:10D0D00005E094F8280020F0010084F8280020469C
:10D0E000216A8847F8BD00003C000020F0B587B0F9
:10D0F000A0E00398002811DA04AE56B900BF502012
:10D1000080F31188BFF34F8FBFF36F8F00BF00BF55
:10D11000FEE7D6E90020B168904700BF03980028D9
:10D12000E6DB059C606908B9012000E0002010B929
:10D13000201D00F0D5FA02A800F0DEF8054603989D
:10D140000A2875D2DFE800F00905073941630608AF
:10D150003A4200BF00BF00BF00BF94F8280040F073
:10D16000010084F828000498A269811803462A4621
:10D170002046FFF739FFF8B12046216A884794F826
:10D18000280000F00400B8B1002000900498A169C4
:10D19000421800231946204602F076FB074657B98D
:10D1A00000BF502080F31188BFF34F8FBFF36F8F04
:10D1B00000BF00BFFEE700BF3BE000BF94F82800BF
:10D1C00020F0010084F8280033E000BF94F8280024
:10D1D00040F0010084F828000498A061A06908B11B
:10D1E000012000E0002050B900BF502080F31188DA
:10D1F000BFF34F8FBFF36F8F00BF00BFFEE7A06983
:10D2000041192B462A462046FFF7EEFE11E094F81E
:10D21000280000F0020018B9204600F05DFB05E090
:10D2200094F8280020F0010084F8280001E0FFE7CE
:10D2300000BF00BF002203A90448006801F0DAFB28
:10D2400000287FF456AF07B0F0BD00004400002076
:10D25000F8B505460C4600F08FFD684600F04CF826
:10D260000646009820BB44B9B54206D802F0FAF948
:10D2700031462846FFF700FF1CE03CB10E4800682D
:10D28000006808B9012000E000200446A91B2246DE
:10D290000A48006800F00AFC02F0E4F950B94FF0C7
:10D2A000805007490860BFF34F8FBFF36F8F01E0D5
:10D2B00002F0D8F9F8BD0000400000204400002032
:10D2C00004ED00E00A490968096809B9012100E094
:10D2D000002121B14FF0FF31064A116006E00449F8
:10D2E0000968C968C868034A41681160704700004E
:10D2F000040000203000002070B5044601F0CAFF91
:10D30000054607480068854204D200F00BF801206A
:10D31000206001E00020206001480560284670BDC3
:10D320004C0000202DE9F84334E025480068C0682F
:10D33000056823480068C068C468201D00F0D0F963
:10D340002046216A884794F8280000F0040008B3BA
:10D35000A0694619AE4207D966602461211D1848AC
:10D36000006800F0F9F915E0002003462A4601465E
:10D370000090204602F088FA074657B900BF5020B7
:10D3800080F31188BFF34F8FBFF36F8F00BF00BFD3
:10D39000FEE700BF0A480068006808B9012000E005
:10D3A00000200028C1D00648D0F800800548006859
:10D3B000034908600348C0F80080BDE8F883000016
:10D3C0003C000020400000200E480068401C08B9C6
:10D3D000012000E0002050B900BF502080F31188E8
:10D3E000BFF34F8FBFF36F8F00BF00BFFEE700BFDB
:10D3F000502080F31188BFF34F8FBFF36F8F00BFB2
:10D4000000BFFEE77400002008B500BF6846FFF7C4
:10D410006DFC044620460099FFF71AFFFFF766FEF1
:10D42000F4E770B5044600F00FFA94F9455010E0A7
:10D43000606A08B9012000E0002038B904F1240036
:10D4400002F0C4F818B100F091FB00E003E0681EA0
:10D4500045B2002DECDC00BFFF2084F8450000F051
:10D460001DFA00F0F1F994F9445010E0206908B970
:10D47000012000E0002048B904F1100002F0A6F8F5
:10D4800008B100F073FB681E45B200E001E0002D1A
:10D49000ECDC00BFFF2084F8440000F0FFF970BD11
:10D4A000014621B1012904D0072906D103E000205B
:10D4B00005E0022003E0062001E0042000BF00BFD9
:10D4C0007047000010B502480068804710BD00009A
:10D4D000B000002010B502480068804710BD000071
:10D4E000B40000202DE9F04104464FF0000800F0A0
:10D4F00043FC4948006808B9FFF70CFC474800683E
:10D500002040002870D1D4B1083404F00700B0B135
:10D5100004F00700C0F10800044404F0070008B953
:10D52000012000E0002050B900BF502080F3118896
:10D53000BFF34F8FBFF36F8F00BF00BFFEE7002C1C
:10D5400052D03748006884424ED8364E304605687F
:10D5500001E02E462D686868A04202D228680028A3
:10D56000F7D12D48006885423ED0306800F10808A8
:10D57000286830606868001B102819D92F1907F037
:10D58000070008B9012000E0002050B900BF50207A
:10D5900080F31188BFF34F8FBFF36F8F00BF00BFC1
:10D5A000FEE76868001B78606C603846FFF7E8FCAF
:10D5B0001B4968680968081A194908600846006824
:10D5C00019490968884203D215480068164908605D
:10D5D0001249686809680843686000202860134899
:10D5E0000068401C1149086002F03CF808F0070090
:10D5F00008B9012000E0002050B900BF502080F39E
:10D600001188BFF34F8FBFF36F8F00BF00BFFEE7DE
:10D610004046BDE8F08100005C0000207000002062
:10D6200060000020540000206400002068000020FA
:10D630000648006830B10549096801F15000096DDC
:10D64000491C01600148006870470000000000208C
:10D6500070B50446254654B900BF502080F31188A8
:10D66000BFF34F8FBFF36F8F00BF00BFFEE700F027
:10D67000EBF8EE6900F012F9304670BD001F4FF074
:10D6800080730360001F21F001030360001F054B3E
:10D69000036014380260001F6FF00203036020383B
:10D6A00070470000C9D3040870B502460C46FF2538
:10D6B000FF2309E012F8010B80EA03010648405CF1
:10D6C00080EA05030548455C201EA4F10106B4B2BA
:10D6D000F0D143EA052070BDC6040508C60505085B
:10D6E00001460A69D1E901309860D1E90103586027
:10D6F0005068884201D18868506000200861106835
:10D70000401E106010687047034B0360034B0B60B2
:10D71000802313607047000094090020F009002066
:10D72000034B0360034B0B604FF48073136070472F
:10D73000F00B00204C0C002000F1080141604FF07C
:10D74000FF31816000F10801C160016100210160C9
:10D75000704700210161704710B502460B685C1CE0
:10D760000CB9106907E002F1080000E04068446865
:10D7700024689C42FAD944684C604C68A160886077
:10D7800041600A611468641C146010BD42684A60FC
:10D7900093688B60936859609160086103685B1CB3
:10D7A0000360704770B504460D4624B11048006808
:10D7B000F7F788F803E00E480068F7F763F895B1CB
:10D7C0000B49086800BF00BF00BF00F10C0252E81F
:10D7D000002F42F0800100F10C0242E80013002B00
:10D7E000F3D100BF03E002480068F7F75BF870BDB3
:10D7F0008400002010B500210848F6F7EBFF00BFB9
:10D800000648006820F001000449086000BF00BF1E
:10D810006FF00100086100BF10BD0000004801402A
:10D8200010B500BF6FF001000649086100BF00217C
:10D830000448F6F7CFFF0348F6F7C6FE0148F6F7AF
:10D84000B9FE10BD0048014000BF502080F3118890
:10D85000BFF34F8FBFF36F8F00BF0E480068401CAF
:10D860000C49086008460068012812D10A4800687F
:10D87000C0B208B9012000E0002050B900BF50201C
:10D8800080F31188BFF34F8FBFF36F8F00BF00BFCE
:10D89000FEE770477400002004ED00E00D480068CA
:10D8A00050B900BF502080F31188BFF34F8FBFF3F2
:10D8B0006F8F00BF00BFFEE706480068401E0549A5
:10D8C00008600846006820B9002080F3118800BF76
:10D8D00000BF70477400002070B506463546002E24
:10D8E00044D0083D2C46224960680968084008B1C8
:10D8F000012000E0002050B900BF502080F31188C3
:10D90000BFF34F8FBFF36F8F00BF00BFFEE72068EC
:10D9100008B9012000E0002050B900BF502080F37A
:10D920001188BFF34F8FBFF36F8F00BF00BFFEE7BB
:10D930000F49606809680840C0B12068B0B90C4957
:10D94000606809688843606000F016FA09496068F9
:10D9500009680844074908602046FFF711FB06489C
:10D960000068401C0449086001F07CFE70BD0000A6
:10D9700070000020600000206C00002000204FF0AC
:10D98000E02108618861064800684FF47A71B0FBB5
:10D99000F1F0401E4FF0E021486107200861704718
:10D9A0006803002070B5F2F7BFFC0446102C16D3B4
:10D9B00004F1E02090F8F05315480078854201DB2F
:10D9C000012000E0002050B900BF502080F31188F2
:10D9D000BFF34F8FBFF36F8F00BF00BFFEE70D484F
:10D9E000006800F4E0600C490968884201D8012011
:10D9F00000E0002050B900BF502080F31188BFF331
:10DA00004F8FBFF36F8F00BF00BFFEE770BD0000F8
:10DA1000780000200CED00E07C0000200246002091
:10DA20000BE0084B53F8303033B9064B43F8301055
:10DA300003EBC0035A6002E0401C0828F1D300BF8A
:10DA4000704700007803002070B50446254655B99C
:10DA500000BF502080F31188BFF34F8FBFF36F8F4B
:10DA600000BF00BFFEE7284600F008F895F8460022
:10DA700010B92846FFF730FF70BD000001460020B6
:10DA80000EE0094A02EBC00252688A4207D1002226
:10DA9000054B43F8302003EBC0035A6002E0401C02
:10DAA0000828EED300BF7047780300202DE9F0412D
:10DAB00005460E4617462C46FFF7C6FE94F944006D
:10DAC000401C10B9002084F8440094F94500401C23
:10DAD00010B9002084F84500FFF7E0FEA06B28B9DC
:10DAE0003A46314604F1240000F062F82046FFF780
:10DAF00098FCBDE8F081000070B504460025D4B163
:10DB00001248006808B9012000E0002050B900BFA9
:10DB1000502080F31188BFF34F8FBFF36F8F00BF8A
:10DB200000BFFEE700F028F900212046FEF760FF65
:10DB300001F098FD05463DB94FF08050044908605A
:10DB4000BFF34F8FBFF36F8F70BD00003800002010
:10DB500004ED00E003490968016003490968416078
:10DB60007047000028000020140000200120014917
:10DB7000086070472400002070B504460D4654B973
:10DB800000BF502080F31188BFF34F8FBFF36F8F1A
:10DB900000BF00BFFEE70548016818312046FFF7C7
:10DBA000DBFD01212846FEF723FF70BD00000020A9
:10DBB00070B505460E46144655B900BF502080F397
:10DBC0001188BFF34F8FBFF36F8F00BF00BFFEE719
:10DBD0000648016818312846FFF7D8FD0CB14FF010
:10DBE000FF3621463046FEF703FF70BD00000020DF
:10DBF0002DE9F04706460F4634464FF00109002E46
:10DC000055D0206D50B900BF502080F31188BFF36C
:10DC10004F8FBFF36F8F00BF00BFFEE7E06CB842CD
:10DC200001D23D4600E0E56CE06AA8423FD0206D9D
:10DC300001283CD11F480068844201D0012000E047
:10DC4000002050B900BF502080F31188BFF34F8FE0
:10DC5000BFF36F8F00BF00BFFEE7D4F82C80E562F2
:10DC6000A06900F0004010B9C5F13800A06108EBD0
:10DC70008801114A02EB81016069884201D10120CB
:10DC800000E0002098B1201DFFF72AFD0B49E06A53
:10DC90000968884202D90949E06A0860E16A01EB33
:10DCA0008101054A02EB8100211DFFF76FFDBDE8F0
:10DCB000F087000000000020B803002018000020BA
:10DCC00010B586B000200590049003AA04A905A809
:10DCD000FFF71AFD0022DDE904101346CDE900210B
:10DCE00002901EA11F48039A01F01AF91E4908600C
:10DCF0000846006808B1012400E00024012C02D18C
:10DD000001F086FD0446012C15D100BF502080F3A0
:10DD10001188BFF34F8FBFF36F8F00BF4FF0FF30FD
:10DD2000124908600120124908600020114908606A
:10DD300000F03CFA10E0601C08B1012000E0002077
:10DD400050B900BF502080F31188BFF34F8FBFF34D
:10DD50006F8F00BF00BFFEE706B010BD49444C45C1
:10DD60000000000091CD04083400002030000020A5
:10DD70001C0000201400002002480068401C0149DB
:10DD800008607047380000201E48006818B1012064
:10DD90001D49086034E000201B4908601B480168E9
:10DDA0000CE051B900BF502080F31188BFF34F8FB2
:10DDB000BFF36F8F00BF00BFFEE7491E01EB81007C
:10DDC000134A52F8200008B9012000E00020002882
:10DDD000E7D101EB81020E4B03EB820042685268EF
:10DDE000426000F108024368934202D142685268DF
:10DDF00042604268D268074B1A600448016000BF65
:10DE00007047000038000020240000201800002087
:10DE1000B80300200000002001460020054A1278C7
:10DE200032B1054A12780A700022024B1A700120A2
:10DE3000704700008100002080000020002002497F
:10DE400008700120704700008100002010B50446D2
:10DE500005480068FEF7C4FB012004490870044827
:10DE60000470012010BD0000540300208100002038
:10DE700080000020014603480068406808700120C7
:10DE80007047000084000020F0B58FB006460C46B5
:10DE900017461D461C2108A8F2F771FC182102A89C
:10DEA000F2F76DFC10203149096801432F4A1160D7
:10DEB000114609680140019100BF00BF01202B49B4
:10DEC000143909680143294A143A11601146096856
:10DED0000140019100BF00BF4FF4C06002900220DA
:10DEE00003900320049000200590069007200790DF
:10DEF00002A91F48F6F77AF80894002009900A90C2
:10DF00000B9025B1012D05D0022D0BD106E000208C
:10DF10000B9007E04FF4C0600B9003E04FF480607B
:10DF20000B9000BF00BF0C200C9000200D900E90B5
:10DF300008A910480068F6F7D5FC0E490868016981
:10DF400021F490410161416921F02A01416100BF42
:10DF500008490868C16841F40051C16000BF054824
:10DF60000068F6F7AFFC01200FB0F0BD4438024066
:10DF700000000240840000200146C1F30800024A6C
:10DF800012685060012070478400002000BF0449DF
:10DF900008680168C1F380110029F8D0012070479A
:10DFA0008400002010B586B00446142101A8F2F7C1
:10DFB000E6FB40F2AF40ADF80400002002903220B2
:10DFC000604303900020049001A90648F6F702FB85
:10DFD0000448F6F7F9FA0348F6F7ECFA012006B020
:10DFE00010BD00000048014038B500246846FFF726
:10DFF00041FF1C48007830B101280AD0022819D00E
:10E0000003282BD102E0FFF70BFC27E0FFF708FC09
:10E0100024E00020144908809DF800200888411C55
:10E02000114B198011490A5402200E490870FFF75C
:10E03000F7FB13E00C480088FF2809DC9DF800205E
:10E0400009490888411C084B198008490A5402E014
:10E05000032004490870FFF7E3FB00BF00BF204620
:10E0600038BD00008D000020960000206C4C002080
:10E0700010B500240D48007820B1022807D00328ED
:10E080000BD109E00020FFF7E1FE044606E0012085
:10E09000FFF7DCFE044601E000E000BF00BFFFF731
:10E0A000A9FB012001490870204610BD8D00002009
:10E0B00010B500241748007810B1012826D104E0DB
:10E0C00000210120FFF76EFB20E01348008878B1A3
:10E0D000124909680878FFF74FFF10480068401C94
:10E0E0000E4908600C480088401E0B4908800CE06F
:10E0F0000320FFF7ABFE0446FFF748FF0021012095
:10E10000FFF750FB00200349087000BF00BF204606
:10E1100010BD00008C000020940000209000002022
:10E12000F0B503460C461546E208A4EBC20087B2E0
:10E130000120A840401E86B2995C501C185C41EA40
:10E14000002139413140C8B2F0BD2DE9F043044609
:10E1500015461F46C808A1EBC0081FFA88FC07FA3D
:10E160000CF81FFA88F74FF0010808FA05F8A8F133
:10E1700001081FFA88F6A1EBC00806FA08F81FFA92
:10E1800088F6225C00F1010814F8088042EA0822AF
:10E1900022EA060848EA070222544FEA222900F13F
:10E1A000010804F80890BDE8F08300001CB552484F
:10E1B00000685249884201D0012000E0002050B997
:10E1C00000BF502080F31188BFF34F8FBFF36F8FD4
:10E1D00000BF00BFFEE7484800684849491E884222
:10E1E00001D0012000E0002050B900BF502080F392
:10E1F0001188BFF34F8FBFF36F8F00BF00BFFEE7E3
:10E200003F49084600780190FF200A4610700846F2
:10E21000007800909DF8000000F0F0009DF80020CC
:10E22000904201D1012000E0002050B900BF5020F1
:10E2300080F31188BFF34F8FBFF36F8F00BF00BF14
:10E24000FEE79DF8000000F050002E4A10700720F5
:10E250002D4A106009E02C480068401E2A4A1060D0
:10E260009DF800004006000E00909DF8000000F0B0
:10E2700080008028EFD024480068C0F107000428FF
:10E2800001D1012000E0002050B900BF502080F3F0
:10E290001188BFF34F8FBFF36F8F00BF00BFFEE742
:10E2A000194800680002184A10601046008800F4FF
:10E2B000E0601060124A019810700F48203000682A
:10E2C00040F470000C49203108600846006840F0B6
:10E2D00070400860FFF752FB00200C490860F1F71E
:10E2E000EBFF0B48006840F0404009490860F1F737
:10E2F000CFFF00201CBD000000ED00E071C20F4107
:10E3000000E400E0780000207C0000207400002081
:10E3100034EF00E010B500BF502080F31188BFF348
:10E320004F8FBFF36F8F00BF00F0BAFF18B14FF0EF
:10E3300080500449086000BF002080F3118800BFAE
:10E3400010BD000004ED00E070B505460E460DB1AD
:10E35000012000E0002050B900BF502080F3118858
:10E36000BFF34F8FBFF36F8F00BF00BFFEE7AE421A
:10E3700001D8012000E0002050B900BF502080F3F8
:10E380001188BFF34F8FBFF36F8F00BF00BFFEE751
:10E3900002220021284600F05DF8044604B1A6637D
:10E3A000204670BDF8B505460E4617460DB1012052
:10E3B00000E0002050B900BF502080F31188BFF367
:10E3C0004F8FBFF36F8F00BF00BFFEE7AE4201D893
:10E3D000012000E0002050B900BF502080F31188D8
:10E3E000BFF34F8FBFF36F8F00BF00BFFEE7022068
:10E3F0003B46002211460090284600F058F804469B
:10E4000004B1A6632046F8BD2DE9F041044601267B
:10E41000002722460021012000F01CF8054628466E
:10E42000FEF7CAFC2846BDE8F0812DE9F843044612
:10E430000D4601274FF000082B460022114601200F
:10E44000009400F034F806463046FEF7B5FC30463E
:10E45000BDE8F8832DE9F84305460E4617460DB191
:10E46000012000E0002050B900BF502080F3118847
:10E47000BFF34F8FBFF36F8F00BF00BFFEE705FBF9
:10E4800006F808F15000FFF72DF8044664B1A146E4
:10E4900009F15009002084F846003B464A463146BF
:10E4A00028460094FEF797FC2046BDE8F8832DE946
:10E4B000F84380460E4617461D46DDF82090B8F119
:10E4C000000F01D0012000E0002050B900BF502013
:10E4D00080F31188BFF34F8FBFF36F8F00BF00BF72
:10E4E000FEE70DB1012000E0002050B900BF502030
:10E4F00080F31188BFF34F8FBFF36F8F00BF00BF52
:10E50000FEE707B10EB1012000E0002050B900BFC6
:10E51000502080F31188BFF34F8FBFF36F8F00BF80
:10E5200000BFFEE707B90EB9012000E0002050B996
:10E5300000BF502080F31188BFF34F8FBFF36F8F60
:10E5400000BF00BFFEE7502000900098502801D186
:10E55000012000E0002050B900BF502080F3118856
:10E56000BFF34F8FBFF36F8F00BF00BFFEE700BF49
:10E570002C464CB1012084F846004B463A463146C1
:10E5800040460094FEF727FC2046BDE8F8830000D3
:10E5900070B505460E462C4654B900BF502080F396
:10E5A0001188BFF34F8FBFF36F8F00BF00BFFEE72F
:10E5B000FFF74AF9D4E90F12206801FB0200A060BE
:10E5C0000020A06320686060E06B401E226C216820
:10E5D00000FB0211E160FF2084F8440084F845004C
:10E5E0009EB9206908B9012000E00020A8B904F113
:10E5F000100000F0EBFF80B14FF080500949086037
:10E60000BFF34F8FBFF36F8F07E004F11000FFF7E8
:10E6100093F804F12400FFF78FF8FFF73FF901208A
:10E6200070BD000004ED00E02DE9FF4383B0064615
:10E6300088461D464FF00009344654B900BF5020AB
:10E6400080F31188BFF34F8FBFF36F8F00BF00BF00
:10E65000FEE7B8F1000F01D1206C08B9012000E0FD
:10E66000002050B900BF502080F31188BFF34F8FB6
:10E67000BFF36F8F00BF00BFFEE7022D02D1E06B3A
:10E68000012801D1012000E0002050B900BF502036
:10E6900080F31188BFF34F8FBFF36F8F00BF00BFB0
:10E6A000FEE700F0E7FD08B9059808B9012000E091
:10E6B000002050B900BF502080F31188BFF34F8F66
:10E6C000BFF36F8F00BF00BFFEE700BFFFF7BCF8CE
:10E6D000A06BE16B884201D3022D28D12A46414626
:10E6E0002046FEF792FA0746606A08B9012000E06A
:10E6F000002068B904F1240000F068FF88B14FF0F1
:10E70000805032490860BFF34F8FBFF36F8F08E02E
:10E710003FB14FF080502D490860BFF34F8FBFF3DA
:10E720006F8FFFF7BBF8012007B0BDE8F0830598B5
:10E7300018B9FFF7B3F80020F6E7B9F1000F04D1DC
:10E7400001A8FFF707FA4FF00109FFF7A7F8FFF755
:10E7500013FBFFF779F894F94400401C10B900202E
:10E7600084F8440094F94500401C10B9002084F856
:10E770004500FFF793F805A901A800F059FBF0B98F
:10E780002046FEF76AFCA0B104F110000599FFF7DE
:10E79000F3F92046FEF745FE00F064FF002895D10E
:10E7A0004FF0805009490860BFF34F8FBFF36F8F60
:10E7B0008CE72046FEF735FE00F054FF86E7204642
:10E7C000FEF72FFE00F04EFF0020ADE704ED00E065
:10E7D0002DE9F84F07468A4690461E463C4654B9F6
:10E7E00000BF502080F31188BFF34F8FBFF36F8FAE
:10E7F00000BF00BFFEE7BAF1000F01D1206C08B9DD
:10E80000012000E0002050B900BF502080F31188A3
:10E81000BFF34F8FBFF36F8F00BF00BFFEE7022E25
:10E8200002D1E06B012801D1012000E0002050B9A5
:10E8300000BF502080F31188BFF34F8FBFF36F8F5D
:10E8400000BF00BFFEE7FFF7ADF800BF5021EFF3B8
:10E85000118081F31188BFF34F8FBFF36F8F00BF1B
:10E860000546A06BE16B884201D3022E25D194F9B5
:10E8700045B0A06B0090324651462046FEF7C5F9E0
:10E880000BF1010088B9606A08B9012000E000209E
:10E8900050B904F1240000F099FE28B1B8F1000F3E
:10E8A00002D00120C8F8000004E00BF1010040B2E2
:10E8B00084F845004FF0010901E04FF0000900BF66
:10E8C00085F3118800BF4846BDE8F88F2DE9F04771
:10E8D00006460F46344654B900BF502080F31188D5
:10E8E000BFF34F8FBFF36F8F00BF00BFFEE7206CF9
:10E8F00008B9012000E0002050B900BF502080F38B
:10E900001188BFF34F8FBFF36F8F00BF00BFFEE7CB
:10E91000206808B9A06808B9012000E0002050B9BB
:10E9200000BF502080F31188BFF34F8FBFF36F8F6C
:10E9300000BF00BFFEE7FFF735F800BF5021EFF33F
:10E94000118081F31188BFF34F8FBFF36F8F00BF2A
:10E950000546D4F83890E06B48451ED994F945A097
:10E9600009F10100A0630AF1010070B9606A08B9F9
:10E97000012000E0002068B904F1240000F026FE28
:10E9800040B13FB10120386004E00AF1010040B21B
:10E9900084F845004FF0010801E04FF0000800BF87
:10E9A00085F3118800BF4046BDE8F08770B5054685
:10E9B0002C4654B900BF502080F31188BFF34F8F0D
:10E9C000BFF36F8F00BF00BFFEE700F04DFCA168F2
:10E9D00088420CD1E068401EE060E06828B900235E
:10E9E0001A4619462046FFF71FFE012600E00026C2
:10E9F000304670BD2DE9F74183B005460E464FF015
:10EA000000082C4654B900BF502080F31188BFF392
:10EA10004F8FBFF36F8F00BF00BFFEE70EB9206CB2
:10EA200008B9012000E0002050B900BF502080F359
:10EA30001188BFF34F8FBFF36F8F00BF00BFFEE79A
:10EA400000F018FC08B9059808B9012000E0002082
:10EA500050B900BF502080F31188BFF34F8FBFF330
:10EA60006F8F00BF00BFFEE700BFFEF7EDFEA76B94
:10EA7000F7B131462046FEF7B3F8781EA06320694F
:10EA800008B9012000E0002060B904F1100000F096
:10EA90009DFD38B14FF080502F490860BFF34F8F74
:10EAA000BFF36F8FFEF7FAFE012006B0BDE8F081DC
:10EAB000059818B9FEF7F2FE0020F6E7B8F1000F4E
:10EAC00004D101A8FFF746F84FF00108FEF7E6FE73
:10EAD000FFF752F9FEF7B8FE94F94400401C10B954
:10EAE000002084F8440094F94500401C10B900202F
:10EAF00084F84500FEF7D2FE05A901A800F098F9B8
:10EB0000F0B92046FEF79CFAA0B104F12400059963
:10EB1000FFF732F82046FEF784FC00F0A3FD002842
:10EB2000A3D14FF080500C490860BFF34F8FBFF363
:10EB30006F8F9AE72046FEF774FC00F093FD94E790
:10EB40002046FEF76EFC00F08DFD2046FEF778FAB9
:10EB500000288AD00020A8E704ED00E02DE9F05F4E
:10EB6000064689461746344654B900BF502080F304
:10EB70001188BFF34F8FBFF36F8F00BF00BFFEE759
:10EB8000B9F1000F01D1206C08B9012000E000208C
:10EB900050B900BF502080F31188BFF34F8FBFF3EF
:10EBA0006F8F00BF00BFFEE7FEF7FCFE00BF5021E5
:10EBB000EFF3118081F31188BFF34F8FBFF36F8F95
:10EBC00000BF0546D4F838A0BAF1000F22D094F95E
:10EBD00044B049462046FEF703F8AAF10100A063BD
:10EBE0000BF1010070B9206908B9012000E0002094
:10EBF00068B904F1100000F0E9FC40B13FB1012018
:10EC0000386004E00BF1010040B284F844004FF09A
:10EC1000010801E04FF0000800BF85F3118800BF34
:10EC20004046BDE8F09F00002DE9F34182B0054663
:10EC30004FF000082C46002654B900BF502080F346
:10EC40001188BFF34F8FBFF36F8F00BF00BFFEE788
:10EC5000206C08B9012000E0002050B900BF50200E
:10EC600080F31188BFF34F8FBFF36F8F00BF00BFDA
:10EC7000FEE700F0FFFA08B9039808B9012000E0A8
:10EC8000002050B900BF502080F31188BFF34F8F90
:10EC9000BFF36F8F00BF00BFFEE700BFFEF7D4FDDC
:10ECA000A76BFFB1781EA063206810B9FEF7C0FC07
:10ECB000A060206908B9012000E0002060B904F1DB
:10ECC000100000F083FC38B14FF0805043490860D9
:10ECD000BFF34F8FBFF36F8FFEF7E0FD012004B04D
:10ECE000BDE8F081039898B90EB9012000E000203A
:10ECF00050B900BF502080F31188BFF34F8FBFF38E
:10ED00006F8F00BF00BFFEE7FEF7C8FD0020E6E7FB
:10ED1000B8F1000F04D16846FEF71CFF4FF0010860
:10ED2000FEF7BCFDFFF728F8FEF78EFD94F94400CE
:10ED3000401C10B9002084F8440094F94500401CA0
:10ED400010B9002084F84500FEF7A8FD03A9684625
:10ED500000F06EF840BB2046FEF772F9F0B1206873
:10ED600038B9FEF771FDA06800F0DEFB0646FEF73D
:10ED700095FD04F124000399FEF7FEFE2046FEF700
:10ED800050FB00F06FFC002888D14FF080501349F1
:10ED90000860BFF34F8FBFF36F8F7FE72046FEF70A
:10EDA00040FB00F05FFC79E72046FEF73AFB00F0FD
:10EDB00059FC2046FEF744F90028EED05EB1FEF77C
:10EDC00043FD2046FDF788FF07463946A068FEF759
:10EDD0000FFFFEF763FD002081E7000004ED00E077
:10EDE0002DE9F04106460F46344654B900BF502085
:10EDF00080F31188BFF34F8FBFF36F8F00BF00BF49
:10EE0000FEE700F031FAA168884204D1E068401CB6
:10EE1000E060012508E039462046FFF705FF05467A
:10EE200015B1E068401CE0602846BDE8F0810000B4
:10EE300070B505460C4655B900BF502080F31188C7
:10EE4000BFF34F8FBFF36F8F00BF00BFFEE754B912
:10EE500000BF502080F31188BFF34F8FBFF36F8F37
:10EE600000BF00BFFEE7FEF7EFFC124802686868CB
:10EE7000131A2068401C08B9002617E00E492868BC
:10EE80000968884204D06868904201D801260DE0E4
:10EE90002068984207D92068C01A20602846FEF7EB
:10EEA00059FE002602E0002020600126FEF7F6FC55
:10EEB000304670BD14000020280000202DE9FF4FCF
:10EEC00085B0804689461746DDE912ABB800FEF7EB
:10EED00009FB064656B15C20FEF704FB04460CB164
:10EEE000266304E03046FEF7F7FC00E000248CB116
:10EEF000002084F85900CDE900ABCDE902403A4644
:10EF000049464046089BFDF77BFF2046FDF7AEFDD6
:10EF1000012501E04FF0FF35284609B0BDE8F08F2C
:10EF20002DE9F04F85B00746884691469A46DDE9BF
:10EF30000EB6109C0EB1012000E0002050B900BFB9
:10EF4000502080F31188BFF34F8FBFF36F8F00BF46
:10EF500000BFFEE70CB1012000E0002050B900BF67
:10EF6000502080F31188BFF34F8FBFF36F8F00BF26
:10EF700000BFFEE75C20039003985C2801D10120CC
:10EF800000E0002050B900BF502080F31188BFF38B
:10EF90004F8FBFF36F8F00BF00BFFEE700BFB4B15C
:10EFA000AEB125462C462E63022085F8590000207C
:10EFB00004A953464A46CDE900B1CDE90250414685
:10EFC0003846FDF71DFF2846FDF750FD01E0002003
:10EFD0000490049805B0BDE8F08F00002DE9F047DB
:10EFE00006460D46174698464FF0010A56B900BF2F
:10EFF000502080F31188BFF34F8FBFF36F8F00BF96
:10F0000000BFFEE73446FEF71FFCB8F1000F02D048
:10F01000606DC8F8000094F85890022084F85800F9
:10F02000052F17D2DFE807F01503070B0D00606D01
:10F030002843606521E0606D401C60651DE06565EA
:10F040001BE0B9F1020F01D0656501E04FF0000A45
:10F0500013E012E0606D401C08B9012000E00020C0
:10F0600050B900BF502080F31188BFF34F8FBFF31A
:10F070006F8F00BF00BFFEE700BF00BFB9F1010FF7
:10F0800032D1201DFEF72CFB1A49E06A096888423C
:10F0900002D91849E06A0860E16A01EB8101164A69
:10F0A00002EB8100211DFEF771FBA06A08B9012067
:10F0B00000E0002050B900BF502080F31188BFF35A
:10F0C0004F8FBFF36F8F00BF00BFFEE70B49E06AB1
:10F0D0000968C96A884207D94FF08050084908601A
:10F0E000BFF34F8FBFF36F8FFEF7D8FB5046BDE8DD
:10F0F000F087000018000020B80300200000002066
:10F1000004ED00E02DE9F84F07460E46904699467B
:10F11000DDF828B00120009057B900BF502080F3DF
:10F120001188BFF34F8FBFF36F8F00BF00BFFEE7A3
:10F13000FEF738FC3C4600BF5021EFF3118081F30D
:10F140001188BFF34F8FBFF36F8F00BF0546B9F132
:10F15000000F02D0606DC9F8000094F858A002209A
:10F1600084F85800B8F1050F17D2DFE808F015034E
:10F17000070B0D00606D3043606521E0606D401C41
:10F1800060651DE066651BE0BAF1020F01D066659F
:10F1900001E00020009013E012E0606D401C08B90F
:10F1A000012000E0002050B900BF502080F31188FA
:10F1B000BFF34F8FBFF36F8F00BF00BFFEE700BFED
:10F1C00000BFBAF1010F3CD1A06A08B9012000E0EC
:10F1D000002050B900BF502080F31188BFF34F8F3B
:10F1E000BFF36F8F00BF00BFFEE719480068A0B9EA
:10F1F000201DFEF775FA1749E06A0968884202D9AE
:10F200001449E06A0860E16A01EB8101124A02EBED
:10F210008100211DFEF7BAFA04E004F118010F483D
:10F22000FEF7B4FA0E49E06A0968C96A884208D94B
:10F23000BBF1000F02D00120CBF8000001200949EA
:10F24000086000BF85F3118800BF0098BDE8F88F03
:10F250003800002018000020B803002040080020DB
:10F2600000000020240000200149086870470000C9
:10F27000000000200549096809B9012005E004499A
:10F28000096809B9022000E0002070471C00002036
:10F290003800002001490868704700001400002071
:10F2A0002DE9F0414FF000084348006800287BD169
:10F2B00042480068451C4148056015BB404800684D
:10F2C000006808B9012000E0002050B900BF5020BC
:10F2D00080F31188BFF34F8FBFF36F8F00BF00BF64
:10F2E000FEE7374807683748006835490860354801
:10F2F000076035480068401C33490860FDF7E2FFAD
:10F3000000BF3248006885423BD300BF2C480068EC
:10F31000006808B9012000E0002020B14FF0FF3064
:10F320002A4908602CE026480068C068C4686668FE
:10F33000B54202D22548066022E0201DFEF7D0F932
:10F34000A06A18B104F11800FEF7CAF92049E06A72
:10F350000968884202D91E49E06A0860E16A01EB47
:10F3600081011C4A02EB8100211DFEF70FFA1A49A8
:10F37000E06A0968C96A8842C8D34FF00108C5E746
:10F3800000BF15480068C06A00EB8000114951F8C1
:10F390002000012801D94FF001081048006808B189
:10F3A0004FF0010805E0FFE70D480068401C0C49DC
:10F3B00008604046BDE8F0813800002014000020BD
:10F3C0000400002008000020280000203000002059
:10F3D00018000020B80300200000002024000020B6
:10F3E000200000202DE9F0410746884614461D46BE
:10F3F000FEF72AFA2148006890F85800022818D031
:10F400001E49096801F15400496DB94301600120AA
:10F410001A49096881F858005DB101212846FDF7B5
:10F42000E7FA4FF0805016490860BFF34F8FBFF3E3
:10F430006F8FFEF733FAFEF707FA1CB10F4800682A
:10F44000406D20600D48006890F85800022801D0F7
:10F45000002608E00949096801F15400496D21EAD4
:10F4600008010160012600200449096881F858005C
:10F47000FEF714FA3046BDE8F081000000000020DD
:10F4800004ED00E070B505462C460026002D43D063
:10F4900022480068844201D1012000E0002050B9D8
:10F4A00000BF502080F31188BFF34F8FBFF36F8FE1
:10F4B00000BF00BFFEE7206D50B900BF502080F3B1
:10F4C0001188BFF34F8FBFF36F8F00BF00BFFEE700
:10F4D000206D401E2065E16CE06A88421CD0206DE2
:10F4E000D0B9201DFEF7FCF8E06CE062E06AC0F1E4
:10F4F0003800A0610A49E06A0968884202D90849CF
:10F50000E06A0860E16A01EB8101064A02EB8100D2
:10F51000211DFEF73BF90126304670BD000000209A
:10F5200018000020B803002070B505462C460026C0
:10F53000002D42D02249E06A0968C96A884235D262
:10F54000A06900F0004028B91D480068C06AC0F1F9
:10F550003800A061E16A01EB81011A4A02EB8101E6
:10F560006069884201D1012000E00020C0B1201D67
:10F57000FEF7B6F812480068C06AE0621249E06A15
:10F580000968884202D91049E06A0860E16A01EB23
:10F5900081010C4A02EB8100211DFEF7F7F803E020
:10F5A00007480068C06AE062012606E00449E06C92
:10F5B0000968C96A884200D20126304670BD000041
:10F5C00000000020B80300201800002070B5064697
:10F5D000F068C46854B900BF502080F31188BFF3AD
:10F5E0004F8FBFF36F8F00BF00BFFEE704F118001D
:10F5F000FEF776F815480068A0B9201DFEF770F8F0
:10F600001349E06A0968884202D91149E06A086032
:10F61000E16A01EB81010F4A02EB8100211DFEF737
:10F62000B5F804E004F118010B48FEF7AFF80B49F8
:10F63000E06A0968C96A884204D90125012008499D
:10F64000086000E00025284670BD0000380000205A
:10F6500018000020B803002040080020000000200F
:10F660002400002070B5002400263648006850B9F8
:10F6700000BF502080F31188BFF34F8FBFF36F8F0F
:10F6800000BF00BFFEE7FEF7DFF82E480068401E0F
:10F690002C4908600846006800284ED12A480068B6
:10F6A00000284AD023E02948C068C46804F1180043
:10F6B000FEF716F8201DFEF713F82549E06A0968E1
:10F6C000884202D92249E06A0860E16A01EB8101BF
:10F6D000204A02EB8100211DFEF758F81E49E06A1E
:10F6E0000968C96A884202D301201C49086017488A
:10F6F000006808B9012000E000200028D3D00CB138
:10F70000FDF7E0FD1648056865B100BFFFF7C8FDCD
:10F7100010B10120114908606D1E002DF6D10020A6
:10F720000F4908600D48006838B1012630070D49BF
:10F730000860BFF34F8FBFF36F8FFEF7AFF830460F
:10F7400070BD00003800002010000020400800209C
:10F7500018000020B8030020000000202400002032
:10F760002000002004ED00E02DE9FC4705460E4690
:10F7700017469846DDF828902C20FDF7B3FE044686
:10F7800054B1002084F8280043463A4631462846C2
:10F79000CDE90094FDF793FB2046BDE8FC872DE9F9
:10F7A000FC4706460F4690469946DDE90AA52C20FF
:10F7B000019001982C2801D1012000E0002050B9CF
:10F7C00000BF502080F31188BFF34F8FBFF36F8FBE
:10F7D00000BF00BFFEE700BF55B900BF502080F357
:10F7E0001188BFF34F8FBFF36F8F00BF00BFFEE7DD
:10F7F0002C4654B1022084F828004B464246394634
:10F800003046CDE900A4FDF75AFB2046BDE8FC8751
:10F8100010B586B00024FDF785F916480068D0B110
:10F8200000200590049003AA04A905A8FDF778FF1D
:10F830000222DDE904100023CDE9002102900EA18F
:10F840000F48039AFFF76CFB0E49086008460068F2
:10F8500000B1012400BF54B900BF502080F31188CB
:10F86000BFF34F8FBFF36F8F00BF00BFFEE720468F
:10F8700006B010BD44000020546D72205376630022
:10F8800009D40408480000202DE9FF4704460D462E
:10F8900016461F46DDF830804FF0000954B900BF0E
:10F8A000502080F31188BFF34F8FBFF36F8F00BFDD
:10F8B00000BFFEE71448006810B30095019602945B
:10F8C000062D15DAFFF7D6FC022808D100234246A0
:10F8D00069460D480068FEF7A7FE814610E0002348
:10F8E0001A46694608480068FEF79EFE814607E012
:10F8F00000233A46694604480068FEF769FF8146DE
:10F90000484604B0BDE8F0874400002070B50446C6
:10F91000264654B900BF502080F31188BFF34F8FA3
:10F92000BFF36F8F00BF00BFFEE7FDF78DFF96F8B6
:10F93000280000F0010008B9002500E00125FDF7CE
:10F94000ADFF284670BD81F00041704780F0004057
:10F95000704721F00041704720F0004070470000E0
:10F9600021F00042A2F16052B2F5801F01F0004385
:10F9700028BFD2F17F6C0BD95FEA001C43EAC202B8
:10F9800042EB507018BF704728BF20F0010070474D
:10F99000B2F5801FBCBF184670474FEA410C1CF5FA
:10F9A000001F02D2084600F089BD70B500F090FB40
:10F9B00000000089FFF7F6BF4FF00040A0F580007F
:10F9C0007047000010B591EA030F48BF83F0004371
:10F9D00000F11C84841A71EB030C05D2121943EB5D
:10F9E0000C03001B61EB0C01DFF824E14FEA11541A
:10F9F000A4EB135C1EEA430F18BF9EEA445F73D06A
:10FA000023EA0E03DCF1200E21EA045143F48013B3
:10FA100032D322FA0CFE10EB0E0023FA0CFE41EB5F
:10FA20000E01CCF1200E03FA0EFE10EB0E0051F188
:10FA30000001B1F5801FCCF1200E32D201EB045150
:10FA400012FA0EF2BDE8104058BF7047401C38BF94
:10FA50005FEA420218BF7047002814BF20F001007F
:10FA600041F100014FEA410313F5001F38BF704711
:10FA7000A1F1C04100F07ABB012A43EB0302ACF1D3
:10FA8000200CDCF11F0E32BF4FF0000E23FA0CF3F6
:10FA900010EB030041EB0451B4EB115FD0D0A1EBAC
:10FAA000045101F5801149085FEA300001EB04516F
:10FAB0000ED350F1000038BF12FA0EFE08D1BDE897
:10FAC0001040C9E7401C38BF5FEA4202CAD1C3E711
:10FAD000BDE810404FEA410313F5001F38BF7047DF
:10FAE000A1F1C04100F042BB9EEA445F08D011EA98
:10FAF0005E0FBDE8104004BF01F0004100207047D8
:10FB0000BDE8104070B500F0E3FA00BF64FBBE3EF4
:10FB10000000E0FF491058BFC1F140415B1058BFE1
:10FB2000C3F140438B42EFF3008070472DE9C041A1
:10FB300030B4DFF8A0C23CEA111418BF3CEA131439
:10FB400000F0EC8081EA03051CEA111444EAD57444
:10FB500018BF1CEA131500F0C780A4EB05044FF092
:10FB6000004545EAC12145EAC32341EA505143EA31
:10FB7000525304F17F74994204F500344FEAC020D7
:10FB80004FEAC22208BF904200F09C804FEA136502
:10FB90000FF24016765D4FEA134506FB05F7C7F1F5
:10FBA000807706FB07F74FEAD737A7FB0368764253
:10FBB000C8F58038A7FB06CE38BFA8F1010807FBBF
:10FBC00008E64FF0000EA6FB028CE6FB03CEDCF14C
:10FBD000000CCEF1004E38BFAEF1010EA6FB0C5862
:10FBE0004FF000074FF00005E6FB0E87A1FB08C6AB
:10FBF000A0FB07CE16EB0E0645F10005E1FB0765FD
:10FC000015F1E04E7EBFA4F580345FEA46066D41F3
:10FC100016F1800745F100054FEA17274FEA0666FF
:10FC200047EA0567A6F1DE46B6F1805F4FEA152583
:10FC30001FD9384624F0010C05EBC471BCF1FE6FEE
:10FC400001EB0C1102D8F0BCBDE8008124425CBF7E
:10FC500001F5801E9EEAC47F02D4F0BCBDE800819D
:10FC6000244238D4F0BCA1F1C041BDE8004100F00D
:10FC70007DBA4FEAD22242EA43524FEAD323A7FB8E
:10FC800002864FEAD02040EA415007FB03661EEA95
:10FC90000E0F4FEAD12105FB026658BFA6EB0056B6
:10FCA000B6EB00564FEA520E4EEAC37E18EB0E0E2C
:10FCB00056EB530EBDD518EB02085E417F1C55F183
:10FCC0000005B6E74FF480154FF000074FF000062F
:10FCD0004FF00008ADE7F0BC4FF0000001F1C0416B
:10FCE00001F00041BDE8008111EA0C1F0CEA131578
:10FCF00000D00CE013EA0C1F00F025804FF000004C
:10FD0000F0BC81EA030101F00041BDE80081F0BCD4
:10FD1000BDE8004181EA030100F028BAF0BCBDE86B
:10FD2000004170B500F0D4F9097EFC3E00F007B840
:10FD300081EA03014FF0000001F00041704781EAC1
:10FD4000030100F013BAF0BCBDE800414FF0000021
:10FD500021497047FFFDFBF9F7F5F4F2F0EEEDEB0A
:10FD6000E9E8E6E4E3E1E0DEDDDBDAD8D7D5D4D3B9
:10FD7000D1D0CFCDCCCBCAC8C7C6C5C4C2C1C0BF05
:10FD8000BEBDBCBBBAB9B8B7B6B5B4B3B2B1B0AF0B
:10FD9000AEADACABAAA9A8A8A7A6A5A4A3A3A2A1EF
:10FDA000A09F9F9E9D9C9C9B9A99999897979695AA
:10FDB00095949393929191908F8F8E8E8D8C8C8B46
:10FDC0008B8A8989888887878685858484838382CE
:10FDD000828181800000FF070000F87F51EA030C58
:10FDE00017D41CF5801F58BFBCF5801F00F106809A
:10FDF000994218BF704708BF9042704707D711F566
:10FE0000801F58BF13F5801F19D49942704789424B
:10FE100070471CF5801F08D5BCF5801FF7D58B42B5
:10FE200018BF704708BF824270474FF4001C1CEB9C
:10FE3000410F38BF1CEB430F01D28B42704770B5A6
:10FE400000F046F9922449004FF000514FF08053E2
:10FE5000FFF760BE4FEA1153A3F58063D3F11E0391
:10FE6000A8BFD3F1200C08DB4FF0004242EAC122C8
:10FE700052EA505232FA03F0704709420BD4102B69
:10FE8000C4BF0020704703F5787CBCF1FF3F05D06C
:10FE90004FF0FF3070474FF00000704770B500F032
:10FEA00017F900BF4992248000207047F0E710F056
:10FEB000004248BF4042B0FA80F310FA03F10AD082
:10FEC000C3F11D0303F580634FEA415002EB035277
:10FED00002EBD12170474FF000007047B0FA80F379
:10FEE00010FA03F10AD0C3F11D0303F580634FEA52
:10FEF00041504FEA035202EBD12170474FF000000E
:10FF00007047000051EA030C17D41CF5801F58BF3E
:10FF1000BCF5801F00F10680994218BF704708BFEA
:10FF20009042704707D711F5801F58BF13F5801F07
:10FF300019D499427047894270471CF5801F08D533
:10FF4000BCF5801FF7D58B4218BF704708BF8242AF
:10FF500070474FF4001C1CEB410F38BF1CEB430FE4
:10FF600001D28B42704770B500F0B2F8922449007C
:10FF70004FF000514FF08053FFF7CCBDDFF848C180
:10FF800070B51CEA111E1EBF1CEA13159EEA0C0F69
:10FF900095EA0C0F00F06F8081EA030423EA4C130A
:10FFA0004EEAD47E21EA4C1141F4801143F48013CF
:10FFB000AE44A1FB024CA0FB0365AEF17F7E361977
:10FFC00055EB0C05A1FB034C4CF10003A0FB021CFC
:10FFD00016EB0C06654153F10003094218BF46F0C9
:10FFE000010613F4007F0BD14FEA03314FEA0530CD
:10FFF000340341EA155140EA16506FF003020AE05B
:020000040805ED
:100000004FEAC3214FEAC520F40241EA555140EAC4
:1000100056506FF0020202EB2E4201EB025585EAC8
:10002000CE710AD05FEA440C18BF24F0004450F1AE
:10003000000041F1000120EAD47040F2FE7C6245EC
:1000400000D270BDA84214BF4FF080444FF040442E
:10005000002E08BF0024BEF1806FA8BFA1F1C041EF
:10006000BDE8704080F282804FF0000001F1C04195
:1000700001F0004170479EEA0C0F0CEA131518BFFF
:1000800095EA0C0F06D04FF0000081EA030E0EF047
:10009000004170BD00F01CF88900013E00F007B877
:1000A00000F009B84FEA430C5FEA5C5C08D081EAD3
:1000B000030100F05BB84FEA410C5FEA5C5CF6D1EB
:1000C0004FF00000014970470000FF070000F87F73
:1000D0000EF1020E2EF0030E5EF8046B364205D4CC
:1000E000012A43EB030515F5001F12D8012841EB47
:1000F000010C1CF5001F0CD80ED14FEAD17C15F570
:10010000001F0CEB4C0C0CF1020C08BF4CEBD37C29
:1001100004E04FF0080C01E04FEAD37C0CEB4C05F7
:1001200026FA05F606F00706B6F1040C06D20EEB29
:10013000860CBDE870404CF0010C6047DFE80CF025
:10014000090B02024FF000414FF00000A1F5002121
:1001500070BD19461046012851EB010418BFD4F5B3
:10016000001484BF002001F0004170BD0808A0F514
:1001700000114FEA3101704753EA010C17D41CF506
:10018000801F58BFBCF5801F00F106808B4218BF4E
:10019000704708BF8242704707D713F5801F58BFCA
:1001A00011F5801F19D48B4270479B4270471CF594
:1001B000801F08D5BCF5801FF7D5994218BF70473E
:1001C00008BF904270474FF4001C1CEB430F38BF30
:1001D0001CEB410F01D2994270470FB40CBC03BC19
:1001E000FFF7C1BE91EA030F10B581F000413FF562
:1001F000F1AB83F0004300F009B8000010B591EABC
:10020000030F48BF83F000433FF5E4AB841A71EB62
:10021000030C07D212198CF0004C43EB0C03001BAB
:1002200061EB0C01DFF8A4E14FEA1154A4EB135C7D
:100230001EEA430F18BF9EEA445F00F0B08023EA35
:100240006E03524221EA0451C3EB6E0338BF5B1EBA
:10025000DCF1200E25D322FA0CFE10EB0E0043FA3F
:100260000CFE41EB0E01CCF1200E03FA0EFE10EB5A
:100270000E0051F10001CCF1200E29D412FA0EF239
:1002800001EB0451BDE8104058BF7047401C1CBF33
:10029000B2F1004F704700280CBF491C20F001004C
:1002A000704712EB020E43EB030218BF4FF0010E32
:1002B0004EEA4202ACF1200CDCF11E0E54D943FA96
:1002C0000CFE10EB0E0051F1FF31CCF11E0ED5D516
:1002D0000EF1010E12FA0EFE404141EB010101EB5D
:1002E000445C5FEA5C5C10D910EBDE7001EB0451FA
:1002F00038BFBEF1004FBDE8104018BF704700285E
:100300000CBF491C20F00100704730D24FEAD42CBA
:1003100011F5001124F400641BD0B1FA81F20B3AFC
:10032000A41AA41ED2F12003914030FA03F319431A
:10033000904001EBCC71002C01EB0451BDE8104062
:10034000A8BF704701F1C0414FF0000001F000412B
:100350007047B0FA80F310FA03F100D110BDE41A2F
:10036000173C4805C90AE4E701EB045110BD4910E8
:1003700001EB0451BDE810404FEA300002E04FF0BD
:10038000000170474A0008BF0042F8D0B2F5001FD4
:1003900028BF704701F000414FF0000070479EEA0F
:1003A000445F07D011EA5E0FBDE8104004BF002192
:1003B00000207047BDE8104070B5FFF789FE00BF10
:1003C00040DFF63E83F00041104670470000E0FF3A
:1003D00043004FEAD30C4FEA3C0C43401FBF400799
:1003E0000CF1605113F0FE4F70471CF0006F03D109
:1003F00000200CF0004170470CF0004343EA5070BD
:1004000010B540EACC0000F00EF800BF00000092EA
:100410004FEA0001FFF7AABE4FF000414FF0000085
:10042000A1F5002170470EF1020E2EF0030E5EF8CA
:10043000044B244204D44FEA4102B2F17F4F11D859
:100440004FEA4003B3F17F4F0CD80ED14FEAD07C76
:10045000B2F17F4F0CEB4C0C0CF1020C08BF4CEBD3
:10046000D17C04E04FF0080C01E04FEAD17C0CEBAA
:100470004C0324FA03F404F00704B4F1040C06D28C
:100480000EEB840CBDE810404CF0010C6047DFE837
:100490000CF0070802024FF00040A0F5800010BDEC
:1004A0000846420018BFD2F1807288BF00F00040B9
:1004B00010BD4FF04070E1EE100A7047FF2141EA95
:1004C000D050C005704700C1814001C0804101C0CB
:1004D000804100C1814001C0804100C1814000C114
:1004E000814001C0804101C0804100C1814000C104
:1004F000814001C0804100C1814001C0804101C0F4
:10050000804100C1814001C0804100C1814000C1E3
:10051000814001C0804100C1814001C0804101C0D3
:10052000804100C1814000C1814001C0804101C0C3
:10053000804100C1814001C0804100C1814000C1B3
:10054000814001C0804101C0804100C1814000C1A3
:10055000814001C0804100C1814001C0804101C093
:10056000804100C1814000C1814001C0804101C083
:10057000804100C1814001C0804100C1814000C173
:10058000814001C0804100C1814001C0804101C063
:10059000804100C1814001C0804100C1814000C153
:1005A000814001C0804101C0804100C1814000C143
:1005B000814001C0804100C1814001C0804101C033
:1005C000804100C1814000C0C101C30302C2C60610
:1005D00007C705C5C404CC0C0DCD0FCFCE0E0ACA7B
:1005E000CB0BC90908C8D81819D91BDBDA1A1EDECB
:1005F000DF1FDD1D1CDC14D4D515D71716D6D2127B
:1006000013D311D1D010F03031F133F3F23236F68A
:10061000F737F53534F43CFCFD3DFF3F3EFEFA3A3A
:100620003BFB39F9F83828E8E929EB2B2AEAEE2ECA
:100630002FEF2DEDEC2CE42425E527E7E62622E23A
:10064000E323E12120E0A06061A163A3A26266A68A
:10065000A767A56564A46CACAD6DAF6F6EAEAA6AFA
:100660006BAB69A9A86878B8B979BB7B7ABABE7E4A
:100670007FBF7DBDBC7CB47475B577B7B67672B2FA
:10068000B373B17170B0509091519353529296568A
:100690005797559594549C5C5D9D5F9F9E5E5A9ABA
:1006A0009B5B99595898884849894B8B8A4A4E8E4A
:1006B0008F4F8D4D4C8C44848545874746868242BA
:1006C000438341818040102840587088A0B80000C2
:1006D00000000404040000080000000800000800F6
:1006E00000000800020406080A0C000102030405C9
:1006F00006102840587088A0B800000000040404C8
:1007000000000800000008000008000000080002C7
:100710000406080A0C0001020304050610284058CC
:100720007088A0B800000000040404000008000065
:1007300000080000080000000800020406080A0C77
:100740000001020304050600102840587088A0B874
:10075000000000000404040000080000000800007D
:10076000080000000800020406080A0C0001020349
:10077000040506000000000000000000000000006A
:10078000000058025802580258025802C800580285
:100790005802580258029001580258025802580252
:1007A0005802900158025802580258025802580242
:1007B00000000000000000005802000000000000DF
:1007C0000000000000000000000000000000000029
:1007D00000000000000000005802580258025802B1
:1007E0005802580258025802580220035802580270
:1007F0005802580258025802000000000000000091
:100800000700000004000000B3A804080000000076
:100810000800000080000000B3A8040800000000E9
:100820000900000008000000B3A804080000000050
:100830000B00000010000000B3A804080000000036
:100840000A00000020000000B3A804080000000017
:100850000C00000040000000B3A8040800000000E5
:100860002200000001000000B3A8040800000000FE
:100870000500000000020000B3A80408000000000A
:100880000200000000050000B3A8040800000000FA
:100890000300000002000000B3A8040800000000EC
:1008A0000400000002100000B3A8040800000000CB
:1008B0000600000000400000B3A80408000000008B
:1008C0002400000000200000B3A80408000000007D
:1008D0000000000000000000000000000000000018
:1008E0000000000000000000000000000000000008
:1008F00000000000000000000000000000000000F8
:1009000000000000000000000000000000000000E7
:1009100000000000000000000000000000000000D7
:1009200000000000000000000000000000000000C7
:1009300000000000000000000000000000000000B7
:100940000700000004000000B3A804087C010000B8
:100950000800000080000000B3A804087C0100002B
:100960000900000008000000B3A804087C01000092
:100970000B00000010000000B3A80408C80000002D
:100980000A00000020000000B3A804087C01000059
:100990000C00000040000000B3A804086400000040
:1009A0002200000001000000B3A80408F4010000C8
:1009B0000500000000020000B3A80408F4010000D4
:1009C0000200000000050000B3A80408F4010000C4
:1009D0000300000002000000B3A804087C0100002E
:1009E0000400000002100000B3A804087C0100000D
:1009F0000600000000400000B3A80408F401000055
:100A00002400000000200000B3A80408F401000046
:100A100000000000000000000000000000000000D6
:100A200000000000000000000000000000000000C6
:100A300000000000000000000000000000000000B6
:100A400000000000000000000000000000000000A6
:100A50000000000000000000000000000000000096
:100A60000000000000000000000000000000000086
:100A70000000000000000000000000000000000076
:100A80000700000004000000B3A8040800000000F4
:100A90000800000080000000B3A804080000000067
:100AA0000900000008000000B3A8040800000000CE
:100AB0000B00000010000000B3A8040800000000B4
:100AC0000A00000020000000B3A804080000000095
:100AD0000C00000040000000B3A804080000000063
:100AE0002200000001000000B3A80408000000007C
:100AF0000500000000020000B3A804080000000088
:100B00000200000000050000B3A804080000000077
:100B10000300000002000000B3A804080000000069
:100B20000400000002100000B3A804080000000048
:100B30000600000000400000B3A804080000000008
:100B40002400000000200000B3A8040800000000FA
:100B50000000000000000000000000000000000095
:100B60000000000000000000000000000000000085
:100B70000000000000000000000000000000000075
:100B80000000000000000000000000000000000065
:100B90000000000000000000000000000000000055
:100BA0000000000000000000000000000000000045
:100BB0000000000000000000000000000000000035
:100BC0000700000004000000B3A8040800000000B3
:100BD0000800000080000000B3A804080000000026
:100BE0000900000008000000B3A80408000000008D
:100BF0001600000010000000B3A804080000000068
:100C000017000000010000003BA8040800000000DD
:100C10000F00000020000000B3A80408000000003E
:100C20002000000001000000B3A80408000000003C
:100C30001A00000060000000B3A8040800000000D3
:100C40001F000000020000003BA804080000000094
:100C50000200000000010000B3A80408000000002A
:100C60000300000002000000B3A804080000000018
:100C70000400000002100000B3A8040800000000F7
:100C80000600000000400000B3A8040800000000B7
:100C90002400000000200000B3A8040800000000A9
:100CA0000000000000000000000000000000000044
:100CB0000000000000000000000000000000000034
:100CC0000000000000000000000000000000000024
:100CD0000000000000000000000000000000000014
:100CE0000000000000000000000000000000000004
:100CF00000000000000000000000000000000000F4
:100D00000700000004000000B3A804080000000071
:100D10000800000080000000B3A8040800000000E4
:100D20000900000008000000B3A80408000000004B
:100D30001700000010000000B3A804080000000025
:100D40001900000020000000B3A804080000000003
:100D50001100000040000000B3A8040800000000DB
:100D60000200000000050000B3A804080000000015
:100D70002200000001000000B3A8040800000000E9
:100D80000500000000020000B3A8040800000000F5
:100D90000300000002000000B3A8040800000000E7
:100DA0000400000002100000B3A8040800000000C6
:100DB0000600000000400000B3A804080000000086
:100DC0002400000000200000B3A804080000000078
:100DD0000000000000000000000000000000000013
:100DE0000000000000000000000000000000000003
:100DF00000000000000000000000000000000000F3
:100E000000000000000000000000000000000000E2
:100E100000000000000000000000000000000000D2
:100E200000000000000000000000000000000000C2
:100E300000000000000000000000000000000000B2
:100E40000700000004000000B3A804080000000030
:100E50000800000080000000B3A8040800000000A3
:100E60000900000008000000B3A80408000000000A
:100E70001700000010000000B3A8040800000000E4
:100E80001900000020000000B3A8040800000000C2
:100E90001100000040000000B3A80408000000009A
:100EA0000100000001000000B3A8040800000000D9
:100EB0000200000000010000B3A8040800000000C8
:100EC0000500000000020000B3A8040800000000B4
:100ED0000300000002000000B3A8040800000000A6
:100EE0000400000002080000B3A80408000000008D
:100EF0000600000000400000B3A804080000000045
:100F000000000000000000000000000000000000E1
:100F100000000000000000000000000000000000D1
:100F200000000000000000000000000000000000C1
:100F300000000000000000000000000000000000B1
:100F400000000000000000000000000000000000A1
:100F50000000000000000000000000000000000091
:100F60000000000000000000000000000000000081
:100F70000000000000000000000000000000000071
:100F80000700000002000000B3A8040800000000F1
:100F90000800000010000000B3A8040800000000D2
:100FA0000900000080000000B3A804080000000051
:100FB0003D00000004000000B3A804080000000089
:100FC0003E00000020000000B3A80408000000005C
:100FD0003F00000040000000B3A80408000000002B
:100FE0004000000000800000B3A8040800000000DA
:100FF0004100000000000100B3A804080000000048
:101000002200000000200000B3A804080000000037
:101010000200000008030000B3A80408000000005C
:101020000300000001000000B3A804080000000055
:101030000400000000100000B3A804080000000035
:101040000600000000400000B3A8040800000000F3
:101050002400000000080000B3A8040800000000FD
:101060000500000000040000B3A804080000000010
:101070000000000000000000000000000000000070
:101080000000000000000000000000000000000060
:101090000000000000000000000000000000000050
:1010A0000000000000000000000000000000000040
:1010B0000000000000000000000000000000000030
:1010C0000700000004000000B3A8040800000000AE
:1010D0000800000080000000B3A804080000000021
:1010E0000900000008000000B3A804080000000088
:1010F0001800000010000000B3A804080000000061
:101100001000000020000000B3A804080000000048
:101110001400000040000000B3A804080000000014
:101120000100000001000000B3A804080000000056
:101130000200000000010000B3A804080000000045
:101140000300000002000000B3A804080000000033
:101150000400000002100000B3A804080000000012
:101160000600000000000200B3A804080000000010
:10117000000000000000000000000000000000006F
:10118000000000000000000000000000000000005F
:10119000000000000000000000000000000000004F
:1011A000000000000000000000000000000000003F
:1011B000000000000000000000000000000000002F
:1011C000000000000000000000000000000000001F
:1011D000000000000000000000000000000000000F
:1011E00000000000000000000000000000000000FF
:1011F00000000000000000000000000000000000EF
:101200000700000004000000B3A80408000000006C
:101210000800000080000000B3A8040800000000DF
:101220000900000008000000B3A804080000000046
:101230001600000010000000B3A804080000000021
:101240001700000020000000B3A804080000000000
:101250000F00000040000000B3A8040800000000D8
:101260002200000001000000B3A8040800000000F4
:101270000200000000050000B3A804080000000000
:101280000500000000020000B3A8040800000000F0
:101290000300000002000000B3A8040800000000E2
:1012A0000400000002100000B3A8040800000000C1
:1012B0000600000000400000B3A804080000000081
:1012C0002400000000000200B3A804080000000091
:1012D000000000000000000000000000000000000E
:1012E00000000000000000000000000000000000FE
:1012F00000000000000000000000000000000000EE
:1013000000000000000000000000000000000000DD
:1013100000000000000000000000000000000000CD
:1013200000000000000000000000000000000000BD
:1013300000000000000000000000000000000000AD
:101340000700000004000000B3A80408000000002B
:101350000800000080000000B3A80408000000009E
:101360000900000008000000B3A804080000000005
:101370001700000010000000B3A8040800000000DF
:101380001100000020000000B3A8040800000000C5
:101390000C00000040000000B3A80408000000009A
:1013A0002200000001000000B3A8040800000000B3
:1013B0000200000000050000B3A8040800000000BF
:1013C0000500000000020000B3A8040800000000AF
:1013D0000300000002000000B3A8040800000000A1
:1013E0000400000002100000B3A804080000000080
:1013F0000600000000400000B3A804080000000040
:101400002400000000200000B3A804080000000031
:1014100000000000000000000000000000000000CC
:1014200000000000000000000000000000000000BC
:1014300000000000000000000000000000000000AC
:10144000000000000000000000000000000000009C
:10145000000000000000000000000000000000008C
:10146000000000000000000000000000000000007C
:10147000000000000000000000000000000000006C
:10148000C016050800000000000000000000000079
:101490000000000000020000180000000000000032
:1014A00000000000A8160508000000000000000071
:1014B0000000000000000000000400001800000010
:1014C00000000000000000008C160508000000006D
:1014D0000000000000000000000000000004000008
:1014E000200000000000000000000000B416050805
:1014F00000000000000000000000000000000000EC
:1015000000040000300000000000000000000000A7
:101510009816050800000000000000000000000010
:1015200000000000000200000800000000000000B1
:1015300000000000F0160508000000000000000098
:1015400000000000D01605080000000000000000A8
:1015500000000000E0160508000000000000000088
:101560000000000004170508000000000000000053
:101570000000000010170508000000000000000037
:1015800000000000FC16050800000000000000003C
:1015900000000000701605080000000000000000B8
:1015A00000000000781605080000000000000000A0
:1015B0000000000084160508000000000000000084
:1015C00000000000102840587088A0B800000000FB
:1015D0000404040000080000000810284058708827
:1015E000A0B80000102840587088A0B80000000083
:1015F00000000000000000000000000000000000EB
:1016000000000000000000000000000001020304D0
:101610000607080900000000010203040400000896
:1016200000000000000000020001000010000000A7
:1016300004FA97999999D93FAF788E1DC571CC3F1F
:101640009FC678D0099AC33F935555555555E53FE8
:10165000599322942449D23FDE03CB966446C73F78
:1016600044523EDF12F1C23F0000000000000000C3
:101670005556646174610000486F73744D62646113
:1016800074610000486F744D7367000050726F639F
:101690005461736B00000000537469724374726C80
:1016A0005461736B0000000054656D705461736B7E
:1016B00000000000734D6F646275735461736B00BA
:1016C00044617461436F6C6C6563745461736B0047
:1016D000486F74486F6C6454696D65720000000057
:1016E0005265706F72745374657054696D657200E1
:1016F0004D6F746F7254696D65720000436F6D6D4C
:10170000335278006F734144534D7574657800000F
:1017100054656D70446174614D75746578000000A6
:10172000401705080000002078030000C4010408E9
:101730001418050878030020109D000020020408FA
:1017400001741AAA01D104121001400229023211B7
:1017500036A9B60408043659B504080336CDB404D6
:101760000810365FB8040806368DB70408171AE566
:101770002032013673B30408051A1D18320F1ACF30
:101780000829721A2138326636F1B20408671AD174
:1017900058012A8A010216459EB358011B20949DC8
:1017A000297012AA1A0F0845D00788130312C8AF70
:1017B0000316803F093618237A442B20400813F47F
:1017C000631B20EC041B6C62049908013C9B6009BC
:1017D0000C0212EA134C021B204D041A4E041A4F3D
:1017E00004198C12411248199019A2041590A0B046
:1017F0003B140120610370B80B0516758C040819A1
:10180000BC3904013613FC6F12205324F432103219
:0418100001000000D3
:040000050804018961
:00000001FF
