:020000040804EE
:1000000080A00020310304080B600408452F040879
:10001000E95F04086F0C04085DAC040800000000F0
:100020000000000000000000000000007102040851
:10003000C916040800000000CD020408599F0408F6
:100040004B030408ED6704084B0304084B03040842
:100050004B0304084B0304084B0304084B03040838
:100060004B0304084B0304084B0304084B03040828
:10007000511204084B030408C11204084B0304087E
:100080004B0304084B0304084B0304084B03040808
:100090004B0304084B0304084B0304084B030408F8
:1000A0004B0304084B0304089DA004084B030408F9
:1000B0004B0304084B0304084B0304084B030408D8
:1000C0004B0304084B0304084B0304084B030408C8
:1000D0004B03040899A904084B030408D9A9040890
:1000E0004B0304084B0304084B0304084B030408A8
:1000F0004B030408A5A004084B0304084B030408A1
:100100004B0304084B0304084B0304084B03040887
:100110004B0304084B0304084B030408A1A0040884
:100120005D1304089D1404084B0304084B030408E2
:100130004B0304084B0304084B0304084B03040857
:100140004B0304084B0304084B0304084B03040847
:100150004B0304080D1504084B03040839AA0408CE
:100160004B0304084B0304084B0304084B03040827
:100170004B0304084B0304084B0304080000000071
:100180004B0304084B03040800F002F800F061F888
:100190000AA090E8000C82448344AAF10107DA45E2
:1001A00001D100F056F8AFF2090EBAE80F0013F0D3
:1001B000010F18BFFB1A43F0010318470C1501008B
:1001C0002C1501000A444FF0000C10F8013B13F00D
:1001D000070408BF10F8014B1D1108BF10F8015BA0
:1001E000641E05D010F8016B641E01F8016BF9D193
:1001F00013F0080F1EBF10F8014BAD1C0C1B09D1EA
:100200006D1E58BF01F801CBFAD505E014F8016B5B
:1002100001F8016B6D1EF9D59142D6D370470000ED
:100220000023002400250026103A28BF78C1FBD8FF
:10023000520728BF30C148BF0B607047642900F0E7
:100240002581002070471FB510F007F91FBD10B5BC
:1002500010BD00F049FB1146FFF7F5FF0BF0ACFFB6
:1002600000F067FB03B4FFF7F2FF03BC0AF0FFFFE7
:100270002C4B19680868B0E8F04F80F30988BFF389
:100280006F8F4FF0000080F311887047000000006E
:1002900008480068006880F308884FF0000080F389
:1002A000148862B661B6BFF34F8FBFF36F8F00DF64
:1002B00000BF00BF08ED00E0DFF80C00016841F46A
:1002C00070010160704700BF88ED00E0EFF3098026
:1002D000BFF36F8F134B1A681EF0100F08BF20ED8D
:1002E000108A20E9F04F106009B44FF0500080F3FD
:1002F0001188BFF34F8FBFF36F8F0DF019FD4FF0D3
:10030000000080F3118809BC19680868B0E8F04F54
:100310001EF0100F08BFB0EC108A80F30988BFF3FD
:100320006F8F704700000020EFF3058070470000DA
:100330000948804709480047FEE7FEE7FEE7FEE779
:10034000FEE7FEE7FEE7FEE7FEE7FEE704480549B5
:10035000054A064B704700007DA004088901040887
:100360008078002080A000208098002080980020C5
:1003700053EA020C00F069802DE9F04B4FF00006C3
:10038000002B1FBFB3FA83F503FA05F424FA05F630
:100390005E4012BF1643B2FA82F502FA05F4C5F1C7
:1003A00020051EBF22FA05FC44EA0C04203556EA5B
:1003B000044C4FEA144418BF641C4FF000084FF07F
:1003C0000009904271EB030C39D3002919BFB1FA2F
:1003D00081F701FA07F6B0FA80F700FA07F6C7F1DD
:1003E00020071EBF20FA07FC46EA0C062037B6FBA2
:1003F000F4FCA7EB0507103F07F01F0BCBF120061D
:100400000CFA0BFB2CFA06F644BFB3460026202F4D
:10041000A4BF5E464FF0000B5BEA060C08BF4FF02E
:10042000010B19EB0B09ABFB027C48EB0608C01B68
:1004300006FB02CC0BFB03CC71EB0C01C1E70B46B6
:10044000024641464846BDE8F08B13B54FF0000028
:100450004FF00001AFF30080BDE81C407047000082
:100460000FB41CB5084B06AA7B446946009005985A
:1004700000F0F7F904460020694600F005FA20462E
:100480001CBC5DF814FB00001D0400002DE9F041C8
:100490000646002410687529314616A510D0AFF322
:1004A0000080002802DA404213A507E031688A077D
:1004B00001D512A502E0490704D511A5012401E0E8
:1004C000AFF3008000210A2206F1240709E0B0FB07
:1004D000F2FCB0FBF2F302FB1C00303078541846FB
:1004E000491C0028F3D123462A463046BDE8F04196
:1004F00000F058B9000000002D0000002B000000A3
:10050000200000002DE9F05F894604464FF0000A04
:10051000DFF824B1FB44C0F820A02046E1688847FA
:1005200000287DD0252806D0D4E901219047206AF3
:10053000401C2062F1E700255F462046E1688847BD
:100540002028064607DB312E05D2B81910F8200CFA
:1005500008B10543F1E7A80701D525F00405C4F863
:100560001CA00027C4F818A02A2E09D030460AF093
:1005700077FE38B304EB8708303EC8F8186019E0FE
:1005800059F8041B204604EB87029161E168884713
:10059000012F064618D1E069002820DA25F0200551
:1005A0001DE0D8F8180000EB800006EB4000303862
:1005B000C8F818002046E168884706460AF050FE51
:1005C0000028EED1012F0AD02E2E08D12046E16856
:1005D00088477F1C0646022F45F02005C4DBA06932
:1005E000002803DA404245F00105A061E80701D088
:1005F00025F01005A6B1A6F14100192802D8203631
:1006000045F400654A463146204625604D46FFF7D1
:1006100015FE60B1012807D0ED1D25F0070000E0B0
:1006200007E000F1080978E705F1040975E73046AD
:100630007AE7206ABDE8F09FAC100100032A40F27F
:10064000308010F0030C00F0158011F8013BBCF174
:10065000020F624498BF11F801CB00F8013B38BF8C
:1006600011F8013BA2F1040298BF00F801CB38BF9A
:1006700000F8013B11F0030300F02580083AC0F0B8
:10068000088051F8043B083A51F804CBA0E8081060
:10069000F5E7121D5CBF51F8043B40F8043BAFF393
:1006A0000080D20724BF11F8013B11F801CB48BFED
:1006B00011F8012B24BF00F8013B00F801CB48BF23
:1006C00000F8012B704710B5203AC0F00B80B1E85C
:1006D0001850203AA0E81850B1E81850A0E8185077
:1006E000BFF4F5AF5FEA027C24BFB1E81850A0E880
:1006F000185044BF18C918C0BDE810405FEA827C9A
:1007000024BF51F8043B40F8043B08BF7047D207B0
:1007100028BF31F8023B48BF11F8012B28BF20F851
:10072000023B48BF00F8012B704702F0FF0343EA89
:10073000032242EA024200F0AEB84FF0000200B5D8
:10074000134694469646203922BFA0E80C50A0E8F4
:100750000C50B1F12001BFF4F7AF090728BFA0E8A2
:100760000C5048BF0CC05DF804EB890028BF40F86E
:10077000042B08BF704748BF20F8022B11F0804FB0
:1007800018BF00F8012B704770477047704710B5CD
:1007900000F0A2F8006810BD10B5044600F09CF807
:1007A000046010BD2DE9F0470D4699469246044677
:1007B00000F124080168880604D5E06921F01001E1
:1007C000216000E00120A84201DD471B00E0002776
:1007D000A1697A1902EB0900081AA0612078C00605
:1007E00002D42046AFF30080002608E0D4E90121BE
:1007F0001AF806009047206A401C761C20624E457D
:10080000F4DB2078C0060AD52046AFF3008006E06E
:10081000D4E9012130209047206A401C2062381E14
:10082000A7F10107F4DC07E0D4E9012118F805007D
:100830009047206A401C2062281EA5F10105F3DCC8
:100840002046AFF300802078000602D50220BDE8E4
:10085000F0870120FBE7000001694A1C026108786B
:10086000704700B58FB0CDE90131002105910549F0
:100870007944CDE9031011466846FFF743FE0FB0F7
:1008800000BD0000E5FFFFFF0A6802F8010B0A60E7
:1008900070474FF000020429C0F0128010F0030CE2
:1008A0003FF44DAFCCF1040CBCF1020F18BF00F8BF
:1008B000012BA8BF20F8022BA1EB0C01FFF73FBFD3
:1008C0005FEAC17C24BF00F8012B00F8012B48BF70
:1008D00000F8012B70470000004870472078002086
:1008E00000487047207800207546FFF7F9FFAE46B4
:1008F00005006946534620F00700854618B020B52C
:10090000FFF724FDBDE820404FF000064FF0000740
:100910004FF000084FF0000B21F00701AC46ACE8A7
:10092000C009ACE8C009ACE8C009ACE8C0098D4614
:10093000704710B50446AFF300802046BDE8104074
:10094000FFF790BC30B14FF480510A04054B9A6117
:1009500000BF05E04FF48051024A916100BF00BF23
:10096000704700000004024008B500200090B1204C
:1009700000906A460121002000F00DF9002000904F
:100980006A46012100F042F800200090C420009047
:100990006A460121084600F0FEF8002000906A46F1
:1009A0000121084600F032F800200090202000903D
:1009B0006A460121022000F0EEF8002000906A460D
:1009C0000121022000F022F800F0D0F808BD10B597
:1009D0000120FFF7B7FF102000F082F8FF2000F0A1
:1009E00037F80446FF2000F033F840EA0424FF20E3
:1009F00000F02EF840EA042404F4000008B144F0AA
:100A00007F440020FFF79EFF204610BD2DE9F041F6
:100A100006460C4615460120FFF794FF0C2101EA1B
:100A20008601621E02F00302114341F0200000F033
:100A30000FF8002704E0FF2000F00AF801C57F1C32
:100A4000A742F8DB0020FFF77DFFBDE8F081000042
:100A500010B5044600201E4908800CE01C480088A0
:100A6000401C1B4908800846008844F620618842E3
:100A700001DD002010BD174803F089FD0028EDD0EE
:100A800013480088144908802146124803F084FD69
:100A900000200F4908800CE00D480088401C0C49DC
:100AA00008800846008844F62061884201DD002065
:100AB000E0E7084803F066FD0028EDD00448008810
:100AC0000649088000BF0348007B00BFD2E7000052
:100AD00080020020003800408602002088020020AA
:100AE00010B5044600201D4908800BE01B48008813
:100AF000401C1A4908800846008844F62061884254
:100B000000DD10BD164803F042FD0028EED013486A
:100B10000088144908802146114803F03DFD00205B
:100B20000E4908800BE00D480088401C0B490880E6
:100B30000846008844F62061884200DDE1E7084865
:100B400003F020FD0028EED0044800880649088004
:100B500000BF0348007B00BFD3E7000080020020F5
:100B600000380040820200208402002010B50120DD
:100B7000FFF7E8FE0820FFF7B3FF0020FFF7E2FED3
:100B800010BD38B5044600946A460121002000F0EB
:100B900002F8002038BD2DE9F04106460C46154606
:100BA0000120FFF7CFFE0C2101EA8601621E02F050
:100BB0000302114341F04000FFF792FF002704E0D9
:100BC00015F8040BFFF78CFF7F1CA742F8DB002011
:100BD000FFF7B8FEBDE8F0812DE9FC4707460C465B
:100BE00015461E464FF00009094830F814A0534638
:100BF0001A2221463846CDE9005609F02EFE8146DC
:100C00002146484601F065F980464046BDE8FC872C
:100C10001C0705082DE9FC5F81460E4617469846DD
:100C20004FF0000A104830F81650B5F57A7F01DC15
:100C3000C82D00DAC8253146484601F0E3FC0446D9
:100C400044B12B46022231464846CDE90078A04700
:100C5000824601E04FF0090A3146504601F039F969
:100C600083465846BDE8FC9F1C0705087047FEE711
:100C700010B500240020A2490880A2490880A2489B
:100C800090ED000A08F07AFA6FE04FF4FA700BF07A
:100C9000D7FA9E480068808B9949088008460088EA
:100CA000B0F5966F2EDA984890ED000ADFED980ABD
:100CB000B4EEE00AF1EE10FA01DD042010BD022CC2
:100CC00000D153E0904890ED000ADFED920A30EE3B
:100CD000200A80ED000AD0ED000AB2EE041AB6EE4A
:100CE000000A00EE810ABCEEC00A10EE100A8A4922
:100CF0000968A1F85200844890ED000A08F03EFA15
:100D0000012432E07E480088B0F5AF6F2CDD7E48CC
:100D100090ED000AB5EEC00AF1EE10FA01D20420FF
:100D2000CCE7012C00D121E0774890ED000ADFEDFF
:100D3000790A30EE600A80ED000AD0ED000AB2EECA
:100D4000041AB6EE000A00EE810ABCEEC00A10EEEC
:100D5000100A71490968A1F852006B4890ED000A29
:100D600008F00CFA022400E000E08EE700BF4FF428
:100D7000FA700BF065FA65480068808B604908805E
:100D80000846008865490880084600885F49096868
:100D900008845D48D0ED000AB2EE041AB6EE000AEF
:100DA00000EE810ABCEEC00A10EE100A5A4909682A
:100DB000A1F852005A4890ED000A08F02BFA0024DE
:100DC0006FE04FF4FA700BF03BFA50480068C08BAC
:100DD0004C49088008460088B0F5966F2EDA5048D6
:100DE00090ED000ADFED4A0AB4EEE00AF1EE10FAE7
:100DF00001DD052062E7022C00D153E0484890ED68
:100E0000000ADFED440A30EE200A80ED000AD0ED42
:100E1000000AB2EE041AB6EE000A00EE810ABCEE39
:100E2000C00A10EE100A3C490968A1F854003C4879
:100E300090ED000A08F0EEF9012432E03148008814
:100E4000B0F5AF6F2CDD364890ED000AB5EEC00A64
:100E5000F1EE10FA01D2052030E7012C00D121E09B
:100E60002F4890ED000ADFED2B0A30EE600A80ED8E
:100E7000000AD0ED000AB2EE041AB6EE000A00EE47
:100E8000810ABCEEC00A10EE100A23490968A1F8D5
:100E90005400234890ED000A08F0BCF9022400E059
:100EA00000E08EE700BF4FF4FA700BF0C9F9174865
:100EB0000068C08B134908800846008819490880DB
:100EC000104800881149096848841548D0ED000A87
:100ED000B2EE041AB6EE000A00EE810ABCEEC00AB9
:100EE00010EE100A0C490968A1F85400064890ED6C
:100EF000000A08F043F908F087F80020DEE6000059
:100F000012030020140300201C030020F80100201D
:100F100000000442CDCCCC3DF4010020160300209B
:100F200020030020180300209FED020A80ED0A0A2A
:100F3000704700000000000000B59FED020A08F0B5
:100F40008FF800BD0000000010B500202849096896
:100F500008602021274803F0FEF81021254803F0FF
:100F6000FAF80821234803F0F6F80421214803F099
:100F7000F2F802211F4803F0EEF801211D4803F0AA
:100F8000EAF84FF400711C4803F0E5F84FF4807163
:100F9000194803F0E0F88021174803F0DCF84021FD
:100FA000154803F0D8F82021134803F0D4F8102195
:100FB000114803F0D0F808210F4803F0CCF8802145
:100FC0000E4803F0C8F840210C4803F0C4F8202173
:100FD0000A4803F0C0F81021084803F0BCF80821C3
:100FE000064803F0B8F80421044803F0B4F810BD33
:100FF000E80100200010024000040240000C024002
:1010000010B50C480068B0F84000132805DC09480A
:101010000068B0F84000012804DA1020054909688A
:10102000A1F840000349096891F8400000F046F833
:1010300010BD0000F401002070B506460C462146A4
:10104000304601F02DFB0546002009490968A1F84A
:101050007000642C03D1FFF777FF012070BD0DB93C
:101060000020FBE7284600F0D9F80120F6E7000051
:10107000F401002010B500220B21012000F0B4FF84
:1010800010BD000010B50C480068B0F842001328ED
:1010900005DC09480068B0F84200012804DA122093
:1010A00005490968A1F842000349096891F842001E
:1010B00000F004F810BD0000F401002010B5044653
:1010C0002E2C6FD2DFE804F094171C21262B30352C
:1010D0003B41464B50555A5F64696F7494949494A5
:1010E00094797D8185898D94949494949494949426
:1010F00094949494949120213F4803F02CF878E044
:1011000010213D4803F027F873E008213A4803F026
:1011100022F86EE00421384803F01DF869E002214E
:10112000354803F018F864E00121334803F013F860
:101130005FE04FF40071314803F00DF859E04FF4CF
:1011400080712E4803F007F853E080212B4803F00C
:1011500002F84EE04021294802F0FDFF49E020213D
:10116000264802F0F8FF44E01021244802F0F3FF83
:101170003FE00821214802F0EEFF3AE080212048BC
:1011800002F0E9FF35E040211D4802F0E4FF30E0C5
:1011900020211B4802F0DFFF2BE01021184802F04D
:1011A000DAFF26E024E00821154802F0D4FF20E011
:1011B0000421134802F0CFFF1BE000201149087002
:1011C00017E000201049087013E000200F49087054
:1011D0000FE000200E4908700BE000200D49087058
:1011E00007E000200C49087003E0FFF7A5FE00E0CF
:1011F00000BF00BF10BD000000100240000402400C
:10120000000C02404C0200204D0200204E02002043
:101210004F020020500200205102002070B5044609
:1012200001250A4800680068A04308490968086069
:1012300008E004F0010010B1E8B2FFF73FFF6408D6
:10124000681C85B2202DF4DD70BD0000E80100208F
:1012500070B5184C2068C0F3C020174D002807D087
:10126000E014A06068782058697840F00100605070
:101270002068C0F3402000281BD0104E00224FF4FD
:101280008051304601F0B8FB7015A0606878205896
:10129000697820F00400605068782058697820F060
:1012A000010060503046BDE870400122110301F09A
:1012B000A3BB70BD006002408C150508000C024005
:1012C00070B5224C2068C0F3C060214D002819D0B1
:1012D0004FF00060A060E8782058E97820F0100016
:1012E0006050E8782058E97820F0010060501948F3
:1012F00000680C3050E8001F41F0400140E8001247
:10130000002AF7D12068C0F3406000281CD0124E9C
:1013100000224FF48051304601F06EFB4FF0007018
:10132000A060E8782058E97820F004006050E87860
:101330002058E97820F0010060503046BDE8704048
:101340000122110301F058BB70BD00000060024093
:101350008C1505086C020020000C024070B487B0A8
:1013600046490868C0F3401000287DD020208860DE
:1013700043480078085800F40020424B00287AD0F7
:10138000414818603E48D0F810C085694469C26879
:101390008168C069009105903C49CDF808C004956A
:1013A00003940192059E0098C1F808C04E610D613A
:1013B000CC604A60086000221B6802EB4200D1F852
:1013C00000C033F82040A444C1F800C003EB800003
:1013D000D1F804C04488A444C1F804C08488D1F87A
:1013E00008C0A444C1F808C0C488D1F80CC0A44403
:1013F000C1F80CC00489D1F810C0A444C1F810C0D1
:101400004089D1F814C060444861501CC2B2202AFF
:10141000D3D3086800F110020A60486800F1100593
:101420004D60886800F110048C60C86800F11003FA
:10143000CB60086910300861D1F814C00CF1100CB1
:10144000C1F814C0124E52093280690971806109D5
:10145000B1805B09F380400930814FEA5C107081F4
:101460000C480068C28201E002E004E08183C3838B
:1014700007B070BC70470848186083E700640240FA
:101480008C1505085C030020F46F00209477002081
:10149000D06F0020F80100207471002070B5184C46
:1014A0002068C0F3C020174D002807D0E014A060CA
:1014B00068782058697840F0010060502068C0F3D7
:1014C000402000281BD0104E00224FF4805130469F
:1014D00001F092FA7015A06068782058697820F0C1
:1014E0000400605068782058697820F0010060504E
:1014F0003046BDE870400122110301F07DBA70BD95
:10150000006402408C150508000C024070B5224CA6
:101510006068C0F34050214D002819D04FF40010EE
:10152000E060A8792058A97920F010006050A879CF
:101530002058A97920F001006050194800680C304B
:1015400050E8001F41F0400140E80012002AF7D1A6
:101550006068C0F3C04000281CD0124E00224FF437
:101560008051304601F048FA4FF40020E060A8793D
:101570002058A97920F004006050A8792058A97952
:1015800020F0010060503046BDE870400122110398
:1015900001F032BA70BD0000006402408C150508ED
:1015A0008C020020000C024010B52DED068B84B09B
:1015B00004462068019060680290A068039020892A
:1015C00000EE100AB8EE400AB0EE408A18EE100A9B
:1015D0000EF0D2FE41EC1A0B9FED330B53EC102BA7
:1015E0000EF0A0FC41EC190B0EF08EF908EE100A7B
:1015F0009FED2F0AC8EE000AB0EE608A18EE100ABE
:101600000EF0BAFE41EC1A0B9FED2A0B53EC102B97
:101610000EF0C8FD41EC190B0EF076F908EE100A39
:1016200018EE100A0EF0A8FE41EC1A0B9FED230BEA
:1016300053EC102B0EF04EFA41EC190B0EF064F93E
:1016400008EE100AB3EE090A38EE000AB0EE408A3E
:101650001C48006880ED1B8A6089400000EE100A7B
:10166000B8EEC00AB0EE408A18EE100A0EF084FE02
:1016700041EC1A0B9FED0C0B53EC102B0EF052FCAF
:1016800041EC190B0EF040F908EE100A9FED080A24
:10169000C8EE000AB0EE608A0A48006880ED1A8A37
:1016A00004B0BDEC068B10BD6666666666660A40D1
:1016B00000F07F4552B81E85EB51E83F7B14AE47E2
:1016C000E17A643FF8010020704700002DE9F04105
:1016D0002DED028B05460E46144662490E80002011
:1016E0006149087061490880614908806149086062
:1016F00061490870614908601E27601E84B224B9E0
:101700005F4800885F49088004E001245E48008843
:101710005C4908805D480068B0F85600594909885E
:1017200048434FF47A7190FBF1F0594908805748CB
:101730000068B0F858005349098848434FF47A715B
:1017400090FBF1F05349088050480068B0F85A0007
:101750004C49098848434FF47A7190FBF1F04E49A7
:1017600008804FF47A700AF06BFD00BF0A200AF07F
:1017700067FD4A4800681C3030F81400484908806A
:101780003C480068401C3B4908603B4800780728FB
:101790003ED2DFE800F0041C38393A3B3C00002020
:1017A0003349088000EE105AB8EE400AF2EE040AFF
:1017B00080EE201AB0EE418AB0EE480A294800882F
:1017C00000B208F055F801202B49087021E0344898
:1017D000008831490988884205DC012022490870C7
:1017E00008F0A4FA0EE02E480088294909888842AA
:1017F00005DB2B48008827490988884202DD002044
:101800001B49088005E004E003E002E001E000E09D
:1018100000BF00BF22480088224908802248007883
:1018200018B9114800780028A0D01F48007870B17E
:1018300008F08EFA1D4800680BF08AF84FF4FA7031
:101840000AF0FEFC0220BDEC028BBDE8F0810648E8
:10185000007828B14FF4FA700AF0F2FC0020F2E7A9
:101860000020F0E72002002019020020FE010020E5
:101870000002002014020020100200201C020020A0
:10188000160300200402002018030020F4010020A9
:101890000C0200200A0200200E020020F8010020A5
:1018A0000602002008020020FC010020380300206E
:1018B0002DE9F0412DED028B05460E461446654993
:1018C0000E800020644908706449088064490880DB
:1018D0006449086064490870644908601E27601EF6
:1018E00084B224B9624800886249088004E0012477
:1018F000614800885F49088060480068B0F8560079
:101900005C49098848434FF47A7190FBF1F05C49D7
:1019100008805A480068B0F858005649098848437A
:101920004FF47A7190FBF1F05649088053480068F3
:10193000B0F85A004F49098848434FF47A7190FB38
:10194000F1F0514908804FF47A700AF079FC00BF39
:101950000A200AF075FC4D4800681C3030F814006D
:101960004B4908803F480068401C3E4908603E489B
:101970000078072844D2DFE800F0041C3E3F4041D5
:10198000420000203649088000EE105AB8EE400AA6
:10199000F2EE040A80EE201AB0EE418AB0EE480A58
:1019A0002C48008800B207F063FF01202E49087020
:1019B00027E03748008834490988884205DD3448E3
:1019C000008830490988884205DB012022490870D7
:1019D00008F0ACF90EE02E480088294909888842B1
:1019E00005DB2B48008827490988884202DD002052
:1019F0001B49088005E004E003E002E001E000E0AC
:101A000000BF00BF22480088224908802248007891
:101A100018B91148007800289AD01F48007870B192
:101A200008F096F91D4800680AF092FF4FF4FA702A
:101A30000AF006FC0320BDEC028BBDE8F0810648ED
:101A4000007828B14FF4FA700AF0FAFB0020F2E7B0
:101A50000020F0E72002002019020020FE010020F3
:101A60000002002014020020100200201C020020AE
:101A7000160300200402002018030020F4010020B7
:101A80000C0200200A0200200E020020F8010020B3
:101A90000602002008020020FC010020380300207C
:101AA0002DE9F05F82468B4614461E460A9F4FF092
:101AB0001209E34804800020E2490870E2490880E6
:101AC000E2490880E2490860E2490870E24908609A
:101AD0008FB100EE104AF8EE400A9FEDE01A81EE59
:101AE000200AF2EE040A80EE201ABCEEC10A10EEC3
:101AF000100A85B200E01E25012E06D14FF0000825
:101B0000D7480088D749088005E04FF00108D6483B
:101B10000088D4490880D5480068B0F85600D149FB
:101B2000098848434FF47A7190FBF1F0D04908805E
:101B3000CE480068B0F85800CA49098848434FF4B5
:101B40007A7190FBF1F0CB490880C8480068B0F882
:101B50005A00C449098848434FF47A7190FBF1F068
:101B6000C54908805946504604F0F8FB4FF47A7096
:101B70000AF066FB00BF0A200AF062FBBF4800685B
:101B80001C3030F81800BE490880B1480068401C7D
:101B9000AF490860AF480078072871D2DFE800F04D
:101BA00004167999CBEBF80009F0FF02A4480188EC
:101BB000012007F0B7FE0120A64908700020A349C4
:101BC0000880B0490880A4490860FBE0AC48008860
:101BD000A8490988884226DBAA480088002804DD35
:101BE0000020A84908809C49086098480088401C4B
:101BF0009649088098480068A14909880844964990
:101C0000086092480088A84242DB32200AF018FBA4
:101C100008F08CF81FB106208E49087038E00120CA
:101C20008849087034E096480088914909888842BC
:101C300027DC94480088401C92490880834800882B
:101C4000002804DD0020814908808349086082481B
:101C500000688B49098808447F49086089480088E2
:101C6000A84215DB32200AF0EBFA08F05FF81FB14A
:101C70000620784908700BE001207249087007E0DF
:101C80009FE00020714908807E4908807249086001
:101C900098E040F2DC500AF0D3FA694800886428E2
:101CA00003DA0A206649088006E0654800880A21B0
:101CB00090FBF1F062490880002064490880052209
:101CC0005F480188002007F02DFE0320614908705D
:101CD00078E06B48008868490988884205DC012063
:101CE0005849087008F022F824E0654800886049E7
:101CF000098888421BDB624800885E49098888425F
:101D000015DC52480088401C50490880084600886D
:101D1000A8420FDB08F00AF84FEA690900204A4997
:101D200008804748048000204A49087002E00020EB
:101D30004649088046E040F2DC500AF081FA40480B
:101D40000088642803DA0A203D49088006E03C4800
:101D500000880A2190FBF1F03949088000203B49B6
:101D60000880052236480188002007F0DBFD0520A9
:101D70003849087026E0424800883F49098888426F
:101D800004DD01202F49087007F0D0FF1AE0FFE7BB
:101D90002E4800883B49098808442F49096891FB6F
:101DA000F0F037490880084600883349098888429E
:101DB00003DD02202749087002E00420254908704D
:101DC00000E000BF00BF2E4800882F4908802F4840
:101DD000007820B91B48007800283FF4CCAE2B488F
:101DE0000078E8B107F0B4FF294800680AF0B0FDB8
:101DF0004FF47A700AF024FA59465046FFF71CF95E
:101E00004FF4FA700AF01CFA12480078032805D142
:101E1000032E01D1BDE8F09F0220FBE70120F9E786
:101E20000848007848B159465046FFF705F94FF485
:101E3000FA700AF005FA0020ECE70720EAE7000054
:101E40002002002019020020FE01002000020020D4
:101E500014020020100200201C02002000606A48CA
:101E6000160300200402002018030020F4010020C3
:101E70000C0200200A0200200E020020F8010020BF
:101E8000060200200202002008020020FC010020BF
:101E9000380300203EB503464D20029059200190A2
:101EA000002011E00C5C9DF808506C401C541C5C38
:101EB0009DF804506C4000949DF8044002949DF8F5
:101EC00000400194441CA0B29042EBDB3EBD72B6D0
:101ED000704702460C2A15D2DFE802F006080A0C09
:101EE0000E14141414141012002070470846FCE756
:101EF0000320FAE70420F8E70846F6E72620F4E78F
:101F00002720F2E70020F0E772B6FEE72DE9F04760
:101F10000746884615461E4600242046641C2F4965
:101F20000F5403222046641C0A544FEA182220460C
:101F3000641C0A542046641C01F800802A0A2046CA
:101F4000641C0A542046641C0D54062123480BF0DF
:101F50007FFB81462046641C204901F800904FEA2F
:101F600019222046641C0A5421461C4800F010F92E
:101F70004FF4FA711A4800680AF06AFA50BB19481F
:101F80000078B84224D11748C01C30F8159068007A
:101F9000C01C81B213480BF05BFB484515D10020F3
:101FA00010E04100C91C0F4A515C090226F81010CC
:101FB00036F810204100091D0A4B595C114426F8DF
:101FC0001010401CA842ECDB06E00020BDE8F087C2
:101FD0000020FBE70020F9E700BFF7E7386E00209C
:101FE00050030020386D00202DE9F04105460E46D3
:101FF000174600242046641C1C490D540622204626
:10200000641C0A54320A2046641C0A542046641C8C
:102010000E543A0A2046641C0A542046641C0F548D
:10202000214612480BF014FB80462046641C0F49E1
:1020300001F800804FEA18222046641C0A54214609
:102040000A4800F0A5F84FF4FA71094800680AF050
:10205000FFF940B907480078A84202D10120BDE845
:10206000F0810020FBE70020F9E70000386E002037
:1020700050030020386D002010B52549086800BFC6
:1020800000BF00BF00F10C0252E8002F42F0100127
:1020900000F10C0242E80013002BF3D100BF00BF97
:1020A0001B49086800BF00BF00BF00F1140252E8DE
:1020B000002F42F0400100F1140242E80013002B0F
:1020C000F3D100BF00BF12480268121D0121114860
:1020D00001F088FF104A01210E4801F073FF4FF410
:1020E000807201210B4801F055FF0121094801F0E0
:1020F00005FF0121074801F019FF0121054801F002
:102100002DFF6421054800680AF0A2F910BD000007
:102110008C02002000640240386D00205003002033
:1021200008B516480121164A525C825822F0010275
:10213000134B5B5CC25000BF00BF114A525C0244AB
:10214000526892B2C2F580700E4908800E4800684D
:102150000AF01AFA4FF480720121084801F01AFFC0
:102160000A4908680168009100BF4168009100BFFA
:1021700000BF0121014801F0F1FE08BD00640240EA
:102180009906050890020020500300208C020020D0
:1021900070B504460D46224606211A4801F012FF8A
:1021A00019480268121D0621164801F01BFF2A4635
:1021B0000621144801F0EEFE1349086800BF00BF75
:1021C00000BF00F1140252E8002F42F0800100F13C
:1021D000140242E80013002BF3D100BF00BF00BF80
:1021E00020200849C86000BF0621064801F086FE8D
:1021F0000621044801F09AFE0621024801F0AEFED5
:1022000070BD0000006402408C02002062B670477E
:1022100010B5002201B909E0012901D10A0205E047
:10222000022901D10A0201E04FF440720E4B1B68F3
:1022300023F440730C4C236023461B681343236034
:1022400023461B6823F0F803236023461B680224FF
:1022500044EAC0042343044C236023461B6843F430
:102260008033236010BD0000103C02401C48006811
:1022700000F40070B0B11A48006820F400701849EA
:10228000086000BF0846006840F400600860084627
:10229000006820F40060086000BF0846006840F451
:1022A000007008600E48006800F48060B0B10C480F
:1022B000006820F480600A49086000BF0846006892
:1022C00040F4805008600846006820F480500860A0
:1022D00000BF0846006840F4806008607047000056
:1022E000003C02400A4A126822F44072084B1A600D
:1022F0001A46126842F004021A601A4612684FF435
:10230000803343EA00231A43014B1A6070470000F0
:10231000103C0240074A126822F44072054B1A60D2
:102320001A4612681A601A46126842F001021A60D0
:1023300001707047103C024010B50D49096821F446
:1023400040710B4C21602146096841F440712160C5
:102350002146096841F001012160026000BF00BF11
:1023600000BFBFF36F8F00BF00BF00BF436010BD51
:10237000103C0240084A126822F44072064B1A6070
:102380001A46126842F480721A601A46126842F0C5
:1023900001021A6001807047103C0240084A12682E
:1023A00022F44072064B1A601A46126842F4007218
:1023B0001A601A46126842F001021A600160704702
:1023C000103C02402348006800F0100040B1224851
:1023D000C06940F010002049C86110201D49086004
:1023E0001C48006800F0200040B11B48C06940F064
:1023F00008001949C861202016490860154800687E
:1024000000F0400040B11448C06940F00400124997
:10241000C86140200F4908600E48006800F0800045
:1024200040B10D48C06940F002000B49C8618020EE
:10243000084908600748006800F0020040B10648FB
:10244000C06940F020000449C861022001490860C9
:10245000704700000C3C0240F477002070B5044641
:10246000002500201449C86100F0CCFA054609E0B7
:10247000601C38B124B100F0C5FA401BA04201D95C
:10248000032070BD0D48006800F480300028EFD1B3
:102490000A48006800F0010010B1012007490860F7
:1024A0000648006800F0F20018B1FFF78BFF01202A
:1024B000E7E70020E5E70000F47700200C3C02404D
:1024C0007CB505460024002001214FF496730322B9
:1024D000CDE900101A21284608F0BFF90446002073
:1024E00001214FF496730322CDE900101A212846EA
:1024F00008F0B3F904461CB90321284604F081F919
:102500003B212046FFF7E5FC064630467CBD000037
:102510002DE9F84380460E4617461D46002415480F
:1025200030F816903B464A46314640460095FFF744
:10253000B7FA0446C4B109234FF448720321404658
:1025400006F076FD3B464A46314640460095FFF789
:10255000A7FA0446022C01D0032C00D101241CB19F
:102560004FF4967009F06CFE31462046FFF7B1FC3F
:10257000BDE8F8831C07050870B505460E461446ED
:10258000642009F05DFE4FF4FA711B48006809F001
:10259000ADFE80B900201949486088600846048073
:1025A0001548006809F02CFF50B115480068401C20
:1025B0001349086004E012480068401C1049086094
:1025C00002E0642009F03CFE0C4800880028F8DC9A
:1025D000204604EBD071094A526802EB6101B1FB5D
:1025E000F4F1298004EBD071044A926802EB610196
:1025F000B1FBF4F1318070BD44030020E86F00208E
:10260000CC02002030B502460B460A4850F8224062
:1026100000210BE004EB01100088984204D104EB88
:1026200001108568284630BD481CC1B21429F1DB71
:102630000020F8E7F476002000B515480068401C3B
:1026400050B913484068401C30B911488068401C9C
:1026500010B94FF0FF3000BD0C220E490E48FFF7B5
:1026600019FC0D4800680D49096888420DD10A48D7
:1026700040680A494968884207D107488068074985
:102680008968884201D10020E5E70120E3E70000E6
:10269000E878FF1F107AFF1F14780020C0FF0108A0
:1026A00030B502460B460A4850F8224000210BE0A4
:1026B00004EB01100088984204D104EB0110456836
:1026C000284630BD481CC1B21429F1DB0020F8E7D0
:1026D000F476002030B502460B460B4850F82240F5
:1026E00000210CE004EB01100088984205D104EBB6
:1026F0000110808885B2284630BD481CC1B214291B
:10270000F0DB0020F8E70000F476002010B52DED96
:10271000068B04469FED460BB0EE408AF0EE608AD1
:1027200024B1012C5ED0022C69D15CE042480068E3
:10273000C08A00EE100AB8EE400A10EE101A0846E1
:102740000DF01AFE41EC180B3B490968C88A0DF0E0
:1027500099FB41EC190B38490968C88A0DF092FBC6
:1027600041EC1A0B53EC192B0DF0DCFB41EC180B70
:102770009FED320B53EC102B51EC180B0DF0D2FBEC
:1027800041EC180B2C490968C88A0DF07BFB41EC21
:102790001A0B9FED2C0B53EC102B0DF0C3FB41ECEF
:1027A000190B53EC182B0DF0E1F841EC180B9FEDD1
:1027B000270B53EC102B51EC180B0DF0D7F841EC14
:1027C000180B51EC180B0DF09FF822490968C1F85D
:1027D000840051EC180B0DF097F81E490968C1F8F8
:1027E00088001BE01AE01448006890ED1B0A10EE08
:1027F000101A08460DF0C0FD41EC180B0EE00E4813
:102800000068C08A00EE100AB8EE400A10EE101AF6
:1028100008460DF0B1FD41EC180B00BF00BF51ECB4
:10282000180B0DF071F800EE100ABDEC068B10BD10
:102830000000000000000000F801002000000080FF
:102840005CEEB63EFA035C0E3FF1A73FD8F50B767F
:10285000C3B6C93FF40100202DE9F04104460E46FD
:102860000127002500BF2548007E012802D1022053
:10287000BDE8F08101202149087600BF4CF25030BC
:10288000FFF7ECFD0746002F31D1401E3060206875
:1028900001280FD1207C6168FFF724FD4CF25030F5
:1028A000FFF7DCFD07461648006820F004001449D5
:1028B00008601AE0A56812E0217C2846FFF7A8FC12
:1028C0004CF25030FFF7CAFD07460D48006820F073
:1028D000FA000B4908600FB1356005E06D1CD4E9C2
:1028E00002100844A842E7D800BFFFF7BFFC00BFB2
:1028F00000200249087600BF3846B9E7F477002087
:10290000103C02400348006840F000400149086064
:1029100000207047103C02402DE9F04106460F466A
:1029200014461D464FF0010800BF1F48007E0128D5
:1029300002D10220BDE8F08101201B49087600BFCA
:102940004CF25030FFF78AFD8046B8F1000F23D1DA
:1029500026B9E1B23846FFF7DDFC12E0012E04D1C2
:10296000A1B23846FFF706FD0BE0022E04D1214646
:102970003846FFF713FD04E022462B463846FFF7A2
:10298000DBFC4CF25030FFF769FD804607480068D9
:1029900020F001000549086000BF002002490876C8
:1029A00000BF4046C6E70000F4770020103C02401C
:1029B00000200949096801F0004159B10749064A58
:1029C0000C3A1160064911600349096801F00041A1
:1029D00001B1012070470000103C0240230167450F
:1029E000AB89EFCD10B5426921EA020302EA010486
:1029F00043EA0443836110BD0AB1816101E00B0425
:102A0000836170470148006870470000640300203C
:102A10000348006803490978084401490860704781
:102A2000640300206C03002010B50D48006840F4DA
:102A300000700B4908600846006840F48060086038
:102A40000846006840F480700860032000F0BAF87F
:102A50000F2000F007F800F041F8002010BD000042
:102A6000003C024010B588B0014600222D2000F045
:102A70006BF82D2000F058F800241448016841F448
:102A800080710160006800F48070019002A903A8C1
:102A900000F0BEF800F0E4F840000D49B0FBF1F0A2
:102AA000411E0D480B4A026040F2E732C2604160AD
:102AB0000461846000F0E6F810B108B0012010BD98
:102AC000054800F013F908B010BD0000403802407E
:102AD00040420F0000200040AC77002008B51048AD
:102AE000016841F480410160006800F4804000907A
:102AF0000C48016841F080510160006800F080508E
:102B0000009000220F21901E00F01EF800220521E7
:102B1000012000F019F8BDE80840012000F004B8D9
:102B2000443802404038024001460846002809DB8C
:102B300000F01F0301229A4043099B0003F1E023A8
:102B4000C3F8002100BF70472DE9F05F80460D46B5
:102B50001646002708F0C4F8074639462A46334689
:102B600001F00700C0F1070ABAF1040F02D94FF0D3
:102B7000040A01E0C0F1070AD14600F1040ABAF1E3
:102B8000070F02D24FF0000A01E0A0F1030AD44679
:102B90004FF0010A0AFA09FAAAF1010A0AEA020A3E
:102BA0000AFA0CFA4FF0010B0BFA0CFBABF1010B1C
:102BB0000BEA030B4AEA0B042146404608F098F85A
:102BC000BDE8F09F00BF00F00702064B19684FF602
:102BD000FF031940044B0B4343EA0221014B1960E8
:102BE00000BF70470CED00E00000FA0570470000E0
:102BF00010B50648006800F4803028B1FFF7F6FFF2
:102C00004FF480300149086010BD0000143C0140C1
:102C10000F2202600D4A126802F0030242600B4A62
:102C2000126802F0F0028260084A126802F4E05270
:102C3000C260064A126802F46042D2080261044A85
:102C4000126802F007020A6070470000083802406C
:102C5000003C02400148006870470000600300200B
:102C600000B5FFF7F7FF04490968C1F38221034A61
:102C7000515CC84000BD000008380240BC15050882
:102C80007047704710B504460CB9012010BD94F888
:102C90003D0028B9002084F83C00204600F025F8CB
:102CA000022084F83D00211D206807F009FA012068
:102CB00084F8460000BF84F83E0001213F20015502
:102CC000402001554120015500BF00BF012084F87C
:102CD000420043200155442001554520015500BFC5
:102CE000012084F83D000020D0E77047014691F8AC
:102CF0003D00012801D001207047022081F83D00ED
:102D00000868C06840F001000B68D8601A4B08687A
:102D100098421BD00868B0F1804F17D0174B086855
:102D2000984213D0164B086898420FD0154B08688C
:102D300098420BD0144B0868984207D0134B086890
:102D4000984203D0124B086898420CD108688068FA
:102D500000F00702062A0CD00868006840F0010065
:102D60000B68186005E00868006840F001000B6817
:102D700018600020C0E7000000000140000400408F
:102D800000080040000C00400004014000400140E9
:102D900000180040704710B5044620680069C0F371
:102DA0004000D8B12068C068C0F34000B0B16FF0F7
:102DB000020021680861012020772068806900F006
:102DC000030018B12046FFF7E5FF05E0204600F0BC
:102DD000ADF8204600F0ABF80020207720680069AD
:102DE000C0F38000D8B12068C068C0F38000B0B1E3
:102DF0006FF0040021680861022020772068806954
:102E000000F4407018B12046FFF7C4FF05E02046EB
:102E100000F08CF8204600F08AF800202077206827
:102E20000069C0F3C000D8B12068C068C0F3C0001A
:102E3000B0B16FF008002168086104202077206895
:102E4000C06900F0030018B12046FFF7A3FF05E0BA
:102E5000204600F06BF8204600F069F8002020774B
:102E600020680069C0F30010D8B12068C068C0F3C2
:102E70000010B0B16FF010002168086108202077C1
:102E80002068C06900F4407018B12046FFF782FF47
:102E900005E0204600F04AF8204600F048F80020FF
:102EA00020772068006900F0010058B12068C068F0
:102EB00000F0010030B16FF0010021680861204688
:102EC00000F036F820680069C0F3C01058B12068DF
:102ED000C068C0F3C01030B16FF080002168086195
:102EE0002046FFF7CDFE20680069C0F3801058B17E
:102EF0002068C068C0F3801030B16FF040002168D6
:102F00000861204600F01DF820680069C0F34010F9
:102F100058B12068C068C0F3401030B16FF0200095
:102F2000216808612046FFF7ACFE10BD704770476E
:102F30000068A0F18041B1F5005101D1FFF768BDF3
:102F400070477047FEE7000010B52DED028BBD48BD
:102F5000006804880B20BB490968A1F87800172C89
:102F60007ED00FDCA4F1030014287AD2DFE800F051
:102F7000E5E8797979797928323C657F9AB0C2D4CD
:102F8000DCDDEBEE1F2C6DD009DCA4F11800072866
:102F9000EBD2DFE800F0E1F5F8FEF1F0EF00232CD2
:102FA0007BD006DC202C79D0212C78D0222C58D153
:102FB0002BE16C2C74D06D2C73D06E2CF7D136E1D4
:102FC000A0490968486C03F00FFB00209D4909687F
:102FD00008802EE19B490968486CFEF71FF9002024
:102FE00098490968088024E106F0A0FE4FF4967025
:102FF00009F026F993480068B0F8720000EE100A54
:10300000B8EE400AF2EE040A80EE201AB0EE418AD1
:103010008C490968B1F95C00B0EE480A06F028FC5A
:1030200002E0322009F00CF9874800780028F8D037
:103030000020844909680880FBE0824B1B68B3F8D4
:103040006220804B1B68B3F95C107E4B1B68B3F8A1
:10305000720008F083FF7D4909688880002002E043
:1030600077E0E5E0ACE0774909680880E1E0754B7E
:103070001B68B3F86220734B1B68B3F95C10714B8B
:103080001B68B3F87200FEF721FB7049096888805D
:1030900000206C4909680880CBE083E09CE0A7E051
:1030A000BEE0C3E0674B1B68B3F86220654B1B684A
:1030B000B3F95C10634B1B68B3F87200FEF7F8FBC2
:1030C00062490968888000205E4909680880B0E08C
:1030D0005C480068B0F86E0003B25A48006890F887
:1030E0006C200021084605F097F900205549096831
:1030F00008809EE053480068B0F86E0003B2514863
:10310000006890F86C200021084605F0A1F9002025
:103110004C49096808808CE0002006F033FE00204E
:1031200048490968088084E000BF0A2004F094FC44
:1031300000204449096808807BE005F0F1FF78E051
:1031400006F002F875E003F06FF972E0FDF792FF08
:103150006FE006F02DFC6CE03D4805F058FE3C4861
:1031600000883849096848873948408835490968DE
:1031700008875EE020E01BE011E00AE003E0FFE7E3
:1031800005F092FE55E02F490968C86A02F02DFF4C
:103190004FE02C490968086B02F02FFF49E006F068
:1031A00039FE46E005F02AFE28490968886040E0BB
:1031B0000120284908703CE000202649087038E0CA
:1031C0000020254909680870244909680870012011
:1031D0002349096808702CE001201F49096808701C
:1031E00000201E49096808701D490968087020E020
:1031F00000201949096808700120184909680870F9
:10320000002017490968087013E000201249096876
:10321000087012490968087011490968087008E0C7
:10322000FDF726FD09490968888002E001E000E019
:1032300000BF00BF0020034909680880BDEC028B75
:1032400010BD0000F4010020FC010020F801002066
:10325000A8020020F40200205C020020600200208E
:103260005802002070B504460D464FF480601C499A
:10327000886100BF224603211A4800F09BFE1A48CD
:103280000268121D0321174800F0A4FE2A460321FC
:10329000144800F06FFE1449086800BF00BF00BF6B
:1032A00000F1140252E8002F42F0800100F11402F4
:1032B00042E80013002BF3D100BF00BF00BF202065
:1032C0000849C86000BF0321064800F00BFE032137
:1032D000044800F01FFE0321024800F033FE70BDD9
:1032E000000C0240006002406C0200200121014AF3
:1032F00011817047206F002008480949086009487B
:1033000048600948886009484861094808610948D7
:10331000C860094888610948C86170477D8404080D
:1033200044770020036B0408E5680408F171040881
:10333000017B04089D800408F56D0408437E0408A1
:1033400010B500242F222046641C10490A54312253
:103350002046641C0A5457222046641C0A54342216
:103360002046641C0A5452222046641C0A540D2232
:103370002046641C0A5400BF4FF4FA7008F060FF46
:1033800005F0A8FA0028F7D110BD0000986E0020C3
:1033900000B587B00020049005900690029003903D
:1033A0000190674A012002F1500101EB80010B6896
:1033B00043F2F220834273D062A04178303961A099
:1033C0000078202801D1002002E05EA0007830388B
:1033D00000EB800001EB4000C0B28DF80C0059A05A
:1033E0000179303957A0C078202801D1002002E0AF
:1033F00054A0C078303800EB800001EB4000C0B230
:103400008DF80D004FA0C17930394EA08079202869
:1034100001D1002002E04BA08079303800EB800021
:1034200001EB4000C0B28DF80E0002AA0021444812
:1034300000F0DAFF46A080786E2801D101203DE03F
:1034400043A08078622801D1022037E040A0807834
:10345000722807D13EA000784D2801D103202DE02D
:1034600004202BE03AA08078792801D1052025E0BE
:1034700037A080786E2801D106201FE034A0807824
:103480006C2801D1072019E031A08078672801D18C
:10349000082013E02EA08078702802D109200DE0CA
:1034A0004CE02BA08078742801D10A2006E028A0E7
:1034B0008078762801D10B2000E00C208DF80500E3
:1034C00023A0007A303822A1C979303901EB81017B
:1034D00000EB410000EB80011DA0407A303800EB8A
:1034E000410000EB80011AA0807A303800EB4100E7
:1034F000A0F5FA60C0B28DF8070015A04179303907
:1035000013A00079202801D1002002E010A000794A
:10351000303800EB800001EB4000C0B28DF80600AF
:1035200000208DF8040001AA0021054800F05CFE8F
:1035300043F2F2220121024800F02AFE07B000BD4A
:103540000028004032333A32383A34380000000064
:103550004A616E20323720323032330070B5044673
:103560000D4600200D49096808850C48006844850F
:103570000A480068808D0A4908604FF47A706843F1
:10358000084908600BF05AFE0749086005480168C1
:103590000648006809F0BEF970BD0000F80100207F
:1035A00038020020440200203C020020400300209A
:1035B00010B540F6C41005F021FF0E2005F0F0FE16
:1035C00041F27070084908800846008805F08AFEBC
:1035D000FFF7B6FE40F6B830034908800846008879
:1035E00005F080FE10BD00009202002010B5802082
:1035F000FE4908604001086041F29412FC49FD4810
:10360000FDF761F8FC48FD490860A0F5C070FC4971
:10361000086000F58070FB490860A0F58070FA49E9
:10362000086000F58070F94908600020F6490968D3
:103630000880F748D0F88C0145F2AA5188427DD025
:10364000B0EE080AF34880ED000AB0EE080AF2482E
:1036500080ED000A9FEDF10AF14880ED000A4FF479
:103660009660F0490880F0490880EE480088E749F4
:1036700009680884EC480088E44909684884E548FA
:1036800090ED000AF2EE040A20EE200ABCEEC00A19
:1036900010EE100ADC490968A1F85200DE4890EDEE
:1036A000000AF2EE040A20EE200ABCEEC00A10EE78
:1036B000100AD5490968A1F85400D94890ED000ACC
:1036C000F2EE040A20EE200ABCEEC00A10EE100A48
:1036D000CD490968A1F850003220CB490968A1F80A
:1036E0005A004FF42F70C8490968A1F8560040F2FB
:1036F0001450C5490968A1F8580040F6B830C349CC
:10370000096888854FF41670BF490968A1F85C0004
:103710004FF49060BC49096848800120BA490968A3
:1037200088809FEDC20AB848006880ED240A9FEDAA
:10373000C00AB548006880ED250A00E024E09FED4E
:10374000BB0AB148006880ED260A4CF25030AE4901
:103750000968C8849FEDB70AAB48006880ED340A59
:103760001020A9490968A1F840001220A64909685B
:10377000A1F84200002004E00021A04A1268115480
:10378000401C0828F8DBF0E09F480068B0F85200C1
:1037900000EE100AB8EE400A9E4880ED000A90ED57
:1037A000000AF2EE040A80EE201A80ED001A90ED75
:1037B000000ADFEDA10AB4EEE00AF1EE10FA06DC31
:1037C00090ED000AB5EEC00AF1EE10FA04D2B0EEA8
:1037D000080A904880ED000A8B480068B0F8540051
:1037E00000EE100AB8EE400A8B4880ED000A90ED1A
:1037F000000AF2EE040A80EE201A80ED001A90ED25
:10380000000ADFED8D0AB4EEE00AF1EE10FA06DCF4
:1038100090ED000AB5EEC00AF1EE10FA04D2B0EE57
:10382000080A7D4880ED000A77480068B0F850002B
:1038300000EE100AB8EE400A794880ED000A90EDDB
:10384000000AF2EE040A80EE201A80ED001A6F489A
:103850000068008C73490880084600884FF6FF71A5
:10386000884202D06F48008818B942F6E0606D497E
:10387000088066480068408C6B49088008460088CC
:103880004FF6FF71884202D06748008818B942F6A7
:10389000E060654908805C4800684088B0F5906F3A
:1038A00005DD4FF4906058490968488009E05648A2
:1038B000006840885C2804DA4FF490605249096837
:1038C0004880514800688088802803DC4E480068A2
:1038D000808818B901204C49096888804B480068E5
:1038E000808D40F6B831884203DD084647490968B3
:1038F00088854548006890ED340AF7EE000AB4EE7A
:10390000E00AF1EE10FA08DC3F48006890ED340A56
:10391000B5EEC00AF1EE10FA05D29FED460A3A481C
:10392000006880ED340A38480068B0F84000132879
:1039300005DC35480068B0F84000012804DA1020A2
:1039400031490968A1F840002F480068B0F84200EA
:10395000132805DC2C480068B0F84200012804DA7E
:10396000122029490968A1F8420027480068B0F8E8
:103970005C0030B124480068B0F95C00B0F57A7F93
:1039800005DD4FF4167020490968A1F85C0000209D
:103990001E490968488500F039F900201B4909686B
:1039A000C8800120194909688881002013490968E5
:1039B00008701249096848701049096888700F48F2
:1039C0000068C07800F0FE000C490968C8700B4818
:1039D000006807F023F919A0007A303817A1C979D7
:1039E000303901EB810100EB41002DE06001002046
:1039F0000000020864520020E4630020E801002077
:103A0000EC010020F0010020F4010020F80100206A
:103A1000646200201C030020200300203333F33FA6
:103A200068020020160300201803002000007A44DA
:103A30000000164400000000000004424A616E20AD
:103A4000323920323032330000EB8001AFF2140003
:103A5000407A303800EB410000EB8001AFF22400E7
:103A6000807A303800EB410062490968A1F85C00B7
:103A7000AFF2380080786E2801D1012046E0AFF225
:103A800044008078622801D102203FE0AFF2540068
:103A90008078722808D1AFF25C0000784D2801D1FF
:103AA000032033E0042031E0AFF270008078792801
:103AB00001D105202AE0AFF27C0080786E2801D188
:103AC000062023E0AFF28C0080786C2801D107201B
:103AD0001CE0AFF298008078672801D1082015E03B
:103AE000AFF2A8008078702801D109200EE0AFF273
:103AF000B4008078742801D10A2007E0AFF2C40036
:103B00008078762801D10B2000E00C203949096823
:103B1000A1F85E00AFF2DC0041793039AFF2E40089
:103B20000079202801D1002003E0AFF2F0000079F5
:103B3000303800EB800001EB40002E490968A1F805
:103B400060002DA0417830392BA00078202801D1C9
:103B5000002002E028A00078303800EB800001EB64
:103B6000400024490968A1F8620023A00179303996
:103B700021A0C078202801D1002002E01EA0C0783A
:103B8000303800EB800001EB40001A490968A1F8C9
:103B9000640019A0C179303917A08079202801D19B
:103BA000002002E014A08079303800EB800001EBA7
:103BB000400010490968A1F8660000200D49096815
:103BC000C8810C49096808820E490968C8620D4914
:103BD000096808634BF680300A49096888624FF427
:103BE000E16008490968888600200749096808706B
:103BF00010BD0000F801002032303A34393A303735
:103C000000000000F4010020E401002008480949F8
:103C100008600948486009488860094848610948BF
:103C200008610948C8600948C86109488861704747
:103C3000A8070508F4760020E8080508280A050802
:103C4000280F0508A8110508A80C0508E8120508A2
:103C5000680B05082DE9F04105460C460026606812
:103C600000B100BF134800F049F80746124800F0C1
:103C700045F80743114800F041F80743AFB96068C1
:103C800060B1D4E900010843A1680843E168084332
:103C900069680B4A11400843686007E06868084992
:103CA000084021680843686000E001263046BDE80E
:103CB000F08100000020014000210140002201406D
:103CC000E010FCFF70B504460D460026204600F0CB
:103CD00015F870B9A968286808436168064A114058
:103CE00008436060A06820F4006069680843A06031
:103CF00000E00126304670BDFFFEFFFC01468868EB
:103D000000F001007047000070B504460D46002623
:103D1000686800B100BF2046FFF7F0FF00BB68688D
:103D200030B1606820F46840A9680843606003E02F
:103D3000606820F468406060286800F07060E9689E
:103D4000084329690843A168074A11400843A06055
:103D50006868E16A21F470010143E16200BF00E09C
:103D60000126304670BD0000FDFCFFC04FF4407CD2
:103D70009CFAACFC01F44073BCFA8CFC23FA0CF303
:103D800000EB8300C36A01F01F014FF01F0C0CFA17
:103D900001FC02F01F0223EA0C0302FA01F11943AD
:103DA000C162704730B44FF0007C9CFAACFC01F06B
:103DB0000073BCFA8CFC23FA0CF300EB8300D0F800
:103DC0000CC04FF0F87393FAA3F401F0F871B4FA51
:103DD00084F421FA04F4072505FA04F493FAA3F312
:103DE000B3FA83F3D9402CEA040C02FA01F14CEA4D
:103DF0000101C16030BC7047024909680143014AB2
:103E00001160704720380240024909688143014A25
:103E10001160704720380240024909680143014A95
:103E20001160704724380240024909688143014A01
:103E3000116070472438024030B500F10804C1F326
:103E4000034504EB85031C686FF30B0414431C60EB
:103E500030BD10B5026801F010040123A3401A43DD
:103E6000026010BDF0B503460024506800B100BFE9
:103E700008461D6800F010070126BE40354000F0DE
:103E800010070126BE40B54201D1012500E0002502
:103E900025BB506898B1186801F0100640F6FA7515
:103EA000B540A843D2E90056354396683543D668F5
:103EB000354301F01006B540284318600FE018683C
:103EC00001F01006FA25B540A843D66815683543B9
:103ED00001F01006B5402843186000E00124204698
:103EE000F0BD0000044A525C825842F01002024BBE
:103EF0005B5CC250704700006E060508044A525CC5
:103F0000825842F01002024B5B5CC25070470000C6
:103F100099060508044A525C825842F00402024B9A
:103F20005B5CC250704700006E060508044A525C94
:103F3000825842F00402024B5B5CC25070470000A2
:103F400099060508044A525C825842F00102024B6D
:103F50005B5CC250704700006E060508044A525C64
:103F6000825842F00102024B5B5CC2507047000075
:103F70009906050810B5064B5B5C03445B686FF35C
:103F80000F031343024C645C0444636010BD0000E3
:103F90006E06050810B5064B5B5C03445B686FF367
:103FA0000F031343024C645C0444636010BD0000C3
:103FB00099060508024B5B5C0344DA607047000019
:103FC0006E060508024B5B5C0344DA607047000034
:103FD00099060508024B5B5C03449A607047000039
:103FE0006E060508024B5B5C03449A607047000054
:103FF00099060508F0B502460B4600240021186812
:1040000090FAA0F0B0FA80F48AE00125A540186883
:1040100000EA050100297DD05868012802D05868BF
:1040200002281CD19868956891FAA1F6B6FA86F62E
:1040300077000326BE40B54391FAA1F6B6FA86F69C
:10404000760000FA06F63543956000BFD8685568DB
:104050008D4301FB00F63543556000BF00BF186972
:10406000D56891FAA1F6B6FA86F677000326BE4027
:10407000B54391FAA1F6B6FA86F6760000FA06F68E
:104080003543D56000BF5868022831D191FAA1F0BC
:10409000B0FA80F0082814D25869156A91FAA1F68E
:1040A000B6FA86F6B7000F26BE40B54391FAA1F6E0
:1040B000B6FA86F6B60000FA06F63543156200BF7A
:1040C00016E05869556A0E0A96FAA6F6B6FA86F60A
:1040D000B7000F26BE40B5430E0A96FAA6F6B6FA0A
:1040E00086F6B60000FA06F63543556200BF00BFFB
:1040F0005868156891FAA1F6B6FA86F67700032695
:10410000BE40B54391FAA1F6B6FA86F6760000FAFB
:1041100006F600E003E03543156000BF00BF641CF5
:104120001868E04000287FF470AFF0BD02461069C7
:104130000840884201D1012070470020FCE7024678
:1041400010690840884201D1012070470020FCE737
:104150000A04826170478161704710B5044604F01B
:1041600011FC2060206804F0D9FB6060606804F0F6
:10417000E5FBA060606804F0F3FBE06010BD0000A8
:1041800002480068C0F388107047000004380240FD
:1041900010B500F1500303EB81031A6010BD00005D
:1041A000F0B5059C04F0F006360404F00F0746EA6B
:1041B000074646EA413603F0F0073F0203F00F0CD2
:1041C00047EA0C273E4302F0F00702F00F0C47EAE3
:1041D0000C0746EA07054668024F3E402E434660FC
:1041E000F0BD0000C00000FF2DE9F84F06460D4667
:1041F000144601274DB9607800F01000102804D152
:10420000607800F0EF000A30607005B900E000BF90
:10421000304600F058F8304600F05DF8012848D0EC
:1042200045B1E07800906378A27821783046FFF7B6
:10423000B7FF31E0E0780A21B0FBF1F201FB120098
:10424000E1780A22B1FBF2F140EA011000F0FF0828
:1042500060781146B0FBF1F201FB120061780A228E
:10426000B1FBF2F140EA011000F0FF09A07811461D
:10427000B0FBF1F201FB1200A1780A22B1FBF2F1CE
:1042800040EA011000F0FF0ACDF8008021784B468B
:1042900052463046FFF784FF304600F010F83046B3
:1042A00000F07BF820B9304600F00EF9074600E038
:1042B0000027304600F00CF83846BDE8F88F6FF064
:1042C0008001C1607047CA21416253214162704739
:1042D000FF2141627047F8B504464FF47A700090B0
:1042E00000250026204600F04EF8D0B900BF681E19
:1042F000E06000BF204600F046F806460DE000F002
:104300004DF9012802D10098401E0090204600F08F
:104310003AF80646009800B90125009808B1012E28
:10432000EDD12846F8BD0146886800F0400070478E
:1043300070B504460D4601262046FFF7C4FF20460F
:10434000FFF7C9FF012819D02868A16821F04001B2
:104350000143A16000BFA86821696FF30E0101430A
:10436000216100BF6868216921F4FE0141EA004132
:10437000216100BF2046FFF7A2FF00262046FFF77D
:10438000A7FF304670BD0146C868C0F38010704773
:104390000146C868C0F34010704701468868C0F302
:1043A00040107047F0B5059C02F0F006360402F0AC
:1043B0000F0746EA07460E4303F0F0073F0203F0FB
:1043C0000F0C47EA0C273E4304F0F00704F00F0CF3
:1043D00047EA0C0746EA07050668024F3E402E43AF
:1043E0000660F0BD808080FF2DE9F84F06460D463F
:1043F0001446012745B93046FFF795FF00B102E0AA
:104400000020206000BF08E03046FFF78CFF00B1BD
:1044100002E00020206000BF00BF3046FFF753FFDE
:104420003046FFF758FF012848D045B1A0790090E9
:104430006379227930462168FFF7B4FF31E0A07933
:104440000A21B0FBF1F201FB1200A1790A22B1FBB3
:10445000F2F140EA011000F0FF0860791146B0FB6C
:10446000F1F201FB120061790A22B1FBF2F140EA9C
:10447000011000F0FF0920791146B0FBF1F201FBB9
:10448000120021790A22B1FBF2F140EA011000F09A
:10449000FF0ACDF800804B46524630462168FFF7B0
:1044A00081FF3046FFF70BFF3046FFF776FF20B95C
:1044B000304600F009F8074600E000273046FFF7D5
:1044C00007FF3846BDE8F88FF8B504464FF47A7018
:1044D00000900025002600BFE06800F0800060F03A
:1044E000A000E06000BF2046FFF752FF06460DE047
:1044F00000F054F8012802D10098401E0090204698
:10450000FFF746FF0646009800B90125009808B15C
:10451000012EEDD12846F8BD30B50246012300BF7B
:104520001068C0F3801038BBD1E9000420438C68C8
:104530002043CC6820430C6920434C6920438C699C
:104540002043CC6920430C6A204314684FF6BF75A2
:10455000AC4320431060506820F004004C6940EAEE
:1045600014405060086AB0F5005F04D1486A84B214
:10457000146100BF00BF0023D06920F40060D06147
:10458000184630BD0146886800F0010070470146BA
:104590008868C0F340007047017370474FF0E02017
:1045A0000069C0F30040704701490860704700008F
:1045B00060030020026A0A4302627047016841F00A
:1045C000010101607047016841F00101016070471D
:1045D000C16841F00101C1607047000010B502469A
:1045E00013682C4882420ED0B2F1804F0BD02A487B
:1045F000824208D02948824205D02948824202D00E
:104600002848824204D123F070004C6840EA040339
:104610002048824220D0B2F1804F1DD01E488242F5
:104620001AD01E48824217D01D48824214D01D481D
:10463000824211D01C4882420ED01C4882420BD0CC
:104640001B48824208D01B48824205D01A48824249
:1046500002D01A48824204D123F44070CC6840EA68
:10466000040313608868D06200BF0888906200BFAE
:104670000848824202D00B48824203D10869106385
:1046800000BF00BF00BF506940F00100506100BF93
:10469000002010BD00000140000400400008004060
:1046A000000C004000040140004001400044014073
:1046B0000048014000180040001C0040002000405D
:1046C00001291AD004291AD010291AD040291AD049
:1046D000B1F5807F19D0B1F5806F18D006210D4A51
:1046E0001830525C104402680B4B595C042303FAE7
:1046F00001F122EA0101016070470021EFE7012189
:10470000EDE70221EBE70321E9E70421E7E70521D3
:10471000E5E70000741505087B150508012919D087
:10472000042919D0102919D0402919D0B1F5807F5A
:1047300018D0B1F5806F17D006210C4A1830525CA2
:10474000104402680A4B595C082303FA01F1114333
:10475000016070470021F0E70121EEE70221ECE75C
:104760000321EAE70421E8E70521E6E774150508D7
:104770007B1505082DE9F04106460C461546012734
:10478000012C08D0102C0CD0B4F5807F0FD0B4F5DC
:10479000805F18D111E02946304601F053FC0746EE
:1047A00012E02946304601F08DFC07460CE0294610
:1047B000304601F0CDFC074606E02946304601F0C0
:1047C00007FD074600E000BF00BF3846BDE8F081A6
:1047D0004163704781637047C163704741627047AE
:1047E00070B5044600252348844206D11020FFF707
:1047F00013FB1020FFF718FB3AE01F48844208D152
:104800004FF40030FFF7F8FA4FF40030FFF7FCFAEE
:104810002EE01A48844208D14FF48020FFF7ECFACA
:104820004FF48020FFF7F0FA22E01548844206D1C9
:104830002020FFF7F1FA2020FFF7F6FA18E01148E0
:10484000844208D14FF40020FFF7D6FA4FF400203D
:10485000FFF7DAFA0CE00C48844208D14FF48010DC
:10486000FFF7CAFA4FF48010FFF7CEFA00E00125F7
:10487000284670BD00100140004400400048004040
:1048800000140140004C00400050004000BF00BF39
:1048900000F10C0252E8002F22F0200100F10C027E
:1048A00042E80013002BF3D100BF704700BF00BFE8
:1048B00000F10C0252E8002F22F0800100F10C02FE
:1048C00042E80013002BF3D100BF704700BF00BFC8
:1048D00000F10C0252E8002F42F0200100F10C021E
:1048E00042E80013002BF3D100BF70472DE9FF41D0
:1048F00004460D4601270026204600F059F80028FE
:1049000045D1E9686868084329690843A9690843EB
:10491000E16849F20C6291430843E060A8682169AC
:1049200021F440510143216100BF6869616921F4AC
:1049300040710143616100BF6846FFF70EFC1648F5
:10494000844201D1039E17E01448844201D1029EA3
:1049500012E01348844201D1029E0DE011488442C6
:1049600001D1039E08E01048844201D1029E03E079
:104970000E48844200D1029E4EB1286838B100270B
:10498000314620462B68AA6900F017F800BF384668
:1049900004B0BDE8F0810000001001400044004078
:1049A0000048004000140140004C0040005000400E
:1049B0000146C868C0F3403070472DE9FC5F0646E9
:1049C0000C4691461D46B9F5004F68D10220A0FB68
:1049D000057003461920A4FB00A001463A46504644
:1049E000FBF7C6FC6421B0FBF1F04FEA001A02208D
:1049F000A0FB05710B461920A4FB00B13A465846AE
:104A0000FBF7B6FC83460220A0FB05700346192085
:104A1000A4FB00013A46CDE90001FBF7A9FC6421A3
:104A2000B0FBF1F000EBC00101EB0010ABEB80003C
:104A3000322101EBC0006421B0FBF1F000F0F8007E
:104A40000AEB400A0220A0FB057003461920A4FBD4
:104A500000B13A465846FBF78BFC83460220A0FB88
:104A6000057003461920A4FB00013A46CDE9000178
:104A7000FBF77EFC6421B0FBF1F000EBC00101EB21
:104A80000010ABEB8000322101EBC0006421B0FBD1
:104A9000F1F000F00700504480B2B06067E00420FD
:104AA000A0FB057003461920A4FB00A001463A466E
:104AB0005046FBF75DFC82460420A0FB05711920DF
:104AC000A4FB00B084463A460B4658466146FBF7C5
:104AD0004FFC6421B0FBF1F000EBC00101EB0010D2
:104AE000AAEB8000322101EB00106421B0FBF1F051
:104AF00000F0F00A0420A0FB057003461920A4FB77
:104B000000B001463A465846FBF732FC6421B0FB40
:104B1000F1F00AEB001A0420A0FB057003461920EF
:104B2000A4FB00B13A465846FBF722FC834604201A
:104B3000A0FB057003461920A4FB00013A46CDE90D
:104B40000001FBF715FC6421B0FBF1F000EBC001A4
:104B500001EB0010ABEB8000322101EB001064216F
:104B6000B0FBF1F000F00F00504480B2B060BDE83F
:104B7000FC9F000070B594B000241194129413941B
:104B80000C940D940E940F941094089409940A9424
:104B90000B9404940594069407947348016841F4B7
:104BA00080710160006800F4807001906F480168B6
:104BB00041F001010160016801F00101019101680A
:104BC00041F002010160006800F0020001908320C2
:104BD00002900325039502A96548FFF70BFA022608
:104BE00002960395069402A96248FFF703FA624908
:104BF000624802788A58037822F06062CA500278CC
:104C00008A58037822F0C002CA5002788A58037882
:104C100022F44032CA5002788A58037822F4907203
:104C200042F48072CA5002788A58037822F40072E3
:104C3000CA5002788A58037842F48062CA500278D7
:104C40008A58037822F4C05242F40062CA500278B3
:104C50008A58037822F4C04242F40052CA500278C3
:104C600047495258007822F004024250119412949D
:104C700088151390434D11A92846FFF723F80C948B
:104C80004FF4A0000D900E940F964FF440701090CA
:104C90000CA92846FFF738F8A86820F48060A860BF
:104CA0004FF4403008900994374C08A92046FEF78D
:104CB000D1FF320611142846FFF758F807223106B3
:104CC0002846FFF76FF8314E40F20521324628465C
:104CD000FFF74CF8072231462846FFF763F82C4EC1
:104CE00040F20A2132462846FFF740F807223146B3
:104CF0002846FFF757F8274E40F20F213246284644
:104D0000FFF734F8072231462846FFF74BF8224ECA
:104D10004FF4057132462846FFF728F8072231463E
:104D20002846FFF73FF8606820F4400040F4000098
:104D300060601A4E40F2192132462846FFF716F8F5
:104D4000072231462846FFF72DF8606820F440001E
:104D500040F480006060D5F8040340F44000C5F8DA
:104D6000040314B070BD00004438024030380240E3
:104D70000000024000040240006402406C15050877
:104D80001464024000200140002301400100300271
:104D9000070050030900B003100020811200808139
:104DA00010B58CB00024089409940A940B940494D0
:104DB0000594069407941648016841F0005101607B
:104DC000006800F0005001901248016841F00101B4
:104DD0000160006800F00100019030200290032083
:104DE000039002A90C48FFF705F9382008900994B0
:104DF00002200B900A4C08AA08492046FFF732F817
:104E000008AA08492046FFF72DF80CB010BD000095
:104E100040380240303802400000024001001002D9
:104E2000007400401200431538B52D48016841F464
:104E300080010160016801F480010091016841F482
:104E400000110160006800F400100090254C2068FB
:104E5000C0F302200022052101F0D8F82249000108
:104E60000870224D4FF4805028602068C0F3022063
:104E70000022052101F0CAF81D49000181F8000453
:104E80004FF4804028602068C0F3022000220521F2
:104E900001F0BCF81749000181F800042D1D4FF006
:104EA000807028602068C0F302200022052101F0F4
:104EB000ADF81149000181F800044FF0007028603E
:104EC0002068C0F302200022052101F09FF80B4961
:104ED000000181F800040A492020C1F8000138BD12
:104EE000303802400CED00E00CE400E000E100E0AE
:104EF0000EE000E038E000E039E000E045E000E0EE
:104F000008E000E010B52A4807F021FA294C206299
:104F1000294807F01CFA60620121284A084607F078
:104F2000CDFAA0620121264A084607F0C7FAE062DE
:104F30000121244A084607F0C1FA20630121224AD0
:104F4000084607F0BBFA60630022204B1146204858
:104F500007F082FC606100221E4B11461E4807F0DC
:104F60007BFCA0611D4B002201211D4807F074FC51
:104F7000E0611C4A00211C4807F011FC20601B4A1C
:104F800000211B4807F00BFC60601A4A00211A48F8
:104F900007F005FCA060194A0021194807F0FFFB43
:104FA000E060184A0021184807F0F9FB206110BDA5
:104FB0000C150508240300201C1505082C150508F0
:104FC0003C1505084C1505085C150508DC1405089A
:104FD0006D880408EC140508ED320408FC1405087B
:104FE0003D8E040828140508759504084C1405081E
:104FF00099A1040870140508698704089414050829
:1050000099AB0408B8140508319A04082DE9F04753
:1050100088B000240494069407946048016841F025
:1050200010010160016801F010010191016841F077
:1050300004010160016801F004010191016841F07F
:1050400080010160016801F080010191016841F077
:1050500001010160016801F001010191016841F065
:1050600002010160016801F002010191016841F053
:1050700008010160006800F0080001903F21484EDF
:10508000B16141F6FC01474FB9614FF47E71DFF821
:105090001881C8F818100807B0614FF0E050C8F840
:1050A00018004248B861DFF808910002C9F81800FA
:1050B000DFF800A14FF08070CAF818003720029086
:1050C00001250395059502A93046FEF793FF48F2A6
:1050D00008000290039504940594069402A93046B2
:1050E000FEF788FF402002900394069402A9304600
:1050F000FEF780FF680302900394069402A94846D5
:10510000FEF778FFA80302900394069502A93046A3
:10511000FEF770FF4FF4E05002900395049405945D
:10512000069402A94046FEF765FF4CF21F4002902C
:10513000039504940594069402A93846FEF75AFF95
:105140004FF4C7500290039504940595069402A964
:105150003846FEF74FFF4FF44070029003950494D9
:105160000594069402A94846FEF744FF28020290DF
:10517000039504940594069402A95046FEF73AFF5D
:105180004FF47E700290039504940595069402A94D
:105190004046FEF72FFF08B0BDE8F08730380240E8
:1051A00000100240000C024000040240000003C452
:1051B00000080240000002400C494CF6CC40086058
:1051C00045F2555008600620486040F6FF70886040
:1051D000C86810F0030F06D000200128F8D14AF665
:1051E000AA20086070470120F7E700000030004067
:1051F00070B588B000240494059406940294039436
:1052000001944548016801F44071B1F5807F47D0B1
:1052100000234FF08051DFF804C1DCF800209143F7
:1052200014D0002101290BD0DCF8001041F080518E
:10523000CCF80010DCF8001001F08051009101233F
:1052400037490A68C2F3002212B10AE00121E9E7F6
:105250000A6842F480720A600A68C2F30022002AD7
:10526000FAD0016841F480310160016821F4803195
:105270000160016841F0010101600168C1F3400172
:105280000029FAD0016821F4407141F48071016075
:10529000012B05D1DCF8001021F08051CCF8001072
:1052A000016841F40041016004947F200590FF20D3
:1052B00006901C4E04A935462846FFF739F82869A0
:1052C00040F4FE00286128696FF30E0040F0FF00F3
:1052D0002861154D2868A0F54851F2391AD08DF88B
:1052E0000C408DF80D408DF80E4002AA0121304689
:1052F000FFF77AF801218DF804108DF805108DF86C
:1053000006108DF8074001AA3046FEF76DFF43F204
:10531000F220286008B070BD70380240403802406A
:1053200000700040002800405028004010B592B0A6
:105330000024089409940A940B940C940D940E94F0
:105340000F9410941194059406941D48016841F43B
:1053500080410160006800F48040019019480168B4
:1053600041F002010160006800F0020001904FF47A
:1053700060400290022003900320049005200790D3
:1053800002A91148FEF736FE08944FF48270099086
:105390000A940B9401200C9040020D9010200E9066
:1053A0000F9410940A201190084C08A92046FFF78A
:1053B000B3F8616821F01001616012B010BD000007
:1053C00040380240303802400004024000380040BB
:1053D00030B593B00024089409940A940B940C946B
:1053E0000D940E940F9410941194059406941D48F6
:1053F000016841F400410160006800F40040019040
:105400001948016841F004010160006800F00400DF
:1054100001904FF4E0500290022503950320049080
:105420000620079002A91148FEF7E4FD08944FF406
:10543000827009900A940B9501200C9040020D9007
:1054400018200E900F9410940A201190084C08A96F
:105450002046FFF761F8616821F01001616013B028
:1054600030BD0000403802403038024000080240A1
:10547000003C004010B586B00020019002900390DF
:10548000049005901B48016841F480210160006888
:1054900000F48020009018480068C0F30220C0F19A
:1054A0000701042900D90421021D072A01D2002086
:1054B00000E0C01E012202FA01F1491E01F00501BF
:1054C00001FA00F00D49000108704FF0E02190064C
:1054D000C1F80001A720ADF8040032200390084C69
:1054E00001A92046FFF77AF8216821F080012160A8
:1054F00006B010BD443802400CED00E01AE400E0B4
:105500000048014030B595B00024109411941394D4
:105510001494089409940A940B940C940D940E948A
:105520000F940294039404940594069407942548D8
:10553000016841F001010160006800F00100019084
:10554000ADF84040601E129010A94FF08040FFF768
:1055500045F84FF08045286820F080002860012140
:105560008807FFF7DBF86020089009940A940B94F1
:105570000C94012108AA8807FFF7FCF8012188078D
:10558000FFF79EF8686820F070006860A86820F057
:105590008000A8600C48016841F0010101600068CA
:1055A00000F001000190E81302900220039004949F
:1055B000059406940120079002A90448FEF71AFDFD
:1055C00015B030BD40380240303802400000024083
:1055D00030B595B000241094119413941494089449
:1055E00009940A940B940C940D940E940F940294C5
:1055F000039404940594069407943548016841F097
:1056000002010160006800F002000190ADF8404026
:105610004EF6602012902F4D10A92846FEF7DEFFAF
:10562000286820F08000286001212846FFF776F8DE
:105630006020089009940A9447F230500B900C9423
:1056400008AA01212846FFF795F801212846FFF70F
:1056500037F8A9152846FFF761F808AAA9152846C2
:10566000FFF788F8A9152846FFF72AF8686820F0A0
:1056700070006860A86820F08000A8601648016883
:1056800041F001010160016801F00101019101682F
:1056900041F002010160006800F00200019040202A
:1056A000029002250395049405940694079502A997
:1056B0000A48FEF79FFC012002900395049405948C
:1056C0000694079502A90648FEF794FC15B030BD74
:1056D00040380240000400403038024000000240E0
:1056E0000004024030B595B0002410941194139436
:1056F0001494089409940A940B940C940D940E94A9
:105700000F940294039404940594069407942748F4
:10571000016841F004010160006800F0040001909C
:105720004520ADF8400043F698201290204D10A976
:105730002846FEF753FF286820F0800028601021DB
:105740002846FEF7EBFF6020089009940A940B941A
:105750000C9408AA10212846FFF70CF810212846BF
:10576000FEF7AEFF686820F070006860A86820F05F
:105770008000A860286840F0010028600D4801689A
:1057800041F008010160006800F008000190681411
:10579000029002200390049405940694079002A9B5
:1057A0000548FEF727FC15B030BD00004038024028
:1057B0000008004030380240000C024010B586B0AE
:1057C000002001900290049005901148016841F07A
:1057D00010010160006800F010000090A820ADF8F2
:1057E00004004FF47A7003900A4C01A92046FEF79A
:1057F000F5FE206820F080002060606820F07000D6
:105800006060A06820F08000A06006B010BD0000BD
:10581000403802400010004010B586B000200190D2
:1058200002900390049005901F490A6842F02002FC
:105830000A60096801F0200100911C490968C1F360
:105840000221C1F10702042A00D904220B1D072BF3
:1058500001D2002100E0C91E012303FA02F2521E08
:1058600002F0050202FA01F1114A09011170114911
:10587000DA05C1F80021ADF804004FF6FF7003907F
:105880000D4C01A92046FEF7A9FE206820F08000FB
:105890002060606820F070006060A06820F08000E8
:1058A000A06006B010BD0000403802400CED00E0E2
:1058B00037E400E004E000E00014004010B590B0D0
:1058C0000024089409940A940B940C940D940E945B
:1058D000059406942C48016841F0100101600068AD
:1058E00000F0100001902948016841F001010160B9
:1058F000006800F0010001904FF4C06002900220A7
:105900000390032004900720079002A92048FEF787
:1059100071FB20480068C0F30220C0F10701042990
:1059200000D90421021D072A01D2002000E0C01E78
:10593000012202FA01F1491E01F0050101FA00F00D
:1059400015490001087015492020C1F800014FF4E5
:10595000E130089009940A940B940C200C900D945B
:105960000E940F4C08A92046FEF7C0FF206920F4D2
:1059700090402061606920F02A006061E06840F496
:105980000050E06010B010BD443802403038024092
:10599000000002400CED00E025E400E004E000E03F
:1059A0000010014010B590B00024089409940A94A6
:1059B0000B940C940D940E94059406947048016811
:1059C00041F480210160006800F4802001906D485E
:1059D000016841F008010160006800F008000190D2
:1059E0004FF440700290022003900320049007209F
:1059F000079002A96448FEF7FDFA644964484278BA
:105A00008A58437822F0606242F00062CA504278BD
:105A10008A58437822F0C002CA5042788A584378A4
:105A200022F44032CA5042788A58437822F4907265
:105A3000CA5042788A58437822F40072CA50427899
:105A40008A58437842F48062CA5042788A58437830
:105A500022F4C052CA5042788A58437822F4C04295
:105A6000CA5043784B4A9B5890F801C023F0040376
:105A70004CF80230C378CB5890F803C023F0606331
:105A800043F0006341F80C30C378CB5890F803C062
:105A900023F0C00343F0400341F80C30C378CB58E7
:105AA00090F803C023F4403341F80C30C378CB584E
:105AB00090F803C023F4907341F80C30C378CB58AE
:105AC00090F803C023F4007341F80C30C378CB582E
:105AD00090F803C043F4806341F80C30C378CB588E
:105AE00090F803C023F4C05341F80C30C378CB586E
:105AF00090F803C023F4C04341F80C30C1788958B2
:105B0000C07821F00401815023480068C0F30220CE
:105B1000C0F10701042900D90421021D072A01D27E
:105B2000002000E0C01E012202FA01F1491E01F02E
:105B3000050101FA00F01949000108701849802098
:105B4000C1F800014FF4E130089009940A940B94D5
:105B50000C200C900D940E94124C08A92046FEF7D0
:105B6000C5FE206920F490402061606920F02A0081
:105B70006061E06840F40050E06010B010BD0000CB
:105B80004038024030380240000C024000600240C1
:105B900082150508146002400CED00E027E400E0E7
:105BA00004E000E00048004010B590B000240894E4
:105BB00009940A940B940C940D940E9405940694F5
:105BC0006F48016841F020010160006800F020008A
:105BD00001906C48016841F004010160006800F028
:105BE00004000190C0200290022003900320049042
:105BF0000820079002A96448FEF7FCF9634964484D
:105C000042788A58437822F0606242F02062CA509B
:105C100042788A58437822F0C002CA5042788A58A3
:105C2000437822F44032CA5042788A58437822F4AA
:105C30009072CA5042788A58437822F40072CA504F
:105C400042788A58437842F48062CA5042788A582F
:105C5000437822F4C052CA5042788A58437822F4DA
:105C6000C042CA5043784B4A9B5890F801C023F079
:105C700004034CF802308379CB5890F806C023F027
:105C8000606343F0206341F80C308379CB5890F87F
:105C900006C023F0C00343F0400341F80C30837981
:105CA000CB5890F806C023F4403341F80C30837988
:105CB000CB5890F806C023F4907341F80C308379E8
:105CC000CB5890F806C023F4007341F80C30837968
:105CD000CB5890F806C043F4806341F80C308379C8
:105CE000CB5890F806C023F4C05341F80C308379A8
:105CF000CB5890F806C023F4C04341F80C308179AA
:105D00008958807921F00401815023480068C0F34C
:105D10000220C0F10701042900D90421021D072A2D
:105D200001D2002000E0C01E012202FA01F1491E4A
:105D300001F0050101FA00F0184900010870184946
:105D40008020C1F800014FF4E130089009940A94D2
:105D50000B940C200C900D940E94124C08A9204624
:105D6000FEF7C4FD206920F490402061606920F0B6
:105D70002A006061E06840F40050E06010B010BD9F
:105D800044380240303802400008024000640240BB
:105D900082150508146402400CED00E047E400E0C1
:105DA00008E000E0001401402DE9F047074688466E
:105DB00015461E4600242046641C2F490F54042219
:105DC0002046641C0A544FEA18222046641C0A54D8
:105DD0002046641C01F800802A0A2046641C0A54EC
:105DE0002046641C0D540621234807F031FC8146EF
:105DF0002046641C204901F800904FEA19222046F1
:105E0000641C0A5421461C48FDF72CFA4FF4FA7121
:105E10001A48006806F01CFB50BB19480078B842CD
:105E200024D11748C01C30F815906800C01C81B2FE
:105E3000134807F00DFC484515D1002010E0410043
:105E4000C91C0F4A515C090226F8101036F81020C0
:105E50004100091D0A4B595C114426F81010401CE2
:105E6000A842ECDB06E00020BDE8F0870020FBE75D
:105E70000020F9E700BFF7E7786400205403002012
:105E8000F86300202DE9F04105460E461746002430
:105E90002046641C1C490D5406222046641C0A54EA
:105EA000320A2046641C0A542046641C0E543A0AE6
:105EB0002046641C0A542046641C0F542146124894
:105EC00007F0C6FB80462046641C0F4901F800809D
:105ED0004FEA18222046641C0A5421460A48FDF75E
:105EE000C1F94FF4FA710948006806F0B1FA40B9F7
:105EF00007480078A84202D10120BDE8F0810020C7
:105F0000FBE70020F9E7000078640020540300203C
:105F1000F86300202DE9F047074688461546994664
:105F20000024A2462146641C2C48475410222146D6
:105F3000641C42544FEA28222146641C42542146E4
:105F4000641C00F801802A122146641C4254214638
:105F5000641C45546806020E2146641C1F484254C6
:105F6000002610E039F81600020A2046611C8CB2A7
:105F70001A490A5419F816202046611C8CB2174998
:105F80000A54701C86B2AE42ECDB2146134807F07F
:105F90005FFB82462046611C8CB2104901F800A0CC
:105FA0004FEA2A222046611C8CB20C490A54214631
:105FB0000A48FDF757F94FF4FA710948006806F0EE
:105FC00047FA40B907480078B84202D10120BDE83D
:105FD000F0870020FBE70020F9E70000786400204C
:105FE00054030020F8630020FEE701B56B4602224F
:105FF00004210120FFF78EFF08BD01B56B46022288
:1060000011460120FFF786FF08BDFEE700F00700FC
:10601000C0F10703042B00D9042300F1040CBCF1E8
:10602000070F01D2002000E0C01E4FF0010C0CFA57
:1060300003F35B1E194081400CFA00F0401E104033
:106040000843704770B50246106A20F001001062E4
:10605000136A5568946924F0030424F070000E68F4
:1060600040EA060423F002000E6940EA060323F02A
:1060700001004E6840EA06031048824202D01048F0
:10608000824213D123F008004E6940EA860323F0D0
:1060900004008E6840EA860325F480708E6940EA29
:1060A000060525F40070CE6940EA46055560946106
:1060B000C868506300BF1362002070BD000001403B
:1060C000000401402DE9F04104460D46206A20F00D
:1060D00010002062266AD4F80480A76927F440776C
:1060E00027F4E040296840EA012726F020002969CA
:1060F00040EA011626F01000696840EA01161248CD
:10610000844202D01148844213D126F0800069698C
:1061100040EA811626F04000A96840EA811628F47A
:106120008060A96940EA810828F40060E96940EAD2
:10613000C108C4F80480A7612046E968FEF74AFB5D
:1061400026620020BDE8F08100000140000401400B
:1061500070B50246106A20F480701062136A5568A8
:10616000D46924F0030424F070000E6840EA0604A9
:1061700023F400700E6940EA062323F480704E6811
:1061800040EA06231048824202D01048824213D1CE
:1061900023F400604E6940EA862323F480608E6811
:1061A00040EA862325F480508E6940EA061525F4DE
:1061B0000050CE6940EA46155560D461C868D06386
:1061C00000BF1362002070BD0000014000040140C8
:1061D00070B50246106A20F480501062146A556847
:1061E000D36923F4407323F4E0400E6840EA0623A9
:1061F00024F400500E6940EA063424F480504E68BE
:1062000040EA06340948824202D00948824204D159
:1062100025F480408E6940EA86155560D361C868D0
:10622000106400BF1462002070BD00000000014037
:106230000004014010B50246002003E012F8014BB3
:106240002318D8B20B1EA1F10104A1B2F6D1C0B23D
:1062500010BD000000B5034890ED000A02F000FFF9
:1062600000BD00006802002010B54FF0FF30294942
:106270000968086020212848FDF76AFF1021264898
:10628000FDF766FF08212448FDF762FF042122483C
:10629000FDF75EFF02212048FDF75AFF01211E484D
:1062A000FDF756FF4FF400711C48FDF751FF4FF406
:1062B00080711A48FDF74CFF80211848FDF748FF10
:1062C00040211648FDF744FF20211448FDF740FF08
:1062D00010211248FDF73CFF08211048FDF738FF58
:1062E00080210F48FDF734FF40210D48FDF730FFB6
:1062F00020210B48FDF72CFF10210948FDF728FF4E
:1063000008210748FDF724FF04210548FDF720FF79
:1063100010BD0000E801002000100240000402400F
:10632000000C024010B50C480068B0F8400013287B
:1063300005DC09480068B0F84000012804DA1020A4
:1063400005490968A1F840000349096891F840002F
:1063500000F08EF810BD0000F401002070B5064674
:106360000C4621463046FCF79BF905460848006874
:10637000A0F87040642C03D1FFF776FF012070BDB8
:106380000DB90020FBE7284600F02EF90120F6E7C2
:10639000F401002010B52DED028B1F480068B0F805
:1063A000520000EE100AB8EE400AF2EE040A80EE47
:1063B000201AB0EE418A9FED190AB4EEC08AF1EEC0
:1063C00010FA03DD9FED150AB0EE408A144890EDF7
:1063D000000A02F0D3FE10480068B0F8540000EE46
:1063E000100AB8EE400AF2EE040A80EE201AB0EE6F
:1063F000418A9FED0A0AB4EEC08AF1EE10FA03DD7D
:106400009FED060AB0EE408A064890ED000A02F0C1
:1064100001FFBDEC028B10BDF4010020000004421E
:106420001C0300202003002010B501220B21104680
:10643000FBF7DAFD10BD000010B50C480068B0F89D
:106440004200132805DC09480068B0F84200012822
:1064500004DA122005490968A1F8420003490968D5
:1064600091F8420000F004F810BD0000F401002093
:1064700010B504462E2C6FD2DFE804F09C171C21C7
:10648000262B30353B41464B50555A5F64696F743B
:106490009C9C9C9C9C797D8185898D91959C9C9CE4
:1064A0009C9C9C9C9C9C9C9C9C9920214348FDF717
:1064B0004FFE80E010214148FDF74AFE7BE00821B5
:1064C0003E48FDF745FE76E004213C48FDF740FEDE
:1064D00071E002213948FDF73BFE6CE001213748AD
:1064E000FDF736FE67E04FF400713548FDF730FEEA
:1064F00061E04FF480713248FDF72AFE5BE08021B5
:106500002F48FDF725FE56E040212D48FDF720FEDF
:1065100051E020212A48FDF71BFE4CE010212848BD
:10652000FDF716FE47E008212548FDF711FE42E081
:1065300080212448FDF70CFE3DE040212148FDF775
:1065400007FE38E020211F48FDF702FE33E010214E
:106550001C48FDF7FDFD2EE02CE008211948FDF751
:10656000F7FD28E004211748FDF7F2FD23E00120A4
:10657000154908701FE00120144908701BE0012034
:106580001349087017E001201249087013E0012038
:10659000114908700FE00120104908700BE001203C
:1065A0000F49087007E001200E49087003E0FFF76B
:1065B00051FE00E000BF00BF10BD0000001002400F
:1065C00000040240000C02404C0200204D0200205A
:1065D0004E0200204F0200205002002051020020F5
:1065E000520200205302002070B5044601250A48DB
:1065F00000680068204308490968086008E004F062
:10660000010010B1E8B2FFF733FF6408681C85B2DF
:10661000202DF4DD70BD0000E801002010B52DED47
:10662000088B0446B0EE408A84ED048A94ED050A96
:10663000D4ED040A30EE600A84ED060A94ED030AF4
:1066400010EE101A084609F097FE41EC190B94ED74
:10665000060A10EE101A084609F08EFE41EC1B0BDC
:10666000B0EE4B0AF0EE6B0A04F059FBB0EE40AA14
:10667000F0EE60AA53EC192B51EC1A0B09F050FD07
:106680007ED294ED060AD4ED000A20EE200A84EDB5
:10669000090A606B09F0F6FB41EC190B94ED090A4D
:1066A00010EE101A084609F067FE41EC1B0BB0EE25
:1066B0004B0AF0EE6B0A04F032FBB0EE40AAF0EEAB
:1066C00060AA53EC192B51EC1A0B09F029FD06D2E4
:1066D00094ED0E0AB8EE400A84ED0A0A3FE094ED0C
:1066E0000A0AD4ED010A94ED061A00EE810A84ED3F
:1066F0000A0AD4ED0A0A94ED0D0AB8EE400AF4EE47
:10670000C00AF1EE10FA06DD94ED0D0AB8EE400A6B
:1067100084ED0A0A23E094ED0A0AB5EEC00AF1EE10
:1067200010FA11DBD4ED0A0A94ED0E0AB8EE400A15
:10673000F4EEC00AF1EE10FA06D294ED0A0ABCEEAD
:10674000C00A84ED0E0A0AE094ED0A0AB5EEC00A0A
:10675000F1EE10FA03D29FED240A84ED0A0A94EDBB
:10676000060AD4ED070A30EE600A84ED080A94EDBB
:10677000080AD4ED020A20EE200A84ED0B0A00E09C
:1067800012E094ED090AD4ED0A0A30EE200AD4EDA5
:106790000B0A30EE200AF6EE000A30EE200ABDEEBB
:1067A000C00A84ED0C0A09E094ED0A0AF6EE000A2C
:1067B00030EE200ABDEEC00A84ED0C0A94ED060A04
:1067C00084ED070A206B002801DA00202063606B4B
:1067D00028B1D4E90C01884201D9606B2063206B99
:1067E000BDEC088B10BD000000000000FCF700BAF3
:1067F00090ED050AD0ED040A30EE600A80ED070A3C
:1068000070472DE9FC4106460C460025002716E09E
:10681000002003214FF448732246CDE900100221E5
:10682000304604F01AF80546781CC0B207460F2817
:1068300005DB242002F0F4FA0820BDE8FC81002DDD
:10684000E6D012234FF448722146304602F0F0FBA6
:106850002846F2E72DE9F04105460E4617469846D0
:1068600001233A4631462846FAF7B6F904464CB1B8
:10687000204602F0D5FA03212846FFF7C2FF002088
:10688000BDE8F0810120FBE72DE9F04105460E4609
:106890001746984601233A4631462846FAF7BAF990
:1068A00004464CB1204602F0BBFA03212846FFF70C
:1068B000A8FF0020BDE8F0810120FBE710B50446E9
:1068C0001E234FF416721A21204602F0B1FB10BDB0
:1068D00010B504460B234FF416720221204602F035
:1068E000A7FB10BD2DE9F84380460E4614461F460F
:1068F000DDE90895404600F063FE10B90020BDE8D0
:10690000F8830321404600F0B7FB322001F0FAFE85
:106910005DB1322001F0F6FE06214046FFF71EFD74
:10692000C5EB0511880000F08EFB012001F0EAFEA6
:10693000012000F088FB0CB9032000E0062002468D
:106940000CB9304600E007200146404601F0E6FE63
:1069500008B90020D3E70CB9032000E00620024666
:106960000CB9304600E007200146404601F0D6FE53
:1069700008B90020C3E7304601F0C4FE012000F052
:1069800062FB24B1012C10D0022C10D10EE00123A7
:10699000062231464046FFF777FF08B90020AEE7F0
:1069A0003146404600F046FE01E000E000BF00BF77
:1069B0001DB106214046FAF73FFB0A2001F0A2FE76
:1069C000012000F040FB012302220A214046FFF78C
:1069D0005BFF08B9002092E74046FFF779FF0321EB
:1069E000404600F087FB0B2001F08CFE012000F0F8
:1069F0002AFB01231A460B214046FFF745FF08B941
:106A000000207CE74046FFF763FF0321404600F08B
:106A100071FB0C2001F076FE012000F014FB012335
:106A20001A460C214046FFF72FFF08B9002066E701
:106A3000012000F008FB012303220C214046FFF750
:106A400023FF08B900205AE74046FFF741FF4046C0
:106A5000FFF73EFF4046FFF73BFF282001F052FEC4
:106A6000012000F0F0FA4B463A460021012001F0E7
:106A7000D3FC2F2001F046FE012000F0E4FA4B4643
:106A80005A220021012001F0C7FC2E2001F03AFE1D
:106A9000012000F0D8FA0A2000F08AFE00F0CAFABD
:106AA000022000F0D0FA042001F02CFE012000F0BA
:106AB000CAFA06200346052204210090404600F051
:106AC00049FB0421404600F0D7FA042001F01AFEE9
:106AD000012000F0B8FA002301220821404600F00E
:106AE00022FB0321404600F005FB09220821404615
:106AF00001F014FE00F0FCFF0A2000F0A4FA0120CF
:106B0000FDE62DE9F84380460D4616461F46DDE9B1
:106B10000894404600F054FD10B90020BDE8F88309
:106B200024214046FFF71AFC0321404600F0A4FA56
:106B3000012001F0E7FD44B106214046FFF70EFCBD
:106B4000C4EB0411880000F07EFA012000F07BFA0B
:106B500009222946404601F0E1FD08B90020DDE7A1
:106B600000230C2208214046FFF78EFE08B90020C2
:106B7000D4E72D2001F0C6FD0A2000F067FD0220B9
:106B800000F061FA0321404600F076FA0023032268
:106B90002946404601F0D6FD284601F0B3FD01200C
:106BA00000F051FA26B1012E1AD0022E66D13EE035
:106BB0000123062229464046FFF766FE08B9002059
:106BC000ACE70321404600F095FA2946404600F024
:106BD00031FD002303220821404601F0B3FD4DE0C2
:106BE0000123032229464046FFF74EFE08B9002044
:106BF00094E70321404600F07DFA2946404600F024
:106C000019FD002303220821404601F09BFD0023CB
:106C100003220821404601F095FD012303220821AB
:106C20004046FFF731FE08B9002077E726E0012350
:106C30001A4629464046FFF727FE08B900206DE7AF
:106C40000321404600F056FA2946404600F0F2FC87
:106C5000002301220821404601F074FD0023032295
:106C60000821404601F06EFD01230522082140461F
:106C7000FFF70AFE08B9002050E700BF00BF1CB1B3
:106C800006214046FAF7D8F90A2001F03BFD012021
:106C900000F0D9F901231A460A214046FFF7F4FD16
:106CA00008B900203AE74046FFF712FE03214046AC
:106CB00000F020FA0B2001F025FD012000F0C3F9BF
:106CC000002301220B21404601F03CFD012302225A
:106CD0000B214046FFF7D8FD08B900201EE74046CB
:106CE000FFF7F6FD0321404600F004FA0C2001F006
:106CF00009FD012000F0A7F9012305220C214046DF
:106D0000FFF7C2FD08B9002008E74046FFF7E0FDA5
:106D10004046FFF7DDFD4046FFF7DAFD0023012284
:106D20000821404601F00EFD282001F0EBFC012077
:106D300000F089F94B463A460021012001F06CFB36
:106D40002F2001F0DFFC012000F07DF90023462216
:106D50001946012001F060FB4046FFF7B9FD4046AF
:106D6000FFF7B6FD022346220021012001F054FB6B
:106D70002E2001F0C7FC012000F065F90A2000F088
:106D800017FD00F057F9042001F0BCFC012000F0D1
:106D90005AF906200346052204210090404600F0DF
:106DA000D9F90421404600F067F9042001F0AAFC5B
:106DB000012000F048F9002301220821404600F09C
:106DC000B2F90321404600F095F90322082140461C
:106DD00001F0A4FC0C220821404601F09FFC00F0C9
:106DE00087FE012000F02FF924214046FAF724F90C
:106DF000012093E62DE9F04780460D4616461F46D2
:106E0000DDE90894FCF7D4FB404600F0D9FB10B94B
:106E10000020BDE8F0871E220421404600F05AF908
:106E2000322001F06FFC5CB1322001F06BFC0621D6
:106E30004046FFF793FAC4EB0411880000F003F911
:106E4000012000F000F9002078490968C8847749DA
:106E500009688884284601F055FC012000F0F3F809
:106E600026B1012E10D0022E10D10EE001231522E2
:106E700029464046FFF708FD08B90020C9E7294622
:106E8000404600F0D7FB01E000E000BF00BF1CB1AE
:106E900006214046FAF7D0F8162001F033FC012015
:106EA00000F0D1F80123032216214046FFF7ECFC45
:106EB00008B90020ADE720214046FFF74FFA052032
:106EC00000F0C1F820214046FAF7B6F8002303226B
:106ED0000821404601F036FC0023032208214046E9
:106EE00001F030FC172001F00DFC012000F0ABF8A0
:106EF00020214046FFF732FA0A2000F0A4F80123CF
:106F000040F6AC5217214046FFF7BEFC08B90020FE
:106F10007FE7282001F0F6FB012000F094F84B46B3
:106F20003A460021012001F077FA2F2001F0EAFB18
:106F3000012000F088F8002350221946012001F0BA
:106F40006BFA0F2001F0DEFB012000F07CF801233A
:106F500003220F214046FFF797FC08B9002058E7AD
:106F6000282001F0CFFB002346221946012001F022
:106F70006FFA0A2000F067F820214046FFF7EEF98B
:106F8000302001F0BFFB032000F05DF828480068C6
:106F9000B0F86810404601F0D3FA08B9002038E78D
:106FA00000F090FD022000F04EF800F093FD02206A
:106FB00000F049F800F03EF8022000F044F8042008
:106FC00001F0A0FB012000F03EF81E220421404603
:106FD00000F080F820214046FFF7C0F901231B2272
:106FE00008214046FFF750FC08B9002011E728228D
:106FF0000421404600F06EF801231B220821404680
:10700000FFF742FC08B9002003E72822042140468C
:1070100000F060F820214046FAF70EF800F068FD15
:107020000A2000F010F80120F3E60000F80100202B
:10703000F40100207047704710B504460621204631
:10704000F9F7FAFF10BD10B504464FF47A7104FB4E
:1070500001F005F0F5F810BD7CB506460C46154666
:1070600001204FF4487322460221CDE900503046FA
:1070700003F0F3FB7CBD000070B504460D46032110
:10708000204600F037F80020FBF740FBDFED100A48
:10709000B4EEE00AF1EE10FA14DD00235522194691
:1070A000012001F0B9F903E041F2883005F0C8F899
:1070B0000020FBF72BFBDFED060AB4EEE00AF1EE51
:1070C00010FAF1DC29462046FFF79BFB70BD00005B
:1070D0000000AA4270B505460E46144631462846C1
:1070E000FFF73CF92046FFF7AEFF31462846F9F797
:1070F000A3FF70BD70B504460D4612234FF44872CD
:107100002946204601F094FF70BD70B5054628461B
:10711000FBF7D6F9044624B1204601F081FE002099
:1071200070BD0120FCE72DE9F04105460E461746EB
:10713000984643463A4631462846FBF7E9F9044665
:107140002CB1204601F06CFE0020BDE8F08101204A
:10715000FBE700002DE9F04705460E461746984626
:10716000DDF82090002425E002212846FFF7F6F8FC
:107170004FF4FA7005F064F83A464FF44871012074
:1071800002F0D0FB02E00A2005F05AF80B48007824
:107190000028F8D002212846F9F74EFF4FF4FA7084
:1071A00005F04EF843464FF448723146284601F048
:1071B0003FFF641C4C45D7DBBDE8F087FC01002095
:1071C00010B50446224603490348FBF7D5F90148A8
:1071D000008810BD100300200E03002070B5064685
:1071E0000C46154629462046FCF7B8F970BD00004C
:1071F0002DE9F84380460D4616461F46DDE9089402
:10720000404600F0DDF910B90020BDE8F883032105
:107210004046FFF731FF322001F074FA44B10621F5
:107220004046FFF79BF8C4EB04118800FFF70BFF03
:10723000012001F067FA002303222946404601F0AD
:1072400081FA284601F05EFA0120FFF7FCFE36B114
:10725000012E2ED0022E56D0032E76D192E001239D
:10726000062229464046FFF70FFB08B90020CCE76D
:107270002946404600F0DEF900230122082140465D
:1072800001F060FA002303220821404601F05AFA77
:1072900001231A4608214046FFF7F6FA08B90020F4
:1072A000B3E74046FFF714FB03214046FFF722FFF8
:1072B000B8E001231A4629464046FFF7E5FA08B927
:1072C0000020A2E72946404600F0B4F9002301223D
:1072D0000821404601F036FA0023032208214046E7
:1072E00001F030FA0123062208214046FFF7CCFACC
:1072F00008B9002089E74046FFF7EAFA0321404633
:10730000FFF7F8FE8EE00123022229464046FFF7F0
:10731000BBFA08B9002078E72946404600F08AF910
:10732000002301220821404601F00CFA0023032229
:107330000821404601F006FA0123062208214046B2
:10734000FFF7A2FA10B900205FE76AE04046FFF7B6
:10735000BFFA4046FFF7BCFA03214046FFF7CAFEDA
:107360004046FFF7D2FE09220821404601F0D6F937
:107370004046FFF7A3FA0123092208214046FFF700
:1073800069FA4FE00123062229464046FFF762FAD8
:1073900008B9002039E72946404600F04BF901239F
:1073A000032208214046FFF755FA08B900202CE7D0
:1073B0004046FFF783FA0A20FFF745FE03214046C7
:1073C000FFF798FE4046FFF7A0FE0922082140463D
:1073D00001F0A4F94046FFF771FA012309220821C0
:1073E0004046FFF737FA08B900200EE74046FFF79E
:1073F00065FA0A20FFF727FE4046FFF786FE0922BE
:107400000821404601F08AF94046FFF757FA012368
:10741000092208214046FFF71DFA08B90020F4E6CA
:1074200000E000BF00BF14B14046FFF705FE032196
:107430004046FFF75FFE112001F064F90120FFF7DD
:1074400002FE01205449087001231A463D2140469E
:1074500000F0A4F804214046FFF74CFE042140460A
:10746000FFF748FE01231A463D214046FFF70CFA7C
:1074700008B90020C9E60020474908704046FFF7D8
:1074800027FA002301220821404600F087F8002354
:1074900001220821404600F081F82D2001F032F948
:1074A0000A2000F0BDFA0A20FFF7CDFD172001F0F9
:1074B00029F90120FFF7C7FD012037490870012392
:1074C0001A463E21404600F069F801231A463E2143
:1074D0004046FFF7D9F908B9002096E600202E496A
:1074E00008704046FFF7F4F90023012208214046C6
:1074F00000F054F8002301220821404600F04EF825
:10750000292001F0FFF80120FFF79DFD4B463A4688
:107510000021012000F080FF4046FFF7D9F91E202E
:10752000FFF791FD2E2001F0EDF80A2000F05CFA43
:107530000520FFF788FD0520FFF785FD042001F0F9
:10754000E1F80220FFF77FFD062003460522042113
:1075500000904046FFF7FEFD04214046FFF78CFDFA
:107560000120FFF770FD0123092208214046FFF7A3
:107570008BF903214046FFF77FFD012309220821F3
:107580004046FFF781F90A2000F012FAFFF753FD99
:1075900000F0AEFA012038E6180200202DE9F04193
:1075A00004460D4616461F463B46324629462046AF
:1075B000FFF7B9FD04212046FFF79CFDBDE8F081EF
:1075C00070B505460024002018490968A1F84C0050
:1075D00016490968A1F84A001549096888801348C6
:1075E000006890ED210A1148006880ED220AF9F741
:1075F000ABFC00210520F9F739FB3C22002128468D
:10760000FFF7ECFD03212846FFF774FD0321284610
:10761000FFF770FD44B1204601F002FC002112206A
:10762000F9F724FB002070BD0120FCE7F4010020E5
:10763000F801002070B504460D460A234FF4167277
:107640002946204601F0F4FC70BD000010B52DED78
:10765000088B044622461F48016866310068643082
:10766000FAF78AFF1B490968B1F8660008F00AFCBE
:1076700041EC1A0B17490968B1F8640008F002FCE4
:1076800041EC1B0B53EC1A2B08F024FA41EC190BBC
:10769000B0EE490AF0EE690A03F04EFBB0EE408A04
:1076A000F0EE608A51EC180B08F02EF909490968D0
:1076B000C1F89C004FF47A7004F0C2FD84200649A2
:1076C000096848854FF47A7004F0BAFDBDEC088B68
:1076D00010BD0000F4010020F80100202DE9FF4159
:1076E000694602A82F4A12689047064640F6B8300D
:1076F00004F0A6FD0DF102010DF10A00294A1268FD
:107700009047064640F6B83004F09AFD01A903A858
:10771000244A126890470646BDF80800BDF80A10D2
:10772000884201DC012000E0002004460CB901255C
:1077300000E0002502A830F81400BDF80C108842C3
:1077400001DA204600E00220074602A830F81500C2
:1077500002A931F81710884201DD284600E03846BA
:10776000044602A830F814000F490968A1F8660021
:107770003DF814000C490968A1F86400012E06D0F8
:10778000212001F04DFB002004B0BDE8F0818420F1
:1077900006490968488540F6B83004F051FD0120DB
:1077A000F2E7000004030020F4010020F8010020AB
:1077B00010B52DED088B044622461D4801686A313C
:1077C00000686830FAF7D8FE19490968B1F86A000C
:1077D00008F058FB41EC1A0B15490968B1F868002C
:1077E00008F050FB41EC1B0B53EC1A2B08F072F91C
:1077F00041EC190BB0EE490AF0EE690A03F09CFA6D
:10780000B0EE408AF0EE608A51EC180B08F07CF87C
:1078100007490968C1F8A0004FF47A7004F010FD20
:107820004FF47A7004F00CFDBDEC088B10BD000025
:10783000F4010020F0B52DED088B85B001A903A857
:10784000584A12689047064640F6B83004F0F8FCF3
:107850000DF106010DF10E00524A126890470646DE
:1078600040F6B83004F0ECFC02A904A84D4A1268B6
:1078700090470646BDF80C00BDF80E10884201DCAA
:10788000012000E0002004460CB9012500E000259D
:1078900003A830F81400BDF81010884201DA204621
:1078A00000E00220074603A830F8150003A931F8CC
:1078B0001710884201DD284600E03846044603A838
:1078C00030F8140038490968A1F86A0001A830F8B6
:1078D000140035490968A1F86800012E07D021205D
:1078E00001F09EFA002005B0BDEC088BF0BD2E49DA
:1078F0000968B1F8680008F0C5FA41EC190B2A498B
:107900000968B1F8640008F0BDFA41EC1B0BB0EE59
:107910004B0AF0EE6B0A03F00FFAB0EE40AAF0EE5D
:1079200060AA53EC192B51EC1A0B08F0D3F841EC78
:10793000180B07F0E9FF1C490968C1F89C001A49B7
:107940000968B1F86A0008F09DFA41EC1A0B164973
:107950000968B1F8660008F095FA41EC1B0B53EC8E
:107960001A2B08F0B7F841EC190BB0EE490AF0EE0B
:10797000690A03F0E1F9B0EE408AF0EE608A51EC5A
:10798000180B07F0C1FF08490968C1F8A00085205D
:1079900006490968488540F6B83004F051FC0120DA
:1079A000A1E7000004030020F4010020F8010020FA
:1079B00010B5044622460A4801686A3100686430FE
:1079C000FAF7DAFD4FF47A7004F03AFC84200549A6
:1079D000096848854FF47A7004F032FC10BD00004D
:1079E000F4010020F801002010B5044622460A48A0
:1079F0000168683100686430FAF7BEFD4FF47A70B0
:107A000004F01EFC84200549096848854FF47A700B
:107A100004F016FC10BD0000F4010020F801002065
:107A200010B5044622460A48016866310068643091
:107A3000FAF7A2FD4FF47A7004F002FC84200549A5
:107A4000096848854FF47A7004F0FAFB10BD000015
:107A5000F4010020F801002010B5044622460A482F
:107A60000168663100686430FAF786FD4FF47A7079
:107A700004F0E6FB84200549096848854FF47A70D4
:107A800004F0DEFB10BD0000F4010020F80100202E
:107A900010B500210620F9F7E9F802F051F910BD00
:107AA0001CB5694601A8064A126890470446012C95
:107AB00004D0212001F0B4F900201CBD0120FCE716
:107AC00004030020842002490968488570470000AB
:107AD000F8010020852002490968488570470000A8
:107AE000F801002010B50446204602F001F910BD4F
:107AF00010B500210620F9F7B9F802F05DF910BDC4
:107B00002DE9F84380460D4616461F46DDE90894E8
:107B10004046FFF755FD10B90020BDE8F88303216A
:107B20004046FFF7A9FA322000F0ECFD44B10621EF
:107B30004046FEF713FCC4EB04118800FFF783FAFC
:107B4000FFF7AEFF08B90020E7E7042000F0DAFDF8
:107B50000120FFF778FA0C220821404600F0DEFDF4
:107B600008B90020D9E701230C2208214046FEF77E
:107B70008BFE08B90020D0E72D2000F0C3FDFFF7F1
:107B8000ADFD08B90020C8E703214046FFF774FAAD
:107B9000284600F0B7FD0120FFF755FA26B1012E67
:107BA0002BD0022E28D157E000230322294640463D
:107BB00000F0C8FD002303222946404600F0C2FD24
:107BC0000123042229464046FEF75EFE08B9002044
:107BD000A3E729464046FFF72DFD00230322082195
:107BE000404600F0AFFD0123062208214046FEF783
:107BF0004BFE08B9002090E777E0002303222946D6
:107C0000404600F09FFD002303222946404600F035
:107C100099FD01231A4629464046FEF735FE08B96C
:107C200000207AE729464046FFF704FD00230122A1
:107C30000821404600F086FD00230322082140462B
:107C400000F080FD0123092208214046FEF71CFEBA
:107C500008B9002061E748E0002303222946404696
:107C600000F070FD002303222946404600F06AFD23
:107C700001231A4629464046FEF706FE08B90020B1
:107C80004BE729464046FFF7D5FC00230122082197
:107C9000404600F057FD002303220821404600F033
:107CA00051FD01230C2208214046FEF7EDFD08B9E5
:107CB000002032E70A2203214046FFF7CDF90023D6
:107CC00001220821404600F03DFD00230322082147
:107CD000404600F037FD0123072208214046FEF709
:107CE000D3FD08B9002018E700BF00BF1CB1062172
:107CF0004046F9F7A1F903214046FFF7FBF91720A9
:107D000000F000FD0120FFF79EF901231A4617211C
:107D10004046FEF7B9FD08B90020FEE60023012227
:107D20000821404600F00EFD0023012208214046B4
:107D300000F008FD162000F0E5FC0120FFF783F9B4
:107D400001231A4616214046FEF79EFD08B9002081
:107D5000E3E64046FEF7BCFD002301220821404631
:107D600000F0F0FC282000F0CDFC0120FFF76BF9BB
:107D70004B463A460021012000F04EFB2F2000F038
:107D8000C1FC0120FFF75FF90023322219460120D0
:107D900000F042FB0F2000F0B5FC0120FFF753F983
:107DA00001231A460F214046FEF76EFD08B9002058
:107DB000B3E64046FEF78CFD2F2000F0A3FC012027
:107DC000FFF741F92E2000F09DFC0220FFF73BF960
:107DD000FFF730FDFFF72EF9042000F093FC01209F
:107DE000FFF731F9062003460522042100904046A2
:107DF000FFF7B0F903214046FFF73EF90120FFF7F6
:107E000022F9002303220821404600F09BFC0023B6
:107E100001220F214046FEF737FD08B900207CE61D
:107E20000D220821404600F079FC0F22082140462F
:107E300000F074FCFFF75CFE0A20FFF704F9012054
:107E40006BE62DE9F04780460D4616461F46DDE9F4
:107E500008944046FFF7B4FB10B90020BDE8F08756
:107E600003214046FFF708F9322000F04BFC44B1F3
:107E700006214046FEF772FAC4EB04118800FFF7B2
:107E8000E2F8042000F03EFC0120FFF7DCF80120BE
:107E900000F038FC0120FFF7D6F8092229464046B9
:107EA00000F03CFC08B90020D8E701230C2208218F
:107EB0004046FEF7E9FC08B90020CFE70321404621
:107EC000FFF7DAF8002303222946404600F03AFC87
:107ED000284600F017FC0120FFF7B5F816B1012E77
:107EE0002BD10DE00123032229464046FEF7CCFCAE
:107EF00008B90020B2E729464046FFF79BFB1DE08A
:107F000001231A4629464046FEF7BEFC08B9002068
:107F1000A4E729464046FFF78DFB002301220821F4
:107F2000404600F00FFC0123032208214046FEF7E3
:107F3000ABFC08B9002091E700E000BF00BF1CB116
:107F400006214046F9F778F8172000F0DBFB012006
:107F5000FFF779F80023012217214046FFF71EFBA7
:107F600001231A4617214046FEF78EFC08B900206F
:107F700074E74046FEF7ACFC00230122082140468E
:107F800000F0E0FB282000F0BDFB0120FFF75BF8CC
:107F90004B463A460021012000F03EFA2F2000F027
:107FA000B1FB0120FFF74FF80023322219460120D0
:107FB00000F032FA0C2000F0A5FB0023012208217A
:107FC000404600F0BFFB012306220C214046FEF78D
:107FD0005BFC08B9002041E74046FEF779FC4046CB
:107FE000FEF776FC282000F08DFB052346220021B9
:107FF000012000F011FA2D2000F084FB1E20FFF775
:1080000022F80A20FFF722FB112000F07BFB012061
:10801000FFF719F80023012211214046FFF7BEFAAD
:108020000123022211214046FEF72EFC08B9002050
:1080300014E7282000F066FB0323462200210120DC
:1080400000F0EAF92E2000F05DFB1420FEF7FBFFA4
:108050000A20FFF7ADFBFEF7EDFF0220FEF7F3FF6E
:10806000042000F04FFB0120FEF7EDFF0421404605
:10807000FFF702F80120FEF7E6FF03220821404641
:1080800000F04CFB0C220821404600F047FBFFF7B4
:108090002FFD0A20FEF7D7FF0120DFE62DE9F84388
:1080A00080460D4616461F46DDE908944046FFF718
:1080B00087FA10B90020BDE8F88303214046FEF797
:1080C000DBFF322000F01EFB5CB1322000F01AFB17
:1080D00006214046FEF742F9C4EB04118800FEF782
:1080E000B2FF012000F00EFB0120FEF7ACFF0922D9
:1080F0002946404600F012FB08B90020DBE70C22BD
:108100000821404600F00AFB08B90020D3E72846C2
:1081100000F0F8FA0120FEF796FF36B1012E16D0D6
:10812000022E3BD0032E7CD15FE001230922294699
:108130004046FEF7A9FB08B90020BCE729464046A7
:10814000FFF778FA03214046FEF7D4FF91E00123C0
:10815000032229464046FEF797FB08B90020AAE70C
:1081600003214046FEF7C6FF29464046FFF762FA64
:10817000002301220821404600F0E4FA00230322F4
:108180000821404600F0DEFA01230822114640464D
:10819000FEF77AFB08B900208DE76AE0012302228E
:1081A00029464046FEF770FB08B9002083E72946C0
:1081B0004046FFF73FFA03214046FEF79BFF0023AE
:1081C00001220821404600F0BDFA002303220821C5
:1081D000404600F0B7FA0123092208214046FEF785
:1081E00053FB08B9002066E743E001230222294639
:1081F0004046FEF749FB08B900205CE729464046A7
:10820000FFF718FA03214046FEF774FF002301220E
:108210000821404600F096FA002303220821404638
:1082200000E025E000F08EFA0123092208214046F3
:10823000FEF72AFB08B900203DE70822032140464B
:10824000FEF70AFF002303220821404600F07AFAD5
:10825000002303220821404600F074FA012309227A
:1082600008214046FEF710FB08B9002023E700E094
:1082700000BF00BF1CB106214046F8F7DDFE172005
:1082800000F040FA0120FEF7DEFE03214046FEF733
:1082900031FF03214046FEF72DFF00230122172165
:1082A0004046FFF77BF901231A4617214046FEF7A7
:1082B000EBFA08B90020FEE64046FEF709FB032171
:1082C0004046FEF717FF282000F01CFA0120FEF7B9
:1082D000BAFE4B463A460021012000F09DF82F20BF
:1082E00000F010FA0120FEF7AEFE002346221946E8
:1082F000012000F091F8192000F004FA0120FEF7A7
:10830000A2FE03214046FEF7F5FE03214046FEF79C
:10831000F1FE0023012219214046FFF73FF9012316
:108320001A4619214046FEF7AFFA08B90020C2E606
:108330004046FEF7CDFA4046FEF7CAFA0321404612
:10834000FEF7D8FE282000F0DDF9012346220021A7
:10835000184600F061F82D2000F0D4F90A20FFF74C
:1083600075F9112000F0CEF903214046FEF7C2FE58
:1083700003214046FEF7BEFE0023012211214046A4
:10838000FFF70CF901231A4611214046FEF77CFA4B
:1083900008B900208FE64046FEF79AFA282000F040
:1083A000B1F9032348220021012000F035F82E20E6
:1083B00000F0A8F91420FEF746FE0A20FFF7F8F9AE
:1083C000FEF738FE0220FEF73EFE042000F09AF988
:1083D0000120FEF738FE0620034605220421009006
:1083E0004046FEF7B7FE04214046FEF745FE012059
:1083F000FEF729FE002303220821404600F0A2F9DF
:108400000C220821404600F089F9FFF771FB0A2091
:10841000FEF719FE01204EE62DE9F04180460C469C
:1084200015461E46012002F01BFC0746324629462F
:10843000204601F0F5F91E2002F012FC07462FB18C
:10844000384600F0EDFC0020BDE8F0810120FBE79C
:108450002DE9F04107460C46154698464FF0FF328D
:108460002946204601F0DCF91E2002F0F9FB064601
:1084700016B10020BDE8F0810120FBE72DE9F047AF
:1084800005460C4690469946DDE908670320FEF74D
:10849000DAFD2846FFF794F810B90020BDE8F08710
:1084A00003212846FEF7E8FD0120FEF7CCFD32202F
:1084B00000F028F90120FEF7C6FD012000F022F9A6
:1084C0000120FEF7C0FD204600F01CF90120FEF758
:1084D000BAFD0A2000F016F90120FEF7B4FD0B20CA
:1084E00000F010F90120FEF7AEFD0C2000F00AF9B3
:1084F0000120FEF7A8FD282000F004F90120FEF776
:10850000A2FD2F2000F0FEF80120FEF79CFD2E209A
:1085100000F0F8F80120FEF796FD0A20FFF748F971
:10852000FEF788FD0220FEF78EFD042000F0EAF839
:10853000FFF7AEFA0120FEF786FD0120AEE700004E
:108540002DE9F84F83460D46002000900027824613
:1085500080464FF005091721584600F0EFFE01F064
:1085600097FC40F6C41A4FF4FA7003F069FE1F211D
:10857000584600F0E3FE4FF6FF705F490968C88473
:108580000A20FEF71DFE5D490968A1F868005B48F6
:108590000068B0F86850ADE0BAF1000F0FD11721B4
:1085A000584600F0CBFE01F073FC40F6C41A4FF4BD
:1085B000FA7003F045FE1F21584600F0BFFE484602
:1085C00001F094FC08EB09001FFA80F8AAEB0900FF
:1085D0001FFA80FA49480068A0F86480009803F008
:1085E0002FFE0120FEF7ECFD044644480068A0F889
:1085F0006A40AC4201DD601B00E0281B86B2B6F584
:10860000FA7F06DBB6F57A7F03DAFA2000900027BE
:1086100060E0B6F57A7F08DB40F2DC50864204DA8F
:10862000009000274FF0050954E040F2DC508642EC
:108630004BDB31480068C48400BF0120FEF7C0FD59
:1086400004462E480068A0F86A40AC4201DD601B79
:1086500000E0281B86B240F2DC50864207DB781C23
:1086600087B2012F09D124480068C48405E00020A6
:1086700021490968C884002701E0032FDDDB00BF22
:10868000781C80B20746032824DB4FF6FF701A4996
:108690000968C8841A48D0ED000AB2EE041AB6EE92
:1086A000000A00EE810ABCEEC00A10EE100A13495F
:1086B0000968A1F8660020215846F8F7BDFC0020A3
:1086C000FFF710FA0120BDE8F88F00200090002786
:1086D0004FF0050941F64C5080450BDD20215846EE
:1086E000F8F7AAFC0020FFF7FDF9252000F098FB21
:1086F0000020E8E750E70000F8010020F401002026
:10870000B402002010B504460348006844850120E7
:10871000FEF799FC10BD0000F80100202DE9F041A2
:1087200005460E4617463A463146284602F0ADFA4F
:1087300004462CB1204600F073FB0020BDE8F08118
:108740000120FBE72DE9F04104460D4616461F4681
:108750003B46324629462046FEF7E5FC03212046EB
:10876000FEF7C8FCBDE8F0810024FAF7C5FD012240
:10877000D1033748FAF740F902F082F9F9F77CFCA7
:108780004FF47A7003F05CFDF9F756FF054625B308
:1087900022E0012211022F48FAF72EF9322003F0CD
:1087A0004FFD00224FF480712A48FAF725F9642022
:1087B00003F046FD012211022648FAF71DF9322086
:1087C00003F03EFD00224FF480712248FAF714F9BD
:1087D0004FF4487003F034FDDBE700BF1E4800781B
:1087E00070B91E48007858B14FF47A7003F028FD34
:1087F0001B4801682431006826301A4A12689047E5
:10880000322003F01DFD03F019FF04464FF4FA7205
:108810000221032003F06AFF044604F00040B0F197
:10882000004FDBD004F0010028B101200C49096899
:10883000C880FAF789FB04F0020010B10A4802F080
:10884000EDF9032003F0CEFE002003490870C5E7D0
:10885000000C024000080240A0020020A1020020FB
:10886000F801002004030020E463002010B5044652
:1088700001F06EFA0348006804F06AF8012002492A
:10888000087010BD38030020FC0100202DE9F041E4
:1088900006460F4614461D4639463046FDF75EFD36
:1088A0002A462146002001F03DF802E0322003F084
:1088B000C7FC074800780028F8D04FF4FA7003F09E
:1088C000BFFC39463046F8F7B7FBBDE8F081000041
:1088D000FC01002000212F230846491C0D4A135497
:1088E00031230846491C13543F230846491C13549E
:1088F0000D230846491C135407488078602801D18D
:108900000020704704488078402801D10120F8E712
:108910000120F6E7986E0020586E0020014600BF47
:108920000448006800F0F0000009034A125C21FAD4
:1089300002F0704708380240AC150508014600BF38
:108940000548006800F4E050044A02EB90200278E9
:1089500021FA02F07047000008380240BC150508F3
:10896000014600BF0548006800F46040044A02EB7D
:108970005030027821FA02F07047000008380240B7
:10898000BC15050810B5002400BF0C48006800F0B5
:108990000C0020B1042804D0082809D103E0084CB9
:1089A00008E0084C06E0082000F00EF8044601E05C
:1089B000034C00BF00BF204610BD00000838024035
:1089C0000024F40000127A002DE9F041044600254D
:1089D0000026002700BF1548006800F48000064606
:1089E0001EB1B6F5800F04D101E0114D03E0114D29
:1089F00001E00F4D00BF00BF082C14D100BF0B4891
:108A0000006800F03F00B5FBF0F8FBF7B9FB08FB8E
:108A100000F80648006800F44030012101EB1040E6
:108A20004000B8FBF0F73846BDE8F081043802405A
:108A30000024F40000127A0010B5052041490968AD
:108A4000A1F878003F4800680088FC2827D006DCA1
:108A500001280BD002280AD0122859D115E0FD2890
:108A60000AD0FE284DD0FF2852D11FE000BF0020C1
:108A700034490968088062E001F058F93248F8F793
:108A8000CDFB002001F07EF900BF002001F07AF953
:108A900000202C49096808802C4908704FE000F03C
:108AA000B3FA002027490968088048E000202549DA
:108AB00009680880FE210846F8F7D8F800F03CFB6A
:108AC00000F0A2FA72B600BF00BF00BF00BF00BF37
:108AD000BFF34F8F00BF00BF00BF1D48006800F408
:108AE000E0601C490843001D1949086000BF00BF31
:108AF00000BFBFF34F8F00BF00BF00BF00BF00BF6C
:108B0000FDE700200F490968088000F07DFA16E0B3
:108B10000E48007868B906200A490968A1F878006B
:108B200001200A49087001210B48006803F09EFDEE
:108B300004E0072003490968A1F8780000BF00BFDE
:108B400010BD0000F4010020FFFF0300A002002080
:108B50000CED00E00000FA052C0300202DE9F047A1
:108B600081468A460024002500260027A0460320CF
:108B700000F0C6FA4BE042F2107800BF4FF480419B
:108B80002A48FBF7D3FA20B1B8F10000A8F1010898
:108B9000F4DA42F21070A0EB080025490860F7F7FC
:108BA00016FF0746022000F0ABFA3E442148224956
:108BB000096840F8217042F2107800BF4FF48041FC
:108BC0001A48FBF7B3FA20B1B8F10000A8F1010888
:108BD000F4DA42F21070A0EB080015490860F7F7CC
:108BE000F6FE0746032000F08BFA3D441248016868
:108BF0000068401C104A1060104840F82170104670
:108C0000007800F07F0011460860601C84B2544573
:108C1000B1DB95FBF4F596FBF4F62D123612A9F8AC
:108C20000250A9F80060BDE8F08700000010024083
:108C300078020020B86A00207C020020B86800207A
:108C400070B504460D4629462046FFF787FF70BDE4
:108C50002DE9FF4106460F460024002502A903A87E
:108C600000F066F8A0460CE03222694601A800F048
:108C70001FF8BDF804000444BDF80000054408F1E5
:108C80000108B8F10A0FEFDB641D6D1D0A20B4FB6B
:108C9000F0F0BDF80C10401A30800A20B5FBF0F05F
:108CA000BDF80810401A3880012004B0BDE8F081FA
:108CB0002DE9F04106460F469046404600F07CFD07
:108CC0004FF47A711848006803F0C2FB48BB174C98
:108CD0000A2522E002E0641C681EC5B220785528EF
:108CE00001D0002DF7D115B90020BDE8F081072192
:108CF000601CFDF79FFA217A88420BD160792179B7
:108D000000EB01203080E079A17900EB0120388070
:108D10000120EAE7641C681EC5B2002DDAD10020EC
:108D2000E3E70020E1E7000050030020B86C0020DA
:108D30002DE9FC4106460F4600240025A0460CE024
:108D40006422694601A800F019F8BDF80400044443
:108D5000BDF80000054408F10108B8F10A0FEFDB87
:108D6000641D6D1D0A20B4FBF0F030800A20B5FBB5
:108D7000F0F038800120BDE8FC8100002DE9F041D1
:108D800006460F469046404600F030FD4FF47A719B
:108D90001848006803F05CFB48BB174C0A2522E02A
:108DA00002E0641C681EC5B22078552801D0002D51
:108DB000F7D115B90020BDE8F0810721601CFDF74F
:108DC00039FA217A88420BD16079217900EB0120B0
:108DD0003080E079A17900EB012038800120EAE7BA
:108DE000641C681EC5B2002DDAD10020E3E7002024
:108DF000E1E7000050030020B86C002008B56B4686
:108E0000022200210120FCF7CFFF009808BD10B519
:108E100004462346042220210120F9F777F810BDEB
:108E200010B5044621460720F7F720FF02480068E6
:108E30008480012010BD0000F801002010B5044618
:108E400006F0FCF9144908600846006813490968EF
:108E5000401A114908600846008811490968A1F8BC
:108E600058000D4800680A21B0FBF1F00A4908607B
:108E7000084600680B490968B0FBF1F00649086034
:108E800008460068642801D9642008600248008808
:108E900003490968088510BD400200203C020020FB
:108EA000F80100203802002010B515220021012011
:108EB000FCF7E8FF10BD000010B52DED068B47480C
:108EC0000068007860B140F6D27245494548FAF72B
:108ED000B3FF43494348FAF7BCFFBDEC068B10BD16
:108EE00041480068007848B164223D493D48FAF79E
:108EF000A3FF3B493B48FAF7ACFFEEE73B4800686D
:108F0000007820B13A48006890ED318A03E0384893
:108F1000006890ED308A36480068B0F8600000EED6
:108F2000100AF8EE408A88EE280AB0EE408AB3EEC6
:108F3000000A28EE000AB0EE408A2D48006890ED45
:108F4000330AF1EE000A30EEC00A30EE080AB0EE45
:108F5000408A9FED280A28EE000AB0EE408A244895
:108F6000006890ED320A22480068D0ED330A30EEF6
:108F7000600AC8EE000AB0EE608A9FED1F0A38EE64
:108F8000000AB0EE408AB5EEC08AF1EE10FA03D2C4
:108F90009FED1A0AB0EE408A18EE100A07F0ECF9BD
:108FA00041EC1A0B9FED160B53EC102B06F0DEFC78
:108FB00041EC190B06F022FF84B2B4F5805F01DBAF
:108FC00040F6FF74224606490648FAF735FF044981
:108FD0000448FAF73EFF00BF7FE700005C02002074
:108FE00001001002007400406002002058020020BE
:108FF000F401002000E076450000C84200000000B7
:10900000000000000000E03F10B540F26542054955
:10901000054800F013FE45F2AA510448C0F88C112F
:1090200010BD0000645200200000020864620020AD
:109030002DE9F04104460D4616461F463B46324692
:1090400029462046FFF722FCBDE8F08110B5044612
:109050000248006803F098FA10BD00005803002091
:1090600030B5DFED220AB4EEE00AF1EE10FA03DDCE
:10907000DFED1E0AB0EE600AB5EEC00AF1EE10FA9E
:1090800003D2DFED1B0AB0EE600ADFED1A0A60EED4
:10909000200AB0EE600ADFED150A80EE201AB0EE6D
:1090A000410AF6EE000A70EE200AB0EE600AFCEE0D
:1090B000C00A10EE901A88B20F49104A01F1080454
:1090C000C2F3034504EB85031C686FF30B040443F0
:1090D0001C6000BF1146084A126801F01004012309
:1090E000A3401A43044B1A6000BF30BD0000044285
:1090F0000000000000F07F4500740040120043159E
:1091000070B504460025032C00DD00240348005DF3
:1091100040F001052846F7F734FD70BD74020020C9
:1091200010B504480068C28805210120F8F75CFFEB
:1091300010BD0000F40100200821024880F89011C1
:10914000704700006462002070B50B480068008919
:109150004FF47A7100FB01F44FF6FF7000EA2445EA
:10916000A6B22A4603210120F8F73EFF3246042129
:109170000120F8F739FF70BDF401002010B52DED86
:10918000028BB0EE408A9FED1F0AB4EEC08AF1EE6A
:1091900010FA03DD9FED1B0AB0EE408AB5EEC08ADF
:1091A000F1EE10FA03D29FED180AB0EE408A9FED5F
:1091B000170A28EE000AB0EE408A9FED120AC8EEA8
:1091C000000AB0EE608AB6EE000A38EE000AB0EE91
:1091D000408ABCEEC80A10EE100A84B224B92146B7
:1091E0000B48FBF7F5FA0AE021460948FBF7F0FACD
:1091F00001210748FBF7DEF90548FBF7E4F9BDEC70
:10920000028B10BD00000442000000000080BB453E
:109210000004004010B52DED028BB0EE408A9FEDAA
:10922000200AB4EEC08AF1EE10FA03DD9FED1C0AAD
:10923000B0EE408AB5EEC08AF1EE10FA03D29FED8F
:10924000190AB0EE408A9FED180A28EE000AB0EE27
:10925000408A9FED130AC8EE000AB0EE608AB6EEAF
:10926000000A38EE000AB0EE408ABCEEC80A10EEE2
:10927000100A84B224B921460C48FBF7ADFA0BE082
:1092800021460A48FBF7A8FA4FF480710748FBF71C
:1092900091F90648FBF797F9BDEC028B10BD000071
:1092A00000000442000000000080BB4500040040B4
:1092B00080ED0A0A70474163704780ED000AC0EDF7
:1092C000010A80ED021AC0ED031A7047816390ED28
:1092D0000E0AB8EE400A80ED0A0A704780ED040AD3
:1092E0007047000070B5054600242F222046641CFC
:1092F00010490A5431222046641C0A545622204642
:10930000641C0A54052095FBF0F6081932460AA1A0
:10931000F7F7A6F804440D222046641C05490A54B8
:1093200000BF4FF4FA7002F08BFFFFF7D3FA00286A
:10933000F7D170BD986E0020256400002DE9F04142
:1093400005460E4631462846F9F7C4F9C7B200244F
:109350002F222046641C11490A5431222046641CE5
:109360000A546F222046641C0A5407F13000C2B22E
:109370002046641C0A5452222046641C0A540D22C2
:109380002046641C0A5400BF4FF4FA7002F058FFE4
:10939000FFF7A0FA0028F7D1BDE8F081986E002011
:1093A00070B5054600242F222046641C11490A543A
:1093B00031222046641C0A547E222046641C0A5432
:1093C00056222046641C0A5408192A460AA1F7F7B7
:1093D00047F804440D222046641C06490A5400BF85
:1093E0004FF4FA7002F02CFFFFF774FA0028F7D15F
:1093F00070BD0000986E00202564000070B5054621
:1094000000242F222046641C19490A543122204688
:10941000641C0A547A222046641C0A5423222046E3
:10942000641C0A5440222046641C0A5432222046FE
:10943000641C0A5439222046641C0A543D222046EA
:10944000641C0A5408192A460AA1F7F709F80444CB
:109450000D222046641C06490A5400BF4FF4FA70DE
:1094600002F0EEFEFFF736FA0028F7D170BD0000DB
:10947000986E00202564000080ED050A704700000A
:1094800070B536480021C022354B5B5C03445B68F5
:109490006FF30F031343324C645C0444636000BFFA
:1094A000304B0C46002514B903F14C0500E02E4D5D
:1094B0002A4600BF2A4B5B5C03449A6000BF2748E2
:1094C00000212A4A264B5B5C0344DA6000BF284A2D
:1094D000234B5B5C03441B69214C645C04442261A4
:1094E00000BF00BF1E4A525C825842F480221C4BCF
:1094F0005B5CC25000BF00BF194A525C825842F008
:109500000102174B5B5CC25000BF00BF2020134913
:10951000886000BF08460021114A525C825842F020
:1095200010020F4B5B5CC25000BF00BF0D4880684B
:1095300040F001000B49886000BF00BF084680680A
:1095400040F08040886000BF4FF44070896821F48B
:1095500040710143034A916000BF70BD0064024046
:10956000C40605080020014008230140F46F0020D4
:10957000747100202DED088B0024FCF70BFFFCF725
:1095800069FEF9F705FF322002F05AFE00224FF47F
:1095900080717648F9F730FAFFF772FF00BF744820
:1095A000006840F040007249086000BFF7F7DCF93E
:1095B00000BF0A2002F044FE04216E48FFF740FB82
:1095C0006D48007800287DD06A4800886B49088083
:1095D000684840886A490880F7F7AEFC0122110309
:1095E0006848F9F709FA0020634908706348008861
:1095F00065490988401A6549096808446349086053
:109600005F48008862490988401A6249096808442D
:1096100060490860601C84B20A2CCAD101205E49EE
:10962000096808835B480068401D0A2190FBF1F03F
:10963000594909684883012057490968888457486F
:109640000068401D0A21B0FBF1F053490968C88445
:109650005348008800282ADD4FF4FA715148006809
:1096600002F044FEF0B94E4840684B490968C98C85
:1096700008444B4948600846806847490968498B57
:1096800008444749886008460088401E08804548CD
:10969000006802F0B5FE50B143480068401C4249E2
:1096A000086004E040480068401C3F4908603A49AF
:1096B0000968488B06F0E6FB41EC1A0B364909684D
:1096C000088B00E030E006F0DDFB41EC1B0B53ECB7
:1096D0001A2B06F0FFF941EC190BB0EE490AF0EE37
:1096E000690A01F029FBB0EE408AF0EE608A51EC85
:1096F000180B06F009F92D490968C1F880004FF4EC
:1097000000612048F9F76EF9002400201F49086025
:10971000204908602649086020490860FFF7CCFB13
:109720002448F7F741FF44E71248008816490880AB
:1097300010484088164908801D4800681249098869
:1097400008441B4908601548006811490988084405
:1097500012490860FCF77EFD00224FF48051094851
:10976000F9F74AF901200449087022E7000802408D
:1097700000380040DC6F0020D0020020D60200201C
:10978000D8020020000C0240D2020020DC0200209F
:10979000D4020020E0020020F8010020E8020020AE
:1097A000E86F002044030020CC020020F4010020D8
:1097B000E4020020D06F002010B50446AA200A4918
:1097C000087055204870002088700620C8701E2040
:1097D0000871200A48718C7105210348801CFCF730
:1097E00029FD0149C87110BDF86C002010B5044670
:1097F000AA200A4908705520487000208870062069
:10980000C8702F200871200A48718C710521034807
:10981000801CFCF70FFD0149C87110BDF86C0020D9
:109820002DE9F04106460D46174606EB460000EBD3
:10983000C6000D4901EB00140C48F7F775FB0B4807
:10984000FCF7D6FF00EE105AB8EE400A84ED040A89
:10985000C7EB0710800001B2A18201206080A080C8
:109860002080BDE8F0810000206F0020D86E00202D
:1098700070B52DED028B0446B0EE408AB5EEC08A7D
:10988000F1EE10FA02D8BDEC028B70BD1F480068E3
:109890000482002C01DD012504E0002C02DA002501
:1098A000604204B29FED1A0A28EE000ADFED190AA1
:1098B00060EE200A00EE104AB8EEC00A80EE801A70
:1098C000BCEEC10A10EE106A00224FF400411248AB
:1098D000F9F792F80020114908702DB9012291037F
:1098E0000D48F9F789F806E0012D04D10022A903FB
:1098F0000948F9F781F8A0B200F062F8314608484B
:10990000006803F007F800BFBDE70000F801002081
:109910000000164400007A44000C0240FC010020C4
:10992000380300202DE9F04105460C461646002E6E
:1099300001DCBDE8F08125B120B21949096808822F
:1099400004E0604200B21649096808824FF41671BB
:1099500006FB01F04FF47A71484390FBF4F70022C4
:109960004FF400410F48F9F747F800200E490870FE
:109970002DB9012291030B48F9F73EF806E0012DBD
:1099800004D10022A9030748F9F736F8204600F071
:1099900017F839460548006802F0BCFF00BFC8E769
:1099A000F8010020000C0240FC01002038030020D8
:1099B00010B5062200210120F8F716FB10BD0000AB
:1099C00010B586B00446142101A8F6F7B6FE1E2C89
:1099D00000DA1E2441F27070844200DB0446452008
:1099E000ADF80400002002900F4890FBF4F00390C3
:1099F0000020049001A90D48FAF7F0FD03994808EA
:109A00000A49886300BF1020096A0143074A1162AE
:109A100000BF00BF1046006840F00100114608601A
:109A200000BF06B010BD0000E86E03000008004053
:109A300000BF0A2002F004FC4A4800884FF6FF717C
:109A400001EA40004749088040214748FAF777FB80
:109A5000444909880843434908800846007800F0D3
:109A60000300032808D141480068007840F0010055
:109A70003E49096808700CE03A48007800F003009D
:109A800038B93A480068007800F0FE0037490968A4
:109A90000870374800884FF6FF7101EA40003449EA
:109AA00008804FF400513348FAF749FB30490988E0
:109AB00008432F4908800846007800F00300032877
:109AC00008D12A480068007840F002002749096858
:109AD00008700CE02648007800F0030038B92348ED
:109AE0000068007800F0FD002049096808702248ED
:109AF000007800289DD021480068C08F1F49096860
:109B0000898F08440A2190FBF1F01D4908601D4827
:109B100000680A301B49086018480068C08F0A2195
:109B200090FBF1F017490968884202D9F7F7AAFAC1
:109B30007FE712480068C08F0A2190FBF1F01149BD
:109B40000968884202D8FCF777FC72E70D48006884
:109B50000B4909688842EBD300200A490860F7F7EF
:109B600091FA66E70003002000100240E4010020A3
:109B70000203002000080240F4020020F40100204B
:109B8000F8020020FC02002001461F48814201D259
:109B9000002070471D48814201D20120F9E71C488E
:109BA000814201D20220F4E71A48814201D2032007
:109BB000EFE71948814201D20420EAE717488142C1
:109BC00001D20520E5E71648814201D20620E0E7F0
:109BD0001448814201D20720DBE71348814201D2B9
:109BE0000820D6E71148814201D20920D1E7104868
:109BF000814201D20A20CCE7B1F1016F01D20B20E2
:109C0000C7E700BFC5E7000000400008008000086B
:109C100000C000080000010800000208000004085D
:109C2000000006080000080800000A0800000C08F0
:109C300000000E0801460868704700002DE9F04357
:109C400087B004460E4617464FF0000900200190E9
:109C500000258046B4F1006F02D304F0030018B170
:109C6000022007B0BDE8F083F8F7A2FE254604EB1A
:109C700087081E4885421DD219E02846FFF7DAFF03
:109C8000401C78B1002002902846FFF77DFF049029
:109C9000012005900220069001A902A8F8F7DCFD3A
:109CA00008B106E02D1D4CF25030F8F7D7FB4545C2
:109CB000E3D300BF4CF25030F8F7D0FB8146B9F146
:109CC000000F0FD10CE0D6F800C0624600232146F9
:109CD0000220F8F721FE08B10120C2E7241D361D3D
:109CE0004445F0D3F8F70EFE0020BAE70000FF1F4E
:109CF00070B5054605EB450000EBC5000A4901EBD0
:109D00000014A08800EB800104F1100000EB81003A
:109D1000A0F114060020F08120800021284600F0E8
:109D200033FBF7F76DF970BD206F002010B500F020
:109D30000FF80248006802F00BFE10BD3803002047
:109D400010B50248006802F003FE10BD4003002079
:109D500010B50122D1030948F8F74EFE102008493A
:109D6000096A8143064A116200BF00BF10460068BD
:109D700020F001001146086000BF10BD000C024039
:109D80000008004070B5054605EB450000EBC50036
:109D9000074901EB00142846FFF7AAFF0548F7F72B
:109DA000C3F800206080A0802080FFF74FF970BDCD
:109DB000206F0020D86E002010B51248006802F015
:109DC000C7FD05F03BFA10490860084600680F49D6
:109DD0000968401A0C4908600846006800F5FA70E6
:109DE0000860084600684FF47A71B0FBF1F006494C
:109DF000086008460088064909688885FFF704F965
:109E000010BD000040030020380200203C0200206A
:109E1000F801002010B5142200210120FCF732F8CF
:109E200010BD000070B5054600242F222046641C9A
:109E300015490A5431222046641C0A544122204606
:109E4000641C0A5442F6E060684340F6C41190FB7B
:109E5000F1F60D49081932460CA1F6F701FB04444E
:109E600052222046641C08490A540D222046641CD4
:109E70000A5400BF4FF4FA7002F0E2F9FEF72AFD2F
:109E80000028F7D170BD0000986E00202564000006
:109E900010B500242F222046641C12490A54312296
:109EA0002046641C0A5441222046641C0A540819A6
:109EB00042F6E0620CA1F6F7D3FA0444522220469F
:109EC000641C08490A540D222046641C0A5400BF31
:109ED0004FF4FA7002F0B4F9FEF7FCFC0028F7D159
:109EE00010BD0000986E00202564000070B5054686
:109EF00000242F222046641C15490A543122204692
:109F0000641C0A5444222046641C0A5442F6E06051
:109F1000684340F6C41190FBF1F60D49081932462A
:109F20000CA1F6F79DFA044452222046641C08490D
:109F30000A540D222046641C0A5400BF4FF4FA70E4
:109F400002F07EF9FEF7C6FC0028F7D170BD0000D4
:109F5000986E00202564000010B54FF0E0200069E5
:109F600005F05CF9012801D004F0A8F910BD00004B
:109F700010B53848016821F0070141F00501016082
:109F8000016801F007010529FAD1334B186840F444
:109F9000804018603148016841F4803101600168F7
:109FA000C1F340410029FAD02D490A6842F001026C
:109FB0000A600A68C2F34002002AFAD0196841F424
:109FC0008071196027490A6842F001020A600A6834
:109FD000C2F34002002AFAD02449234A0B68DFF872
:109FE00090C003EA0C031A430A600A6822F4403264
:109FF0000A60016841F0807101600168C1F340614D
:10A000000029FAD01B48016821F0F00101600168C5
:10A0100021F4E05141F4A0510160016821F4604154
:10A0200041F400410160016821F0030141F00201A7
:10A030000160016801F00C010829FAD10E48FAF715
:10A04000B3FA0F20F8F70EFD002801D0F7F75CFFF8
:10A0500010BD0000003C024000700040003802408B
:10A0600074380240703802400854400004380240FE
:10A070000080BFFF08380240007A030A04480168E4
:10A0800041F4700101600449024808607047000013
:10A0900088ED00E00000040808ED00E000F008B8DA
:10A0A000704700000148F8F776BE0000AC7700204A
:10A0B00010B502480068804710BD0000B8000020BD
:10A0C00010B50268294B98420ED0B0F1804F0BD0EA
:10A0D000274B984208D0274B984205D0264B9842F0
:10A0E00002D0264B984203D122F070024B681A43EB
:10A0F0001E4B984220D0B0F1804F1DD01C4B98428F
:10A100001AD01C4B984217D01B4B984214D01B4BB3
:10A11000984211D01A4B98420ED01A4B98420BD04D
:10A12000194B984208D0194B984205D0184B9842C9
:10A1300002D0184B984203D122F44072CB681A43E4
:10A1400022F080034C6943EA040202608B68C36218
:10A150000B688362054B984202D0084B984201D1AC
:10A160000B6903630123436110BD0000000001403F
:10A170000004004000080040000C004000040140C2
:10A1800000400140004401400048014000180040E8
:10A19000001C0040002000402B480068D0ED261A2B
:10A1A000B0EE611A28480068D0ED251AF0EE610A79
:10A1B00025480068D0ED241AB0EE610ADFED231ABD
:10A1C0002348FFF77AF820480068C18C2048FFF741
:10A1D00072F800211E48FFF779F89FED1C0A1C4811
:10A1E000FFF74AF99FED190A1948FFF761F89FED4B
:10A1F000170A1748FFF772F81548FCF7F9FA00211B
:10A20000084600F0C1F800200BE01249096800EB95
:10A21000400202EBC002104B03EB0212D160411C62
:10A22000C8B20128F1DB00BF642002F009F8002069
:10A23000F8F76CFA094880ED000A90ED000A00205A
:10A2400000F00EF8F0E70000F4010020000000002C
:10A25000D86E00203C030020206F0020B4020020B4
:10A260002DE9F0412DED028B0746B0EE408A07EB59
:10A27000470000EBC7003F4901EB0014208820B1E4
:10A28000012803D0022870D13EE06FE03A48006810
:10A29000D0ED261AB0EE611A37480068D0ED251AC5
:10A2A000F0EE610A34480068D0ED241AB0EE610A7D
:10A2B000DFED321A3248FFF700F86088082802DC28
:10A2C0006088002805DC00202080BDEC028BBDE802
:10A2D000F081A0886188884202DCA088002802DC26
:10A2E00000202080F1E702202080A08800EB800180
:10A2F00004F1100000EB8100A0F114060120F081B0
:10A3000020490968488231E0B0EE480A21463846C3
:10A3100000F05EF80546D5B9A088401C80B2A08048
:10A32000618888420EDCA08800EB800104F11000F7
:10A3300000EB8100A0F114060120F08111490968A9
:10A34000488210E000202080FEF780FE0BE0FF2D09
:10A3500000D1BAE7FE2D03D10020FEF777FE02E020
:10A36000E5800020208001E0FFE700BF00BF00BFC4
:10A37000ABE70000206F0020F40100200000000087
:10A38000D86E0020F801002010B510B1012819D1B5
:10A3900017E00E4A1268D18100BF4FF0804251632E
:10A3A00000BF012293071B6A13439407236200BF77
:10A3B00000BF9207126842F0010223461A6000BFF4
:10A3C00001E000E000BF00BF10BD0000F801002068
:10A3D00070B52DED028B06460D46B0EE408AA8887A
:10A3E00000EB800105F1100000EB8100A0F11404E6
:10A3F000E08907287ED2DFE800F0040537CCFCFBBB
:10A40000FA008EE1BCEEC80A10EE100A6081BCEEC4
:10A41000C80A10EE100AC4490968A1F8480004F0FF
:10A420000DFF206194ED000AF3EE090AB4EEE00A94
:10A43000F1EE10FA03D80120BDEC028B70BD94ED53
:10A44000000AB4EEC80AF1EE10FA07D2FBF76AFF71
:10A450000320E081B5490968488204E00220E081D8
:10A46000B249096848825CE1B1EE040A38EE000A9C
:10A47000D4ED000AB4EEE00AF1EE10FA40DBF6F794
:10A48000BFFDB4F9040000281CDD00202881A2884B
:10A490004FF47A7312FB03F1E86802F03BFA0620EE
:10A4A000E081A2490968488204F0C8FE206194ED69
:10A4B000000AF0EE400AB0EE480A304600F040F9DB
:10A4C000FF20B9E7A08820B93046FFF711FC002033
:10A4D000B2E7002028810620E0819449096848827B
:10A4E00004F0ACFE206194ED000AF0EE400AB0EEFC
:10A4F000480A00E014E1304600F022F9FE209BE714
:10A5000094ED000AF0EE400AB0EE480A304600F042
:10A5100017F904F093FE8649086020690968081A53
:10A5200083490860084600684FF47A71B0FBF1F087
:10A530007F490860084600882081084600887A49DB
:10A540000968A1F84A007A480068782820D3D4ED39
:10A55000000A608900EE100AB8EE400A30EEC00A28
:10A56000DFED740A60EE200A00EE100AB8EE400A31
:10A5700038EE400AF4EEC00AF1EE10FA08DD30467B
:10A58000FFF7B6FB1E20694909688880012053E760
:10A59000C7E094ED000ADFED680A78EE600AB4EED9
:10A5A000E00AF1EE10FA41DBF6F72AFDB4F90400F7
:10A5B00000281FDD00202881A2884FF47A7312FB47
:10A5C00003F1E86802F0A6F90620E081574909681E
:10A5D000488204F033FE206194ED000AF0EE400A58
:10A5E000B0EE480A304600F0ABF8FF2024E75EE00A
:10A5F0005CE05AE0A08820B93046FFF779FB0020E4
:10A600001AE7002028810620E0814849096848822D
:10A6100004F014FE206194ED000AF0EE400AB0EE62
:10A62000480A304600F08CF8FE2005E704F006FEEC
:10A630003F49086020690968081A3D4908600846D2
:10A6400000684FF47A71B0FBF1F0394908600846B0
:10A65000008820810846008833490968A1F84A002B
:10A660003348006878281FD3608900EE100AB8EEDE
:10A67000400AD4ED000A30EE600ADFED2E0A60EEEB
:10A68000200A00EE100AB8EE400A30EE480AF4EE56
:10A69000C00AF1EE10FA07DDF6F7B2FC20202349DC
:10A6A000096888800220C7E63BE03AE039E094ED93
:10A6B000000AF0EE400AB0EE480A304600F040F8DA
:10A6C00004F0BCFD1A49086020690968081A184995
:10A6D0000860084600684FF47A71B0FBF1F0144945
:10A6E000086008460088E080084600880E4909682E
:10A6F000A1F84C002889012811D110480088A081B8
:10A700000E48008808490968A1F84E003046FFF756
:10A71000EFFA0020E0810549096848828CE600E0F4
:10A7200000BF00BFFF2087E6F4010020F8010020F1
:10A73000C8020020CDCC4C3E00000000B802002032
:10A7400010B52DED028B0446B0EE408AF0EE608A23
:10A750009FED1A0AB4EEC08AF1EE10FA04DCB5EEF1
:10A76000C08AF1EE10FA03D200212046FFF70CFE5A
:10A77000134890ED050AB4EE680AF1EE10FA03D022
:10A78000C0ED058AFCF734F80E4890ED000A0C483D
:10A79000FBF744FF0C490880084600884EF660210C
:10A7A000884202DD0846084908800748018820469B
:10A7B000FFF7EAFDBDEC028B10BD000000007A43FC
:10A7C000D86E0020B4020020B802002070B5054603
:10A7D000284602F011FF044614B1D4E9001088475E
:10A7E00070BD2DE9F05F05460E4692469B46DDE9B9
:10A7F0000A4940F6C41094FBF0F087B240F6C4104A
:10A8000094FBF0F100FB11401FFA80F80FE0314695
:10A810002846FEF793FD40F6C410FFF703FB1F2107
:10A820002846FEF78BFD40F6C410FFF75FFB381E8D
:10A83000A7F101018FB2EAD131462846FEF77EFD2D
:10A840004046FFF7EFFA1F212846FEF777FD404606
:10A85000FFF74CFB0020BDE8F09F2DE9FF4F81B0D2
:10A86000814616461F46DDE90E850024032098FB2D
:10A87000F0F000F0FF0A032098FBF0F100FB1180DC
:10A8800000F0FF0B3CE001224FF44871484600F015
:10A89000F9F910B92920FEF7C3FA01233A460095C9
:10A8A00048460299F7F7FCF8044654B94FF47A7019
:10A8B00001F0C6FC12233A4631464846FDF7E6FF52
:10A8C0001EE009234FF4487203214846FEF7B0FB0F
:10A8D00001233A46009548460299F7F7E1F8044605
:10A8E00054B94FF47A7001F0ABFC12233A4631466A
:10A8F0004846FDF7CBFF03E0204605B0BDE8F08FEA
:10A90000BBF10000ABF1010101F0FF0BBBD13AE05C
:10A9100003224FF44871484600F0B4F910B92A20D8
:10A92000FEF77EFA03233A46009548460299F7F768
:10A93000B7F8044654B94FF47A7001F081FC122341
:10A940003A4631464846FDF7A1FF1CE009234FF483
:10A95000487203214846FEF76BFB03233A460095F5
:10A9600048460299F7F79CF8044654B94FF47A70B8
:10A9700001F066FC12233A4631464846FDF786FF51
:10A9800001E02046B9E7BAF10000AAF1010101F0A7
:10A99000FF0ABDD12046B0E710B50E4C2068016813
:10A9A000C1F34011002904D06FF02001016002F0D2
:10A9B0005DFD2068C168C1F3C011002908D000689E
:10A9C000C0F3C010002803D0BDE8104002F056BD0F
:10A9D00010BD00008400002038B5154C20680168C7
:10A9E000C1F30011002905D0016800914068009072
:10A9F00000F09AF820680168C1F3C011002915D051
:10AA000001680091416800910C3050E8001F21F06E
:10AA1000400140E80012002AF7D1064C0122110340
:10AA20002046F7F7E9FF4FF08061A16138BD0000D3
:10AA30006C020020000C024038B5104C2068016800
:10AA4000C1F30011002905D0016800914068009011
:10AA5000F7F766FB20680168C1F3C01100290CD02C
:10AA600001680091416800910C3050E8001F21F00E
:10AA7000400140E80012002AF7D138BD8C020020C6
:10AA800010B52549086800BF00BF00BF00F10C02E7
:10AA900052E8002F42F0100100F10C0242E80013CE
:10AAA000002BF3D100BF00BF1B49086800BF00BFE7
:10AAB00000BF00F1140252E8002F42F0400100F103
:10AAC000140242E80013002BF3D100BF00BF12486C
:10AAD0000268121D01211148F9F77CFA104A012180
:10AAE0000E48F9F767FA4FF4807201210B48F9F725
:10AAF00041FA01210948F9F7F5F901210748F9F769
:10AB000009FA01210548F9F71DFA64210548006892
:10AB100001F09EFC10BD00006C02002000600240AD
:10AB2000F86300205403002008B516480121164A96
:10AB3000525C825822F00102134B5B5CC25000BF92
:10AB400000BF114A525C0244526892B2C2F5807052
:10AB50000E4908800E48006801F016FD4FF480721F
:10AB600001210848F9F706FA0A49086801680091C6
:10AB700000BF4168009100BF00BF01210148F9F703
:10AB8000E1F908BD006002406E0605087002002071
:10AB9000540300206C02002008B54FF4CB70194913
:10ABA00009684880002000901748006840886422A7
:10ABB00000FB02F31448006801790322002000F032
:10ABC00059FE00224FF480711048F7F715FF00F08E
:10ABD0004FFB00BF4FF4FA710D48006801F038FCDC
:10ABE00048B900F0B7FE0B48007820B1FDF724FF0C
:10ABF00000200849087000BF4AF6AA2006490860EC
:10AC000000BFE7E7F8010020F4010020000802403F
:10AC10004C03002094020020003000402DE9F04158
:10AC200005460027012415E0002715F8016B0DE00B
:10AC300006F0010018B1E0B2FBF71AFC02E0E0B246
:10AC4000F6F73CFA7610641C781CC7B2402C01D889
:10AC5000082FEDDB402CE7D9BDE8F081FEE70000CE
:10AC600070B504464EF6602004FB00F1044800680D
:10AC700001F0EEFB05460DB9002070BD2820FCE771
:10AC8000580300200346012070472DE9F041054696
:10AC90000E461746002400233A4631462846F5F76B
:10ACA000B9FF04465CB906234FF4487202212846D6
:10ACB000FEF7BEF903212846FBF7A3FD0DE0204671
:10ACC000FEF7AEF803234FF4167219462846FEF736
:10ACD000AFF903212846FBF794FD2046BDE8F0813B
:10ACE00002480068C0F30220704700000CED00E04D
:10ACF00010B5002804DB0A07130E054A135406E0BA
:10AD00000A07140E034A00F00F031B1FD45410BD92
:10AD100000E400E018ED00E0EFF3058070472DED52
:10AD2000020B019820F0004001909DED000B02B055
:10AD3000704700000000000070B5D94B00242DEDD5
:10AD4000020B2DED108BDDE91010984205DA20F092
:10AD500000429A4201D809D141B19DED100BBDECE2
:10AD6000108B02B0BDE8704000F05EBAB0F5801FF5
:10AD700026DA11430BD0002813DA0120F5F70CFD79
:10AD8000BDEC108B02B0BDE8704000F059BA022053
:10AD9000F5F702FD00F030FA51EC100B04F0A7FDBE
:10ADA0009EE06FF035049FEDC00B53EC102B9DED32
:10ADB000100B51EC100B05F0B5F8CDE91001084669
:10ADC00004EB2051C0F31304B948A1F2FF31204431
:10ADD00000F4801080F07F6282F04052224301EB49
:10ADE00020559FEDB50B119253EC102B9DED100BE0
:10ADF00051EC100B05F0D6F941EC180BA01CC0F378
:10AE000013009FEDAFDB9FEDB0EBB14E7E44032806
:10AE10006CD296ED000B51EC180B53EC102B04F098
:10AE2000B1FF1DD1002D01BF96ED000BBDEC108BC5
:10AE300002B070BD284605F00EF841EC180B53EC3B
:10AE40001D2B05F06FF841EC190B53EC1E2B51EC48
:10AE5000180B05F067F853EC192B04F087FD3FE061
:10AE60009FED9D0B51EC180B53EC102B05F05AF88D
:10AE70009FED9B1B53EC112B05F088F941EC190B4E
:10AE800053EC182B51EC180B05F04CF853EC192B24
:10AE900005F048F841EC190B002D04BF53EC192BB9
:10AEA00051EC180B1AD0284604F0D5FF41EC1A0BD0
:10AEB00053EC1D2B05F036F853EC192B05F066F911
:10AEC00053EC182B05F06EF941EC180B53EC1E2BCC
:10AED00051EC1A0B05F026F853EC182B05F062F92B
:10AEE000BDEC108B02B041EC100B70BD9FED7E0BE2
:10AEF00051EC180B53EC102B04F038FD41EC100B07
:10AF000051EC180B53EC102B04F0E4FD41EC190B41
:10AF1000284604F0A0FF41EC1B0B53EC192B51EC1D
:10AF2000190B04F0FFFF41EC1A0B714853EC1A2B7C
:10AF3000261851EC1A0B04F0F5FF41EC1F0B6D487D
:10AF4000C4F1510404F5D724B0EE4F0AF0EE6F0AB5
:10AF50000321784400F0D2F853EC1F2B51EC100B76
:10AF600004F0E0FF41EC1C0B6348B0EE4F0AF0EE3A
:10AF70006F0A0421784400F0C1F853EC1A2B51EC0D
:10AF8000100B04F0CFFF344353EC1C2B04F0EEFC09
:10AF900041EC1C0B002C4CDD9FED510B51EC180BC0
:10AFA00053EC102B04F0BEFF53EC182B04F0BAFF47
:10AFB00041EC1A0B55B353EC1D2B51EC1B0B04F059
:10AFC000B1FF41EC1D0B53EC1C2B51EC1A0B04F0A0
:10AFD000CDFC53EC192B04F0A5FF53EC1D2B04F012
:10AFE000C5FC53EC1A2B05F0D1F853EC182B05F0E7
:10AFF000D9F841EC180B53EC1E2B51EC1B0B04F051
:10B0000091FF53EC182B05F0CDF869E753EC1C2B9E
:10B0100051EC1A0B04F0AAFC53EC192B04F082FF3C
:10B0200053EC1A2B05F0B2F853EC182B05F0AEF8E0
:10B0300056E735B353EC1D2B51EC1B0B04F072FF9C
:10B0400041EC1A0B53EC1C2B51EC180B05F0AAF831
:10B0500053EC192B04F066FF53EC1A2B05F0A2F801
:10B0600053EC182B05F09EF841EC180B53EC1E2BFB
:10B0700051EC1B0B04F056FF53EC182B05F092F823
:10B080002EE753EC1C2B51EC180B05F08BF853EC0E
:10B09000192B04F047FF53EC182B05F077F81FE746
:10B0A0000000F07F0000000000000000000050439E
:10B0B000645F090000000000000000000000F03F95
:10B0C000763C7935EF39EA3D0000E0FE422EE63F5E
:10B0D0000068000000000000555555555555D53FF6
:10B0E000000000000000E03F000000000000004001
:10B0F00086EBF9FF826600007866000070B50446B2
:10B100002DED028B4D1E00EBC500B0EE408AF0EE37
:10B11000608A90ED000B35F0060017D053EC182B29
:10B1200051EC100B04F0FEFE41EC100B6D1E04EB15
:10B13000C50090ED001B51EC100B53EC112B04F0EB
:10B1400015FC41EC100B35F00600E7D1022D36D08E
:10B15000042D1CD0062D1CBFBDEC028B70BD53EC22
:10B16000182B51EC100B04F0DDFE94ED0A1B53EC90
:10B17000112B04F0FBFB53EC182B04F0D3FE94EDE1
:10B18000081B53EC112B04F0F1FB41EC100B53ECBA
:10B19000182B51EC100B04F0C5FE94ED061B53EC7C
:10B1A000112B04F0E3FB53EC182B04F0BBFE94EDE1
:10B1B000040B53EC102B04F0D9FB41EC100B53ECB7
:10B1C000182B51EC100B04F0ADFE94ED021B53EC68
:10B1D000112B04F0CBFB53EC182B04F0A3FE94EDE1
:10B1E000001B53EC112B04F0C1FBBDEC028B41ECB6
:10B1F000100B70BD000000009FED070B10B553EC65
:10B20000102B9FED070B51EC100B04F063FC41EC8D
:10B21000100B10BD00000000000000000000000046
:10B22000000000000000F03F10B553EC102B51EC73
:10B23000100B04F09BFB41EC100B10BD0000000054
:10B240009FED050B10B553EC102B51EC100B04F0D7
:10B2500041FC41EC100B10BD00000000000000009C
:10B2600030380A2801D2012070470020704770470B
:10B2700010B5002406480078012806D1054800686A
:10B28000804700200249087000E00624204610BDD7
:10B290009A000020A00000202DE9F04705460C464A
:10B2A0004FF0000A2088042832D168784FEA00283D
:10B2B000A87840EA080808F101001FFA80F8EE7843
:10B2C000012E22DB802E20DC2F46002020806620ED
:10B2D00007F8010B2088401C208007F8016B2088AC
:10B2E000401C2080002332464146384600F0A0FC36
:10B2F0008146B9F1000F04D0484602F0A5F8824615
:10B3000008E020883044208004E04FF0030A01E088
:10B310004FF0030A5046BDE8F0872DE9F05F06467E
:10B320000D464FF0000B2888052848D170784FEA69
:10B330000029B07840EA090909F101001FFA80F9F3
:10B34000F078040230790443012C35DBB4F5FA6F50
:10B3500032DA374600202880012007F8010B2888C0
:10B36000401C288004F0070040B12046E11704EBA0
:10B370005171C910491C01F0FF0805E02046E11792
:10B3800004EB5171C1F3C70807F8018B2888401CF2
:10B390002880002322464946384600F07BFC82463E
:10B3A000BAF1000F04D0504602F04EF8834608E090
:10B3B00028884044288004E04FF0030B01E04FF060
:10B3C000030B5846BDE8F09F2DE9F05F06460D4699
:10B3D0004FF0000B2888052847D170784FEA0029E4
:10B3E000B07840EA090909F101001FFA80F9F07804
:10B3F000040230790443012C34DBB4F5FA6F31DAFE
:10B40000374600202880022007F8010B2888401CBE
:10B41000288004F0070040B12046E11704EB517189
:10B42000C910491C01F0FF0805E02046E11704EBB4
:10B430005171C1F3C70807F8018B2888401C288088
:10B4400022464946384600F0BDFC8246BAF1000F5C
:10B4500004D0504601F0F8FF834608E028884044B5
:10B46000288004E04FF0030B01E04FF0030B584637
:10B47000BDE8F09F2DE9F04705460C464FF0000A65
:10B480002088052837D168784FEA0028A87840EA54
:10B49000080808F101001FFA80F8E87806022E7902
:10B4A000012E25DB7D2E23DC2F460020208003206B
:10B4B00007F8010B2088401C20807006000E07F85A
:10B4C000010B2088401C208000233246414638462C
:10B4D00000F0CAFC8146B9F1000F04D0484601F0E3
:10B4E000B3FF824609E0208800EB4600208004E09C
:10B4F0004FF0030A01E04FF0030A5046BDE8F08721
:10B500002DE9F04705460C464FF0000A2088052833
:10B5100037D168784FEA0028A87840EA080808F18F
:10B5200001001FFA80F8E878060228790643012E08
:10B5300024DB7D2E22DA2F4600202080042007F80D
:10B54000010B2088401C20807006000E07F8010BBC
:10B550002088401C208032464146384600F0D8FC06
:10B560008146B9F1000F04D0484601F06DFF8246D4
:10B5700009E0208800EB4600208004E04FF0030A39
:10B5800001E04FF0030A5046BDE8F0872DE9FC5F6B
:10B5900004460D460020009028880A2855DB607874
:10B5A0004FEA002AA07840EA0A0AE07806022079E9
:10B5B000064360794FEA002BA07940EA0B0BE07953
:10B5C0000702207A0743607A0190012E3BDB7D2E33
:10B5D00039DC012F37DB792F35DC79000198814286
:10B5E00031D101233A46594604F10A0000F03CFCEF
:10B5F0008146B9F1000F1ED1A046002028801720F7
:10B6000008F8010B2888401C28807006000E08F8F6
:10B61000010B2888401C28800023324651464046B2
:10B6200000F022FC8146B9F1000F04D128880221E4
:10B6300001FB06002880B9F1000F06D0484601F052
:10B6400003FF009001E0032000900098BDE8FC9FFC
:10B6500070B505460C46064802880649681CF4F792
:10B66000EDFF03480088401C2080002070BD0000D2
:10B6700088000020444C00202DE9F04704460D4688
:10B680004FF000092888042817DB60780602A078AC
:10B690000643701C86B294F803800123424631466B
:10B6A000201D00F0C5FA074627B1384601F0CCFE50
:10B6B000814604E00420288001E04FF00309484659
:10B6C000BDE8F0872DE9F84304460F464FF0000827
:10B6D0003888052829D160780502A0780543681CC0
:10B6E00085B22079F0B9E078FF2801D0E078C8B9B8
:10B6F00000208DF80100E078FF2803D101208DF8AB
:10B70000000002E000208DF8000001231A462946BF
:10B71000684600F0BFFA06464EB1304601F094FE8E
:10B72000804604E04FF0030801E04FF00308404674
:10B73000BDE8F8832DE9F04104460F464FF00008BC
:10B740003888052812D160780502A0780543681C66
:10B7500085B201231A462946E01C00F085FB064607
:10B7600036B1304601F070FE804601E04FF003082C
:10B770004046BDE8F0812DE9F05F05460E464FF0EA
:10B78000000B3088052839DD68780702A878074360
:10B79000781C87B2E87804022879044395F805A05C
:10B7A00004F0070040B12046E11704EB5171C910C5
:10B7B000491C01F0FF0805E02046E11704EB517138
:10B7C000C1F3C708012C16DBB4F5F66F13DCD045C6
:10B7D00011D1012322463946A81D00F05BFA8146AB
:10B7E000B9F1000F04D0484601F02EFE834607E071
:10B7F0000520308004E04FF0030B01E04FF0030B15
:10B800005846BDE8F09F2DE9F04704460E464FF03C
:10B81000000A3088062828DB60780702A0780743F2
:10B82000781C87B2E07805022079054394F80590EA
:10B83000012D17DB782D15DC6806000E484511D167
:10B8400001232A463946A01D00F00EFB8046B8F1C0
:10B85000000F04D0404601F0F7FD824607E00520C6
:10B86000308004E04FF0030A01E04FF0030A504635
:10B87000BDE8F0872DE9F04705460C4616461F4601
:10B88000DDF820904FF000081CB1012C01DBF72CF3
:10B8900002DD4FF0020835E01C48047005BB1C486F
:10B8A0001C4908601C481D4908601D481D49086066
:10B8B0001D481E49086000201D4908601D481E499A
:10B8C00008601E481E4908601E481F4908604B4614
:10B8D0003A4631460D48007800F0E4F8804602E030
:10B8E0004FF0020800BF00BFB8F1000F0AD102F00C
:10B8F00079FA10B94FF0030804E0144805700120EC
:10B90000134908704046BDE8F08700009800002009
:10B91000F5BB0408A000002019BC0408A400002006
:10B9200065BB04089C000020FDBA0408A8000020A4
:10B93000AC00002091DF0408B000002059E00408AA
:10B94000B400002019E00408B8000020990000208D
:10B950009A00002038B500254848007808B1062034
:10B9600038BD684602F02CFA012876D19DF8000017
:10B9700030B1012805D002281CD003287AD178E004
:10B9800078E03F4A3F494048404B1B68984705468E
:10B990007DB93D4800783E490978884206D03A484A
:10B9A000007818B138480078FF2802D1022002F050
:10B9B00021FA5FE0334800680078364908700120BA
:10B9C00035490870002417E0344810F8340000B9F5
:10B9D00014E0324810F834002E49097888420AD120
:10B9E0002E4800EBC400264942682648006890476C
:10B9F0002949087002E0641C102CE5DB00BF2248D6
:10BA0000007848B324480078C8B100201C49088059
:10BA10002048007840F08001194802880088401CC6
:10BA2000174B18801748006881541B480178184646
:10BA300002880088401C188012480068815412480F
:10BA40000078FF280AD10E4802880E480168FF20BE
:10BA5000134B1B68984705460AE00CE0084802882B
:10BA6000084801680A4800780D4B1B68984705464E
:10BA700000E000BF00BF002072E700009A00002035
:10BA80004A0100204401002048010020A8000020B5
:10BA900098000020490100204C010020C400002033
:10BAA0009C0000202DE9F04781460E4614461F46B3
:10BAB0004FF00008F6F70BFA3B46082221463046C5
:10BAC00002F0B6F9012802D04FF003080FE0B4F5F8
:10BAD000964F01D9232503E060000749B1FBF0F53B
:10BAE000A8B202F033FA012801D04FF00308F6F7AC
:10BAF0008DFB4046BDE8F08740FCEA002DE9F041AF
:10BB000005460E4614460027F6F7E1F9124800886C
:10BB100004281BDB10480188104801F099FDA8B9E2
:10BB20000E48007828700C480088C01E2080002035
:10BB300005E00A4A411C525C094B5A54401C2188BA
:10BB40008142F6DC0648401C306000E00527F6F72D
:10BB50005DFB3846BDE8F08196000020644C002073
:10BB6000644D00202DE9F04105460E4617464FF082
:10BB70000008F6F7ACF91B48007801282BD1701E9D
:10BB800019490860012019490880174800680570A4
:10BB90000846008838440880084601881248006832
:10BBA00001F056FD044611490888411C0F4B1980CD
:10BBB0000D4909680C54221219460888411C198045
:10BBC000094909680A540120094908700121002027
:10BBD00001F0BCFD01E04FF00508F6F717FB404609
:10BBE000BDE8F0818D00002090000020940000202E
:10BBF0008C00002010B5F6F76AF90020054908709E
:10BC00000021012001F0A2FD01F0DEFDF6F7FEFAB1
:10BC100010BD00008D00002010B5F6F758F9002186
:10BC2000084601F093FD01F0B9FDF6F7EFFA10BDFB
:10BC3000F0B504461E4600200023012924DB082914
:10BC400022DC124F3F88CD1B16B1012E1BD10CE018
:10BC500008E00F4F07EBC517FF5C04F8017B5B1C86
:10BC6000571EFAB2002AF4DC0DE00AE014F8017B5A
:10BC7000DFF81CC00CEBC51C0CF803705B1C571ED6
:10BC8000FAB2002AF2DC00E00120F0BD56010020EB
:10BC9000644E00202DE9F05F05460E4614469A4694
:10BCA0004FF0000B2046E11704EB5171C91001F170
:10BCB0000109012E78DB3019412875DC3D490988DE
:10BCC000701AC11700EB5171CF103A490988701AE8
:10BCD000C11700EB5171C910A0EBC108BAF1000FF8
:10BCE00003D0BAF1010F5DD125E00DE01FFA88F114
:10BCF0003A467F1C304B1B68D018082202F0E4F94A
:10BD000005F8010BA9F10109B9F1000FEEDC6D1E78
:10BD10002046E11704EB5171C910A4EBC1018CB2AC
:10BD20002878C4F10801884028702878C4F10801F7
:10BD30000841287036E010E015F8013B1FFA88F141
:10BD40003A467F1CDFF870C0DCF800C002EB0C0044
:10BD5000082202F0CEF9A9F10109B9F1010FEBDCDB
:10BD60002046E11704EB5171C910A4EBC1018CB25C
:10BD700015F8013BE2B21FFA88F1BC467F1CDFF8E0
:10BD800038E0DEF800E00CEB0E0002F0B2F90B48F0
:10BD9000007838B901200949087002210848006874
:10BDA00000F064FC02E0FFE74FF0010B5846BDE8ED
:10BDB000F09F000050010020E8010020A0020020B8
:10BDC0002C0300202DE9F04705460E4614464FF09F
:10BDD000000A2046E11704EB5171C91001F1010975
:10BDE000012E38DB3019212835DC1D490988701AED
:10BDF000C11700EB5171CF1019490988701AC1178A
:10BE000000EB5171C910A0EBC1080DE01FFA88F1D9
:10BE10003A467F1C134B1B68D018082202F054F9D5
:10BE200005F8010BA9F10109B9F1000FEEDC6D1E57
:10BE30002046E11704EB5171C910A4EBC1018CB28B
:10BE40002878C4F10801884028702878C4F10801D6
:10BE50000841287001E04FF0010A5046BDE8F08724
:10BE60004E010020E4010020F0B504460D460020FC
:10BE7000012D45DBAE18812E42DC224E3688A91BEF
:10BE800013B1012B3BD113E00FE01F4E366836F89B
:10BE90001160361204F8016B1B4E366816F81160FB
:10BEA00004F8016B491C561EB2B2002AEDDC26E0F4
:10BEB00023E014F8017B3E02134F3F6827F811601E
:10BEC00014F8016B104F3F6837F811703E430E4F66
:10BED0003F6827F8116019B901260C4F3E7009E040
:10BEE000002907DD0A2905DA074F3F683980012656
:10BEF000064F3E70491C561EB2B2002AD9DC00E043
:10BF00000120F0BD54010020EC010020940200202B
:10BF100030B503460020012919DB8D18412D16DCB0
:10BF20000C4D2D884C1B0FE00B4D2D6835F814502F
:10BF30002D1203F8015B084D2D6815F8145003F815
:10BF4000015B641C551EAAB2002AEDDC00E0012052
:10BF500030BD000052010020F00100202DE9F04129
:10BF60002DED028B05460E4614467F490E800020BB
:10BF70007E4908707E4908807E4908807E490860B5
:10BF80007E4908707E4908601E27601E84B224B96D
:10BF90007C4800887C49088004E001247B480088B4
:10BFA000794908807A480068B0F8560076490988CF
:10BFB00048434FF47A7190FBF1F076490880744859
:10BFC0000068B0F858007049098848434FF47A7106
:10BFD00090FBF1F0704908806D480068B0F85A0095
:10BFE0006949098848434FF47A7190FBF1F06B4935
:10BFF00008804FF47A7000F023F900BF0A2000F0A7
:10C000001FF9674800681C3030F814006549088043
:10C0100059480068401C584908605848007810B1D9
:10C02000012875D11BE000EE105AB8EE400AF2EE7E
:10C03000040A80EE201AB0EE418AB0EE480A4A485F
:10C04000008800B2FDF714FC01204C490870002064
:10C0500048490880544908804949086059E05148D6
:10C0600000884D490988884221DB4F480088002814
:10C0700004DD00204C490880414908603D480088A3
:10C08000401C3C4908803E480068464909880844ED
:10C090003B49086037480088B84237DB322000F05F
:10C0A000CFF8FDF743FE0120304908702EE03D48EF
:10C0B000008838490988884221DC3B480088401CB8
:10C0C000394908802B480088002804DD00202949D0
:10C0D00008802B4908602A480068324909880844CA
:10C0E0002749086030480088B8420FDB322000F052
:10C0F000A7F8FDF71BFE01201C49087006E0002090
:10C100001C490880284908801D49086001E0FFE7B4
:10C1100000BF00BF234800882449088024480078D5
:10C1200020B91248007800283FF468AF2048007812
:10C1300070B1FDF70DFE1F48006800F009FC4FF4D8
:10C14000FA7000F07DF80120BDEC028BBDE8F081B3
:10C150000648007828B14FF4FA7000F071F800201A
:10C16000F2E70020F0E70000200200201902002082
:10C17000FE01002000020020140200201002002016
:10C180001C020020160300200402002018030020D7
:10C19000F40100200C0200200A0200200E02002000
:10C1A000F801002006020020020200200802002000
:10C1B000FC01002038030020F6F736FCFDF7D8FE1E
:10C1C000F8F732FEF8F722FFF8F7D4FCF8F7E8FDAD
:10C1D000F9F788FAF9F772FBF9F7F0FAF9F7A6F828
:10C1E000F9F790F9F9F718FBF9F744F9F9F7F0F8CE
:10C1F000F9F7EEF9F8F7FCFFF9F7D4FBF8F714FEBE
:10C20000F9F7D2FCF8F7D8FF0A48016841F08071CD
:10C2100001600948F8F7E4FA012211020748F6F72D
:10C22000EBFBF7F7E3F900F01BF8F8F76BFE00F013
:10C230002DF8FEE77438024000100140000802406B
:10C2400070B50546FEF768FD10B16FF0050404E017
:10C25000002415B1284601F023FC204670BD0000E3
:10C2600010B5FEF759FD10B16FF0050409E006485E
:10C27000006820B9012004490860002401E04FF063
:10C28000FF34204610BD00005000002070B5FEF7BE
:10C2900043FD10B16FF005041FE01148006801284C
:10C2A00019D100BF801F0021002804DB0A07130EEC
:10C2B0000C4A135406E00A07150E0B4A00F00F0350
:10C2C0001B1FD55400BF00BF02200549086001F0C4
:10C2D000CBFC002401E04FF0FF34204670BD00008D
:10C2E0005000002000E400E018ED00E02DE9F041EE
:10C2F00004460D4624F0010604F001080027FEF76D
:10C300000BFD08B1BF1F1FE016B96FF003071BE05C
:10C31000B8F1000F0CD02946304602F035FD012857
:10C3200012D015B16FF001070EE06FF002070BE0BD
:10C330002946304602F04CFC012805D015B16FF0BB
:10C34000010701E06FF002073846BDE8F0812DE9F2
:10C35000F04704460026FEF7DFFC00284DD10CB163
:10C36000676800E0002707F0010008B1012500E040
:10C37000002507F0080008283FD04FF0FF3874B1BF
:10C38000A06828B1E068502802D34FF0010808E007
:10C39000A06830B9E06820B94FF0000801E04FF024
:10C3A0000008B8F1010F0CD12DB10420A16802F0F2
:10C3B00010F8064612E00120A16802F00AF80646CD
:10C3C0000CE0B8F1000F09D125B1042001F0F0FF15
:10C3D000064603E0012001F0EBFF06464EB114B122
:10C3E000D4F8009001E04FF000094946304601F0D2
:10C3F000E9FA16B10DB146F001063046BDE8F08706
:10C400002DE9F041044624F0010504F0010700265F
:10C41000FEF782FC08B1B61F16E015B96FF00306EF
:10C4200012E03FB1284602F095FA01280CD06FF0D7
:10C43000020609E000231A461946284602F0C8F809
:10C44000012801D06FF002063046BDE8F0810000FF
:10C45000F8B504460D46264600270EB93F1F29E0D1
:10C46000FEF75AFCD0B115B16FF0030722E00020AF
:10C4700000906A460021304602F044FB012802D0B9
:10C480006FF0020716E00098A0B14FF080500A4903
:10C490000860BFF34F8FBFF36F8F0BE02946304624
:10C4A00002F096FB012805D015B16FF0010701E0FD
:10C4B0006FF002073846F8BD04ED00E02DE9F843BF
:10C4C00005460F4614464FF00008FEF725FC0028ED
:10C4D00057D1002D55D0AF4253D8461E64B1A06845
:10C4E00020B1E068502801D3012606E0A06820B9F9
:10C4F000E06810B9002600E00026701C002840D03B
:10C50000012D23D1012E09D10320009000221146D4
:10C510000120A36801F09FFF804605E0032200216F
:10C52000012001F06BFF8046B8F1000F1CD0DFB195
:10C5300000231A461946404602F04AF8012813D053
:10C54000404601F055FA4FF000080DE0012E06D1EB
:10C5500039462846A26801F0F9FE804604E03946D3
:10C56000284601F0C5FE8046B8F1000F09D014B18D
:10C57000D4F8009001E04FF000094946404601F030
:10C5800021FA4046BDE8F883F8B504462546002662
:10C590000DB9361F22E0FEF7BFFBA8B100200090C6
:10C5A0006946284602F066F9012802D06FF00206BB
:10C5B00014E0009890B14FF0805009490860BFF333
:10C5C0004F8FBFF36F8F09E000231A4619462846A4
:10C5D00001F0FEFF012801D06FF002063046F8BDE1
:10C5E00004ED00E0F8B50546FEF796FB10B16FF0DC
:10C5F000050421E005F0004010B16FF003041BE0DA
:10C6000002F006FE06466B4600221146304602F056
:10C61000B9FC01280ED1009C0098A843009000238B
:10C6200003223046009902F0ADFC012804D04FF0FF
:10C63000FF3401E04FF0FF342046F8BD38B5FEF777
:10C640006BFB18B16FF0050000900DE002F0E0FD0B
:10C6500004466B4600221146204602F093FC012856
:10C6600002D04FF0FF300090009838BDFEB5044670
:10C670000D46264616B105F0004018B16FF00300D4
:10C6800002902EE04FF0FF300290FEF745FBE0B144
:10C690000020019001A80023012229460090304685
:10C6A00002F004FD002002AB024601460090304635
:10C6B00002F0FCFC0198A0B14FF080500A490860DC
:10C6C000BFF34F8FBFF36F8F0BE00023012229468A
:10C6D000304602F057FC02AB00221146304602F011
:10C6E00051FC0298FEBD000004ED00E02DE9FC5F66
:10C6F000054689461646FEF70FFB10B16FF005049C
:10C700004AE005F0004010B16FF0030444E009F086
:10C710000200022802D14FF0000A00E0AA460024DD
:10C72000374602F08BFD009000BF3B4601AA514600
:10C73000002002F02BFE8046B8F1010F22D12C40E0
:10C740000198044309F0010040B105EA0400A84241
:10C7500000D120E056B96FF002041CE005EA0400A5
:10C7600000B118E016B96FF0020414E002F066FDA3
:10C770000099A0EB010BBB4501D9002708E0A7EB0E
:10C780000B0705E016B96FF0020401E06FF0010439
:10C79000B8F1000FC9D100BF2046BDE8FC9F2DE9CC
:10C7A000FF4780468946144600200390FEF7B4FAFE
:10C7B00000284ED1B8F1000F4BD0802618258246B4
:10C7C000471E44B3206808B1D4F800A0A06900B1A6
:10C7D000A5692DB1382D03D8207900F0010018B1DA
:10C7E000002004B0BDE8F087606908B16069860880
:10C7F000A06840B1E0685C2805D3206918B1606981
:10C8000008B1012708E0A06830B9E06820B92069C4
:10C8100010B9002700E00027012F0CD12169A06882
:10C820004B463246CDE9005102905146404602F057
:10C830004BFB03900DE067B903A8B2B24B465146DB
:10C84000CDE90050404602F00DFB012801D0002048
:10C8500003900398C5E700002DE9FE4F0646894680
:10C8600092461C4600200290FEF756FA00284BD153
:10C87000002E49D0082000F009FE0546002D43D0C7
:10C880002E60C5F804A0B9F1000F01D1002700E027
:10C8900001274FF0FF384FF0000B94B1206808B12A
:10C8A000D4F800B0A06828B1E0682C2802D34FF07B
:10C8B000010808E0A06830B9E06820B94FF000082E
:10C8C00001E04FF00008B8F1010F0BD11049A0684A
:10C8D0002B463A46CDE900100121584602F033FFBD
:10C8E00002900BE0B8F1000F08D109482B463A46F8
:10C8F00001210090584602F00BFF0290029818B9EF
:10C9000015B1284600F0BCFF0298BDE8FE8F00007C
:10C91000CDA70408F8B505460E462F46FEF7FCF9EC
:10C9200010B16FF0050411E017B96FF003040DE0CA
:10C9300000200346324604210090384602F078FF7A
:10C94000012801D1002401E06FF002042046F8BD67
:10C95000F8B505462E46FEF7DFF910B16FF0050475
:10C9600018E016B96FF0030414E0304602F0A2FF9D
:10C9700010B96FF002040DE00020034602460321C7
:10C980000090304602F054FF012801D1002401E05C
:10C990004FF0FF342046F8BD2DE9F04105460E4624
:10C9A0001648076816480068001D00F06DFE681CF8
:10C9B00038B936B112480168091D124800F0BAFEB4
:10C9C0001AE07C190E4800684460BC4207D20C484B
:10C9D0000168091D0C48006800F092FE0CE0084850
:10C9E0000168091D0948006800F08AFE08480068CF
:10C9F000844201D206480460BDE8F08114000020A2
:10CA00000000002060080020080000200400002032
:10CA10003000002010B5044600F0EAFE244800680B
:10CA2000401C234908602348006840B9214804603D
:10CA30000846006801280DD100F042FA0AE01E48BD
:10CA4000006838B91B480068C06AE16A884201D8AA
:10CA50001848046019480068401C184908600846D6
:10CA6000006860641649E06A0968884202D914497E
:10CA7000E06A0860E16A01EB8101124A02EB810081
:10CA8000211D00F057FE00F0DDFE0B48006868B184
:10CA900008480068C06AE16A884207D24FF08050B7
:10CAA00009490860BFF34F8FBFF36F8F10BD0000BF
:10CAB00010000020000000201C0000202C0000209E
:10CAC00018000020B003002004ED00E008B500F0DD
:10CAD0008FFE12480068E8B9114800F001FE1148C5
:10CAE00000F0FEFD0E48104908600E480F4908602E
:10CAF00000200F4B0F4A102100900A2001F0ABFCE0
:10CB0000064908600846006820B10BA10348006888
:10CB100000F058FF00F096FE08BD00004400002021
:10CB200074080020880800203C00002040000020FD
:10CB30009C080020EC080020546D72510000000099
:10CB400010B516E000F054FE0C48C068C468201D03
:10CB500000F09AFD0A480068401E0949086009482B
:10CB60000068401E0749086000F06CFE204600F097
:10CB70005FF8044800680028E4D110BD4C0800208C
:10CB8000100000200C00002070B504460D46206CFB
:10CB900070B1216CE0680144E160D4E90210884280
:10CBA00001D32168E1602846226CE168F3F746FD75
:10CBB00070BD2DE9F04104460F4615464FF00008C0
:10CBC000A66B206C48B9206800282CD1A06802F020
:10CBD0002DFC80460020A06025E07DB93946226CFE
:10CBE0006068F3F72BFD216C606808446060D4E94D
:10CBF0000101884217D32068606014E03946226C36
:10CC0000E068F3F71BFD216CE068411AE1602168E0
:10CC1000E068884203D2216CA068411AE160022DCD
:10CC200001D106B1761E701CA0634046BDE8F081BC
:10CC300010B5044694F8590030B9206B00F020FE7E
:10CC4000204600F01DFE1AE094F85900012803D197
:10CC5000204600F015FE12E094F85900022801D198
:10CC6000012000E0002050B900BF502080F311885F
:10CC7000BFF34F8FBFF36F8F00BF00BFFEE710BD44
:10CC800001464A6A22B10A6B1268C2F1380000E01C
:10CC9000002070470146084A126812680AB901224A
:10CCA00000E000220A600A6822B9034A1268D268CA
:10CCB000106800E0002070473C00002030B54FF4C1
:10CCC0007053174800F007042CB1C01D20F0070076
:10CCD000134C041B1B1B0246124C22600024114DF6
:10CCE0006C60D018083820F007000F4C206000243A
:10CCF0000D4D2D686C600C4D2D682C601146441A4A
:10CD00004C60094C24680C60084D4C682C60084D40
:10CD10004C682C604FF00044064D2C6030BD000084
:10CD200044100020540000205C000020640000201B
:10CD3000600000207000002000BFFFF701FF0648E0
:10CD400000680128F9D94FF0805004490860BFF30A
:10CD50004F8FBFF36F8FF0E7B003002004ED00E0CA
:10CD600010B5044654B10020A06020600021E160AD
:10CD700000231A461946204601F02AFC10BD2DE971
:10CD8000F04106460D4617469846069C0DB92460AC
:10CD900000E02760E66325640121204601F0CCFB1A
:10CDA00084F84C80BDE8F0812DE9F05F82460E46A4
:10CDB00090469B460A9F0C9C4FEA8801A522206B57
:10CDC000F3F7B3FCA8F10100216B01EB800929F016
:10CDD000070909F0070008B9012000E0002050B958
:10CDE00000BF502080F31188BFF34F8FBFF36F8FC8
:10CDF00000BF00BFFEE786B1002507E0715D04F1CA
:10CE000034004155705D00B902E06D1C102DF5D362
:10CE100000BF00214320015502E0002084F83400C7
:10CE2000382F00D33727E762E76400202065201DF4
:10CE300000F063FC04F1180000F05FFC2461C7F10E
:10CE40003800A06164620020606584F858005A468A
:10CE50005146484600F0E6FB20600B9808B10B985D
:10CE60000460BDE8F09F2DE9F04706460D461746E1
:10CE70009846DDE908940DB1012000E0002050B98A
:10CE800000BF502080F31188BFF34F8FBFF36F8F27
:10CE900000BF00BFFEE78CB1FFF718FE2660A5615A
:10CEA000C4F81C80C4F82090201D00F026FC2FB18F
:10CEB00094F8280040F0040084F82800BDE8F087CA
:10CEC00010B5002407E004EB84010F4A02EB810057
:10CED00000F006FC641C382CF5D30C4800F000FC74
:10CEE0000B4800F0FDFB0B4800F0FAFB0A4800F08D
:10CEF000F7FB0A4800F0F4FB0448094908600448BD
:10CF00000849086010BD0000B00300201008002090
:10CF100024080020380800204C0800206008002069
:10CF2000040000200800002010B50146164800E06B
:10CF3000006803688B42FBD30246436813448B426C
:10CF400004D143684C682344436001460A464B6859
:10CF500013440468A34211D10C4C03682468A34213
:10CF600008D04B680468646823444B6003681B68FE
:10CF70000B6005E0054B1B680B6001E003680B606C
:10CF8000884200D0016010BD540000205C000020E9
:10CF90002DE9F04104460D4616461F464FF00008A5
:10CFA00065602461B5420CD8F01BA169884202D3A8
:10CFB0004FF0010811E0211D0948006800F0A0FBB6
:10CFC0000BE0BE4204D2BD4202D34FF0010804E0A0
:10CFD000211D0448006800F093FB4046BDE8F08145
:10CFE000400000203C00002070B5054600F000FC29
:10CFF000A86B08B9012400E0002400F023FC2046BF
:10D0000070BD70B5054600F0F3FBA86BE96B884274
:10D0100001D1012400E0002400F014FC204670BD82
:10D02000F8B505460F461A480068C068C468201D58
:10D0300000F02AFB94F8280000F00400E8B1A06991
:10D0400041192B463A462046FFF7A2FFD8B10020EF
:10D0500003462A4601460090204602F0E9FB0646B8
:10D0600056B900BF502080F31188BFF34F8FBFF334
:10D070006F8F00BF00BFFEE705E094F8280020F0A6
:10D08000010084F828002046216A8847F8BD000086
:10D090003C000020F0B587B0A0E00398002811DA2A
:10D0A00004AE56B900BF502080F31188BFF34F8FF4
:10D0B000BFF36F8F00BF00BFFEE7D6E90020B16865
:10D0C000904700BF03980028E6DB059C606908B91B
:10D0D000012000E0002010B9201D00F0D5FA02A8C0
:10D0E00000F0DEF8054603980A2875D2DFE800F064
:10D0F00009050739416306083A4200BF00BF00BF77
:10D1000000BF94F8280040F0010084F8280004983B
:10D11000A269811803462A462046FFF739FFF8B175
:10D120002046216A884794F8280000F00400B8B12E
:10D13000002000900498A169421800231946204657
:10D1400002F076FB074657B900BF502080F31188E4
:10D15000BFF34F8FBFF36F8F00BF00BFFEE700BF6D
:10D160003BE000BF94F8280020F0010084F828007C
:10D1700033E000BF94F8280040F0010084F8280054
:10D180000498A061A06908B1012000E0002050B916
:10D1900000BF502080F31188BFF34F8FBFF36F8F14
:10D1A00000BF00BFFEE7A06941192B462A46204672
:10D1B000FFF7EEFE11E094F8280000F0020018B925
:10D1C000204600F05DFB05E094F8280020F0010007
:10D1D00084F8280001E0FFE700BF00BF002203A998
:10D1E0000448006801F0DAFB00287FF456AF07B06E
:10D1F000F0BD000044000020F8B505460C4600F0E4
:10D200008FFD684600F04CF80646009820BB44B9F4
:10D21000B54206D802F0FAF931462846FFF700FF7A
:10D220001CE03CB10E480068006808B9012000E02D
:10D2300000200446A91B22460A48006800F00AFCA8
:10D2400002F0E4F950B94FF0805007490860BFF38D
:10D250004F8FBFF36F8F01E002F0D8F9F8BD0000E7
:10D26000400000204400002004ED00E00A49096865
:10D27000096809B9012100E0002121B14FF0FF3117
:10D28000064A116006E004490968C968C868034A8B
:10D290004168116070470000040000203000002049
:10D2A00070B5044601F0CAFF05460748006885428C
:10D2B00004D200F00BF80120206001E00020206083
:10D2C00001480560284670BD4C0000202DE9F84358
:10D2D00034E025480068C068056823480068C068D5
:10D2E000C468201D00F0D0F92046216A884794F8D0
:10D2F000280000F0040008B3A0694619AE4207D91F
:10D3000066602461211D1848006800F0F9F915E0F5
:10D31000002003462A4601460090204602F088FA83
:10D32000074657B900BF502080F31188BFF34F8FD5
:10D33000BFF36F8F00BF00BFFEE700BF0A48006861
:10D34000006808B9012000E000200028C1D006488C
:10D35000D0F8008005480068034908600348C0F819
:10D360000080BDE8F88300003C0000204000002061
:10D370000E480068401C08B9012000E0002050B9A8
:10D3800000BF502080F31188BFF34F8FBFF36F8F22
:10D3900000BF00BFFEE700BF502080F31188BFF33D
:10D3A0004F8FBFF36F8F00BF00BFFEE774000020F8
:10D3B00008B500BF6846FFF76DFC0446204600999B
:10D3C000FFF71AFFFFF766FEF4E770B5044600F0BA
:10D3D0000FFA94F9455010E0606A08B9012000E0A6
:10D3E000002038B904F1240002F0C4F818B100F0AC
:10D3F00091FB00E003E0681E45B2002DECDC00BFAD
:10D40000FF2084F8450000F01DFA00F0F1F994F9CE
:10D41000445010E0206908B9012000E0002048B91C
:10D4200004F1100002F0A6F808B100F073FB681ECA
:10D4300045B200E001E0002DECDC00BFFF2084F8E5
:10D44000440000F0FFF970BD014621B1012904D06C
:10D45000072906D103E0002005E0022003E00620B2
:10D4600001E0042000BF00BF7047000010B5024873
:10D470000068804710BD0000B000002010B50248D1
:10D480000068804710BD0000B40000202DE9F04185
:10D4900004464FF0000800F043FC4948006808B912
:10D4A000FFF70CFC474800682040002870D1D4B139
:10D4B000083404F00700B0B104F00700C0F1080020
:10D4C000044404F0070008B9012000E0002050B92E
:10D4D00000BF502080F31188BFF34F8FBFF36F8FD1
:10D4E00000BF00BFFEE7002C52D0374800688442DE
:10D4F0004ED8364E3046056801E02E462D686868E5
:10D50000A04202D228680028F7D12D480068854241
:10D510003ED0306800F10808286830606868001B59
:10D52000102819D92F1907F0070008B9012000E0C9
:10D53000002050B900BF502080F31188BFF34F8FF7
:10D54000BFF36F8F00BF00BFFEE76868001B786005
:10D550006C603846FFF7E8FC1B4968680968081AE0
:10D56000194908600846006819490968884203D2C9
:10D570001548006816490860124968680968084338
:10D5800068600020286013480068401C114908604A
:10D5900002F03CF808F0070008B9012000E0002084
:10D5A00050B900BF502080F31188BFF34F8FBFF3F5
:10D5B0006F8F00BF00BFFEE74046BDE8F08100006E
:10D5C0005C0000207000002060000020540000205B
:10D5D00064000020680000200648006830B105495A
:10D5E000096801F15000096D491C0160014800689B
:10D5F000704700000000002070B50446254654B96D
:10D6000000BF502080F31188BFF34F8FBFF36F8F9F
:10D6100000BF00BFFEE700F0EBF8EE6900F012F982
:10D62000304670BD001F4FF080730360001F21F073
:10D6300001030360001F054B036014380260001FE4
:10D640006FF00203036020387047000071D30408B4
:10D6500070B502460C46FF25FF2309E012F8010BC6
:10D6600080EA03010648405C80EA05030548455C02
:10D67000201EA4F10106B4B2F0D143EA052070BD2A
:10D680006E0405086E05050801460A69D1E90130F6
:10D690009860D1E9010358605068884201D18868D8
:10D6A0005060002008611068401E106010687047CC
:10D6B000034B0360034B0B60802313607047000033
:10D6C0008C090020E8090020034B0360034B0B602A
:10D6D0004FF4807313607047E80B0020440C002067
:10D6E00000F1080141604FF0FF31816000F1080155
:10D6F000C160016100210160704700210161704734
:10D7000010B502460B685C1C0CB9106907E002F109
:10D71000080000E04068446824689C42FAD94468E4
:10D720004C604C68A160886041600A611468641CA8
:10D73000146010BD42684A6093688B6093685960BA
:10D740009160086103685B1C0360704770B5044614
:10D750000D4624B110480068F7F7B8F803E00E480A
:10D760000068F7F793F895B10B49086800BF00BF50
:10D7700000BF00F10C0252E8002F42F0800100F1DE
:10D780000C0242E80013002BF3D100BF03E0024873
:10D790000068F7F78BF870BD8400002010B50021F9
:10D7A0000848F7F71BF800BF0648006820F00100A2
:10D7B0000449086000BF00BF6FF00100086100BFAE
:10D7C00010BD00000048014010B500BF6FF001001F
:10D7D0000649086100BF00210448F6F7FFFF03482F
:10D7E000F6F7F6FE0148F6F7E9FE10BD00480140E5
:10D7F00000BF502080F31188BFF34F8FBFF36F8FAE
:10D8000000BF0E480068401C0C49086008460068CC
:10D81000012812D10A480068C0B208B9012000E00E
:10D82000002050B900BF502080F31188BFF34F8F04
:10D83000BFF36F8F00BF00BFFEE77047740000208A
:10D8400004ED00E00D48006850B900BF502080F39F
:10D850001188BFF34F8FBFF36F8F00BF00BFFEE78C
:10D8600006480068401E054908600846006820B95F
:10D87000002080F3118800BF00BF704774000020B3
:10D8800070B506463546002E44D0083D2C46224948
:10D8900060680968084008B1012000E0002050B924
:10D8A00000BF502080F31188BFF34F8FBFF36F8FFD
:10D8B00000BF00BFFEE7206808B9012000E000209B
:10D8C00050B900BF502080F31188BFF34F8FBFF3D2
:10D8D0006F8F00BF00BFFEE70F496068096808400E
:10D8E000C0B12068B0B90C496068096888436060BD
:10D8F00000F016FA09496068096808440749086099
:10D900002046FFF711FB06480068401C04490860E8
:10D9100001F07CFE70BD000070000020600000205F
:10D920006C00002000204FF0E0210861886106486B
:10D9300000684FF47A71B0FBF1F0401E4FF0E02127
:10D9400048610720086170476003002070B5F2F756
:10D95000EBFC0446102C16D304F1E02090F8F053B1
:10D9600015480078854201DB012000E0002050B915
:10D9700000BF502080F31188BFF34F8FBFF36F8F2C
:10D9800000BF00BFFEE70D48006800F4E0600C49EE
:10D990000968884201D8012000E0002050B900BF8A
:10D9A000502080F31188BFF34F8FBFF36F8F00BFFC
:10D9B00000BFFEE770BD0000780000200CED00E025
:10D9C0007C000020024600200BE0084B53F830306A
:10D9D00033B9064B43F8301003EBC0035A6002E042
:10D9E000401C0828F1D300BF7047000070030020DE
:10D9F00070B50446254655B900BF502080F3118804
:10DA0000BFF34F8FBFF36F8F00BF00BFFEE7284605
:10DA100000F008F895F8460010B92846FFF730FFE7
:10DA200070BD0000014600200EE0094A02EBC00272
:10DA300052688A4207D10022054B43F8302003EB9D
:10DA4000C0035A6002E0401C0828EED300BF7047B4
:10DA5000700300202DE9F04105460E4617462C467E
:10DA6000FFF7C6FE94F94400401C10B9002084F86A
:10DA7000440094F94500401C10B9002084F845008A
:10DA8000FFF7E0FEA06B28B93A46314604F12400C6
:10DA900000F062F82046FFF798FCBDE8F081000036
:10DAA00070B504460025D4B11248006808B90120B9
:10DAB00000E0002050B900BF502080F31188BFF370
:10DAC0004F8FBFF36F8F00BF00BFFEE700F028F954
:10DAD00000212046FEF760FF01F098FD05463DB9A4
:10DAE0004FF0805004490860BFF34F8FBFF36F8F32
:10DAF00070BD00003800002004ED00E00349096813
:10DB00000160034909684160704700002800002057
:10DB10001400002001200149086070472400002003
:10DB200070B504460D4654B900BF502080F31188EB
:10DB3000BFF34F8FBFF36F8F00BF00BFFEE70548F5
:10DB4000016818312046FFF7DBFD01212846FEF76A
:10DB500023FF70BD0000002070B505460E46144638
:10DB600055B900BF502080F31188BFF34F8FBFF32A
:10DB70006F8F00BF00BFFEE70648016818312846D6
:10DB8000FFF7D8FD0CB14FF0FF3621463046FEF7C7
:10DB900003FF70BD000000202DE9F04706460F4648
:10DBA00034464FF00109002E55D0206D50B900BF0A
:10DBB000502080F31188BFF34F8FBFF36F8F00BFEA
:10DBC00000BFFEE7E06CB84201D23D4600E0E56CE4
:10DBD000E06AA8423FD0206D01283CD11F48006870
:10DBE000844201D0012000E0002050B900BF502045
:10DBF00080F31188BFF34F8FBFF36F8F00BF00BF5B
:10DC0000FEE7D4F82C80E562A06900F0004010B96E
:10DC1000C5F13800A06108EB8801114A02EB8101CF
:10DC20006069884201D1012000E0002098B1201DE8
:10DC3000FFF72AFD0B49E06A0968884202D90949C1
:10DC4000E06A0860E16A01EB8101054A02EB8100AC
:10DC5000211DFFF76FFDBDE8F087000000000020E8
:10DC6000B00300201800002010B586B000200590F9
:10DC7000049003AA04A905A8FFF71AFD0022DDE914
:10DC800004101346CDE9002102901EA11F48039AFB
:10DC900001F01AF91E4908600846006808B101241D
:10DCA00000E00024012C02D101F086FD0446012C85
:10DCB00015D100BF502080F31188BFF34F8FBFF301
:10DCC0006F8F00BF4FF0FF301249086001201249EA
:10DCD000086000201149086000F03CFA10E0601C68
:10DCE00008B1012000E0002050B900BF502080F3AF
:10DCF0001188BFF34F8FBFF36F8F00BF00BFFEE7E8
:10DD000006B010BD49444C450000000039CD040860
:10DD100034000020300000201C00002014000020EF
:10DD200002480068401C0149086070473800002024
:10DD30001E48006818B101201D49086034E0002029
:10DD40001B4908601B4801680CE051B900BF502016
:10DD500080F31188BFF34F8FBFF36F8F00BF00BFF9
:10DD6000FEE7491E01EB8100134A52F8200008B972
:10DD7000012000E000200028E7D101EB81020E4BDA
:10DD800003EB820042685268426000F10802436877
:10DD9000934202D14268526842604268D268074B9F
:10DDA0001A600448016000BF70470000380000207E
:10DDB0002400002018000020B003002000000020F4
:10DDC00001460020054A127832B1054A12780A70DD
:10DDD0000022024B1A7001207047000081000020D1
:10DDE00080000020002002490870012070470000D8
:10DDF0008100002010B5044605480068FEF7C4FB0A
:10DE000001200449087004480470012010BD00007E
:10DE10004C030020810000208000002001460348C0
:10DE200000684068087001207047000084000020EE
:10DE3000F0B58FB006460C4617461D461C2108A8B3
:10DE4000F2F77BFC182102A8F2F777FC1020314989
:10DE5000096801432F4A1160114609680140019188
:10DE600000BF00BF01202B49143909680143294A2A
:10DE7000143A1160114609680140019100BF00BFCA
:10DE80004FF4C06002900220039003200490002011
:10DE9000059006900720079002A91F48F6F7AAF8F8
:10DEA0000894002009900A900B9025B1012D05D00F
:10DEB000022D0BD106E000200B9007E04FF4C0606C
:10DEC0000B9003E04FF480600B9000BF00BF0C206C
:10DED0000C9000200D900E9008A910480068F6F7ED
:10DEE00005FD0E490868016921F49041016141690D
:10DEF00021F02A01416100BF08490868C16841F466
:10DF00000051C16000BF05480068F6F7DFFC012042
:10DF10000FB0F0BD443802400000024084000020F1
:10DF20000146C1F30800024A1268506001207047A0
:10DF30008400002000BF044908680168C1F3801113
:10DF40000029F8D0012070478400002010B586B069
:10DF50000446142101A8F2F7F0FB40F2AF40ADF8FF
:10DF600004000020029032206043039000200490BF
:10DF700001A90648F6F732FB0448F6F729FB0348E7
:10DF8000F6F71CFB012006B010BD00000048014060
:10DF900038B500246846FFF741FF1C48007830B1CF
:10DFA00001280AD0022819D003282BD102E0FFF75C
:10DFB0000BFC27E0FFF708FC24E000201449088050
:10DFC0009DF800200888411C114B198011490A5402
:10DFD00002200E490870FFF7F7FB13E00C48008899
:10DFE000FF2809DC9DF8002009490888411C084BDE
:10DFF000198008490A5402E0032004490870FFF719
:10E00000E3FB00BF00BF204638BD00008D000020AC
:10E0100096000020644C002010B500240D480078C4
:10E0200020B1022807D003280BD109E00020FFF718
:10E03000E1FE044606E00120FFF7DCFE044601E0B5
:10E0400000E000BF00BFFFF7A9FB012001490870F5
:10E05000204610BD8D00002010B500241748007820
:10E0600010B1012826D104E000210120FFF76EFB4A
:10E0700020E01348008878B1124909680878FFF752
:10E080004FFF10480068401C0E4908600C4800888B
:10E09000401E0B4908800CE00320FFF7ABFE04464E
:10E0A000FFF748FF00210120FFF750FB0020034944
:10E0B000087000BF00BF204610BD00008C0000208B
:10E0C0009400002090000020F0B503460C46154651
:10E0D000E208A4EBC20087B20120A840401E86B22D
:10E0E000995C501C185C41EA002139413140C8B2AA
:10E0F000F0BD2DE9F043044615461F46C808A1EBC4
:10E10000C0081FFA88FC07FA0CF81FFA88F74FF0CE
:10E11000010808FA05F8A8F101081FFA88F6A1EB32
:10E12000C00806FA08F81FFA88F6225C00F1010818
:10E1300014F8088042EA082222EA060848EA0702A0
:10E1400022544FEA222900F1010804F80890BDE8A2
:10E15000F08300001CB5524800685249884201D043
:10E16000012000E0002050B900BF502080F311884A
:10E17000BFF34F8FBFF36F8F00BF00BFFEE748486C
:10E1800000684849491E884201D0012000E0002073
:10E1900050B900BF502080F31188BFF34F8FBFF3F9
:10E1A0006F8F00BF00BFFEE73F490846007801902F
:10E1B000FF200A4610700846007800909DF8000085
:10E1C00000F0F0009DF80020904201D1012000E015
:10E1D000002050B900BF502080F31188BFF34F8F4B
:10E1E000BFF36F8F00BF00BFFEE79DF8000000F097
:10E1F00050002E4A107007202D4A106009E02C486C
:10E200000068401E2A4A10609DF800004006000E7B
:10E2100000909DF8000000F080008028EFD0244896
:10E220000068C0F10700042801D1012000E00020AF
:10E2300050B900BF502080F31188BFF34F8FBFF358
:10E240006F8F00BF00BFFEE7194800680002184A40
:10E2500010601046008800F4E0601060124A0198D7
:10E2600010700F482030006840F470000C492031D5
:10E2700008600846006840F070400860FFF752FBF5
:10E2800000200C490860F2F717F80B48006840F0CE
:10E29000404009490860F1F7FBFF00201CBD000069
:10E2A00000ED00E071C20F4100E400E078000020C2
:10E2B0007C0000207400002034EF00E010B500BFA7
:10E2C000502080F31188BFF34F8FBFF36F8F00BFD3
:10E2D00000F0BAFF18B14FF080500449086000BF49
:10E2E000002080F3118800BF10BD000004ED00E0A5
:10E2F00070B505460E460DB1012000E0002050B972
:10E3000000BF502080F31188BFF34F8FBFF36F8F92
:10E3100000BF00BFFEE7AE4201D8012000E00020B0
:10E3200050B900BF502080F31188BFF34F8FBFF367
:10E330006F8F00BF00BFFEE702220021284600F0D9
:10E340005DF8044604B1A663204670BDF8B50546E5
:10E350000E4617460DB1012000E0002050B900BF65
:10E36000502080F31188BFF34F8FBFF36F8F00BF32
:10E3700000BFFEE7AE4201D8012000E0002050B906
:10E3800000BF502080F31188BFF34F8FBFF36F8F12
:10E3900000BF00BFFEE702203B460022114600906E
:10E3A000284600F058F8044604B1A6632046F8BD9C
:10E3B0002DE9F041044601260027224600210120D4
:10E3C00000F01CF805462846FEF7CAFC2846BDE8C2
:10E3D000F0812DE9F84304460D4601274FF000086F
:10E3E0002B46002211460120009400F034F8064626
:10E3F0003046FEF7B5FC3046BDE8F8832DE9F8431A
:10E4000005460E4617460DB1012000E0002050B928
:10E4100000BF502080F31188BFF34F8FBFF36F8F81
:10E4200000BF00BFFEE705FB06F808F15000FFF74C
:10E430002DF8044664B1A14609F15009002084F882
:10E4400046003B464A46314628460094FEF797FC74
:10E450002046BDE8F8832DE9F84380460E4617466E
:10E460001D46DDF82090B8F1000F01D0012000E03A
:10E47000002050B900BF502080F31188BFF34F8FA8
:10E48000BFF36F8F00BF00BFFEE70DB1012000E0BA
:10E49000002050B900BF502080F31188BFF34F8F88
:10E4A000BFF36F8F00BF00BFFEE707B10EB10120C1
:10E4B00000E0002050B900BF502080F31188BFF366
:10E4C0004F8FBFF36F8F00BF00BFFEE707B90EB9D4
:10E4D000012000E0002050B900BF502080F31188D7
:10E4E000BFF34F8FBFF36F8F00BF00BFFEE7502019
:10E4F00000900098502801D1012000E0002050B980
:10E5000000BF502080F31188BFF34F8FBFF36F8F90
:10E5100000BF00BFFEE700BF2C464CB1012084F8CD
:10E5200046004B463A46314640460094FEF727FCEB
:10E530002046BDE8F883000070B505460E462C461F
:10E5400054B900BF502080F31188BFF34F8FBFF341
:10E550006F8F00BF00BFFEE7FFF74AF9D4E90F1243
:10E56000206801FB0200A0600020A06320686060BA
:10E57000E06B401E226C216800FB0211E160FF206D
:10E5800084F8440084F845009EB9206908B9012048
:10E5900000E00020A8B904F1100000F0EBFF80B10A
:10E5A0004FF0805009490860BFF34F8FBFF36F8F62
:10E5B00007E004F11000FFF793F804F12400FFF7DF
:10E5C0008FF8FFF73FF9012070BD000004ED00E077
:10E5D0002DE9FF4383B0064688461D464FF00009EB
:10E5E000344654B900BF502080F31188BFF34F8FD9
:10E5F000BFF36F8F00BF00BFFEE7B8F1000F01D17E
:10E60000206C08B9012000E0002050B900BF502064
:10E6100080F31188BFF34F8FBFF36F8F00BF00BF30
:10E62000FEE7022D02D1E06B012801D1012000E0BC
:10E63000002050B900BF502080F31188BFF34F8FE6
:10E64000BFF36F8F00BF00BFFEE700F0E7FD08B922
:10E65000059808B9012000E0002050B900BF502003
:10E6600080F31188BFF34F8FBFF36F8F00BF00BFE0
:10E67000FEE700BFFFF7BCF8A06BE16B884201D357
:10E68000022D28D12A4641462046FEF792FA074637
:10E69000606A08B9012000E0002068B904F1240094
:10E6A00000F068FF88B14FF0805032490860BFF336
:10E6B0004F8FBFF36F8F08E03FB14FF080502D496F
:10E6C0000860BFF34F8FBFF36F8FFFF7BBF80120D8
:10E6D00007B0BDE8F083059818B9FFF7B3F800203C
:10E6E000F6E7B9F1000F04D101A8FFF707FA4FF0E0
:10E6F0000109FFF7A7F8FFF713FBFFF779F894F983
:10E700004400401C10B9002084F8440094F94500EE
:10E71000401C10B9002084F84500FFF793F805A9C4
:10E7200001A800F059FBF0B92046FEF76AFCA0B141
:10E7300004F110000599FFF7F3F92046FEF745FEB6
:10E7400000F064FF002895D14FF08050094908601F
:10E75000BFF34F8FBFF36F8F8CE72046FEF735FE78
:10E7600000F054FF86E72046FEF72FFE00F04EFF34
:10E770000020ADE704ED00E02DE9F84F07468A469A
:10E7800090461E463C4654B900BF502080F3118885
:10E79000BFF34F8FBFF36F8F00BF00BFFEE7BAF12B
:10E7A000000F01D1206C08B9012000E0002050B911
:10E7B00000BF502080F31188BFF34F8FBFF36F8FDE
:10E7C00000BF00BFFEE7022E02D1E06B012801D19D
:10E7D000012000E0002050B900BF502080F31188D4
:10E7E000BFF34F8FBFF36F8F00BF00BFFEE7FFF790
:10E7F000ADF800BF5021EFF3118081F31188BFF312
:10E800004F8FBFF36F8F00BF0546A06BE16B88424F
:10E8100001D3022E25D194F945B0A06B0090324669
:10E8200051462046FEF7C5F90BF1010088B9606A30
:10E8300008B9012000E0002050B904F1240000F0E4
:10E8400099FE28B1B8F1000F02D00120C8F80000ED
:10E8500004E00BF1010040B284F845004FF00109DB
:10E8600001E04FF0000900BF85F3118800BF484662
:10E87000BDE8F88F2DE9F04706460F46344654B9F7
:10E8800000BF502080F31188BFF34F8FBFF36F8F0D
:10E8900000BF00BFFEE7206C08B9012000E00020A7
:10E8A00050B900BF502080F31188BFF34F8FBFF3E2
:10E8B0006F8F00BF00BFFEE7206808B9A06808B9E5
:10E8C000012000E0002050B900BF502080F31188E3
:10E8D000BFF34F8FBFF36F8F00BF00BFFEE7FFF79F
:10E8E00035F800BF5021EFF3118081F31188BFF399
:10E8F0004F8FBFF36F8F00BF0546D4F83890E06BA1
:10E9000048451ED994F945A009F10100A0630AF118
:10E91000010070B9606A08B9012000E0002068B900
:10E9200004F1240000F026FE40B13FB10120386020
:10E9300004E00AF1010040B284F845004FF00108FC
:10E9400001E04FF0000800BF85F3118800BF40468A
:10E95000BDE8F08770B505462C4654B900BF50207D
:10E9600080F31188BFF34F8FBFF36F8F00BF00BFDD
:10E97000FEE700F04DFCA16888420CD1E068401E23
:10E98000E060E06828B900231A4619462046FFF7E0
:10E990001FFE012600E00026304670BD2DE9F7413C
:10E9A00083B005460E464FF000082C4654B900BF10
:10E9B000502080F31188BFF34F8FBFF36F8F00BFDC
:10E9C00000BFFEE70EB9206C08B9012000E000206E
:10E9D00050B900BF502080F31188BFF34F8FBFF3B1
:10E9E0006F8F00BF00BFFEE700F018FC08B9059864
:10E9F00008B9012000E0002050B900BF502080F38A
:10EA00001188BFF34F8FBFF36F8F00BF00BFFEE7CA
:10EA100000BFFEF7EDFEA76BF7B131462046FEF7CB
:10EA2000B3F8781EA063206908B9012000E0002037
:10EA300060B904F1100000F09DFD38B14FF0805036
:10EA40002F490860BFF34F8FBFF36F8FFEF7FAFEB9
:10EA5000012006B0BDE8F081059818B9FEF7F2FE76
:10EA60000020F6E7B8F1000F04D101A8FFF746F83F
:10EA70004FF00108FEF7E6FEFFF752F9FEF7B8FE89
:10EA800094F94400401C10B9002084F8440094F923
:10EA90004500401C10B9002084F84500FEF7D2FE66
:10EAA00005A901A800F098F9F0B92046FEF79CFAF4
:10EAB000A0B104F124000599FFF732F82046FEF7D3
:10EAC00084FC00F0A3FD0028A3D14FF080500C4936
:10EAD0000860BFF34F8FBFF36F8F9AE72046FEF7B2
:10EAE00074FC00F093FD94E72046FEF76EFC00F006
:10EAF0008DFD2046FEF778FA00288AD00020A8E78E
:10EB000004ED00E02DE9F05F0646894617463446DD
:10EB100054B900BF502080F31188BFF34F8FBFF36B
:10EB20006F8F00BF00BFFEE7B9F1000F01D1206C6D
:10EB300008B9012000E0002050B900BF502080F348
:10EB40001188BFF34F8FBFF36F8F00BF00BFFEE789
:10EB5000FEF7FCFE00BF5021EFF3118081F3118816
:10EB6000BFF34F8FBFF36F8F00BF0546D4F838A0B7
:10EB7000BAF1000F22D094F944B049462046FEF77E
:10EB800003F8AAF10100A0630BF1010070B920693C
:10EB900008B9012000E0002068B904F1100000F07D
:10EBA000E9FC40B13FB10120386004E00BF1010005
:10EBB00040B284F844004FF0010801E04FF0000833
:10EBC00000BF85F3118800BF4046BDE8F09F0000FC
:10EBD0002DE9F34182B005464FF000082C4600268F
:10EBE00054B900BF502080F31188BFF34F8FBFF39B
:10EBF0006F8F00BF00BFFEE7206C08B9012000E066
:10EC0000002050B900BF502080F31188BFF34F8F10
:10EC1000BFF36F8F00BF00BFFEE700F0FFFA08B937
:10EC2000039808B9012000E0002050B900BF50202F
:10EC300080F31188BFF34F8FBFF36F8F00BF00BF0A
:10EC4000FEE700BFFEF7D4FDA76BFFB1781EA063FF
:10EC5000206810B9FEF7C0FCA060206908B9012047
:10EC600000E0002060B904F1100000F083FC38B12E
:10EC70004FF0805043490860BFF34F8FBFF36F8F51
:10EC8000FEF7E0FD012004B0BDE8F081039898B9DB
:10EC90000EB9012000E0002050B900BF502080F3E1
:10ECA0001188BFF34F8FBFF36F8F00BF00BFFEE728
:10ECB000FEF7C8FD0020E6E7B8F1000F04D1684672
:10ECC000FEF71CFF4FF00108FEF7BCFDFFF728F828
:10ECD000FEF78EFD94F94400401C10B9002084F822
:10ECE000440094F94500401C10B9002084F8450008
:10ECF000FEF7A8FD03A9684600F06EF840BB204669
:10ED0000FEF772F9F0B1206838B9FEF771FDA0681E
:10ED100000F0DEFB0646FEF795FD04F124000399A2
:10ED2000FEF7FEFE2046FEF750FB00F06FFC0028C9
:10ED300088D14FF0805013490860BFF34F8FBFF365
:10ED40006F8F7FE72046FEF740FB00F05FFC79E71E
:10ED50002046FEF73AFB00F059FC2046FEF744F946
:10ED60000028EED05EB1FEF743FD2046FDF788FF98
:10ED700007463946A068FEF70FFFFEF763FD002047
:10ED800081E7000004ED00E02DE9F04106460F4662
:10ED9000344654B900BF502080F31188BFF34F8F21
:10EDA000BFF36F8F00BF00BFFEE700F031FAA1682C
:10EDB000884204D1E068401CE060012508E0394643
:10EDC0002046FFF705FF054615B1E068401CE060EE
:10EDD0002846BDE8F081000070B505460C4655B9DF
:10EDE00000BF502080F31188BFF34F8FBFF36F8FA8
:10EDF00000BF00BFFEE754B900BF502080F3118868
:10EE0000BFF34F8FBFF36F8F00BF00BFFEE7FEF76A
:10EE1000EFFC124802686868131A2068401C08B9A1
:10EE2000002617E00E4928680968884204D06868FF
:10EE3000904201D801260DE02068984207D9206849
:10EE4000C01A20602846FEF759FE002602E0002086
:10EE500020600126FEF7F6FC304670BD140000204D
:10EE6000280000202DE9FF4F85B0804689461746CF
:10EE7000DDE912ABB800FEF709FB064656B15C208F
:10EE8000FEF704FB04460CB1266304E03046FEF7AF
:10EE9000F7FC00E000248CB1002084F85900CDE993
:10EEA00000ABCDE902403A4649464046089BFDF793
:10EEB0007BFF2046FDF7AEFD012501E04FF0FF3559
:10EEC000284609B0BDE8F08F2DE9F04F85B0074620
:10EED000884691469A46DDE90EB6109C0EB1012097
:10EEE00000E0002050B900BF502080F31188BFF32C
:10EEF0004F8FBFF36F8F00BF00BFFEE70CB1012043
:10EF000000E0002050B900BF502080F31188BFF30B
:10EF10004F8FBFF36F8F00BF00BFFEE75C200390F1
:10EF200003985C2801D1012000E0002050B900BF07
:10EF3000502080F31188BFF34F8FBFF36F8F00BF56
:10EF400000BFFEE700BFB4B1AEB125462C462E632C
:10EF5000022085F85900002004A953464A46CDE90D
:10EF600000B1CDE9025041463846FDF71DFF284665
:10EF7000FDF750FD01E000200490049805B0BDE8C5
:10EF8000F08F00002DE9F04706460D4617469846DB
:10EF90004FF0010A56B900BF502080F31188BFF32B
:10EFA0004F8FBFF36F8F00BF00BFFEE73446FEF701
:10EFB0001FFCB8F1000F02D0606DC8F8000094F893
:10EFC0005890022084F85800052F17D2DFE807F088
:10EFD0001503070B0D00606D2843606521E0606D2F
:10EFE000401C60651DE065651BE0B9F1020F01D0B2
:10EFF000656501E04FF0000A13E012E0606D401C0F
:10F0000008B9012000E0002050B900BF502080F373
:10F010001188BFF34F8FBFF36F8F00BF00BFFEE7B4
:10F0200000BF00BFB9F1010F32D1201DFEF72CFB4C
:10F030001A49E06A0968884202D91849E06A0860FA
:10F04000E16A01EB8101164A02EB8100211DFEF706
:10F0500071FBA06A08B9012000E0002050B900BF90
:10F06000502080F31188BFF34F8FBFF36F8F00BF25
:10F0700000BFFEE70B49E06A0968C96A884207D900
:10F080004FF0805008490860BFF34F8FBFF36F8F78
:10F09000FEF7D8FB5046BDE8F087000018000020BE
:10F0A000B00300200000002004ED00E02DE9F84F3F
:10F0B00007460E4690469946DDF828B0012000909C
:10F0C00057B900BF502080F31188BFF34F8FBFF3B3
:10F0D0006F8F00BF00BFFEE7FEF738FC3C4600BF65
:10F0E0005021EFF3118081F31188BFF34F8FBFF3ED
:10F0F0006F8F00BF0546B9F1000F02D0606DC9F8EF
:10F10000000094F858A0022084F85800B8F1050FC8
:10F1100017D2DFE808F01503070B0D00606D3043D0
:10F12000606521E0606D401C60651DE066651BE068
:10F13000BAF1020F01D0666501E00020009013E0F3
:10F1400012E0606D401C08B9012000E0002050B9B9
:10F1500000BF502080F31188BFF34F8FBFF36F8F34
:10F1600000BF00BFFEE700BF00BFBAF1010F3CD1F6
:10F17000A06A08B9012000E0002050B900BF50206B
:10F1800080F31188BFF34F8FBFF36F8F00BF00BFB5
:10F19000FEE719480068A0B9201DFEF775FA174967
:10F1A000E06A0968884202D91449E06A0860E16AA5
:10F1B00001EB8101124A02EB8100211DFEF7BAFA30
:10F1C00004E004F118010F48FEF7B4FA0E49E06AB2
:10F1D0000968C96A884208D9BBF1000F02D0012032
:10F1E000CBF8000001200949086000BF85F31188B1
:10F1F00000BF0098BDE8F88F3800002018000020FC
:10F20000B003002038080020000000202400002067
:10F21000014908687047000000000020054909689E
:10F2200009B9012005E00449096809B9022000E094
:10F23000002070471C0000203800002001490868A9
:10F2400070470000140000202DE9F0414FF0000845
:10F250004348006800287BD142480068451C41486B
:10F26000056015BB40480068006808B9012000E04F
:10F27000002050B900BF502080F31188BFF34F8F9A
:10F28000BFF36F8F00BF00BFFEE7374807683748FE
:10F290000068354908603548076035480068401CFB
:10F2A00033490860FDF7E2FF00BF3248006885423D
:10F2B0003BD300BF2C480068006808B9012000E07B
:10F2C000002020B14FF0FF302A4908602CE026488A
:10F2D0000068C068C4686668B54202D22548066006
:10F2E00022E0201DFEF7D0F9A06A18B104F1180041
:10F2F000FEF7CAF92049E06A0968884202D91E4926
:10F30000E06A0860E16A01EB81011C4A02EB8100BE
:10F31000211DFEF70FFA1A49E06A0968C96A884296
:10F32000C8D34FF00108C5E700BF15480068C06AA0
:10F3300000EB8000114951F82000012801D94FF05D
:10F3400001081048006808B14FF0010805E0FFE728
:10F350000D480068401C0C4908604046BDE8F0813B
:10F3600038000020140000200400002008000020C5
:10F37000280000203000002018000020B0030020EA
:10F380000000002024000020200000202DE9F04192
:10F390000746884614461D46FEF72AFA21480068AB
:10F3A00090F85800022818D01E49096801F154004D
:10F3B000496DB943016001201A49096881F8580074
:10F3C0005DB101212846FDF7E7FA4FF0805016495C
:10F3D0000860BFF34F8FBFF36F8FFEF733FAFEF76E
:10F3E00007FA1CB10F480068406D20600D480068A6
:10F3F00090F85800022801D0002608E00949096861
:10F4000001F15400496D21EA080101600126002044
:10F410000449096881F85800FEF714FA3046BDE83F
:10F42000F08100000000002004ED00E070B505460A
:10F430002C460026002D43D022480068844201D18A
:10F44000012000E0002050B900BF502080F3118857
:10F45000BFF34F8FBFF36F8F00BF00BFFEE7206D7C
:10F4600050B900BF502080F31188BFF34F8FBFF316
:10F470006F8F00BF00BFFEE7206D401E2065E16C6E
:10F48000E06A88421CD0206DD0B9201DFEF7FCF840
:10F49000E06CE062E06AC0F13800A0610A49E06A0D
:10F4A0000968884202D90849E06A0860E16A01EB0C
:10F4B0008101064A02EB8100211DFEF73BF901267E
:10F4C000304670BD0000002018000020B00300206E
:10F4D00070B505462C460026002D42D02249E06A30
:10F4E0000968C96A884235D2A06900F0004028B98D
:10F4F0001D480068C06AC0F13800A061E16A01EBF4
:10F5000081011A4A02EB81016069884201D1012020
:10F5100000E00020C0B1201DFEF7B6F812480068D8
:10F52000C06AE0621249E06A0968884202D910495B
:10F53000E06A0860E16A01EB81010C4A02EB81009C
:10F54000211DFEF7F7F803E007480068C06AE06293
:10F55000012606E00449E06C0968C96A884200D2C5
:10F560000126304670BD000000000020B0030020DE
:10F570001800002070B50646F068C46854B900BF92
:10F58000502080F31188BFF34F8FBFF36F8F00BF00
:10F5900000BFFEE704F11800FEF776F81548006892
:10F5A000A0B9201DFEF770F81349E06A0968884287
:10F5B00002D91149E06A0860E16A01EB81010F4A52
:10F5C00002EB8100211DFEF7B5F804E004F11801FB
:10F5D0000B48FEF7AFF80B49E06A0968C96A884230
:10F5E00004D9012501200849086000E000252846CB
:10F5F00070BD00003800002018000020B00300207B
:10F6000038080020000000202400002070B50024ED
:10F6100000263648006850B900BF502080F311889A
:10F62000BFF34F8FBFF36F8F00BF00BFFEE7FEF742
:10F63000DFF82E480068401E2C4908600846006824
:10F6400000284ED12A48006800284AD023E02948E3
:10F65000C068C46804F11800FEF716F8201DFEF714
:10F6600013F82549E06A0968884202D92249E06A0C
:10F670000860E16A01EB8101204A02EB8100211D53
:10F68000FEF758F81E49E06A0968C96A884202D341
:10F6900001201C4908601748006808B9012000E0F3
:10F6A00000200028D3D00CB1FDF7E0FD1648056816
:10F6B00065B100BFFFF7C8FD10B101201149086016
:10F6C0006D1E002DF6D100200F4908600D4800681E
:10F6D00038B1012630070D490860BFF34F8FBFF3E3
:10F6E0006F8FFEF7AFF8304670BD00003800002085
:10F6F000100000203808002018000020B00300206F
:10F7000000000020240000202000002004ED00E084
:10F710002DE9FC4705460E4617469846DDF8289029
:10F720002C20FDF7B3FE044654B1002084F82800D5
:10F7300043463A4631462846CDE90094FDF793FB0F
:10F740002046BDE8FC872DE9FC4706460F4690465B
:10F750009946DDE90AA52C20019001982C2801D1B9
:10F76000012000E0002050B900BF502080F3118834
:10F77000BFF34F8FBFF36F8F00BF00BFFEE700BF27
:10F7800055B900BF502080F31188BFF34F8FBFF3EE
:10F790006F8F00BF00BFFEE72C4654B1022084F8F3
:10F7A00028004B46424639463046CDE900A4FDF7D5
:10F7B0005AFB2046BDE8FC8710B586B00024FDF753
:10F7C00085F916480068D0B100200590049003AA7E
:10F7D00004A905A8FDF778FF0222DDE90410002343
:10F7E000CDE9002102900EA10F48039AFFF76CFBB0
:10F7F0000E4908600846006800B1012400BF54B9F2
:10F8000000BF502080F31188BFF34F8FBFF36F8F7D
:10F8100000BF00BFFEE7204606B010BD4400002038
:10F82000546D722053766300B1D304084800002061
:10F830002DE9FF4704460D4616461F46DDF8308089
:10F840004FF0000954B900BF502080F31188BFF376
:10F850004F8FBFF36F8F00BF00BFFEE714480068F3
:10F8600010B3009501960294062D15DAFFF7D6FC29
:10F87000022808D10023424669460D480068FEF779
:10F88000A7FE814610E000231A4669460848006832
:10F89000FEF79EFE814607E000233A46694604488B
:10F8A0000068FEF769FF8146484604B0BDE8F0876E
:10F8B0004400002070B50446264654B900BF5020CD
:10F8C00080F31188BFF34F8FBFF36F8F00BF00BF6E
:10F8D000FEE7FDF78DFF96F8280000F0010008B95B
:10F8E000002500E00125FDF7ADFF284670BD81F041
:10F8F0000041704780F00040704721F000417047A0
:10F9000020F000407047000021F00042A2F1605258
:10F91000B2F5801F01F0004328BFD2F17F6C0BD9F4
:10F920005FEA001C43EAC20242EB507018BF704706
:10F9300028BF20F001007047B2F5801FBCBF1846F9
:10F9400070474FEA410C1CF5001F02D2084600F038
:10F9500089BD70B500F090FB00000089FFF7F6BF8D
:10F960004FF00040A0F580007047000010B591EA0C
:10F97000030F48BF83F0004300F11C84841A71EB2D
:10F98000030C05D2121943EB0C03001B61EB0C01B5
:10F99000DFF824E14FEA1154A4EB135C1EEA430F95
:10F9A00018BF9EEA445F73D023EA0E03DCF1200EF9
:10F9B00021EA045143F4801332D322FA0CFE10EBF7
:10F9C0000E0023FA0CFE41EB0E01CCF1200E03FADF
:10F9D0000EFE10EB0E0051F10001B1F5801FCCF1CD
:10F9E000200E32D201EB045112FA0EF2BDE81040A3
:10F9F00058BF7047401C38BF5FEA420218BF7047CB
:10FA0000002814BF20F0010041F100014FEA41033A
:10FA100013F5001F38BF7047A1F1C04100F07ABB59
:10FA2000012A43EB0302ACF1200CDCF11F0E32BFC4
:10FA30004FF0000E23FA0CF310EB030041EB0451DE
:10FA4000B4EB115FD0D0A1EB045101F5801149084E
:10FA50005FEA300001EB04510ED350F1000038BFD3
:10FA600012FA0EFE08D1BDE81040C9E7401C38BFAD
:10FA70005FEA4202CAD1C3E7BDE810404FEA410342
:10FA800013F5001F38BF7047A1F1C04100F042BB21
:10FA90009EEA445F08D011EA5E0FBDE8104004BF43
:10FAA00001F0004100207047BDE8104070B500F043
:10FAB000E3FA00BF64FBBE3E0000E0FF491058BF00
:10FAC000C1F140415B1058BFC3F140438B42EFF39B
:10FAD000008070472DE9C04130B4DFF8A0C23CEA95
:10FAE000111418BF3CEA131400F0EC8081EA0305FE
:10FAF0001CEA111444EAD57418BF1CEA131500F06F
:10FB0000C780A4EB05044FF0004545EAC12145EA52
:10FB1000C32341EA505143EA525304F17F7499429E
:10FB200004F500344FEAC0204FEAC22208BF9042D9
:10FB300000F09C804FEA13650FF24016765D4FEAA5
:10FB4000134506FB05F7C7F1807706FB07F74FEA79
:10FB5000D737A7FB03687642C8F58038A7FB06CEE7
:10FB600038BFA8F1010807FB08E64FF0000EA6FB1E
:10FB7000028CE6FB03CEDCF1000CCEF1004E38BF68
:10FB8000AEF1010EA6FB0C584FF000074FF0000538
:10FB9000E6FB0E87A1FB08C6A0FB07CE16EB0E0600
:10FBA00045F10005E1FB076515F1E04E7EBFA4F5C8
:10FBB00080345FEA46066D4116F1800745F1000585
:10FBC0004FEA17274FEA066647EA0567A6F1DE46C1
:10FBD000B6F1805F4FEA15251FD9384624F0010C95
:10FBE00005EBC471BCF1FE6F01EB0C1102D8F0BC47
:10FBF000BDE8008124425CBF01F5801E9EEAC47FFF
:10FC000002D4F0BCBDE80081244238D4F0BCA1F19C
:10FC1000C041BDE8004100F07DBA4FEAD22242EA7D
:10FC200043524FEAD323A7FB02864FEAD02040EA93
:10FC3000415007FB03661EEA0E0F4FEAD12105FB78
:10FC4000026658BFA6EB0056B6EB00564FEA520EBE
:10FC50004EEAC37E18EB0E0E56EB530EBDD518EBD5
:10FC600002085E417F1C55F10005B6E74FF4801590
:10FC70004FF000074FF000064FF00008ADE7F0BC72
:10FC80004FF0000001F1C04101F00041BDE80081EA
:10FC900011EA0C1F0CEA131500D00CE013EA0C1F3C
:10FCA00000F025804FF00000F0BC81EA030101F074
:10FCB0000041BDE80081F0BCBDE8004181EA0301DC
:10FCC00000F028BAF0BCBDE8004170B500F0D4F9EE
:10FCD000097EFC3E00F007B881EA03014FF0000006
:10FCE00001F00041704781EA030100F013BAF0BC53
:10FCF000BDE800414FF0000021497047FFFDFBF9CE
:10FD0000F7F5F4F2F0EEEDEBE9E8E6E4E3E1E0DE4E
:10FD1000DDDBDAD8D7D5D4D3D1D0CFCDCCCBCAC8C0
:10FD2000C7C6C5C4C2C1C0BFBEBDBCBBBAB9B8B7E7
:10FD3000B6B5B4B3B2B1B0AFAEADACABAAA9A8A8DA
:10FD4000A7A6A5A4A3A3A2A1A09F9F9E9D9C9C9BA8
:10FD50009A99999897979695959493939291919053
:10FD60008F8F8E8E8D8C8C8B8B8A898988888787E4
:10FD70008685858484838382828181800000FF0759
:10FD80000000F87F51EA030C17D41CF5801F58BF00
:10FD9000BCF5801F00F10680994218BF704708BF6C
:10FDA0009042704707D711F5801F58BF13F5801F89
:10FDB00019D499427047894270471CF5801F08D5B5
:10FDC000BCF5801FF7D58B4218BF704708BF824231
:10FDD00070474FF4001C1CEB410F38BF1CEB430F66
:10FDE00001D28B42704770B500F046F99224490069
:10FDF0004FF000514FF08053FFF760BE4FEA1153B0
:10FE0000A3F58063D3F11E03A8BFD3F1200C08DB58
:10FE10004FF0004242EAC12252EA505232FA03F055
:10FE2000704709420BD4102BC4BF0020704703F564
:10FE3000787CBCF1FF3F05D04FF0FF3070474FF0AA
:10FE40000000704770B500F017F900BF4992248098
:10FE500000207047F0E710F0004248BF4042B0FA7F
:10FE600080F310FA03F10AD0C3F11D0303F5806398
:10FE70004FEA415002EB035202EBD12170474FF0A1
:10FE800000007047B0FA80F310FA03F10AD0C3F112
:10FE90001D0303F580634FEA41504FEA035202EB22
:10FEA000D12170474FF000007047000051EA030C69
:10FEB00017D41CF5801F58BFBCF5801F00F10680C9
:10FEC000994218BF704708BF9042704707D711F595
:10FED000801F58BF13F5801F19D49942704789427B
:10FEE00070471CF5801F08D5BCF5801FF7D58B42E5
:10FEF00018BF704708BF824270474FF4001C1CEBCC
:10FF0000410F38BF1CEB430F01D28B42704770B5D5
:10FF100000F0B2F8922449004FF000514FF08053A6
:10FF2000FFF7CCBDDFF848C170B51CEA111E1EBF3B
:10FF30001CEA13159EEA0C0F95EA0C0F00F06F8077
:10FF400081EA030423EA4C134EEAD47E21EA4C11E1
:10FF500041F4801143F48013AE44A1FB024CA0FB9A
:10FF60000365AEF17F7E361955EB0C05A1FB034C02
:10FF70004CF10003A0FB021C16EB0C06654153F18B
:10FF80000003094218BF46F0010613F4007F0BD1AD
:10FF90004FEA03314FEA0530340341EA155140EA94
:10FFA00016506FF003020AE04FEAC3214FEAC52062
:10FFB000F40241EA555140EA56506FF0020202EB5A
:10FFC0002E4201EB025585EACE710AD05FEA440C5D
:10FFD00018BF24F0004450F1000041F1000120EA74
:10FFE000D47040F2FE7C624500D270BDA84214BFBE
:10FFF0004FF080444FF04044002E08BF0024BEF173
:020000040805ED
:10000000806FA8BFA1F1C041BDE8704080F282803E
:100010004FF0000001F1C04101F0004170479EEA3D
:100020000C0F0CEA131518BF95EA0C0F06D04FF011
:10003000000081EA030E0EF0004170BD00F01CF8D4
:100040008900013E00F007B800F009B84FEA430C00
:100050005FEA5C5C08D081EA030100F05BB84FEA1C
:10006000410C5FEA5C5CF6D14FF00000014970473B
:100070000000FF070000F87F0EF1020E2EF0030EC5
:100080005EF8046B364205D4012A43EB030515F5EF
:10009000001F12D8012841EB010C1CF5001F0CD8E1
:1000A0000ED14FEAD17C15F5001F0CEB4C0C0CF176
:1000B000020C08BF4CEBD37C04E04FF0080C01E0CD
:1000C0004FEAD37C0CEB4C0526FA05F606F0070642
:1000D000B6F1040C06D20EEB860CBDE870404CF075
:1000E000010C6047DFE80CF0090B02024FF0004101
:1000F0004FF00000A1F5002170BD194610460128FF
:1001000051EB010418BFD4F5001484BF002001F0A6
:10011000004170BD0808A0F500114FEA3101704799
:1001200053EA010C17D41CF5801F58BFBCF5801F83
:1001300000F106808B4218BF704708BF82427047AB
:1001400007D713F5801F58BF11F5801F19D48B42B4
:1001500070479B4270471CF5801F08D5BCF5801F77
:10016000F7D5994218BF704708BF904270474FF4C7
:10017000001C1CEB430F38BF1CEB410F01D299420E
:1001800070470FB40CBC03BCFFF7C1BE91EA030F6C
:1001900010B581F000413FF5F1AB83F0004300F072
:1001A00009B8000010B591EA030F48BF83F000437F
:1001B0003FF5E4AB841A71EB030C07D212198CF0F3
:1001C000004C43EB0C03001B61EB0C01DFF8A4E1D6
:1001D0004FEA1154A4EB135C1EEA430F18BF9EEACA
:1001E000445F00F0B08023EA6E03524221EA0451DA
:1001F000C3EB6E0338BF5B1EDCF1200E25D322FA61
:100200000CFE10EB0E0043FA0CFE41EB0E01CCF19C
:10021000200E03FA0EFE10EB0E0051F10001CCF19E
:10022000200E29D412FA0EF201EB0451BDE8104061
:1002300058BF7047401C1CBFB2F1004F70470028E8
:100240000CBF491C20F00100704712EB020E43EB7B
:10025000030218BF4FF0010E4EEA4202ACF1200C2F
:10026000DCF11E0E54D943FA0CFE10EB0E0051F1D6
:10027000FF31CCF11E0ED5D50EF1010E12FA0EFE95
:10028000404141EB010101EB445C5FEA5C5C10D949
:1002900010EBDE7001EB045138BFBEF1004FBDE83A
:1002A000104018BF704700280CBF491C20F0010007
:1002B000704730D24FEAD42C11F5001124F40064B9
:1002C0001BD0B1FA81F20B3AA41AA41ED2F120037A
:1002D000914030FA03F31943904001EBCC71002CAC
:1002E00001EB0451BDE81040A8BF704701F1C041C7
:1002F0004FF0000001F000417047B0FA80F310FAAF
:1003000003F100D110BDE41A173C4805C90AE4E71F
:1003100001EB045110BD491001EB0451BDE8104040
:100320004FEA300002E04FF0000170474A0008BF7A
:100330000042F8D0B2F5001F28BF704701F000411D
:100340004FF0000070479EEA445F07D011EA5E0F4D
:10035000BDE8104004BF002100207047BDE81040F8
:1003600070B5FFF789FE00BF40DFF63E83F0004125
:10037000104670470000E0FF43004FEAD30C4FEAFD
:100380003C0C43401FBF40070CF1605113F0FE4F7F
:1003900070471CF0006F03D100200CF00041704743
:1003A0000CF0004343EA507010B540EACC0000F076
:1003B0000EF800BF000000924FEA0001FFF7AABE4E
:1003C0004FF000414FF00000A1F5002170470EF101
:1003D000020E2EF0030E5EF8044B244204D44FEAC2
:1003E0004102B2F17F4F11D84FEA4003B3F17F4F82
:1003F0000CD80ED14FEAD07CB2F17F4F0CEB4C0CF5
:100400000CF1020C08BF4CEBD17C04E04FF0080C5F
:1004100001E04FEAD17C0CEB4C0324FA03F404F026
:100420000704B4F1040C06D20EEB840CBDE81040B6
:100430004CF0010C6047DFE80CF0070802024FF0B7
:100440000040A0F5800010BD0846420018BFD2F160
:10045000807288BF00F0004010BD4FF04070E1EEA8
:10046000100A7047FF2141EAD050C005704700C113
:10047000814001C0804101C0804100C1814001C074
:10048000804100C1814000C1814001C0804101C064
:10049000804100C1814000C1814001C0804100C154
:1004A000814001C0804101C0804100C1814001C044
:1004B000804100C1814000C1814001C0804100C134
:1004C000814001C0804101C0804100C1814000C124
:1004D000814001C0804101C0804100C1814001C014
:1004E000804100C1814000C1814001C0804101C004
:1004F000804100C1814000C1814001C0804100C1F4
:10050000814001C0804101C0804100C1814000C1E3
:10051000814001C0804101C0804100C1814001C0D3
:10052000804100C1814000C1814001C0804100C1C3
:10053000814001C0804101C0804100C1814001C0B3
:10054000804100C1814000C1814001C0804101C0A3
:10055000804100C1814000C1814001C0804100C193
:10056000814001C0804101C0804100C1814000C084
:10057000C101C30302C2C60607C705C5C404CC0C2B
:100580000DCD0FCFCE0E0ACACB0BC90908C8D8189B
:1005900019D91BDBDA1A1EDEDF1FDD1D1CDC14D4AB
:1005A000D515D71716D6D21213D311D1D010F030DB
:1005B00031F133F3F23236F6F737F53534F43CFCEB
:1005C000FD3DFF3F3EFEFA3A3BFB39F9F83828E89B
:1005D000E929EB2B2AEAEE2E2FEF2DEDEC2CE4246B
:1005E00025E527E7E62622E2E323E12120E0A060DB
:1005F00061A163A3A26266A6A767A56564A46CACAB
:10060000AD6DAF6F6EAEAA6A6BAB69A9A86878B81A
:10061000B979BB7B7ABABE7E7FBF7DBDBC7CB4742A
:1006200075B577B7B67672B2B373B17170B05090DA
:1006300091519353529296565797559594549C5C6A
:100640005D9D5F9F9E5E5A9A9B5B9959589888481A
:1006500049894B8B8A4A4E8E8F4F8D4D4C8C4484EA
:1006600085458747468682424383418180401028E2
:1006700040587088A0B8000000000404040000087E
:10068000000000080000080000000800020406083E
:100690000A0C00010203040506102840587088A0C7
:1006A000B800000000040404000008000000080076
:1006B00000080000000800020406080A0C000102FD
:1006C00003040506102840587088A0B800000000F8
:1006D00004040400000800000008000008000000F6
:1006E0000800020406080A0C0001020304050600C3
:1006F000102840587088A0B80000000004040400CE
:1007000000080000000800000800000008000204C3
:1007100006080A0C000102030405060000000000A0
:1007200000000000000000000000580258025802BB
:1007300058025802C8005802580258025802900144
:1007400058025802580258025802900158025802A2
:100750005802580258025802000000000000000031
:10076000580200000000000000000000000000002F
:100770000000000000000000000000000000000079
:100780005802580258025802580258025802580299
:1007900058022003580258025802580258025802C0
:1007A000000000000000000007000000040000003E
:1007B0005BA80408000000000800000080000000A2
:1007C0005BA8040800000000090000000800000009
:1007D0005BA80408000000000B00000010000000EF
:1007E0005BA80408000000000A00000020000000D0
:1007F0005BA80408000000000C000000400000009E
:100800005BA80408000000002200000001000000B6
:100810005BA80408000000000500000000020000C2
:100820005BA80408000000000200000000050000B2
:100830005BA80408000000000300000002000000A4
:100840005BA8040800000000040000000210000083
:100850005BA8040800000000060000000040000043
:100860005BA8040800000000240000000020000035
:100870005BA8040800000000000000000000000069
:100880000000000000000000000000000000000068
:100890000000000000000000000000000000000058
:1008A0000000000000000000000000000000000048
:1008B0000000000000000000000000000000000038
:1008C0000000000000000000000000000000000028
:1008D0000000000000000000000000000000000018
:1008E00000000000000000000700000004000000FD
:1008F0005BA804087C0100000800000080000000E4
:100900005BA804087C01000009000000080000004A
:100910005BA804087C0100000B0000001000000030
:100920005BA80408C80000000A00000020000000C6
:100930005BA804087C0100000C00000040000000DF
:100940005BA8040864000000220000000100000011
:100950005BA80408F401000005000000000200008C
:100960005BA80408F401000002000000000500007C
:100970005BA80408F401000003000000020000006E
:100980005BA804087C0100000400000002100000C5
:100990005BA804087C010000060000000040000085
:1009A0005BA80408F40100002400000000200000FF
:1009B0005BA80408F4010000000000000000000033
:1009C0000000000000000000000000000000000027
:1009D0000000000000000000000000000000000017
:1009E0000000000000000000000000000000000007
:1009F00000000000000000000000000000000000F7
:100A000000000000000000000000000000000000E6
:100A100000000000000000000000000000000000D6
:100A200000000000000000000700000004000000BB
:100A30005BA804080000000008000000800000001F
:100A40005BA8040800000000090000000800000086
:100A50005BA80408000000000B000000100000006C
:100A60005BA80408000000000A000000200000004D
:100A70005BA80408000000000C000000400000001B
:100A80005BA8040800000000220000000100000034
:100A90005BA8040800000000050000000002000040
:100AA0005BA8040800000000020000000005000030
:100AB0005BA8040800000000030000000200000022
:100AC0005BA8040800000000040000000210000001
:100AD0005BA80408000000000600000000400000C1
:100AE0005BA80408000000002400000000200000B3
:100AF0005BA80408000000000000000000000000E7
:100B000000000000000000000000000000000000E5
:100B100000000000000000000000000000000000D5
:100B200000000000000000000000000000000000C5
:100B300000000000000000000000000000000000B5
:100B400000000000000000000000000000000000A5
:100B50000000000000000000000000000000000095
:100B6000000000000000000007000000040000007A
:100B70005BA80408000000000800000080000000DE
:100B80005BA8040800000000090000000800000045
:100B90005BA8040800000000160000001000000020
:100BA0005BA804080000000017000000010000001E
:100BB000E3A70408000000000F0000002000000070
:100BC0005BA80408000000002000000001000000F5
:100BD0005BA80408000000001A000000600000008C
:100BE0005BA80408000000001F00000002000000D5
:100BF000E3A704080000000002000000000100005C
:100C00005BA80408000000000300000002000000D0
:100C10005BA80408000000000400000002100000AF
:100C20005BA804080000000006000000004000006F
:100C30005BA8040800000000240000000020000061
:100C40005BA8040800000000000000000000000095
:100C50000000000000000000000000000000000094
:100C60000000000000000000000000000000000084
:100C70000000000000000000000000000000000074
:100C80000000000000000000000000000000000064
:100C90000000000000000000000000000000000054
:100CA0000000000000000000070000000400000039
:100CB0005BA804080000000008000000800000009D
:100CC0005BA8040800000000090000000800000004
:100CD0005BA80408000000001700000010000000DE
:100CE0005BA80408000000001900000020000000BC
:100CF0005BA8040800000000110000004000000094
:100D00005BA80408000000000200000000050000CD
:100D10005BA80408000000002200000001000000A1
:100D20005BA80408000000000500000000020000AD
:100D30005BA804080000000003000000020000009F
:100D40005BA804080000000004000000021000007E
:100D50005BA804080000000006000000004000003E
:100D60005BA8040800000000240000000020000030
:100D70005BA8040800000000000000000000000064
:100D80000000000000000000000000000000000063
:100D90000000000000000000000000000000000053
:100DA0000000000000000000000000000000000043
:100DB0000000000000000000000000000000000033
:100DC0000000000000000000000000000000000023
:100DD0000000000000000000000000000000000013
:100DE00000000000000000000700000004000000F8
:100DF0005BA804080000000008000000800000005C
:100E00005BA80408000000000900000008000000C2
:100E10005BA804080000000017000000100000009C
:100E20005BA804080000000019000000200000007A
:100E30005BA8040800000000110000004000000052
:100E40005BA8040800000000010000000100000091
:100E50005BA8040800000000020000000001000080
:100E60005BA804080000000005000000000200006C
:100E70005BA804080000000003000000020000005E
:100E80005BA8040800000000040000000208000045
:100E90005BA80408000000000600000000400000FD
:100EA0005BA8040800000000000000000000000033
:100EB0000000000000000000000000000000000032
:100EC0000000000000000000000000000000000022
:100ED0000000000000000000000000000000000012
:100EE0000000000000000000000000000000000002
:100EF00000000000000000000000000000000000F2
:100F000000000000000000000000000000000000E1
:100F100000000000000000000000000000000000D1
:100F200000000000000000000700000002000000B8
:100F30005BA804080000000008000000100000008A
:100F40005BA8040800000000090000008000000009
:100F50005BA80408000000003D0000000400000041
:100F60005BA80408000000003E0000002000000014
:100F70005BA80408000000003F00000040000000E3
:100F80005BA8040800000000400000000080000092
:100F90005BA8040800000000410000000000010000
:100FA0005BA80408000000002200000000200000F0
:100FB0005BA8040800000000020000000803000015
:100FC0005BA804080000000003000000010000000E
:100FD0005BA80408000000000400000000100000EE
:100FE0005BA80408000000000600000000400000AC
:100FF0005BA80408000000002400000000080000B6
:101000005BA80408000000000500000000040000C8
:101010005BA80408000000000000000000000000C1
:1010200000000000000000000000000000000000C0
:1010300000000000000000000000000000000000B0
:1010400000000000000000000000000000000000A0
:101050000000000000000000000000000000000090
:101060000000000000000000070000000400000075
:101070005BA80408000000000800000080000000D9
:101080005BA8040800000000090000000800000040
:101090005BA8040800000000180000001000000019
:1010A0005BA8040800000000100000002000000001
:1010B0005BA80408000000001400000040000000CD
:1010C0005BA804080000000001000000010000000F
:1010D0005BA80408000000000200000000010000FE
:1010E0005BA80408000000000300000002000000EC
:1010F0005BA80408000000000400000002100000CB
:101100005BA80408000000000600000000000200C8
:101110005BA80408000000000000000000000000C0
:1011200000000000000000000000000000000000BF
:1011300000000000000000000000000000000000AF
:10114000000000000000000000000000000000009F
:10115000000000000000000000000000000000008F
:10116000000000000000000000000000000000007F
:10117000000000000000000000000000000000006F
:10118000000000000000000000000000000000005F
:10119000000000000000000000000000000000004F
:1011A0000000000000000000070000000400000034
:1011B0005BA8040800000000080000008000000098
:1011C0005BA80408000000000900000008000000FF
:1011D0005BA80408000000001600000010000000DA
:1011E0005BA80408000000001700000020000000B9
:1011F0005BA80408000000000F0000004000000091
:101200005BA80408000000002200000001000000AC
:101210005BA80408000000000200000000050000B8
:101220005BA80408000000000500000000020000A8
:101230005BA804080000000003000000020000009A
:101240005BA8040800000000040000000210000079
:101250005BA8040800000000060000000040000039
:101260005BA8040800000000240000000000020049
:101270005BA804080000000000000000000000005F
:10128000000000000000000000000000000000005E
:10129000000000000000000000000000000000004E
:1012A000000000000000000000000000000000003E
:1012B000000000000000000000000000000000002E
:1012C000000000000000000000000000000000001E
:1012D000000000000000000000000000000000000E
:1012E00000000000000000000700000004000000F3
:1012F0005BA8040800000000080000008000000057
:101300005BA80408000000000900000008000000BD
:101310005BA8040800000000170000001000000097
:101320005BA804080000000011000000200000007D
:101330005BA80408000000000C0000004000000052
:101340005BA804080000000022000000010000006B
:101350005BA8040800000000020000000005000077
:101360005BA8040800000000050000000002000067
:101370005BA8040800000000030000000200000059
:101380005BA8040800000000040000000210000038
:101390005BA80408000000000600000000400000F8
:1013A0005BA80408000000002400000000200000EA
:1013B0005BA804080000000000000000000000001E
:1013C000000000000000000000000000000000001D
:1013D000000000000000000000000000000000000D
:1013E00000000000000000000000000000000000FD
:1013F00000000000000000000000000000000000ED
:1014000000000000000000000000000000000000DC
:1014100000000000000000000000000000000000CC
:101420000000000000000000681605080000000031
:1014300000000000000000000000000000020000AA
:101440001800000000000000000000005016050811
:10145000000000000000000000000000000000008C
:101460000004000018000000000000000000000060
:101470003416050800000000000000000000000015
:101480000000000000040000200000000000000038
:10149000000000005C1605080000000000000000CD
:1014A0000000000000000000000400003000000008
:1014B00000000000000000004016050800000000C9
:1014C000000000000000000000000000000200001A
:1014D0000800000000000000000000009816050849
:1014E0000000000000000000000000007816050861
:1014F0000000000000000000000000008816050841
:10150000000000000000000000000000AC1605080C
:10151000000000000000000000000000B8160508F0
:10152000000000000000000000000000A4160508F4
:101530000000000000000000000000001816050870
:101540000000000000000000000000002016050858
:101550000000000000000000000000002C1605083C
:1015600000000000000000000000000010284058AB
:101570007088A0B800000000040404000008000007
:101580000008102840587088A0B800001028405863
:101590007088A0B8000000000000000000000000FB
:1015A000000000000000000000000000000000003B
:1015B0000000000001020304060708090000000003
:1015C0000102030404000008000000000000000203
:1015D000000100001000000004FA97999999D93F82
:1015E000AF788E1DC571CC3F9FC678D0099AC33F96
:1015F000935555555555E53F599322942449D23F6B
:10160000DE03CB966446C73F44523EDF12F1C23F31
:101610000000000000000000555664617461000085
:10162000486F73744D62646174610000486F744D5B
:101630007367000050726F635461736B00000000A9
:10164000537469724374726C5461736B00000000D0
:1016500054656D705461736B00000000734D6F64CE
:101660006275735461736B0044617461436F6C6C99
:101670006563745461736B00486F74486F6C645495
:10168000696D6572000000005265706F727453746A
:10169000657054696D6572004D6F746F7254696D39
:1016A00065720000436F6D6D335278006F73414473
:1016B000534D75746578000054656D7044617461B4
:1016C0004D75746578000000E816050800000020DC
:1016D00070030000C4010408B81705087003002057
:1016E000109D00002002040801741AAA01D10412FE
:1016F00010014002290232113651B60408043601A5
:10170000B50408033675B40408103607B804080693
:101710003635B70408171A8D203201361BB304087A
:10172000051AC538320F1A772029721AC91832667D
:101730003699B20408671A7920012A8A01021645EF
:101740009EB358011B20949D297012AA1A0F0845B8
:10175000D00788130312C8AF0316803F0936182339
:101760007A442B20400813EC631B20E4041B6462C2
:10177000049908013C9B60090C0212EA134C021BFD
:10178000204D041A4E041A4F04198C1241124819A4
:101790009019A2041590A0B01B1401200370B80B7F
:1017A0000516518C040819B4390401361BF46FF87E
:0817B0005324F4321032010051
:040000050804018961
:00000001FF
