:020000040804EE
:1000000088A00020310304081F6004085D2F040845
:10001000FD5F04086F0C0408A5AC04080000000094
:100020000000000000000000000000007102040851
:10003000C916040800000000CD020408A19F0408AE
:100040004B030408016804084B0304084B0304082D
:100050004B0304084B0304084B0304084B03040838
:100060004B0304084B0304084B0304084B03040828
:10007000511204084B030408C11204084B0304087E
:100080004B0304084B0304084B0304084B03040808
:100090004B0304084B0304084B0304084B030408F8
:1000A0004B0304084B030408E5A004084B030408B1
:1000B0004B0304084B0304084B0304084B030408D8
:1000C0004B0304084B0304084B0304084B030408C8
:1000D0004B030408E1A904084B03040821AA0408FF
:1000E0004B0304084B0304084B0304084B030408A8
:1000F0004B030408EDA004084B0304084B03040859
:100100004B0304084B0304084B0304084B03040887
:100110004B0304084B0304084B030408E9A004083C
:100120005D1304089D1404084B0304084B030408E2
:100130004B0304084B0304084B0304084B03040857
:100140004B0304084B0304084B0304084B03040847
:100150004B0304080D1504084B03040881AA040886
:100160004B0304084B0304084B0304084B03040827
:100170004B0304084B0304084B0304080000000071
:100180004B0304084B03040800F002F800F061F888
:100190000AA090E8000C82448344AAF10107DA45E2
:1001A00001D100F056F8AFF2090EBAE80F0013F0D3
:1001B000010F18BFFB1A43F0010318475415010043
:1001C000741501000A444FF0000C10F8013B13F0C5
:1001D000070408BF10F8014B1D1108BF10F8015BA0
:1001E000641E05D010F8016B641E01F8016BF9D193
:1001F00013F0080F1EBF10F8014BAD1C0C1B09D1EA
:100200006D1E58BF01F801CBFAD505E014F8016B5B
:1002100001F8016B6D1EF9D59142D6D370470000ED
:100220000023002400250026103A28BF78C1FBD8FF
:10023000520728BF30C148BF0B607047642900F0E7
:100240002581002070471FB510F02BF91FBD10B598
:1002500010BD00F049FB1146FFF7F5FF0BF0D0FF92
:1002600000F067FB03B4FFF7F2FF03BC0BF023F8C9
:100270002C4B19680868B0E8F04F80F30988BFF389
:100280006F8F4FF0000080F311887047000000006E
:1002900008480068006880F308884FF0000080F389
:1002A000148862B661B6BFF34F8FBFF36F8F00DF64
:1002B00000BF00BF08ED00E0DFF80C00016841F46A
:1002C00070010160704700BF88ED00E0EFF3098026
:1002D000BFF36F8F134B1A681EF0100F08BF20ED8D
:1002E000108A20E9F04F106009B44FF0500080F3FD
:1002F0001188BFF34F8FBFF36F8F0DF03DFD4FF0AF
:10030000000080F3118809BC19680868B0E8F04F54
:100310001EF0100F08BFB0EC108A80F30988BFF3FD
:100320006F8F704700000020EFF3058070470000DA
:100330000948804709480047FEE7FEE7FEE7FEE779
:10034000FEE7FEE7FEE7FEE7FEE7FEE704480549B5
:10035000054A064B70470000C5A00408890104083F
:100360008878002088A000208898002088980020A5
:1003700053EA020C00F069802DE9F04B4FF00006C3
:10038000002B1FBFB3FA83F503FA05F424FA05F630
:100390005E4012BF1643B2FA82F502FA05F4C5F1C7
:1003A00020051EBF22FA05FC44EA0C04203556EA5B
:1003B000044C4FEA144418BF641C4FF000084FF07F
:1003C0000009904271EB030C39D3002919BFB1FA2F
:1003D00081F701FA07F6B0FA80F700FA07F6C7F1DD
:1003E00020071EBF20FA07FC46EA0C062037B6FBA2
:1003F000F4FCA7EB0507103F07F01F0BCBF120061D
:100400000CFA0BFB2CFA06F644BFB3460026202F4D
:10041000A4BF5E464FF0000B5BEA060C08BF4FF02E
:10042000010B19EB0B09ABFB027C48EB0608C01B68
:1004300006FB02CC0BFB03CC71EB0C01C1E70B46B6
:10044000024641464846BDE8F08B13B54FF0000028
:100450004FF00001AFF30080BDE81C407047000082
:100460000FB41CB5084B06AA7B446946009005985A
:1004700000F019FA04460020694600F027FA2046E9
:100480001CBC5DF814FB0000610400002DE9F04184
:100490000646002410687529314616A510D0AFF322
:1004A0000080002802DA404213A507E031688A077D
:1004B00001D512A502E0490704D511A5012401E0E8
:1004C000AFF3008000210A2206F1240709E0B0FB07
:1004D000F2FCB0FBF2F302FB1C00303078541846FB
:1004E000491C0028F3D123462A463046BDE8F04196
:1004F00000F07AB9000000002D0000002B00000081
:10050000200000002DE9F05F894604464FF0000A04
:10051000DFF824B1FB44C0F820A02046E1688847FA
:1005200000287DD0252806D0D4E901219047206AF3
:10053000401C2062F1E700255F462046E1688847BD
:100540002028064607DB312E05D2B81910F8200CFA
:1005500008B10543F1E7A80701D525F00405C4F863
:100560001CA00027C4F818A02A2E09D030460AF093
:100570009BFE38B304EB8708303EC8F8186019E0DA
:1005800059F8041B204604EB87029161E168884713
:10059000012F064618D1E069002820DA25F0200551
:1005A0001DE0D8F8180000EB800006EB4000303862
:1005B000C8F818002046E168884706460AF074FE2D
:1005C0000028EED1012F0AD02E2E08D12046E16856
:1005D00088477F1C0646022F45F02005C4DBA06932
:1005E000002803DA404245F00105A061E80701D088
:1005F00025F01005A6B1A6F14100192802D8203631
:1006000045F400654A463146204625604D46FFF7D1
:1006100015FE60B1012807D0ED1D25F0070000E0B0
:1006200007E000F1080978E705F1040975E73046AD
:100630007AE7206ABDE8F09FF4100100032A40F237
:10064000308010F0030C00F0158011F8013BBCF174
:10065000020F624498BF11F801CB00F8013B38BF8C
:1006600011F8013BA2F1040298BF00F801CB38BF9A
:1006700000F8013B11F0030300F02580083AC0F0B8
:10068000088051F8043B083A51F804CBA0E8081060
:10069000F5E7121D5CBF51F8043B40F8043BAFF393
:1006A0000080D20724BF11F8013B11F801CB48BFED
:1006B00011F8012B24BF00F8013B00F801CB48BF23
:1006C00000F8012B704710B5203AC0F00B80B1E85C
:1006D0001850203AA0E81850B1E81850A0E8185077
:1006E000BFF4F5AF5FEA027C24BFB1E81850A0E880
:1006F000185044BF18C918C0BDE810405FEA827C9A
:1007000024BF51F8043B40F8043B08BF7047D207B0
:1007100028BF31F8023B48BF11F8012B28BF20F851
:10072000023B48BF00F8012B704702F0FF0343EA89
:10073000032242EA024200F002B84FF0000204290C
:10074000C0F0128010F0030C00F01B80CCF1040C00
:10075000BCF1020F18BF00F8012BA8BF20F8022B34
:10076000A1EB0C0100F00DB85FEAC17C24BF00F8DA
:10077000012B00F8012B48BF00F8012B70474FF008
:10078000000200B5134694469646203922BFA0E8E1
:100790000C50A0E80C50B1F12001BFF4F7AF0907ED
:1007A00028BFA0E80C5048BF0CC05DF804EB8900DE
:1007B00028BF40F8042B08BF704748BF20F8022B21
:1007C00011F0804F18BF00F8012B70477047704739
:1007D000704710B500F080F8006810BD10B50446F1
:1007E00000F07AF8046010BD2DE9F0470D469946F7
:1007F0009246044600F124080168880604D5E069A1
:1008000021F01001216000E00120A84201DD471B1A
:1008100000E00027A1697A1902EB0900081AA0611B
:100820002078C00602D42046AFF30080002608E0FE
:10083000D4E901211AF806009047206A401C761C72
:1008400020624E45F4DB2078C0060AD52046AFF37F
:10085000008006E0D4E9012130209047206A401C46
:100860002062381EA7F10107F4DC07E0D4E901217A
:1008700018F805009047206A401C2062281EA5F148
:100880000105F3DC2046AFF300802078000602D596
:100890000220BDE8F0870120FBE7000001694A1C47
:1008A00002610878704700B58FB0CDE901310021B1
:1008B000059105497944CDE9031011466846FFF7D3
:1008C00021FE0FB000BD0000E5FFFFFF0A6802F83F
:1008D000010B0A607047000000487047287800202C
:1008E00000487047287800207546FFF7F9FFAE46AC
:1008F00005006946534620F00700854618B020B52C
:10090000FFF724FDBDE820404FF000064FF0000740
:100910004FF000084FF0000B21F00701AC46ACE8A7
:10092000C009ACE8C009ACE8C009ACE8C0098D4614
:10093000704710B50446AFF300802046BDE8104074
:10094000FFF790BC30B14FF480510A04054B9A6117
:1009500000BF05E04FF48051024A916100BF00BF23
:10096000704700000004024008B500200090B1204C
:1009700000906A460121002000F00DF9002000904F
:100980006A46012100F042F800200090C420009047
:100990006A460121084600F0FEF8002000906A46F1
:1009A0000121084600F032F800200090202000903D
:1009B0006A460121022000F0EEF8002000906A460D
:1009C0000121022000F022F800F0D0F808BD10B597
:1009D0000120FFF7B7FF102000F082F8FF2000F0A1
:1009E00037F80446FF2000F033F840EA0424FF20E3
:1009F00000F02EF840EA042404F4000008B144F0AA
:100A00007F440020FFF79EFF204610BD2DE9F041F6
:100A100006460C4615460120FFF794FF0C2101EA1B
:100A20008601621E02F00302114341F0200000F033
:100A30000FF8002704E0FF2000F00AF801C57F1C32
:100A4000A742F8DB0020FFF77DFFBDE8F081000042
:100A500010B5044600201E4908800CE01C480088A0
:100A6000401C1B4908800846008844F620618842E3
:100A700001DD002010BD174803F07DFD0028EDD0FA
:100A800013480088144908802146124803F078FD75
:100A900000200F4908800CE00D480088401C0C49DC
:100AA00008800846008844F62061884201DD002065
:100AB000E0E7084803F05AFD0028EDD0044800881C
:100AC0000649088000BF0348007B00BFD2E7000052
:100AD00080020020003800408602002088020020AA
:100AE00010B5044600201D4908800BE01B48008813
:100AF000401C1A4908800846008844F62061884254
:100B000000DD10BD164803F036FD0028EED0134876
:100B10000088144908802146114803F031FD002067
:100B20000E4908800BE00D480088401C0B490880E6
:100B30000846008844F62061884200DDE1E7084865
:100B400003F014FD0028EED0044800880649088010
:100B500000BF0348007B00BFD3E7000080020020F5
:100B600000380040820200208402002010B50120DD
:100B7000FFF7E8FE0820FFF7B3FF0020FFF7E2FED3
:100B800010BD38B5044600946A460121002000F0EB
:100B900002F8002038BD2DE9F04106460C46154606
:100BA0000120FFF7CFFE0C2101EA8601621E02F050
:100BB0000302114341F04000FFF792FF002704E0D9
:100BC00015F8040BFFF78CFF7F1CA742F8DB002011
:100BD000FFF7B8FEBDE8F0812DE9FC4707460C465B
:100BE00015461E464FF00009094830F814A0534638
:100BF0001A2221463846CDE9005609F052FE8146B8
:100C00002146484601F065F980464046BDE8FC872C
:100C1000640705082DE9FC5F81460E461746984695
:100C20004FF0000A104830F81650B5F57A7F01DC15
:100C3000C82D00DAC8253146484601F0EFFC0446CD
:100C400044B12B46022231464846CDE90078A04700
:100C5000824601E04FF0090A3146504601F039F969
:100C600083465846BDE8FC9F640705087047FEE7C9
:100C700010B500240020A2490880A2490880A2489B
:100C800090ED000A08F08EFA6FE04FF4FA700BF066
:100C9000FBFA9E480068808B9949088008460088C6
:100CA000B0F5966F2EDA984890ED000ADFED980ABD
:100CB000B4EEE00AF1EE10FA01DD042010BD022CC2
:100CC00000D153E0904890ED000ADFED920A30EE3B
:100CD000200A80ED000AD0ED000AB2EE041AB6EE4A
:100CE000000A00EE810ABCEEC00A10EE100A8A4922
:100CF0000968A1F85200844890ED000A08F052FA01
:100D0000012432E07E480088B0F5AF6F2CDD7E48CC
:100D100090ED000AB5EEC00AF1EE10FA01D20420FF
:100D2000CCE7012C00D121E0774890ED000ADFEDFF
:100D3000790A30EE600A80ED000AD0ED000AB2EECA
:100D4000041AB6EE000A00EE810ABCEEC00A10EEEC
:100D5000100A71490968A1F852006B4890ED000A29
:100D600008F020FA022400E000E08EE700BF4FF414
:100D7000FA700BF089FA65480068808B604908803A
:100D80000846008865490880084600885F49096868
:100D900008845D48D0ED000AB2EE041AB6EE000AEF
:100DA00000EE810ABCEEC00A10EE100A5A4909682A
:100DB000A1F852005A4890ED000A08F03FFA0024CA
:100DC0006FE04FF4FA700BF05FFA50480068C08B88
:100DD0004C49088008460088B0F5966F2EDA5048D6
:100DE00090ED000ADFED4A0AB4EEE00AF1EE10FAE7
:100DF00001DD052062E7022C00D153E0484890ED68
:100E0000000ADFED440A30EE200A80ED000AD0ED42
:100E1000000AB2EE041AB6EE000A00EE810ABCEE39
:100E2000C00A10EE100A3C490968A1F854003C4879
:100E300090ED000A08F002FA012432E031480088FF
:100E4000B0F5AF6F2CDD364890ED000AB5EEC00A64
:100E5000F1EE10FA01D2052030E7012C00D121E09B
:100E60002F4890ED000ADFED2B0A30EE600A80ED8E
:100E7000000AD0ED000AB2EE041AB6EE000A00EE47
:100E8000810ABCEEC00A10EE100A23490968A1F8D5
:100E90005400234890ED000A08F0D0F9022400E045
:100EA00000E08EE700BF4FF4FA700BF0EDF9174841
:100EB0000068C08B134908800846008819490880DB
:100EC000104800881149096848841548D0ED000A87
:100ED000B2EE041AB6EE000A00EE810ABCEEC00AB9
:100EE00010EE100A0C490968A1F85400064890ED6C
:100EF000000A08F057F908F09BF80020DEE6000031
:100F00001A0300201C03002024030020F801002005
:100F100000000442CDCCCC3DF40100201E03002093
:100F200028030020200300209FED020A80ED0A0A1A
:100F3000704700000000000000B59FED020A08F0B5
:100F4000A3F800BD0000000010B500202849096882
:100F500008602021274803F0F2F81021254803F00B
:100F6000EEF80821234803F0EAF80421214803F0B1
:100F7000E6F802211F4803F0E2F801211D4803F0C2
:100F8000DEF84FF400711C4803F0D9F84FF480717B
:100F9000194803F0D4F88021174803F0D0F8402115
:100FA000154803F0CCF82021134803F0C8F81021AD
:100FB000114803F0C4F808210F4803F0C0F880215D
:100FC0000E4803F0BCF840210C4803F0B8F820218B
:100FD0000A4803F0B4F81021084803F0B0F80821DB
:100FE000064803F0ACF80421044803F0A8F810BD4B
:100FF000E80100200010024000040240000C024002
:1010000010B50C480068B0F84000132805DC09480A
:101010000068B0F84000012804DA1020054909688A
:10102000A1F840000349096891F8400000F046F833
:1010300010BD0000F401002070B506460C462146A4
:10104000304601F039FB0546002009490968A1F83E
:101050007000642C03D1FFF777FF012070BD0DB93C
:101060000020FBE7284600F0D9F80120F6E7000051
:10107000F401002010B500220B21012000F046FFF2
:1010800010BD000010B50C480068B0F842001328ED
:1010900005DC09480068B0F84200012804DA122093
:1010A00005490968A1F842000349096891F842001E
:1010B00000F004F810BD0000F401002010B5044653
:1010C0002E2C6FD2DFE804F094171C21262B30352C
:1010D0003B41464B50555A5F64696F7494949494A5
:1010E00094797D8185898D94949494949494949426
:1010F00094949494949120213F4803F020F878E050
:1011000010213D4803F01BF873E008213A4803F032
:1011100016F86EE00421384803F011F869E0022166
:10112000354803F00CF864E00121334803F007F878
:101130005FE04FF40071314803F001F859E04FF4DB
:1011400080712E4802F0FBFF53E080212B4802F013
:10115000F6FF4EE04021294802F0F1FF49E020214E
:10116000264802F0ECFF44E01021244802F0E7FF9B
:101170003FE00821214802F0E2FF3AE080212048C8
:1011800002F0DDFF35E040211D4802F0D8FF30E0DD
:1011900020211B4802F0D3FF2BE01021184802F059
:1011A000CEFF26E024E00821154802F0C8FF20E029
:1011B0000421134802F0C3FF1BE00020114908700E
:1011C00017E000201049087013E000200F49087054
:1011D0000FE000200E4908700BE000200D49087058
:1011E00007E000200C49087003E0FFF7A5FE00E0CF
:1011F00000BF00BF10BD000000100240000402400C
:10120000000C02404C0200204D0200204E02002043
:101210004F020020500200205102002070B5044609
:1012200001250A4800680068A04308490968086069
:1012300008E004F0010010B1E8B2FFF73FFF6408D6
:10124000681C85B2202DF4DD70BD0000E80100208F
:1012500070B5184C2068C0F3C020174D002807D087
:10126000E014A06068782058697840F00100605070
:101270002068C0F3402000281BD0104E00224FF4FD
:101280008051304601F0C4FB7015A060687820588A
:10129000697820F00400605068782058697820F060
:1012A000010060503046BDE870400122110301F09A
:1012B000AFBB70BD00600240D4150508000C0240B1
:1012C00070B5224C2068C0F3C060214D002819D0B1
:1012D0004FF00060A060E8782058E97820F0100016
:1012E0006050E8782058E97820F0010060501948F3
:1012F00000680C3050E8001F41F0400140E8001247
:10130000002AF7D12068C0F3406000281CD0124E9C
:1013100000224FF48051304601F07AFB4FF000700C
:10132000A060E8782058E97820F004006050E87860
:101330002058E97820F0010060503046BDE8704048
:101340000122110301F064BB70BD00000060024087
:10135000D41505086C020020000C024070B487B060
:1013600046490868C0F3401000287DD020208860DE
:1013700043480078085800F40020424B00287AD0F7
:10138000414818603E48D0F810C085694469C26879
:101390008168C069009105903C49CDF808C004956A
:1013A00003940192059E0098C1F808C04E610D613A
:1013B000CC604A60086000221B6802EB4200D1F852
:1013C00000C033F82040A444C1F800C003EB800003
:1013D000D1F804C04488A444C1F804C08488D1F87A
:1013E00008C0A444C1F808C0C488D1F80CC0A44403
:1013F000C1F80CC00489D1F810C0A444C1F810C0D1
:101400004089D1F814C060444861501CC2B2202AFF
:10141000D3D3086800F110020A60486800F1100593
:101420004D60886800F110048C60C86800F11003FA
:10143000CB60086910300861D1F814C00CF1100CB1
:10144000C1F814C0124E52093280690971806109D5
:10145000B1805B09F380400930814FEA5C107081F4
:101460000C480068C28201E002E004E08183C3838B
:1014700007B070BC70470848186083E700640240FA
:10148000D415050864030020FC6F00209C77002021
:10149000D86F0020F80100207C71002070B5184C36
:1014A0002068C0F3C020174D002807D0E014A060CA
:1014B00068782058697840F0010060502068C0F3D7
:1014C000402000281BD0104E00224FF4805130469F
:1014D00001F09EFA7015A06068782058697820F0B5
:1014E0000400605068782058697820F0010060504E
:1014F0003046BDE870400122110301F089BA70BD89
:1015000000640240D4150508000C024070B5224C5E
:101510006068C0F34050214D002819D04FF40010EE
:10152000E060A8792058A97920F010006050A879CF
:101530002058A97920F001006050194800680C304B
:1015400050E8001F41F0400140E80012002AF7D1A6
:101550006068C0F3C04000281CD0124E00224FF437
:101560008051304601F054FA4FF40020E060A87931
:101570002058A97920F004006050A8792058A97952
:1015800020F0010060503046BDE870400122110398
:1015900001F03EBA70BD000000640240D415050899
:1015A0008C020020000C024010B52DED068B84B09B
:1015B00004462068019060680290A068039020892A
:1015C00000EE100AB8EE400AB0EE408A18EE100A9B
:1015D0000EF0F6FE41EC1A0B9FED330B53EC102B83
:1015E0000EF0C4FC41EC190B0EF0B2F908EE100A33
:1015F0009FED2F0AC8EE000AB0EE608A18EE100ABE
:101600000EF0DEFE41EC1A0B9FED2A0B53EC102B73
:101610000EF0ECFD41EC190B0EF09AF908EE100AF1
:1016200018EE100A0EF0CCFE41EC1A0B9FED230BC6
:1016300053EC102B0EF072FA41EC190B0EF088F9F6
:1016400008EE100AB3EE090A38EE000AB0EE408A3E
:101650001C48006880ED1B8A6089400000EE100A7B
:10166000B8EEC00AB0EE408A18EE100A0EF0A8FEDE
:1016700041EC1A0B9FED0C0B53EC102B0EF076FC8B
:1016800041EC190B0EF064F908EE100A9FED080A00
:10169000C8EE000AB0EE608A0A48006880ED1A8A37
:1016A00004B0BDEC068B10BD6666666666660A40D1
:1016B00000F07F4552B81E85EB51E83F7B14AE47E2
:1016C000E17A643FF8010020704700002DE9F04105
:1016D0002DED028B05460E46144662490E80002011
:1016E0006149087061490880614908806149086062
:1016F00061490870614908601E27601E84B224B9E0
:101700005F4800885F49088004E001245E48008843
:101710005C4908805D480068B0F85600594909885E
:1017200048434FF47A7190FBF1F0594908805748CB
:101730000068B0F858005349098848434FF47A715B
:1017400090FBF1F05349088050480068B0F85A0007
:101750004C49098848434FF47A7190FBF1F04E49A7
:1017600008804FF47A700AF08FFD00BF0A200AF05B
:101770008BFD4A4800681C3030F814004849088046
:101780003C480068401C3B4908603B4800780728FB
:101790003ED2DFE800F0041C38393A3B3C00002020
:1017A0003349088000EE105AB8EE400AF2EE040AFF
:1017B00080EE201AB0EE418AB0EE480A294800882F
:1017C00000B208F075F801202B49087021E0344878
:1017D000008831490988884205DC012022490870C7
:1017E00008F0C8FA0EE02E48008829490988884286
:1017F00005DB2B48008827490988884202DD002044
:101800001B49088005E004E003E002E001E000E09D
:1018100000BF00BF22480088224908802248007883
:1018200018B9114800780028A0D01F48007870B17E
:1018300008F0B2FA1D4800680BF0AEF84FF4FA70E9
:101840000AF022FD0220BDEC028BBDE8F0810648C3
:10185000007828B14FF4FA700AF016FD0020F2E784
:101860000020F0E72002002019020020FE010020E5
:101870000002002014020020100200201C020020A0
:101880001E0300200402002020030020F401002099
:101890000C0200200A0200200E020020F8010020A5
:1018A0000602002008020020FC0100204003002066
:1018B0002DE9F0412DED028B05460E461446654993
:1018C0000E800020644908706449088064490880DB
:1018D0006449086064490870644908601E27601EF6
:1018E00084B224B9624800886249088004E0012477
:1018F000614800885F49088060480068B0F8560079
:101900005C49098848434FF47A7190FBF1F05C49D7
:1019100008805A480068B0F858005649098848437A
:101920004FF47A7190FBF1F05649088053480068F3
:10193000B0F85A004F49098848434FF47A7190FB38
:10194000F1F0514908804FF47A700AF09DFC00BF15
:101950000A200AF099FC4D4800681C3030F8140049
:101960004B4908803F480068401C3E4908603E489B
:101970000078072844D2DFE800F0041C3E3F4041D5
:10198000420000203649088000EE105AB8EE400AA6
:10199000F2EE040A80EE201AB0EE418AB0EE480A58
:1019A0002C48008800B207F083FF01202E49087000
:1019B00027E03748008834490988884205DD3448E3
:1019C000008830490988884205DB012022490870D7
:1019D00008F0D0F90EE02E4800882949098888428D
:1019E00005DB2B48008827490988884202DD002052
:1019F0001B49088005E004E003E002E001E000E0AC
:101A000000BF00BF22480088224908802248007891
:101A100018B91148007800289AD01F48007870B192
:101A200008F0BAF91D4800680AF0B6FF4FF4FA70E2
:101A30000AF02AFC0320BDEC028BBDE8F0810648C9
:101A4000007828B14FF4FA700AF01EFC0020F2E78B
:101A50000020F0E72002002019020020FE010020F3
:101A60000002002014020020100200201C020020AE
:101A70001E0300200402002020030020F4010020A7
:101A80000C0200200A0200200E020020F8010020B3
:101A90000602002008020020FC0100204003002074
:101AA0002DE9F05F82468B4614461E460A9F4FF092
:101AB0001209E34804800020E2490870E2490880E6
:101AC000E2490880E2490860E2490870E24908609A
:101AD0008FB100EE104AF8EE400A9FEDE01A81EE59
:101AE000200AF2EE040A80EE201ABCEEC10A10EEC3
:101AF000100A85B200E01E25012E06D14FF0000825
:101B0000D7480088D749088005E04FF00108D6483B
:101B10000088D4490880D5480068B0F85600D149FB
:101B2000098848434FF47A7190FBF1F0D04908805E
:101B3000CE480068B0F85800CA49098848434FF4B5
:101B40007A7190FBF1F0CB490880C8480068B0F882
:101B50005A00C449098848434FF47A7190FBF1F068
:101B6000C54908805946504604F002FC4FF47A708B
:101B70000AF08AFB00BF0A200AF086FBBF48006813
:101B80001C3030F81800BE490880B1480068401C7D
:101B9000AF490860AF480078072871D2DFE800F04D
:101BA00004167999CBEBF80009F0FF02A4480188EC
:101BB000012007F0D7FE0120A64908700020A349A4
:101BC0000880B0490880A4490860FBE0AC48008860
:101BD000A8490988884226DBAA480088002804DD35
:101BE0000020A84908809C49086098480088401C4B
:101BF0009649088098480068A14909880844964990
:101C0000086092480088A84242DB32200AF03CFB80
:101C100008F0B0F81FB106208E49087038E00120A6
:101C20008849087034E096480088914909888842BC
:101C300027DC94480088401C92490880834800882B
:101C4000002804DD0020814908808349086082481B
:101C500000688B49098808447F49086089480088E2
:101C6000A84215DB32200AF00FFB08F083F81FB101
:101C70000620784908700BE001207249087007E0DF
:101C80009FE00020714908807E4908807249086001
:101C900098E040F2DC500AF0F7FA694800886428BE
:101CA00003DA0A206649088006E0654800880A21B0
:101CB00090FBF1F062490880002064490880052209
:101CC0005F480188002007F04DFE0320614908703D
:101CD00078E06B48008868490988884205DC012063
:101CE0005849087008F046F824E0654800886049C3
:101CF000098888421BDB624800885E49098888425F
:101D000015DC52480088401C50490880084600886D
:101D1000A8420FDB08F02EF84FEA690900204A4973
:101D200008804748048000204A49087002E00020EB
:101D30004649088046E040F2DC500AF0A5FA4048E7
:101D40000088642803DA0A203D49088006E03C4800
:101D500000880A2190FBF1F03949088000203B49B6
:101D60000880052236480188002007F0FBFD052089
:101D70003849087026E0424800883F49098888426F
:101D800004DD01202F49087007F0F4FF1AE0FFE797
:101D90002E4800883B49098808442F49096891FB6F
:101DA000F0F037490880084600883349098888429E
:101DB00003DD02202749087002E00420254908704D
:101DC00000E000BF00BF2E4800882F4908802F4840
:101DD000007820B91B48007800283FF4CCAE2B488F
:101DE0000078E8B107F0D8FF294800680AF0D4FD70
:101DF0004FF47A700AF048FA59465046FFF71CF93A
:101E00004FF4FA700AF040FA12480078032805D11E
:101E1000032E01D1BDE8F09F0220FBE70120F9E786
:101E20000848007848B159465046FFF705F94FF485
:101E3000FA700AF029FA0020ECE70720EAE7000030
:101E40002002002019020020FE01002000020020D4
:101E500014020020100200201C02002000606A48CA
:101E60001E0300200402002020030020F4010020B3
:101E70000C0200200A0200200E020020F8010020BF
:101E8000060200200202002008020020FC010020BF
:101E9000400300203EB503464D200290592001909A
:101EA000002011E00C5C9DF808506C401C541C5C38
:101EB0009DF804506C4000949DF8044002949DF8F5
:101EC00000400194441CA0B29042EBDB3EBD72B6D0
:101ED000704702460C2A15D2DFE802F006080A0C09
:101EE0000E14141414141012002070470846FCE756
:101EF0000320FAE70420F8E70846F6E72620F4E78F
:101F00002720F2E70020F0E772B6FEE72DE9F04166
:101F100005460E46174600242046641C1E490D54F3
:101F200006222046641C0A54320A2046641C0A54C5
:101F30002046641C0E543A0A2046641C0A5420466B
:101F4000641C0F54214614480BF0A6FB8046204623
:101F5000641C114901F800804FEA18222046641CD5
:101F60000A5461010D48FEF7E8FB21460A4800F0DB
:101F70001BF94FF4FA710A4800680AF08DFA40B96B
:101F800006480078A84202D10120BDE8F081002077
:101F9000FBE70020F9E70000406E0020406D0020C4
:101FA0005803002010B52549086800BF00BF00BFD6
:101FB00000F10C0252E8002F42F0100100F10C0277
:101FC00042E80013002BF3D100BF00BF1B49086893
:101FD00000BF00BF00BF00F1140252E8002F42F022
:101FE000400100F1140242E80013002BF3D100BFBE
:101FF00000BF12480268121D0121114801F0E6FFDE
:10200000104A01210E4801F0D1FF4FF480720121E6
:102010000B4801F0B3FF0121094801F063FF0121E2
:10202000074801F077FF0121054801F08BFF64218B
:10203000054800680AF030FA10BD00008C0200204C
:1020400000640240406D0020580300202DE9F04755
:102050000746884615461E4600242046641C334920
:102060000F5403222046641C0A544FEA18222046CB
:10207000641C0A542046641C01F800802A0A204689
:10208000641C0A542046641C0D54062127480BF09A
:1020900003FB81462046641C244901F800904FEA66
:1020A00019222046641C0A5461012148FEF745FBB1
:1020B00021461E4800F078F84FF4FA711D48006878
:1020C0000AF0EAF960BB1A480078B84225D11848EE
:1020D000C01C30F815906800C01C81B214480BF089
:1020E000DBFA484515D1002010E04100C91C104A18
:1020F000515C090226F8101036F810204100091D25
:102100000B4B595C114426F81010401CA842ECDB24
:1021100009E04FF0FF30BDE8F0876FF00100FAE70B
:102120006FF00200F7E700BFF5E70000406E002007
:10213000406D00205803002008B516480121164ABA
:10214000525C825822F00102134B5B5CC25000BF0C
:1021500000BF114A525C0244526892B2C2F58070CC
:102160000E4908800E4800680AF032FA4FF4807277
:102170000121084801F002FF0A490868016800913E
:1021800000BF4168009100BF00BF0121014801F07C
:10219000D9FE08BD00640240E10605089002002057
:1021A000580300208C02002070B504460D462246DC
:1021B00006211A4801F0FAFE19480268121D06218C
:1021C000164801F003FF2A460621144801F0D6FE06
:1021D0001349086800BF00BF00BF00F1140252E8B5
:1021E000002F42F0800100F1140242E80013002B9E
:1021F000F3D100BF00BF00BF20200849C86000BF66
:102200000621064801F06EFE0621044801F082FE18
:102210000621024801F096FE70BD000000640240F5
:102220008C02002062B6704710B5002201B909E0A7
:10223000012901D10A0205E0022901D10A0201E0C7
:102240004FF440720E4B1B6823F440730C4C236018
:1022500023461B681343236023461B6823F0F803BF
:10226000236023461B68022444EAC0042343044C31
:10227000236023461B6843F48033236010BD0000B5
:10228000103C02401C48006800F40070B0B11A48CD
:10229000006820F400701849086000BF0846006814
:1022A00040F4006008600846006820F400600860A0
:1022B00000BF0846006840F4007008600E480068DF
:1022C00000F48060B0B10C48006820F480600A49D6
:1022D000086000BF0846006840F480500860084667
:1022E000006820F48050086000BF0846006840F491
:1022F0008060086070470000003C02400A4A126893
:1023000022F44072084B1A601A46126842F0040226
:102310001A601A4612684FF4803343EA00231A43C6
:10232000014B1A6070470000103C0240074A1268D7
:1023300022F44072054B1A601A4612681A601A4657
:10234000126842F001021A6001707047103C0240AE
:1023500010B50D49096821F440710B4C21602146EC
:10236000096841F4407121602146096841F001018A
:102370002160026000BF00BF00BFBFF36F8F00BFCE
:1023800000BF00BF436010BD103C0240084A126805
:1023900022F44072064B1A601A46126842F48072A8
:1023A0001A601A46126842F001021A6001807047F2
:1023B000103C0240084A126822F44072064B1A6030
:1023C0001A46126842F400721A601A46126842F005
:1023D00001021A6001607047103C02402348006807
:1023E00000F0100040B12248C06940F010002049C0
:1023F000C86110201D4908601C48006800F02000DA
:1024000040B11B48C06940F008001949C86120204C
:10241000164908601548006800F0400040B11448B3
:10242000C06940F004001249C86140200F490860AB
:102430000E48006800F0800040B10D48C06940F0CF
:1024400002000B49C86180200849086007480068FD
:1024500000F0020040B10648C06940F02000044985
:10246000C861022001490860704700000C3C02402E
:10247000FC77002070B50446002500201449C8618F
:1024800000F0CCFA054609E0601C38B124B100F038
:10249000C5FA401BA04201D9032070BD0D48006859
:1024A00000F480300028EFD10A48006800F00100F5
:1024B00010B10120074908600648006800F0F200EA
:1024C00018B1FFF78BFF0120E7E70020E5E70000E8
:1024D000FC7700200C3C02407CB50546002400201F
:1024E00001214FF496730322CDE900101A212846EA
:1024F00008F0D7F90446002001214FF49673032217
:10250000CDE900101A21284608F0CBF904461CB981
:102510000321284604F07FF93B212046FFF7D9FC30
:10252000064630467CBD00002DE9F84380460E4645
:1025300017461D460024154830F816903B464A467B
:10254000314640460095FFF7ABFA0446C4B1092373
:102550004FF448720321404606F07EFD3B464A4652
:10256000314640460095FFF79BFA0446022C01D005
:10257000032C00D101241CB14FF4967009F084FEA5
:1025800031462046FFF7A5FCBDE8F883640705083F
:1025900070B505460E461446642009F075FE4FF4EA
:1025A000FA711B48006809F0C5FE80B9002019497E
:1025B00048608860084604801548006809F044FFB8
:1025C00050B115480068401C1349086004E01248E7
:1025D0000068401C1049086002E0642009F054FEC5
:1025E0000C4800880028F8DC204604EBD071094A2A
:1025F000526802EB6101B1FBF4F1298004EBD07168
:10260000044A926802EB6101B1FBF4F1318070BDC4
:102610004C030020F06F0020D402002030B50246A9
:102620000B460A4850F8224000210BE004EB011051
:102630000088984204D104EB01108568284630BD1B
:10264000481CC1B21429F1DB0020F8E7FC76002019
:1026500000B515480068401C50B913484068401C3C
:1026600030B911488068401C10B94FF0FF3000BDF0
:102670000C220E490E48FFF70DFC0D4800680D496D
:10268000096888420DD10A4840680A494968884269
:1026900007D10748806807498968884201D100202E
:1026A000E5E70120E3E70000E878FF1F107AFF1F4D
:1026B0001C780020C0FF010830B502460B460A48CE
:1026C00050F8224000210BE004EB011000889842F2
:1026D00004D104EB01104568284630BD481CC1B246
:1026E0001429F1DB0020F8E7FC76002030B5024623
:1026F0000B460B4850F8224000210CE004EB01107F
:102700000088984205D104EB0110808885B22846E4
:1027100030BD481CC1B21429F0DB0020F8E70000EE
:10272000FC76002010B52DED068B04469FED460B80
:10273000B0EE408AF0EE608A24B1012C5ED0022C0B
:1027400069D15CE042480068C08A00EE100AB8EE29
:10275000400A10EE101A08460DF032FE41EC180B3C
:102760003B490968C88A0DF0B1FB41EC190B3849A7
:102770000968C88A0DF0AAFB41EC1A0B53EC192B1F
:102780000DF0F4FB41EC180B9FED320B53EC102BCA
:1027900051EC180B0DF0EAFB41EC180B2C490968C1
:1027A000C88A0DF093FB41EC1A0B9FED2C0B53ECF8
:1027B000102B0DF0DBFB41EC190B53EC182B0DF03B
:1027C000F9F841EC180B9FED270B53EC102B51EC53
:1027D000180B0DF0EFF841EC180B51EC180B0DF045
:1027E000B7F822490968C1F8840051EC180B0DF0C4
:1027F000AFF81E490968C1F888001BE01AE01448C8
:10280000006890ED1B0A10EE101A08460DF0D8FD76
:1028100041EC180B0EE00E480068C08A00EE100A6A
:10282000B8EE400A10EE101A08460DF0C9FD41EC52
:10283000180B00BF00BF51EC180B0DF089F800EE2B
:10284000100ABDEC068B10BD000000000000000067
:10285000F8010020000000805CEEB63EFA035C0E3A
:102860003FF1A73FD8F50B76C3B6C93FF40100206E
:102870002DE9F04104460E460127002500BF2548FA
:10288000007E012802D10220BDE8F081012021490B
:10289000087600BF4CF25030FFF7ECFD0746002FE2
:1028A00031D1401E3060206801280FD1207C616842
:1028B000FFF724FD4CF25030FFF7DCFD07461648C9
:1028C000006820F00400144908601AE0A56812E0CE
:1028D000217C2846FFF7A8FC4CF25030FFF7CAFDD8
:1028E00007460D48006820F0FA000B4908600FB158
:1028F000356005E06D1CD4E902100844A842E7D811
:1029000000BFFFF7BFFC00BF00200249087600BFF0
:102910003846B9E7FC770020103C024003480068C5
:1029200040F000400149086000207047103C024020
:102930002DE9F04106460F4614461D464FF00108AA
:1029400000BF1F48007E012802D10220BDE8F081AF
:1029500001201B49087600BF4CF25030FFF78AFD7A
:102960008046B8F1000F23D126B9E1B23846FFF70F
:10297000DDFC12E0012E04D1A1B23846FFF706FDBE
:102980000BE0022E04D121463846FFF713FD04E088
:1029900022462B463846FFF7DBFC4CF25030FFF75F
:1029A00069FD80460748006820F00100054908607D
:1029B00000BF00200249087600BF4046C6E700007D
:1029C000FC770020103C024000200949096801F012
:1029D000004159B10749064A0C3A11600649116095
:1029E0000349096801F0004101B10120704700006E
:1029F000103C024023016745AB89EFCD10B5426919
:102A000021EA020302EA010443EA0443836110BDA0
:102A10000AB1816101E00B048361704701480068DD
:102A2000704700006C0300200348006803490978E0
:102A300008440149086070476C03002074030020BB
:102A400010B50D48006840F400700B490860084656
:102A5000006840F4806008600846006840F48070B8
:102A60000860032000F0BAF80F2000F007F800F02B
:102A700041F8002010BD0000003C024010B588B0B5
:102A8000014600222D2000F06BF82D2000F058F8B0
:102A900000241448016841F480710160006800F46A
:102AA0008070019002A903A800F0BEF800F0E4F8DD
:102AB00040000D49B0FBF1F0411E0D480B4A026089
:102AC00040F2E732C26041600461846000F0E6F8E1
:102AD00010B108B0012010BD054800F013F908B08E
:102AE00010BD00004038024040420F00002000406E
:102AF000B477002008B51048016841F480410160B6
:102B0000006800F4804000900C48016841F080515A
:102B10000160006800F08050009000220F21901E9C
:102B200000F01EF800220521012000F019F8BDE890
:102B30000840012000F004B8443802404038024008
:102B400001460846002809DB00F01F0301229A40D5
:102B500043099B0003F1E023C3F8002100BF704745
:102B60002DE9F05F80460D461646002708F0DCF898
:102B7000074639462A46334601F00700C0F1070AE6
:102B8000BAF1040F02D94FF0040A01E0C0F1070ABC
:102B9000D14600F1040ABAF1070F02D24FF0000A41
:102BA00001E0A0F1030AD4464FF0010A0AFA09FA3B
:102BB000AAF1010A0AEA020A0AFA0CFA4FF0010B1A
:102BC0000BFA0CFBABF1010B0BEA030B4AEA0B040B
:102BD0002146404608F0B0F8BDE8F09F00BF00F085
:102BE0000702064B19684FF6FF031940044B0B43CD
:102BF00043EA0221014B196000BF70470CED00E071
:102C00000000FA057047000010B50648006800F49F
:102C1000803028B1FFF7F6FF4FF48030014908609B
:102C200010BD0000143C01400F2202600D4A1268E2
:102C300002F0030242600B4A126802F0F002826066
:102C4000084A126802F4E052C260064A126802F4AE
:102C50006042D2080261044A126802F007020A6068
:102C60007047000008380240003C024001480068FC
:102C7000704700006803002000B5FFF7F7FF044924
:102C80000968C1F38221034A515CC84000BD0000BD
:102C900008380240041605087047704710B504460E
:102CA0000CB9012010BD94F83D0028B9002084F82B
:102CB0003C00204600F025F8022084F83D00211D4C
:102CC000206807F021FA012084F8460000BF84F84C
:102CD0003E0001213F200155402001554120015572
:102CE00000BF00BF012084F842004320015544206A
:102CF00001554520015500BF012084F83D0000200A
:102D0000D0E77047014691F83D00012801D001202D
:102D10007047022081F83D000868C06840F001005B
:102D20000B68D8601A4B086898421BD00868B0F14D
:102D3000804F17D0174B0868984213D0164B08687D
:102D400098420FD0154B086898420BD0144B086876
:102D5000984207D0134B0868984203D0124B08687A
:102D600098420CD10868806800F00702062A0CD04F
:102D70000868006840F001000B68186005E008680A
:102D8000006840F001000B6818600020C0E70000F8
:102D9000000001400004004000080040000C00401A
:102DA000000401400040014000180040704710B589
:102DB000044620680069C0F34000D8B12068C068AC
:102DC000C0F34000B0B16FF002002168086101203B
:102DD00020772068806900F0030018B12046FFF7D3
:102DE000E5FF05E0204600F0ADF8204600F0ABF826
:102DF0000020207720680069C0F38000D8B12068E7
:102E0000C068C0F38000B0B16FF0040021680861B1
:102E1000022020772068806900F4407018B12046B5
:102E2000FFF7C4FF05E0204600F08CF8204600F0D4
:102E30008AF80020207720680069C0F3C000D8B16C
:102E40002068C068C0F3C000B0B16FF0080021680E
:102E50000861042020772068C06900F0030018B1E1
:102E60002046FFF7A3FF05E0204600F06BF8204660
:102E700000F069F80020207720680069C0F3001096
:102E8000D8B12068C068C0F30010B0B16FF0100076
:102E900021680861082020772068C06900F440702C
:102EA00018B12046FFF782FF05E0204600F04AF8FF
:102EB000204600F048F8002020772068006900F0E4
:102EC000010058B12068C06800F0010030B16FF017
:102ED000010021680861204600F036F8206800698A
:102EE000C0F3C01058B12068C068C0F3C01030B142
:102EF0006FF08000216808612046FFF7CDFE206852
:102F00000069C0F3801058B12068C068C0F3801019
:102F100030B16FF0400021680861204600F01DF8D4
:102F200020680069C0F3401058B12068C068C0F341
:102F3000401030B16FF02000216808612046FFF793
:102F4000ACFE10BD704770470068A0F18041B1F53C
:102F5000005101D1FFF768BD70477047FEE70000E0
:102F600070B52DED028BC448006805880B20C2495E
:102F70000968A1F87800172D7ED00FDCA5F10300B9
:102F800014287AD2DFE800F0E5E8797979797928B0
:102F9000323C657F9AB0C2D4DCDDEBEE1F2D6DD0E4
:102FA00009DCA5F118000728EBD2DFE800F0E1FF0B
:102FB000F6F5F4F3F200232D7BD006DC202D79D03A
:102FC000212D78D0222D58D139E16C2D74D06D2D62
:102FD00073D06E2DF7D144E1A7490968486C03F01E
:102FE0000DFB0020A449096808803CE1A24909685A
:102FF000486CFEF713F900209F490968088032E108
:1030000006F0B8FE4FF4967009F03EF99A48006851
:10301000B0F8720000EE100AB8EE400AF2EE040AB0
:1030200080EE201AB0EE418A93490968B1F95C003C
:10303000B0EE480A06F03CFC02E0322009F024F928
:103040008E4800780028F8D000208B490968088055
:1030500009E1894B1B68B3F86220874B1B68B3F901
:103060005C10854B1B68B3F8720008F09BFF844925
:1030700009688880002002E077E0F3E0BAE07E494A
:1030800009680880EFE07C4B1B68B3F862207A4B3C
:103090001B68B3F95C10784B1B68B3F87200FEF73D
:1030A00015FB774909688880002073490968088002
:1030B000D9E091E0AAE0B5E0CCE0D1E06E4B1B682E
:1030C000B3F862206C4B1B68B3F95C106A4B1B6849
:1030D000B3F87200FEF7ECFB6949096888800020AC
:1030E000654909680880BEE063480068B0F86E0072
:1030F00003B26148006890F86C200021084605F092
:1031000095F900205C4909680880ACE05A480068DD
:10311000B0F86E0003B25848006890F86C200021A7
:10312000084605F09FF900205349096808809AE095
:10313000002006F04BFE00204F490968088092E00D
:1031400000BF0A2004F092FC00204B490968088067
:1031500089E005F0F9FF86E006F00AF883E003F065
:103160006DF980E0FDF786FF7DE006F041FC7AE036
:10317000444805F063FE0446002C10DB41480088FB
:103180003D49096848873F4840883B4909680887A6
:103190000BE02BE026E01CE013E00AE006E03649F5
:1031A00009684C87344909680C875CE005F094FE97
:1031B00059E006F079F930490968C86A02F01FFF42
:1031C00051E006F071F92C490968086B02F01FFF05
:1031D00049E006F043FE46E005F01AFE284909687A
:1031E000886040E00120284908703CE00020264922
:1031F000087038E0002025490968087024490968EA
:10320000087001202349096808702CE001201F493B
:103210000968087000201E49096808701D4909687E
:10322000087020E000201949096808700120184939
:1032300009680870002017490968087013E0002029
:10324000124909680870124909680870114909682B
:10325000087008E0FDF70CFD09490968888002E064
:1032600001E000E000BF00BF0020034909680880BA
:10327000BDEC028B70BD0000F4010020FC010020B9
:10328000F8010020B0020020FC0200205C020020B7
:10329000600200205802002070B504460D464FF42D
:1032A00080601C49886100BF224603211A4800F053
:1032B00075FE1A480268121D0321174800F07EFEB1
:1032C0002A460321144800F049FE1449086800BF4B
:1032D00000BF00BF00F1140252E8002F42F080014D
:1032E00000F1140242E80013002BF3D100BF00BF2D
:1032F00000BF20200849C86000BF0321064800F035
:10330000E5FD0321044800F0F9FD0321024800F027
:103310000DFE70BD000C0240006002406C020020F7
:103320000121014A11817047286F0020084809498E
:1033300008600948486009488860094848610948A8
:1033400008610948C860094888610948C861704730
:10335000918404084C770020176B0408F96804086E
:1033600005720408157B0408B1800408096E04087E
:10337000577E040810B500242F222046641C1049F3
:103380000A5431222046641C0A5457222046641CE9
:103390000A5434222046641C0A5452222046641CDB
:1033A0000A540D222046641C0A5400BF4FF4FA70E0
:1033B00008F06AFF05F098FA0028F7D110BD000068
:1033C000A06E002000B587B0002004900590069004
:1033D000029003900190674A012002F1500101EB35
:1033E00080010B6843F2F220834273D062A04178DF
:1033F000303961A00078202801D1002002E05EA0D1
:103400000078303800EB800001EB4000C0B28DF84E
:103410000C0059A00179303957A0C078202801D17B
:10342000002002E054A0C078303800EB800001EBAF
:103430004000C0B28DF80D004FA0C17930394EA0C8
:103440008079202801D1002002E04BA0807930381B
:1034500000EB800001EB4000C0B28DF80E0002AA24
:103460000021444800F0B4FF46A080786E2801D1C6
:1034700001203DE043A08078622801D1022037E09E
:1034800040A08078722807D13EA000784D2801D155
:1034900003202DE004202BE03AA08078792801D188
:1034A000052025E037A080786E2801D106201FE096
:1034B00034A080786C2801D1072019E031A08078F1
:1034C000672801D1082013E02EA08078702802D14F
:1034D00009200DE04CE02BA08078742801D10A204F
:1034E00006E028A08078762801D10B2000E00C208F
:1034F0008DF8050023A0007A303822A1C97930392F
:1035000001EB810100EB410000EB80011DA0407A3E
:10351000303800EB410000EB80011AA0807A30388F
:1035200000EB4100A0F5FA60C0B28DF8070015A0CD
:103530004179303913A00079202801D1002002E020
:1035400010A00079303800EB800001EB4000C0B2E1
:103550008DF8060000208DF8040001AA002105481E
:1035600000F036FE43F2F2220121024800F004FE90
:1035700007B000BD0028004031303A33363A3530CC
:1035800000000000466562203131203230323300C5
:1035900070B504460D4600200D49096808850C48A1
:1035A000006844850A480068808D0A4908604FF425
:1035B0007A706843084908600BF064FE07490860A8
:1035C000054801680648006809F0C8F970BD0000A8
:1035D000F801002038020020440200203C020020B4
:1035E0004803002010B540F6C41005F01BFF0E2064
:1035F00005F0EAFE41F2707008490880084600882C
:1036000005F084FEFFF7B6FE40F6B83003490880A7
:103610000846008805F07AFE10BD00009A020020DE
:1036200010B58020FA4908604001086041F2941208
:10363000F849F948FDF747F8F848F9490860A0F556
:10364000C070F849086000F58070F7490860A0F57F
:103650008070F649086000F58070F5490860002028
:10366000F24909680880F348D0F88C0145F2AA5164
:1036700088427DD0B0EE080AEF4880ED000AB0EE37
:10368000080AEE4880ED000A9FEDED0AED4880ED56
:10369000000A4FF49660EC490880EC490880EA483B
:1036A0000088E34909680884E8480088E049096817
:1036B0004884E14890ED000AF2EE040A20EE200A68
:1036C000BCEEC00A10EE100AD8490968A1F85200F1
:1036D000DA4890ED000AF2EE040A20EE200ABCEE71
:1036E000C00A10EE100AD1490968A1F85400D54863
:1036F00090ED000AF2EE040A20EE200ABCEEC00AA9
:1037000010EE100AC9490968A1F850003220C749D3
:103710000968A1F85A004FF42F70C4490968A1F84C
:10372000560040F21450C1490968A1F8580040F60B
:10373000B830BF49096888854FF41670BB490968DD
:10374000A1F85C004FF49060B849096848800120F6
:10375000B649096888809FEDBE0AB448006880EDCC
:10376000240A9FEDBC0AB148006880ED250A00E0FC
:103770001EE09FEDB70AAD48006880ED260A4CF2C6
:103780005030AA490968C8841020A8490968A1F8DE
:1037900040001220A5490968A1F84200002004E079
:1037A00000219F4A12681154401C0828F8DBD6E01B
:1037B0009E480068B0F8520000EE100AB8EE400AC9
:1037C0009D4880ED000A90ED000AF2EE040A80EEBA
:1037D000201A80ED001A90ED000ADFED9F0AB4EE8A
:1037E000E00AF1EE10FA06DC90ED000AB5EEC00A30
:1037F000F1EE10FA04D2B0EE080A8F4880ED000A0C
:103800008A480068B0F8540000EE100AB8EE400A8A
:103810008A4880ED000A90ED000AF2EE040A80EE7C
:10382000201A80ED001A90ED000ADFED8B0AB4EE4D
:10383000E00AF1EE10FA06DC90ED000AB5EEC00ADF
:10384000F1EE10FA04D2B0EE080A7C4880ED000ACE
:1038500076480068B0F8500000EE100AB8EE400A52
:10386000784880ED000A90ED000AF2EE040A80EE3E
:10387000201A80ED001A6E480068008C724908809A
:10388000084600884FF6FF71884202D06E480088D3
:1038900018B942F6E0606C49088065480068408CC1
:1038A0006A490880084600884FF6FF71884202D0B6
:1038B0006648008818B942F6E060644908805B48B1
:1038C00000684088B0F5906F05DD4FF4906057496F
:1038D0000968488009E05548006840885C2804DA97
:1038E0004FF49060514909684880504800688088CA
:1038F000802803DC4D480068808818B901204B49B6
:10390000096888804A480068808D40F6B83188424E
:1039100003DD084646490968888544480068B0F8D0
:103920004000132805DC41480068B0F84000012839
:1039300004DA10203D490968A1F840003B480068BE
:10394000B0F84200132805DC38480068B0F842009F
:10395000012804DA122035490968A1F842003348E9
:103960000068B0F85C0030B130480068B0F95C0025
:10397000B0F57A7F05DD4FF416702C490968A1F87F
:103980005C0000202A490968488500F033F90020CE
:1039900027490968C88001202549096888810020D5
:1039A0001F49096808701E49096848701C49096860
:1039B00088701B480068C07800F0FE00184909684C
:1039C000C8701748006807F04DF924A0007A303815
:1039D00022A1C979303901EB810100EB410000EBF4
:1039E00080011EA0407A303800EB410000EB8001DE
:1039F0001AA0807A303800EB41000D490968A1F81F
:103A00005C0016A080786E282ED1012073E00000A3
:103A100060010020000002086C520020EC630020CE
:103A2000E8010020EC010020F0010020F40100205A
:103A3000F80100206C6200202403002028030020ED
:103A40003333F33F680200201E03002020030020D0
:103A500000007A44000016440000044246656220DB
:103A60003135203230323300AFF2100080786228D6
:103A700001D102203FE0AFF21C008078722808D10B
:103A8000AFF2280000784D2801D1032033E0042054
:103A900031E0AFF238008078792801D105202AE0A2
:103AA000AFF2480080786E2801D1062023E0AFF203
:103AB000540080786C2801D107201CE0AFF264002C
:103AC0008078672801D1082015E0AFF27000807877
:103AD000702801D109200EE0AFF2800080787428B0
:103AE00001D10A2007E0AFF28C008078762801D15E
:103AF0000B2000E00C2039490968A1F85E00AFF204
:103B0000A40041793039AFF2AC000079202801D10E
:103B1000002003E0AFF2BC000079303800EB8000F9
:103B200001EB40002D490968A1F860002CA0417804
:103B300030392BA00078202801D1002002E028A0F5
:103B40000078303800EB800001EB40002349096821
:103B5000A1F8620022A00179303921A0C078202884
:103B600001D1002002E01EA0C078303800EB8000B8
:103B700001EB400019490968A1F8640018A0C17957
:103B8000303917A08079202801D1002002E014A04C
:103B90008079303800EB800001EB40000F49096864
:103BA000A1F8660000200D490968C8810B49096821
:103BB00008820E490968C8620C49096808634BF617
:103BC00080300A49096888624FF4E1600749096852
:103BD0008886002006490968087010BDF801002099
:103BE00032313A35383A303500000000F401002017
:103BF000E40100200848094908600948486009486C
:103C0000886009484861094808610948C86009484E
:103C1000C861094888617047F0070508FC760020F4
:103C200030090508700A0508700F0508F01105082D
:103C3000F00C050830130508B00B05082DE9F0411C
:103C400005460C460026606800B100BF134800F02E
:103C500049F80746124800F045F80743114800F0BC
:103C600041F80743AFB9606860B1D4E90001084387
:103C7000A1680843E168084369680B4A114008439A
:103C8000686007E068680849084021680843686080
:103C900000E001263046BDE8F08100000020014030
:103CA0000021014000220140E010FCFF70B50446F5
:103CB0000D460026204600F015F870B9A96828685E
:103CC00008436168064A114008436060A06820F418
:103CD000006069680843A06000E00126304670BDBE
:103CE000FFFEFFFC0146886800F0010070470000FD
:103CF00070B504460D460026686800B100BF204636
:103D0000FFF7F0FF00BB686830B1606820F46840DE
:103D1000A9680843606003E0606820F46840606060
:103D2000286800F07060E968084329690843A168C1
:103D3000074A11400843A0606868E16A21F47001F5
:103D40000143E16200BF00E00126304670BD000083
:103D5000FDFCFFC04FF4407C9CFAACFC01F44073C6
:103D6000BCFA8CFC23FA0CF300EB8300C36A01F06D
:103D70001F014FF01F0C0CFA01FC02F01F0223EA96
:103D80000C0302FA01F11943C162704730B44FF0DD
:103D9000007C9CFAACFC01F00073BCFA8CFC23FAAA
:103DA0000CF300EB8300D0F80CC04FF0F87393FADB
:103DB000A3F401F0F871B4FA84F421FA04F40725AD
:103DC00005FA04F493FAA3F3B3FA83F3D9402CEA87
:103DD000040C02FA01F14CEA0101C16030BC7047E9
:103DE000024909680143014A1160704720380240C6
:103DF000024909688143014A116070472038024036
:103E0000024909680143014A1160704724380240A1
:103E1000024909688143014A116070472438024011
:103E200030B500F10804C1F3034504EB85031C68B9
:103E30006FF30B0414431C6030BD10B5026801F031
:103E400010040123A3401A43026010BDF0B50346DD
:103E50000024506800B100BF08461D6800F010073C
:103E60000126BE40354000F010070126BE40B54295
:103E700001D1012500E0002525BB506898B11868E4
:103E800001F0100640F6FA75B540A843D2E9005695
:103E9000354396683543D668354301F01006B54082
:103EA000284318600FE0186801F01006FA25B540A5
:103EB000A843D6681568354301F01006B54028437D
:103EC000186000E001242046F0BD0000044A525C66
:103ED000825842F01002024B5B5CC25070470000F7
:103EE000B6060508044A525C825842F01002024BA2
:103EF0005B5CC25070470000E1060508044A525C52
:103F0000825842F00402024B5B5CC25070470000D2
:103F1000B6060508044A525C825842F00402024B7D
:103F20005B5CC25070470000E1060508044A525C21
:103F3000825842F00102024B5B5CC25070470000A5
:103F4000B6060508044A525C825842F00102024B50
:103F50005B5CC25070470000E106050810B5064BD7
:103F60005B5C03445B686FF30F031343024C645CB8
:103F70000444636010BD0000B606050810B5064B8A
:103F80005B5C03445B686FF30F031343024C645C98
:103F90000444636010BD0000E1060508024B5B5C51
:103FA0000344DA6070470000B6060508024B5B5C0C
:103FB0000344DA6070470000E1060508024B5B5CD1
:103FC00003449A6070470000B6060508024B5B5C2C
:103FD00003449A6070470000E1060508F0B5024608
:103FE0000B4600240021186890FAA0F0B0FA80F483
:103FF0008AE00125A540186800EA050100297DD066
:104000005868012802D0586802281CD19868956821
:1040100091FAA1F6B6FA86F677000326BE40B543BC
:1040200091FAA1F6B6FA86F6760000FA06F635435E
:10403000956000BFD86855688D4301FB00F6354395
:10404000556000BF00BF1869D56891FAA1F6B6FAAD
:1040500086F677000326BE40B54391FAA1F6B6FA7C
:1040600086F6760000FA06F63543D56000BF58683C
:10407000022831D191FAA1F0B0FA80F0082814D2C8
:104080005869156A91FAA1F6B6FA86F6B7000F26B6
:10409000BE40B54391FAA1F6B6FA86F6B60000FA2C
:1040A00006F63543156200BF16E05869556A0E0AD8
:1040B00096FAA6F6B6FA86F6B7000F26BE40B543C6
:1040C0000E0A96FAA6F6B6FA86F6B60000FA06F6D4
:1040D0003543556200BF00BF5868156891FAA1F6D4
:1040E000B6FA86F677000326BE40B54391FAA1F6EC
:1040F000B6FA86F6760000FA06F600E003E03543ED
:10410000156000BF00BF641C1868E04000287FF401
:1041100070AFF0BD024610690840884201D101200D
:1041200070470020FCE7024610690840884201D130
:10413000012070470020FCE70A048261704781611A
:10414000704710B5044604F027FC2060206804F096
:10415000EFFB6060606804F0FBFBA060606804F047
:1041600009FCE06010BD000002480068C0F3881040
:10417000704700000438024010B500F1500303EB13
:1041800081031A6010BD0000F0B5059C04F0F00634
:10419000360404F00F0746EA074646EA413603F0C4
:1041A000F0073F0203F00F0C47EA0C273E4302F0F2
:1041B000F00702F00F0C47EA0C0746EA07054668CD
:1041C000024F3E402E434660F0BD0000C00000FF9D
:1041D0002DE9F84F06460D46144601274DB9607883
:1041E00000F01000102804D1607800F0EF000A30D1
:1041F000607005B900E000BF304600F058F8304666
:1042000000F05DF8012848D045B1E078009063786F
:10421000A27821783046FFF7B7FF31E0E0780A2135
:10422000B0FBF1F201FB1200E1780A22B1FBF2F1DE
:1042300040EA011000F0FF0860781146B0FBF1F28F
:1042400001FB120061780A22B1FBF2F140EA011091
:1042500000F0FF09A0781146B0FBF1F201FB12005B
:10426000A1780A22B1FBF2F140EA011000F0FF0A46
:10427000CDF8008021784B4652463046FFF784FF48
:10428000304600F010F8304600F07BF820B9304698
:1042900000F00EF9074600E00027304600F00CF869
:1042A0003846BDE8F88F6FF08001C1607047CA21C1
:1042B0004162532141627047FF2141627047F8B566
:1042C00004464FF47A70009000250026204600F046
:1042D0004EF8D0B900BF681EE06000BF204600F075
:1042E00046F806460DE000F04DF9012802D100988D
:1042F000401E0090204600F03AF80646009800B9AB
:104300000125009808B1012EEDD12846F8BD0146DF
:10431000886800F04000704770B504460D460126DD
:104320002046FFF7C4FF2046FFF7C9FF012819D038
:104330002868A16821F040010143A16000BFA8687E
:1043400021696FF30E010143216100BF6868216993
:1043500021F4FE0141EA0041216100BF2046FFF740
:10436000A2FF00262046FFF7A7FF304670BD01469A
:10437000C868C0F3801070470146C868C0F3401099
:10438000704701468868C0F340107047F0B5059C3F
:1043900002F0F006360402F00F0746EA07460E4325
:1043A00003F0F0073F0203F00F0C47EA0C273E43EF
:1043B00004F0F00704F00F0C47EA0C0746EA070583
:1043C0000668024F3E402E430660F0BD808080FFAD
:1043D0002DE9F84F06460D461446012745B93046EB
:1043E000FFF795FF00B102E00020206000BF08E069
:1043F0003046FFF78CFF00B102E00020206000BFD4
:1044000000BF3046FFF753FF3046FFF758FF012843
:1044100048D045B1A079009063792279304621686F
:10442000FFF7B4FF31E0A0790A21B0FBF1F201FB04
:104430001200A1790A22B1FBF2F140EA011000F06A
:10444000FF0860791146B0FBF1F201FB12006179BF
:104450000A22B1FBF2F140EA011000F0FF092079D5
:104460001146B0FBF1F201FB120021790A22B1FBE7
:10447000F2F140EA011000F0FF0ACDF800804B464F
:10448000524630462168FFF781FF3046FFF70BFFA9
:104490003046FFF776FF20B9304600F009F80746AE
:1044A00000E000273046FFF707FF3846BDE8F88FE9
:1044B000F8B504464FF47A7000900025002600BF3E
:1044C000E06800F0800060F0A000E06000BF2046DF
:1044D000FFF752FF06460DE000F054F8012802D124
:1044E0000098401E00902046FFF746FF06460098C1
:1044F00000B90125009808B1012EEDD12846F8BD7C
:1045000030B50246012300BF1068C0F3801038BBED
:10451000D1E9000420438C682043CC6820430C6917
:1045200020434C6920438C692043CC6920430C6AAA
:10453000204314684FF6BF75AC43204310605068A9
:1045400020F004004C6940EA14405060086AB0F55D
:10455000005F04D1486A84B2146100BF00BF002329
:10456000D06920F40060D061184630BD01468868EB
:1045700000F00100704701468868C0F340007047B2
:10458000017370474FF0E0200069C0F300407047AE
:10459000014908607047000068030020026A0A436E
:1045A00002627047016841F00101016070470168D3
:1045B00041F0010101607047C16841F00101C16033
:1045C0007047000010B5024613682C4882420ED096
:1045D000B2F1804F0BD02A48824208D0294882424B
:1045E00005D02948824202D02848824204D123F0D3
:1045F00070004C6840EA04032048824220D0B2F1A7
:10460000804F1DD01E4882421AD01E48824217D0C9
:104610001D48824214D01D48824211D01C4882425B
:104620000ED01C4882420BD01B48824208D01B4847
:10463000824205D01A48824202D01A48824204D1EE
:1046400023F44070CC6840EA040313608868D062A9
:1046500000BF0888906200BF0848824202D00B4821
:10466000824203D10869106300BF00BF00BF5069D8
:1046700040F00100506100BF002010BD000001406B
:104680000004004000080040000C0040000401400D
:104690000040014000440140004801400018004033
:1046A000001C00400020004001291AD004291AD023
:1046B00010291AD040291AD0B1F5807F19D0B1F550
:1046C000806F18D006210D4A1830525C10440268E1
:1046D0000B4B595C042303FA01F122EA010101604A
:1046E00070470021EFE70121EDE70221EBE703210D
:1046F000E9E70421E7E70521E5E70000BC15050827
:10470000C3150508012919D0042919D0102919D079
:10471000402919D0B1F5807F18D0B1F5806F17D03E
:1047200006210C4A1830525C104402680A4B595C4E
:10473000082303FA01F11143016070470021F0E7FB
:104740000121EEE70221ECE70321EAE70421E8E793
:104750000521E6E7BC150508C31505082DE9F0415C
:1047600006460C4615460127012C08D0102C0CD00B
:10477000B4F5807F0FD0B4F5805F18D111E02946E1
:10478000304601F069FC074612E02946304601F048
:10479000A3FC07460CE02946304601F0E3FC07463F
:1047A00006E02946304601F01DFD074600E000BF47
:1047B00000BF3846BDE8F0814163704781637047B0
:1047C000C16370474162704770B5044600252348B5
:1047D000844206D11020FFF713FB1020FFF718FBCF
:1047E0003AE01F48844208D14FF40030FFF7F8FA4E
:1047F0004FF40030FFF7FCFA2EE01A48844208D14B
:104800004FF48020FFF7ECFA4FF48020FFF7F0FA26
:1048100022E01548844206D12020FFF7F1FA20203B
:10482000FFF7F6FA18E01148844208D14FF400204F
:10483000FFF7D6FA4FF40020FFF7DAFA0CE00C4845
:10484000844208D14FF48010FFF7CAFA4FF4801069
:10485000FFF7CEFA00E00125284670BD00100140A8
:10486000004400400048004000140140004C00405B
:104870000050004000BF00BF00F10C0252E8002FC2
:1048800022F0200100F10C0242E80013002BF3D1CA
:1048900000BF704700BF00BF00F10C0252E8002FBC
:1048A00022F0800100F10C0242E80013002BF3D14A
:1048B00000BF704700BF00BF00F10C0252E8002F9C
:1048C00042F0200100F10C0242E80013002BF3D16A
:1048D00000BF70472DE9FF4104460D460127002621
:1048E000204600F059F8002845D1E9686868084377
:1048F00029690843A9690843E16849F20C629143B8
:104900000843E060A868216921F440510143216116
:1049100000BF6869616921F440710143616100BFB2
:104920006846FFF70EFC1648844201D1039E17E04B
:104930001448844201D1029E12E01348844201D1FE
:10494000029E0DE01148844201D1039E08E0104808
:10495000844201D1029E03E00E48844200D1029EAF
:104960004EB1286838B10027314620462B68AA6925
:1049700000F017F800BF384604B0BDE8F081000031
:104980000010014000440040004800400014014075
:10499000004C0040005000400146C868C0F3403061
:1049A00070472DE9FC5F06460C4691461D46B9F559
:1049B000004F68D10220A0FB057003461920A4FB1C
:1049C00000A001463A465046FBF7D2FC6421B0FBFA
:1049D000F1F04FEA001A0220A0FB05710B461920E6
:1049E000A4FB00B13A465846FBF7C2FC83460220BE
:1049F000A0FB057003461920A4FB00013A46CDE94F
:104A00000001FBF7B5FC6421B0FBF1F000EBC00145
:104A100001EB0010ABEB8000322101EBC000642100
:104A2000B0FBF1F000F0F8000AEB400A0220A0FB16
:104A3000057003461920A4FB00B13A465846FBF71F
:104A400097FC83460220A0FB057003461920A4FBB7
:104A500000013A46CDE90001FBF78AFC6421B0FB76
:104A6000F1F000EBC00101EB0010ABEB8000322154
:104A700001EBC0006421B0FBF1F000F007005044EE
:104A800080B2B06067E00420A0FB057003461920E7
:104A9000A4FB00A001463A465046FBF769FC82465B
:104AA0000420A0FB05711920A4FB00B084463A46FF
:104AB0000B4658466146FBF75BFC6421B0FBF1F006
:104AC00000EBC00101EB0010AAEB8000322101EBEA
:104AD00000106421B0FBF1F000F0F00A0420A0FB0C
:104AE000057003461920A4FB00B001463A4658461B
:104AF000FBF73EFC6421B0FBF1F00AEB001A042046
:104B0000A0FB057003461920A4FB00B13A465846A5
:104B1000FBF72EFC83460420A0FB057003461920FA
:104B2000A4FB00013A46CDE90001FBF721FC64211A
:104B3000B0FBF1F000EBC00101EB0010ABEB80002B
:104B4000322101EB00106421B0FBF1F000F00F0006
:104B5000504480B2B060BDE8FC9F000070B594B0D6
:104B600000241194129413940C940D940E940F94A9
:104B70001094089409940A940B9404940594069450
:104B800007947348016841F480710160006800F483
:104B9000807001906F48016841F001010160016877
:104BA00001F001010191016841F00201016000681A
:104BB00000F002000190832002900325039502A9D2
:104BC0006548FFF70BFA022602960395069402A9A0
:104BD0006248FFF703FA6249624802788A5803780C
:104BE00022F06062CA5002788A58037822F0C0022C
:104BF000CA5002788A58037822F44032CA500278A8
:104C00008A58037822F4907242F48072CA50027873
:104C10008A58037822F40072CA5002788A580378BE
:104C200042F48062CA5002788A58037822F4C05253
:104C300042F40062CA5002788A58037822F4C042D3
:104C400042F40052CA50027847495258007822F084
:104C5000040242501194129488151390434D11A9E7
:104C60002846FFF723F80C944FF4A0000D900E9403
:104C70000F964FF4407010900CA92846FFF738F8B3
:104C8000A86820F48060A8604FF440300890099430
:104C9000374C08A92046FEF7D1FF320611142846EA
:104CA000FFF758F8072231062846FFF76FF8314E14
:104CB00040F2052132462846FFF74CF807223146DC
:104CC0002846FFF763F82C4E40F20A213246284668
:104CD000FFF740F8072231462846FFF757F8274EDE
:104CE00040F20F2132462846FFF734F807223146BA
:104CF0002846FFF74BF8224E4FF4057132462846FE
:104D0000FFF728F8072231462846FFF73FF860688A
:104D100020F4400040F4000060601A4E40F2192177
:104D200032462846FFF716F8072231462846FFF795
:104D30002DF8606820F4400040F480006060D5F8F1
:104D4000040340F44000C5F8040314B070BD000033
:104D50004438024030380240000002400004024063
:104D600000640240B41505081464024000200140AC
:104D70000023014001003002070050030900B00386
:104D8000100020811200808110B58CB0002408949E
:104D900009940A940B940494059406940794164875
:104DA000016841F000510160006800F0005001907E
:104DB0001248016841F001010160006800F0010043
:104DC0000190302002900320039002A90C48FFF7C5
:104DD00005F938200890099402200B900A4C08AA83
:104DE00008492046FFF732F808AA08492046FFF78D
:104DF0002DF80CB010BD00004038024030380240A1
:104E0000000002400100100200740040120043152F
:104E100038B52D48016841F480010160016801F452
:104E200080010091016841F400110160006800F404
:104E300000100090254C2068C0F3022000220521BC
:104E400001F0EEF8224900010870224D4FF4805025
:104E500028602068C0F302200022052101F0E0F85C
:104E60001D49000181F800044FF48040286020684B
:104E7000C0F302200022052101F0D2F817490001F9
:104E800081F800042D1D4FF0807028602068C0F369
:104E900002200022052101F0C3F81149000181F828
:104EA00000044FF0007028602068C0F30220002248
:104EB000052101F0B5F80B49000181F800040A4909
:104EC0002020C1F8000138BD303802400CED00E070
:104ED0000CE400E000E100E00EE000E038E000E07B
:104EE00039E000E045E000E008E000E010B52A48C5
:104EF00007F051FA294C2062294807F04CFA606209
:104F00000121284A084607F0FDFAA0620121264A3D
:104F1000084607F0F7FAE0620121244A084607F044
:104F2000F1FA20630121224A084607F0EBFA606398
:104F30000022204B1146204807F0B2FC606100229D
:104F40001E4B11461E4807F0ABFCA0611D4B002212
:104F500001211D4807F0A4FCE0611C4A00211C4807
:104F600007F041FC20601B4A00211B4807F03BFC76
:104F700060601A4A00211A4807F035FCA060194AFF
:104F80000021194807F02FFCE060184A002118485A
:104F900007F029FC206110BD541505082C030020E2
:104FA0006415050874150508841505089415050889
:104FB000A41505082415050881880408341505087A
:104FC00021330408441505086D8E04087014050883
:104FD000B595040894140508E1A10408B81405085F
:104FE0007D870408DC140508E1AB040800150508FA
:104FF000719A04082DE9F04788B0002404940694BF
:1050000007946048016841F010010160016801F0F7
:1050100010010191016841F004010160016801F093
:1050200004010191016841F080010160016801F013
:1050300080010191016841F001010160016801F006
:1050400001010191016841F002010160016801F074
:1050500002010191016841F008010160006800F05F
:10506000080001903F21484EB16141F6FC01474FD5
:10507000B9614FF47E71DFF81881C8F8181008077D
:10508000B0614FF0E050C8F818004248B861DFF84E
:1050900008910002C9F81800DFF800A14FF08070F5
:1050A000CAF818003720029001250395059502A93A
:1050B0003046FEF793FF48F20800029003950494EF
:1050C0000594069402A93046FEF788FF402002901E
:1050D0000394069402A93046FEF780FF680302900D
:1050E0000394069402A94846FEF778FFA8030290AD
:1050F0000394069502A93046FEF770FF4FF4E05086
:105100000290039504940594069402A94046FEF784
:1051100065FF4CF21F400290039504940594069499
:1051200002A93846FEF75AFF4FF4C7500290039584
:1051300004940595069402A93846FEF74FFF4FF4F4
:1051400040700290039504940594069402A9484681
:10515000FEF744FF280202900395049405940694F8
:1051600002A95046FEF73AFF4FF47E700290039575
:1051700004940595069402A94046FEF72FFF08B057
:10518000BDE8F0873038024000100240000C0240B9
:1051900000040240000003C4000802400000024076
:1051A0000C494CF6CC40086045F25550086006208A
:1051B000486040F6FF708860C86810F0030F06D0A2
:1051C00000200128F8D14AF6AA2008607047012083
:1051D000F7E700000030004070B588B00024049468
:1051E000059406940294039401944548016801F4DF
:1051F0004071B1F5807F47D000234FF08051DFF838
:1052000004C1DCF80020914314D0002101290BD007
:10521000DCF8001041F08051CCF80010DCF80010F0
:1052200001F080510091012337490A68C2F300223E
:1052300012B10AE00121E9E70A6842F480720A60CB
:105240000A68C2F30022002AFAD0016841F48031D2
:105250000160016821F480310160016841F00101C1
:1052600001600168C1F340010029FAD0016821F40E
:10527000407141F480710160012B05D1DCF8001010
:1052800021F08051CCF80010016841F40041016028
:1052900004947F200590FF2006901C4E04A93546FB
:1052A0002846FFF739F8286940F4FE00286128698C
:1052B0006FF30E0040F0FF002861154D2868A0F53F
:1052C0004851F2391AD08DF80C408DF80D408DF808
:1052D0000E4002AA01213046FFF77AF801218DF82D
:1052E00004108DF805108DF806108DF8074001AAFE
:1052F0003046FEF76DFF43F2F220286008B070BD23
:1053000070380240403802400070004000280040E1
:105310005028004010B592B00024089409940A94D3
:105320000B940C940D940E940F9410941194059476
:1053300006941D48016841F480410160006800F452
:10534000804001901948016841F002010160006845
:1053500000F0020001904FF46040029002200390A0
:10536000032004900520079002A91148FEF736FE9D
:1053700008944FF4827009900A940B9401200C90C9
:1053800040020D9010200E900F9410940A2011905E
:10539000084C08A92046FFF7B3F8616821F0100116
:1053A000616012B010BD0000403802403038024049
:1053B000000402400038004030B593B00024089447
:1053C00009940A940B940C940D940E940F941094D9
:1053D0001194059406941D48016841F40041016050
:1053E000006800F4004001901948016841F0040190
:1053F0000160006800F0040001904FF4E05002905A
:1054000002250395032004900620079002A9114865
:10541000FEF7E4FD08944FF4827009900A940B950E
:1054200001200C9040020D9018200E900F941094C3
:105430000A201190084C08A92046FFF761F861681E
:1054400021F01001616013B030BD0000403802400F
:105450003038024000080240003C004010B586B0E1
:105460000020019002900390049005901B48016871
:1054700041F480210160006800F480200090184809
:105480000068C0F30220C0F10701042900D90421FB
:10549000021D072A01D2002000E0C01E012202FAEC
:1054A00001F1491E01F0050101FA00F00D4900016A
:1054B00008704FF0E0219006C1F80001A720ADF878
:1054C000040032200390084C01A92046FFF77AF827
:1054D000216821F08001216006B010BD44380240EF
:1054E0000CED00E01AE400E00048014070B596B011
:1054F00000241094119413941494089409940A9419
:105500000B940C940D940E940F94029403940494B1
:105510000594069407942748016841F00101016051
:10552000006800F00100019040F65F10ADF8400007
:105530004EF66020129010A94FF08040FFF742F81D
:105540004FF08045286820F08000286001218807FE
:10555000FFF7D8F86020089009940A940B9402266B
:105560000C96012108AA8807FFF7F8F8012188079F
:10557000FFF79AF8686820F070006860A86820F06B
:105580008000A8600C48016841F0010101600068DA
:1055900000F001000190E813029003960494059432
:1055A00006940120079002A90448FEF717FD16B0E3
:1055B00070BD000040380240303802400000024018
:1055C00030B595B000241094119413941494089459
:1055D00009940A940B940C940D940E940F940294D5
:1055E000039404940594069407943548016841F0A7
:1055F00002010160006800F002000190ADF8404037
:1056000041F2707012902F4D10A92846FEF7DAFF74
:10561000286820F08000286001212846FFF772F8F2
:105620006020089009940A9440F6B8300B900C94CE
:1056300008AA01212846FFF791F801212846FFF723
:1056400033F8A9152846FFF75DF808AAA9152846DA
:10565000FFF784F8A9152846FFF726F8686820F0B8
:1056600070006860A86820F08000A8601648016893
:1056700041F001010160016801F00101019101683F
:1056800041F002010160006800F00200019040203A
:10569000029002250395049405940694079502A9A7
:1056A0000A48FEF79BFC01200290039504940594A0
:1056B0000694079502A90648FEF790FC15B030BD88
:1056C00040380240000400403038024000000240F0
:1056D0000004024030B595B0002410941194139446
:1056E0001494089409940A940B940C940D940E94B9
:1056F0000F94029403940494059406940794274805
:10570000016841F004010160006800F004000190AC
:105710004520ADF8400043F698201290204D10A986
:105720002846FEF74FFF286820F0800028601021EF
:105730002846FEF7E7FF6020089009940A940B942E
:105740000C9408AA10212846FFF708F810212846D3
:10575000FEF7AAFF686820F070006860A86820F073
:105760008000A860286840F0010028600D480168AA
:1057700041F008010160006800F008000190681421
:10578000029002200390049405940694079002A9C5
:105790000548FEF723FC15B030BD0000403802403C
:1057A0000008004030380240000C024010B586B0BE
:1057B000002001900290049005901148016841F08A
:1057C00010010160006800F010000090A820ADF802
:1057D00004004FF47A7003900A4C01A92046FEF7AA
:1057E000F1FE206820F080002060606820F07000EA
:1057F0006060A06820F08000A06006B010BD0000CE
:10580000403802400010004010B586B000200190E2
:1058100002900390049005901F490A6842F020020C
:105820000A60096801F0200100911C490968C1F370
:105830000221C1F10702042A00D904220B1D072B03
:1058400001D2002100E0C91E012303FA02F2521E18
:1058500002F0050202FA01F1114A09011170114921
:10586000DA05C1F80021ADF804004FF6FF7003908F
:105870000D4C01A92046FEF7A5FE206820F080000F
:105880002060606820F070006060A06820F08000F8
:10589000A06006B010BD0000403802400CED00E0F2
:1058A00037E400E004E000E00014004010B590B0E0
:1058B0000024089409940A940B940C940D940E946B
:1058C000059406942C48016841F0100101600068BD
:1058D00000F0100001902948016841F001010160C9
:1058E000006800F0010001904FF4C06002900220B7
:1058F0000390032004900720079002A92048FEF798
:105900006DFB20480068C0F30220C0F107010429A4
:1059100000D90421021D072A01D2002000E0C01E88
:10592000012202FA01F1491E01F0050101FA00F01D
:1059300015490001087015492020C1F800014FF4F5
:10594000E130089009940A940B940C200C900D946B
:105950000E940F4C08A92046FEF7BCFF206920F4E6
:1059600090402061606920F02A006061E06840F4A6
:105970000050E06010B010BD4438024030380240A2
:10598000000002400CED00E025E400E004E000E04F
:105990000010014010B590B00024089409940A94B6
:1059A0000B940C940D940E94059406947048016821
:1059B00041F480210160006800F4802001906D486E
:1059C000016841F008010160006800F008000190E2
:1059D0004FF44070029002200390032004900720AF
:1059E000079002A96448FEF7F9FA644964484278CE
:1059F0008A58437822F0606242F00062CA504278CE
:105A00008A58437822F0C002CA5042788A584378B4
:105A100022F44032CA5042788A58437822F4907275
:105A2000CA5042788A58437822F40072CA504278A9
:105A30008A58437842F48062CA5042788A58437840
:105A400022F4C052CA5042788A58437822F4C042A5
:105A5000CA5043784B4A9B5890F801C023F0040386
:105A60004CF80230C378CB5890F803C023F0606341
:105A700043F0006341F80C30C378CB5890F803C072
:105A800023F0C00343F0400341F80C30C378CB58F7
:105A900090F803C023F4403341F80C30C378CB585E
:105AA00090F803C023F4907341F80C30C378CB58BE
:105AB00090F803C023F4007341F80C30C378CB583E
:105AC00090F803C043F4806341F80C30C378CB589E
:105AD00090F803C023F4C05341F80C30C378CB587E
:105AE00090F803C023F4C04341F80C30C1788958C2
:105AF000C07821F00401815023480068C0F30220DF
:105B0000C0F10701042900D90421021D072A01D28E
:105B1000002000E0C01E012202FA01F1491E01F03E
:105B2000050101FA00F019490001087018498020A8
:105B3000C1F800014FF4E130089009940A940B94E5
:105B40000C200C900D940E94124C08A92046FEF7E0
:105B5000C1FE206920F490402061606920F02A0095
:105B60006061E06840F40050E06010B010BD0000DB
:105B70004038024030380240000C024000600240D1
:105B8000CA150508146002400CED00E027E400E0AF
:105B900004E000E00048004010B590B000240894F4
:105BA00009940A940B940C940D940E940594069405
:105BB0006F48016841F020010160006800F020009A
:105BC00001906C48016841F004010160006800F038
:105BD00004000190C0200290022003900320049052
:105BE0000820079002A96448FEF7F8F96349644861
:105BF00042788A58437822F0606242F02062CA50AC
:105C000042788A58437822F0C002CA5042788A58B3
:105C1000437822F44032CA5042788A58437822F4BA
:105C20009072CA5042788A58437822F40072CA505F
:105C300042788A58437842F48062CA5042788A583F
:105C4000437822F4C052CA5042788A58437822F4EA
:105C5000C042CA5043784B4A9B5890F801C023F089
:105C600004034CF802308379CB5890F806C023F037
:105C7000606343F0206341F80C308379CB5890F88F
:105C800006C023F0C00343F0400341F80C30837991
:105C9000CB5890F806C023F4403341F80C30837998
:105CA000CB5890F806C023F4907341F80C308379F8
:105CB000CB5890F806C023F4007341F80C30837978
:105CC000CB5890F806C043F4806341F80C308379D8
:105CD000CB5890F806C023F4C05341F80C308379B8
:105CE000CB5890F806C023F4C04341F80C308179BA
:105CF0008958807921F00401815023480068C0F35D
:105D00000220C0F10701042900D90421021D072A3D
:105D100001D2002000E0C01E012202FA01F1491E5A
:105D200001F0050101FA00F0184900010870184956
:105D30008020C1F800014FF4E130089009940A94E2
:105D40000B940C200C900D940E94124C08A9204634
:105D5000FEF7C0FD206920F490402061606920F0CA
:105D60002A006061E06840F40050E06010B010BDAF
:105D700044380240303802400008024000640240CB
:105D8000CA150508146402400CED00E047E400E089
:105D900008E000E0001401402DE9F05F0746884666
:105DA00015461E460024A3462046641C33490F5462
:105DB00004222046641C0A544FEA18222046641C20
:105DC0000A542046641C01F800802A0A2046641CFC
:105DD0000A542046641C0D540621284807F05CFC38
:105DE00081462046641C254901F800904FEA19229B
:105DF0002046641C0A5480212148FAF79EFC214663
:105E00001E48FDF749FA4FF4FA711E48006806F083
:105E100043FB68BB1A480078B84226D11848C01C1A
:105E200030F815906800C01C81B2154807F034FCAA
:105E30008246D14515D1002010E04100C91C104A0E
:105E4000515C090226F8101036F810204100091D97
:105E50000B4B595C114426F81010401CA842ECDB97
:105E600009E04FF0FF30BDE8F09F6FF00100FAE766
:105E70006FF00200F7E700BFF5E700008064002044
:105E8000006400205C0300202DE9F04105460E4629
:105E9000174600242046641C1E490D540622204645
:105EA000641C0A54320A2046641C0A542046641CAE
:105EB0000E543A0A2046641C0A542046641C0F54AF
:105EC0002146144807F0E8FB80462046641C11492F
:105ED00001F800804FEA18222046641C0A548021F1
:105EE0000D48FAF72AFC21460A48FDF7D5F94FF488
:105EF000FA710A48006806F0CFFA40B906480078FF
:105F0000A84202D10120BDE8F0810020FBE700207B
:105F1000F9E7000080640020006400205C0300209A
:105F20002DE9F04707468846154699460024A246C3
:105F30002146641C2E48475410222146641C4254BA
:105F40004FEA28222146641C42542146641C00F872
:105F500001802A122146641C42542146641C455487
:105F60006806020E2146641C21484254002610E0B7
:105F700039F81600020A2046611C8CB21C490A54EA
:105F800019F816202046611C8CB219490A54701C5D
:105F900086B2AE42ECDB2146154807F07DFB824617
:105FA0002046611C8CB2124901F800A04FEA2A2257
:105FB0002046611C8CB20E490A5480210D48FAF724
:105FC000BCFB21460A48FDF767F94FF4FA710A480D
:105FD000006806F061FA40B906480078B84202D17C
:105FE0000120BDE8F0870020FBE70020F9E7000072
:105FF00080640020006400205C030020FEE701B5FF
:106000006B46022204210120FFF78AFF08BD01B57B
:106010006B46022211460120FFF782FF08BDFEE712
:1060200000F00700C0F10703042B00D9042300F19E
:10603000040CBCF1070F01D2002000E0C01E4FF09D
:10604000010C0CFA03F35B1E194081400CFA00F0BE
:10605000401E10400843704770B50246106A20F099
:1060600001001062136A5568946924F0030424F057
:1060700070000E6840EA060423F002000E6940EA50
:10608000060323F001004E6840EA060310488242EE
:1060900002D01048824213D123F008004E6940EA32
:1060A000860323F004008E6840EA860325F480709E
:1060B0008E6940EA060525F40070CE6940EA46057F
:1060C00055609461C868506300BF1362002070BDC2
:1060D00000000140000401402DE9F04104460D4656
:1060E000206A20F010002062266AD4F80480A76994
:1060F00027F4407727F4E040296840EA012726F09A
:106100002000296940EA011626F01000696840EA7B
:1061100001161248844202D01148844213D126F05D
:106120008000696940EA811626F04000A96840EACB
:10613000811628F48060A96940EA810828F400608B
:10614000E96940EAC108C4F80480A7612046E9680B
:10615000FEF734FB26620020BDE8F081000001401C
:106160000004014070B50246106A20F4807010628D
:10617000136A5568D46924F0030424F070000E6893
:1061800040EA060423F400700E6940EA062323F473
:1061900080704E6840EA06231048824202D01048C0
:1061A000824213D123F400604E6940EA862323F42F
:1061B00080608E6840EA862325F480508E6940EA2C
:1061C000061525F40050CE6940EA46155560D461A5
:1061D000C868D06300BF1362002070BD000001409A
:1061E0000004014070B50246106A20F4805010622D
:1061F000146A5568D36923F4407323F4E0400E68B1
:1062000040EA062324F400500E6940EA063424F4E0
:1062100080504E6840EA06340948824202D009485C
:10622000824204D125F480408E6940EA861555608B
:10623000D361C868106400BF1462002070BD000004
:10624000000001400004014010B50246002003E0B8
:1062500012F8014B2318D8B20B1EA1F10104A1B210
:10626000F6D1C0B210BD000000B5034890ED000AA1
:1062700002F00AFF00BD00006802002010B54FF0D8
:10628000FF3029490968086020212848FDF754FF9C
:1062900010212648FDF750FF08212448FDF74CFF48
:1062A00004212248FDF748FF02212048FDF744FF62
:1062B00001211E48FDF740FF4FF400711C48FDF717
:1062C0003BFF4FF480711A48FDF736FF80211848D4
:1062D000FDF732FF40211648FDF72EFF202114481C
:1062E000FDF72AFF10211248FDF726FF082110486C
:1062F000FDF722FF80210F48FDF71EFF40210D48CA
:10630000FDF71AFF20210B48FDF716FF1021094861
:10631000FDF712FF08210748FDF70EFF042105488D
:10632000FDF70AFF10BD0000E80100200010024048
:1063300000040240000C024010B50C480068B0F8A0
:106340004000132805DC09480068B0F84000012827
:1063500004DA102005490968A1F8400003490968DA
:1063600091F8400000F08EF810BD0000F40100200C
:1063700070B506460C4621463046FCF79DF90546A9
:1063800008480068A0F87040642C03D1FFF776FF3E
:10639000012070BD0DB90020FBE7284600F02EF962
:1063A0000120F6E7F401002010B52DED028B1F4807
:1063B0000068B0F8520000EE100AB8EE400AF2EEA3
:1063C000040A80EE201AB0EE418A9FED190AB4EE5D
:1063D000C08AF1EE10FA03DD9FED150AB0EE408A97
:1063E000144890ED000A02F0DDFE10480068B0F895
:1063F000540000EE100AB8EE400AF2EE040A80EEF5
:10640000201AB0EE418A9FED0A0AB4EEC08AF1EE7E
:1064100010FA03DD9FED060AB0EE408A064890EDC3
:10642000000A02F00BFFBDEC028B10BDF40100204E
:1064300000000442240300202803002010B501229C
:106440000B211046FBF762FD10BD000010B50C4893
:106450000068B0F84200132805DC09480068B0F86D
:106460004200012804DA122005490968A1F8420017
:106470000349096891F8420000F004F810BD0000DB
:10648000F401002010B504462E2C6FD2DFE804F092
:106490009C171C21262B30353B41464B50555A5FEB
:1064A00064696F749C9C9C9C9C797D8185898D918D
:1064B000959C9C9C9C9C9C9C9C9C9C9C9C9920211D
:1064C0004348FDF739FE80E010214148FDF734FED6
:1064D0007BE008213E48FDF72FFE76E004213C4892
:1064E000FDF72AFE71E002213948FDF725FE6CE038
:1064F00001213748FDF720FE67E04FF40071354871
:10650000FDF71AFE61E04FF480713248FDF714FE8A
:106510005BE080212F48FDF70FFE56E040212D481B
:10652000FDF70AFE51E020212A48FDF705FE4CE068
:1065300010212848FDF700FE47E008212548FDF717
:10654000FBFD42E080212448FDF7F6FD3DE04021BF
:106550002148FDF7F1FD38E020211F48FDF7ECFD53
:1065600033E010211C48FDF7E7FD2EE02CE0082168
:106570001948FDF7E1FD28E004211748FDF7DCFD8F
:1065800023E00120154908701FE00120144908701C
:106590001BE001201349087017E001201249087020
:1065A00013E00120114908700FE001201049087024
:1065B0000BE001200F49087007E001200E49087028
:1065C00003E0FFF751FE00E000BF00BF10BD000078
:1065D0000010024000040240000C02404C02002067
:1065E0004D0200204E0200204F02002050020020E9
:1065F00051020020520200205302002070B50446D0
:1066000001250A48006800682043084909680860B5
:1066100008E004F0010010B1E8B2FFF733FF6408AE
:10662000681C85B2202DF4DD70BD0000E80100205B
:1066300010B52DED088B0446B0EE408A84ED048A37
:1066400094ED050AD4ED040A30EE600A84ED060AE2
:1066500094ED030A10EE101A084609F0B1FE41EC61
:10666000190B94ED060A10EE101A084609F0A8FE60
:1066700041EC1B0BB0EE4B0AF0EE6B0A04F073FB1F
:10668000B0EE40AAF0EE60AA53EC192B51EC1A0BB5
:1066900009F06AFD7ED294ED060AD4ED000A20EEE0
:1066A000200A84ED090A606B09F010FC41EC190B1B
:1066B00094ED090A10EE101A084609F081FE41EC2B
:1066C0001B0BB0EE4B0AF0EE6B0A04F04CFBB0EE85
:1066D00040AAF0EE60AA53EC192B51EC1A0B09F00A
:1066E00043FD06D294ED0E0AB8EE400A84ED0A0A84
:1066F0003FE094ED0A0AD4ED010A94ED061A00EE8B
:10670000810A84ED0A0AD4ED0A0A94ED0D0AB8EE66
:10671000400AF4EEC00AF1EE10FA06DD94ED0D0A1F
:10672000B8EE400A84ED0A0A23E094ED0A0AB5EEB9
:10673000C00AF1EE10FA11DBD4ED0A0A94ED0E0A4C
:10674000B8EE400AF4EEC00AF1EE10FA06D294ED6B
:106750000A0ABCEEC00A84ED0E0A0AE094ED0A0AA9
:10676000B5EEC00AF1EE10FA03D29FED240A84EDD3
:106770000A0A94ED060AD4ED070A30EE600A84EDA9
:10678000080A94ED080AD4ED020A20EE200A84EDEE
:106790000B0A00E012E094ED090AD4ED0A0A30EE8B
:1067A000200AD4ED0B0A30EE200AF6EE000A30EE95
:1067B000200ABDEEC00A84ED0C0A09E094ED0A0A35
:1067C000F6EE000A30EE200ABDEEC00A84ED0C0A97
:1067D00094ED060A84ED070A206B002801DA0020F8
:1067E0002063606B28B1D4E90C01884201D9606B49
:1067F0002063206BBDEC088B10BD00000000000082
:10680000FCF702BA90ED050AD0ED040A30EE600AFA
:1068100080ED070A70472DE9FC4106460C4600252D
:10682000002716E0002003214FF448732246CDE9EB
:1068300000100221304604F034F80546781CC0B23E
:1068400007460F2805DB242002F002FB0820BDE8E4
:10685000FC81002DE6D012234FF4487221463046C9
:1068600002F0FAFB2846F2E72DE9F04105460E4614
:106870001746984601233A4631462846FAF7ACF9BE
:1068800004464CB1204602F0E3FA03212846FFF704
:10689000C2FF0020BDE8F0810120FBE72DE9F041B7
:1068A00005460E461746984601233A463146284685
:1068B000FAF7B0F904464CB1204602F0C9FA0321B8
:1068C0002846FFF7A8FF0020BDE8F0810120FBE784
:1068D00010B504461E234FF416721A21204602F00A
:1068E000BBFB10BD10B504460B234FF416720221FA
:1068F000204602F0B1FB10BD2DE9F84380460E465C
:1069000014461F46DDE90895404600F063FE10B9C5
:106910000020BDE8F8830321404600F0B7FB322099
:1069200001F0FAFE5DB1322001F0F6FE062140468C
:10693000FFF71EFDC5EB0511880000F08EFB01205E
:1069400001F0EAFE012000F088FB0CB9032000E012
:10695000062002460CB9304600E0072001464046BA
:1069600001F0E6FE08B90020D3E70CB9032000E0EF
:10697000062002460CB9304600E00720014640469A
:1069800001F0D6FE08B90020C3E7304601F0C4FE8E
:10699000012000F062FB24B1012C10D0022C10D198
:1069A0000EE00123062231464046FFF777FF08B983
:1069B0000020AEE73146404600F046FE01E000E030
:1069C00000BF00BF1DB106214046FAF735FB0A2083
:1069D00001F0A2FE012000F040FB012302220A2167
:1069E0004046FFF75BFF08B9002092E74046FFF7FB
:1069F00079FF0321404600F087FB0B2001F08CFE5D
:106A0000012000F02AFB01231A460B214046FFF724
:106A100045FF08B900207CE74046FFF763FF0321EC
:106A2000404600F071FB0C2001F076FE012000F0E2
:106A300014FB01231A460C214046FFF72FFF08B92B
:106A4000002066E7012000F008FB012303220C214F
:106A50004046FFF723FF08B900205AE74046FFF7FA
:106A600041FF4046FFF73EFF4046FFF73BFF28202F
:106A700001F052FE012000F0F0FA4B463A460021A8
:106A8000012001F0D3FC2F2001F046FE012000F090
:106A9000E4FA4B465A220021012001F0C7FC2E20C7
:106AA00001F03AFE012000F0D8FA0A2000F08AFE38
:106AB00000F0CAFA022000F0D0FA042001F02CFE07
:106AC000012000F0CAFA06200346052204210090A6
:106AD000404600F049FB0421404600F0D7FA04206C
:106AE00001F01AFE012000F0B8FA0023012208216B
:106AF000404600F022FB0321404600F005FB09223E
:106B00000821404601F014FE00F0FCFF0A2000F0CE
:106B1000A4FA0120FDE62DE9F84380460D4616460D
:106B20001F46DDE90894404600F054FD10B90020EE
:106B3000BDE8F88324214046FFF71AFC03214046B4
:106B400000F0A4FA012001F0E7FD44B1062140461F
:106B5000FFF70EFCC4EB0411880000F07EFA012060
:106B600000F07BFA09222946404601F0E1FD08B910
:106B70000020DDE700230C2208214046FFF78EFEAF
:106B800008B90020D4E72D2001F0C6FD0A2000F04E
:106B900067FD022000F061FA0321404600F076FA1A
:106BA000002303222946404601F0D6FD284601F085
:106BB000B3FD012000F051FA26B1012E1AD0022EA9
:106BC00066D13EE00123062229464046FFF766FED5
:106BD00008B90020ACE70321404600F095FA2946A9
:106BE000404600F031FD002303220821404601F019
:106BF000B3FD4DE00123032229464046FFF74EFE38
:106C000008B9002094E70321404600F07DFA2946A8
:106C1000404600F019FD002303220821404601F000
:106C20009BFD002303220821404601F095FD01232E
:106C3000032208214046FFF731FE08B9002077E71C
:106C400026E001231A4629464046FFF727FE08B9E9
:106C500000206DE70321404600F056FA29464046E1
:106C600000F0F2FC002301220821404601F074FDEF
:106C7000002303220821404601F06EFD0123052276
:106C800008214046FFF70AFE08B9002050E700BF80
:106C900000BF1CB106214046FAF7CEF90A2001F0E8
:106CA0003BFD012000F0D9F901231A460A21404694
:106CB000FFF7F4FD08B900203AE74046FFF712FE5F
:106CC0000321404600F020FA0B2001F025FD0120B1
:106CD00000F0C3F9002301220B21404601F03CFDE6
:106CE000012302220B214046FFF7D8FD08B90020FE
:106CF0001EE74046FFF7F6FD0321404600F004FA88
:106D00000C2001F009FD012000F0A7F90123052264
:106D10000C214046FFF7C2FD08B9002008E74046B5
:106D2000FFF7E0FD4046FFF7DDFD4046FFF7DAFDE7
:106D3000002301220821404601F00EFD282001F029
:106D4000EBFC012000F089F94B463A460021012076
:106D500001F06CFB2F2001F0DFFC012000F07DF939
:106D6000002346221946012001F060FB4046FFF750
:106D7000B9FD4046FFF7B6FD02234622002101205F
:106D800001F054FB2E2001F0C7FC012000F065F952
:106D90000A2000F017FD00F057F9042001F0BCFCB8
:106DA000012000F05AF90620034605220421009034
:106DB000404600F0D9F90421404600F067F904206C
:106DC00001F0AAFC012000F048F90023012208216B
:106DD000404600F0B2F90321404600F095F9032245
:106DE0000821404601F0A4FC0C220821404601F095
:106DF0009FFC00F087FE012000F02FF9242140467F
:106E0000FAF71AF9012093E62DE9F04780460D467E
:106E100016461F46DDE90894FCF7E4FB404600F007
:106E2000D9FB10B90020BDE8F0871E22042140469E
:106E300000F05AF9322001F06FFC5CB1322001F011
:106E40006BFC06214046FFF793FAC4EB041188005F
:106E500000F003F9012000F000F9002078490968EA
:106E6000C884774909688884284601F055FC0120C8
:106E700000F0F3F826B1012E10D0022E10D10EE052
:106E80000123152229464046FFF708FD08B90020D6
:106E9000C9E72946404600F0D7FB01E000E000BF0B
:106EA00000BF1CB106214046FAF7C6F8162001F0D3
:106EB00033FC012000F0D1F80123032216214046C3
:106EC000FFF7ECFC08B90020ADE720214046FFF7B2
:106ED0004FFA052000F0C1F820214046FAF7ACF83F
:106EE000002303220821404601F036FC0023032240
:106EF0000821404601F030FC172001F00DFC012074
:106F000000F0ABF820214046FFF732FA0A2000F0EB
:106F1000A4F8012340F6AC5217214046FFF7BEFC0F
:106F200008B900207FE7282001F0F6FB012000F0DF
:106F300094F84B463A460021012001F077FA2F20C1
:106F400001F0EAFB012000F088F8002350221946E6
:106F5000012001F06BFA0F2001F0DEFB012000F0B0
:106F60007CF8012303220F214046FFF797FC08B964
:106F7000002058E7282001F0CFFB002346221946C5
:106F8000012001F06FFA0A2000F067F82021404646
:106F9000FFF7EEF9302001F0BFFB032000F05DF8B1
:106FA00028480068B0F86810404601F0D3FA08B9E4
:106FB000002038E700F090FD022000F04EF800F0CD
:106FC00093FD022000F049F800F03EF8022000F0A6
:106FD00044F8042001F0A0FB012000F03EF81E223E
:106FE0000421404600F080F820214046FFF7C0F918
:106FF00001231B2208214046FFF750FC08B900205E
:1070000011E728220421404600F06EF801231B22DC
:1070100008214046FFF742FC08B9002003E7282278
:107020000421404600F060F820214046FAF704F8B9
:1070300000F068FD0A2000F010F80120F3E60000DF
:10704000F8010020F40100207047704710B5044695
:1070500006212046F9F7F0FF10BD10B504464FF4A5
:107060007A7104FB01F005F00FF910BD7CB50646FE
:107070000C46154601204FF4487322460221CDE903
:107080000050304603F00DFC7CBD000070B5044696
:107090000D460321204600F037F80020FBF742FBA5
:1070A000DFED100AB4EEE00AF1EE10FA14DD002371
:1070B00055221946012001F0B9F903E041F2883068
:1070C00005F0E2F80020FBF72DFBDFED060AB4EE39
:1070D000E00AF1EE10FAF1DC29462046FFF79BFBAF
:1070E00070BD00000000AA4270B505460E46144669
:1070F00031462846FFF73CF92046FFF7AEFF314600
:107100002846F9F799FF70BD70B504460D46122365
:107110004FF448722946204601F09EFF70BD70B5BD
:1071200005462846FBF7D8F9044624B1204601F06D
:107130008FFE002070BD0120FCE72DE9F0410546DF
:107140000E461746984643463A4631462846FBF7D0
:10715000EBF904462CB1204601F07AFE0020BDE890
:10716000F0810120FBE700002DE9F04705460E46BF
:1071700017469846DDF82090002425E00221284695
:10718000FFF7F6F84FF4FA7005F07EF83A464FF440
:107190004871012002F0E6FB02E00A2005F074F8D5
:1071A0000B4800780028F8D002212846F9F744FF60
:1071B0004FF4FA7005F068F843464FF448723146D0
:1071C000284601F049FF641C4C45D7DBBDE8F08739
:1071D000FC01002010B50446224603490348FBF792
:1071E000D7F90148008810BD1803002016030020BD
:1071F00070B506460C46154629462046FCF7C8F9E8
:1072000070BD00002DE9F84380460D4616461F4626
:10721000DDE90894404600F0DDF910B90020BDE832
:10722000F88303214046FFF731FF322001F074FA62
:1072300044B106214046FFF79BF8C4EB04118800D7
:10724000FFF70BFF012001F067FA00230322294614
:10725000404601F081FA284601F05EFA0120FFF76E
:10726000FCFE36B1012E2ED0022E56D0032E76D142
:1072700092E00123062229464046FFF70FFB08B99A
:107280000020CCE72946404600F0DEF90023012229
:107290000821404601F060FA0023032208214046FD
:1072A00001F05AFA01231A4608214046FFF7F6FA80
:1072B00008B90020B3E74046FFF714FB032140461E
:1072C000FFF722FFB8E001231A4629464046FFF7A0
:1072D000E5FA08B90020A2E72946404600F0B4F9D3
:1072E000002301220821404601F036FA0023032240
:1072F0000821404601F030FA0123062208214046C9
:10730000FFF7CCFA08B9002089E74046FFF7EAFA10
:1073100003214046FFF7F8FE8EE0012302222946B2
:107320004046FFF7BBFA08B9002078E729464046F7
:1073300000F08AF9002301220821404601F00CFAEE
:10734000002303220821404601F006FA0123062209
:1073500008214046FFF7A2FA10B900205FE76AE073
:107360004046FFF7BFFA4046FFF7BCFA032140460C
:10737000FFF7CAFE4046FFF7D2FE09220821404629
:1073800001F0D6F94046FFF7A3FA012309220821AC
:107390004046FFF769FA4FE001230622294640469E
:1073A000FFF762FA08B9002039E72946404600F0A5
:1073B0004BF90123032208214046FFF755FA08B98B
:1073C00000202CE74046FFF783FA0A20FFF745FE2E
:1073D00003214046FFF798FE4046FFF7A0FE092232
:1073E0000821404601F0A4F94046FFF771FA012355
:1073F000092208214046FFF737FA08B900200EE7B6
:107400004046FFF765FA0A20FFF727FE4046FFF7E0
:1074100086FE09220821404601F08AF94046FFF71E
:1074200057FA0123092208214046FFF71DFA08B93F
:107430000020F4E600E000BF00BF14B14046FFF7B3
:1074400005FE03214046FFF75FFE112001F064F9BD
:107450000120FFF702FE01205449087001231A465B
:107460003D21404600F0A4F804214046FFF74CFEC1
:1074700004214046FFF748FE01231A463D214046BD
:10748000FFF70CFA08B90020C9E600204749087048
:107490004046FFF727FA002301220821404600F06A
:1074A00087F8002301220821404600F081F82D20B2
:1074B00001F032F90A2000F0BDFA0A20FFF7CDFDF5
:1074C000172001F029F90120FFF7C7FD01203749F6
:1074D000087001231A463E21404600F069F8012356
:1074E0001A463E214046FFF7D9F908B9002096E632
:1074F00000202E4908704046FFF7F4F900230122CE
:107500000821404600F054F800230122082140469B
:1075100000F04EF8292001F0FFF80120FFF79DFD53
:107520004B463A460021012000F080FF4046FFF71D
:10753000D9F91E20FFF791FD2E2001F0EDF80A2069
:1075400000F05CFA0520FFF788FD0520FFF785FDB8
:10755000042001F0E1F80220FFF77FFD062003463A
:107560000522042100904046FFF7FEFD042140461D
:10757000FFF78CFD0120FFF770FD01230922082190
:107580004046FFF78BF903214046FFF77FFD0123BB
:10759000092208214046FFF781F90A2000F012FA7B
:1075A000FFF753FD00F0AEFA012038E61802002084
:1075B0002DE9F04104460D4616461F463B4632462D
:1075C00029462046FFF7B9FD04212046FFF79CFD20
:1075D000BDE8F08170B5054600240020184909680F
:1075E000A1F84C0016490968A1F84A001549096834
:1075F00088801348006890ED210A1148006880EDEA
:10760000220AF9F7A1FC00210520F9F72FFB3C2203
:1076100000212846FFF7ECFD03212846FFF774FD03
:1076200003212846FFF770FD44B1204601F010FC0D
:1076300000211220F9F71AFB002070BD0120FCE7A1
:10764000F4010020F801002070B504460D460A231D
:107650004FF416722946204601F0FEFC70BD000072
:1076600010B52DED088B044622461F48016866318F
:1076700000686430FAF78CFF1B490968B1F86600AE
:1076800008F024FC41EC1A0B17490968B1F86400B2
:1076900008F01CFC41EC1B0B53EC1A2B08F03EFAD3
:1076A00041EC190BB0EE490AF0EE690A03F068FBF1
:1076B000B0EE408AF0EE608A51EC180B08F048F901
:1076C00009490968C1F89C004FF47A7004F0DCFDA8
:1076D00084200649096848854FF47A7004F0D4FD87
:1076E000BDEC088B10BD0000F4010020F801002063
:1076F0002DE9FF41694602A82F4A126890470646C5
:1077000040F6B83004F0C0FD0DF102010DF10A00A1
:10771000294A12689047064640F6B83004F0B4FD96
:1077200001A903A8244A126890470646BDF808003C
:10773000BDF80A10884201DC012000E00020044668
:107740000CB9012500E0002502A830F81400BDF8AE
:107750000C10884201DA204600E00220074602A809
:1077600030F8150002A931F81710884201DD2846CB
:1077700000E03846044602A830F814000F490968B2
:10778000A1F866003DF814000C490968A1F86400EE
:10779000012E06D0212001F05BFB002004B0BDE8E3
:1077A000F081842006490968488540F6B83004F025
:1077B0006BFD0120F2E700000C030020F401002023
:1077C000F801002010B52DED088B044622461D4817
:1077D00001686A3100686830FAF7DAFE1949096809
:1077E000B1F86A0008F072FB41EC1A0B1549096800
:1077F000B1F8680008F06AFB41EC1B0B53EC1A2B44
:1078000008F08CF941EC190BB0EE490AF0EE690A68
:1078100003F0B6FAB0EE408AF0EE608A51EC180B35
:1078200008F096F807490968C1F8A0004FF47A708B
:1078300004F02AFD4FF47A7004F026FDBDEC088BAD
:1078400010BD0000F4010020F0B52DED088B85B0CF
:1078500001A903A8584A12689047064640F6B83076
:1078600004F012FD0DF106010DF10E00524A1268EE
:107870009047064640F6B83004F006FD02A904A879
:107880004D4A126890470646BDF80C00BDF80E1030
:10789000884201DC012000E0002004460CB90125EB
:1078A00000E0002503A830F81400BDF8101088424D
:1078B00001DA204600E00220074603A830F8150050
:1078C00003A931F81710884201DD284600E0384648
:1078D000044603A830F8140038490968A1F86A0082
:1078E00001A830F8140035490968A1F86800012E94
:1078F00007D0212001F0ACFA002005B0BDEC088BC8
:10790000F0BD2E490968B1F8680008F0DFFA41ECD3
:10791000190B2A490968B1F8640008F0D7FA41EC5C
:107920001B0BB0EE4B0AF0EE6B0A03F029FAB0EE37
:1079300040AAF0EE60AA53EC192B51EC1A0B08F098
:10794000EDF841EC180B08F003F81C490968C1F880
:107950009C001A490968B1F86A0008F0B7FA41ECCE
:107960001A0B16490968B1F8660008F0AFFA41EC45
:107970001B0B53EC1A2B08F0D1F841EC190BB0EEAD
:10798000490AF0EE690A03F0FBF9B0EE408AF0EE26
:10799000608A51EC180B07F0DBFF08490968C1F851
:1079A000A000852006490968488540F6B83004F0F3
:1079B0006BFC0120A1E700000C030020F401002073
:1079C000F801002010B5044622460A4801686A31D1
:1079D00000686430FAF7DCFD4FF47A7004F054FC70
:1079E00084200549096848854FF47A7004F04CFCFE
:1079F00010BD0000F4010020F801002010B504467D
:107A000022460A480168683100686430FAF7C0FD10
:107A10004FF47A7004F038FC8420054909684885E1
:107A20004FF47A7004F030FC10BD0000F401002027
:107A3000F801002010B5044622460A480168663164
:107A400000686430FAF7A4FD4FF47A7004F01CFC6F
:107A500084200549096848854FF47A7004F014FCC5
:107A600010BD0000F4010020F801002010B504460C
:107A700022460A480168663100686430FAF788FDDA
:107A80004FF47A7004F000FC8420054909684885A9
:107A90004FF47A7004F0F8FB10BD0000F4010020F0
:107AA000F801002010B500210620F9F7DFF802F0F8
:107AB0006BF910BD1CB5694601A8064A12689047CB
:107AC0000446012C04D0212001F0C2F900201CBD85
:107AD0000120FCE70C030020842002490968488546
:107AE00070470000F8010020852002490968488598
:107AF00070470000F801002010B50446204602F04F
:107B00001BF910BD10B500210620F9F7AFF802F0FF
:107B100077F910BD2DE9F84380460D4616461F46FD
:107B2000DDE908944046FFF755FD10B90020BDE897
:107B3000F88303214046FFF7A9FA322000F0ECFD5C
:107B400044B106214046FEF713FCC4EB0411880043
:107B5000FFF783FAFFF7AEFF08B90020E7E704203C
:107B600000F0DAFD0120FFF778FA0C2208214046E8
:107B700000F0DEFD08B90020D9E701230C2208211E
:107B80004046FEF78BFE08B90020D0E72D2000F01C
:107B9000C3FDFFF7ADFD08B90020C8E7032140464B
:107BA000FFF774FA284600F0B7FD0120FFF755FAF9
:107BB00026B1012E2BD0022E28D157E0002303221C
:107BC0002946404600F0C8FD0023032229464046CE
:107BD00000F0C2FD0123042229464046FEF75EFE66
:107BE00008B90020A3E729464046FFF72DFD0023F2
:107BF00003220821404600F0AFFD012306220821A0
:107C00004046FEF74BFE08B9002090E777E00023DE
:107C100003222946404600F09FFD00230322294607
:107C2000404600F099FD01231A4629464046FEF7DA
:107C300035FE08B900207AE729464046FFF704FDE3
:107C4000002301220821404600F086FD0023032284
:107C50000821404600F080FD01230922082140460A
:107C6000FEF71CFE08B9002061E748E0002303226C
:107C70002946404600F070FD002303222946404675
:107C800000F06AFD01231A4629464046FEF706FE2B
:107C900008B900204BE729464046FFF7D5FC0023F2
:107CA00001220821404600F057FD0023032208214D
:107CB000404600F051FD01230C2208214046FEF70A
:107CC000EDFD08B9002032E70A2203214046FFF704
:107CD000CDF9002301220821404600F03DFD00239C
:107CE00003220821404600F037FD01230722082126
:107CF0004046FEF7D3FD08B9002018E700BF00BFDB
:107D00001CB106214046F9F797F903214046FFF7D9
:107D1000FBF9172000F000FD0120FFF79EF9012379
:107D20001A4617214046FEF7B9FD08B90020FEE6C5
:107D3000002301220821404600F00EFD002301220D
:107D40000821404600F008FD162000F0E5FC012067
:107D5000FFF783F901231A4616214046FEF79EFDE0
:107D600008B90020E3E64046FEF7BCFD00230122EF
:107D70000821404600F0F0FC282000F0CDFC012056
:107D8000FFF76BF94B463A460021012000F04EFB0D
:107D90002F2000F0C1FC0120FFF75FF90023322201
:107DA0001946012000F042FB0F2000F0B5FC012035
:107DB000FFF753F901231A460F214046FEF76EFDE7
:107DC00008B90020B3E64046FEF78CFD2F2000F0F6
:107DD000A3FC0120FFF741F92E2000F09DFC0220BA
:107DE000FFF73BF9FFF730FDFFF72EF9042000F015
:107DF00093FC0120FFF731F90620034605220421F8
:107E000000904046FFF7B0F903214046FFF73EF9E6
:107E10000120FFF722F9002303220821404600F049
:107E20009BFC002301220F214046FEF737FD08B9D5
:107E300000207CE60D220821404600F079FC0F224C
:107E40000821404600F074FCFFF75CFE0A20FFF7B3
:107E500004F901206BE62DE9F04780460D461646F1
:107E60001F46DDE908944046FFF7B4FB10B9002037
:107E7000BDE8F08703214046FFF708F9322000F003
:107E80004BFC44B106214046FEF772FAC4EB0411E4
:107E90008800FFF7E2F8042000F03EFC0120FFF725
:107EA000DCF8012000F038FC0120FFF7D6F80922A9
:107EB0002946404600F03CFC08B90020D8E70123E1
:107EC0000C2208214046FEF7E9FC08B90020CFE764
:107ED00003214046FFF7DAF80023032229464046F3
:107EE00000F03AFC284600F017FC0120FFF7B5F837
:107EF00016B1012E2BD10DE0012303222946404665
:107F0000FEF7CCFC08B90020B2E729464046FFF74F
:107F10009BFB1DE001231A4629464046FEF7BEFCA6
:107F200008B90020A4E729464046FFF78DFB00234F
:107F300001220821404600F00FFC01230322082102
:107F40004046FEF7ABFC08B9002091E700E000BF17
:107F500000BF1CB106214046F9F76EF8172000F06B
:107F6000DBFB0120FFF779F80023012217214046AF
:107F7000FFF71EFB01231A4617214046FEF78EFC31
:107F800008B9002074E74046FEF7ACFC002301224C
:107F90000821404600F0E0FB282000F0BDFB012056
:107FA000FFF75BF84B463A460021012000F03EFA0D
:107FB0002F2000F0B1FB0120FFF74FF80023322201
:107FC0001946012000F032FA0C2000F0A5FB002336
:107FD00001220821404600F0BFFB012306220C21AC
:107FE0004046FEF75BFC08B9002041E74046FEF73B
:107FF00079FC4046FEF776FC282000F08DFB052337
:1080000046220021012000F011FA2D2000F084FB0F
:108010001E20FFF722F80A20FFF722FB112000F0B4
:108020007BFB0120FFF719F80023012211214046B4
:10803000FFF7BEFA0123022211214046FEF72EFC73
:1080400008B9002014E7282000F066FB032346222D
:108050000021012000F0EAF92E2000F05DFB142041
:10806000FEF7FBFF0A20FFF7ADFBFEF7EDFF022056
:10807000FEF7F3FF042000F04FFB0120FEF7EDFFB9
:1080800004214046FFF702F80120FEF7E6FF032235
:108090000821404600F04CFB0C220821404600F02D
:1080A00047FBFFF72FFD0A20FEF7D7FF0120DFE691
:1080B0002DE9F84380460D4616461F46DDE9089433
:1080C0004046FFF787FA10B90020BDE8F883032186
:1080D0004046FEF7DBFF322000F01EFB5CB1322091
:1080E00000F01AFB06214046FEF742F9C4EB0411EA
:1080F0008800FEF7B2FF012000F00EFB0120FEF722
:10810000ACFF09222946404600F012FB08B90020C6
:10811000DBE70C220821404600F00AFB08B90020EA
:10812000D3E7284600F0F8FA0120FEF796FF36B1B3
:10813000012E16D0022E3BD0032E7CD15FE001230E
:10814000092229464046FEF7A9FB08B90020BCE7F2
:1081500029464046FFF778FA03214046FEF7D4FF50
:1081600091E00123032229464046FEF797FB08B918
:108170000020AAE703214046FEF7C6FF29464046F5
:10818000FFF762FA002301220821404600F0E4FADA
:10819000002303220821404600F0DEFA01230822D2
:1081A00011464046FEF77AFB08B900208DE76AE0E9
:1081B0000123022229464046FEF770FB08B9002041
:1081C00083E729464046FFF73FFA03214046FEF782
:1081D0009BFF002301220821404600F0BDFA002346
:1081E00003220821404600F0B7FA012309220821A2
:1081F0004046FEF753FB08B9002066E743E0012341
:10820000022229464046FEF749FB08B900205CE7F8
:1082100029464046FFF718FA03214046FEF774FF4F
:10822000002301220821404600F096FA0023032291
:108230000821404600E025E000F08EFA01230922E3
:1082400008214046FEF72AFB08B900203DE7082236
:1082500003214046FEF70AFF00230322082140467F
:1082600000F07AFA002303220821404600F074FA55
:108270000123092208214046FEF710FB08B900201F
:1082800023E700E000BF00BF1CB106214046F8F71D
:10829000D3FE172000F040FA0120FEF7DEFE032196
:1082A0004046FEF731FF03214046FEF72DFF002335
:1082B000012217214046FFF77BF901231A461721B7
:1082C0004046FEF7EBFA08B90020FEE64046FEF70E
:1082D00009FB03214046FEF717FF282000F01CFA97
:1082E0000120FEF7BAFE4B463A460021012000F07D
:1082F0009DF82F2000F010FA0120FEF7AEFE0023BB
:1083000046221946012000F091F8192000F004FAE5
:108310000120FEF7A2FE03214046FEF7F5FE0321F1
:108320004046FEF7F1FE0023012219214046FFF7E7
:108330003FF901231A4619214046FEF7AFFA08B962
:108340000020C2E64046FEF7CDFA4046FEF7CAFAE4
:1083500003214046FEF7D8FE282000F0DDF9012376
:1083600046220021184600F061F82D2000F0D4F9D3
:108370000A20FFF775F9112000F0CEF903214046DD
:10838000FEF7C2FE03214046FEF7BEFE0023012297
:1083900011214046FFF70CF901231A4611214046EE
:1083A000FEF77CFA08B900208FE64046FEF79AFAFD
:1083B000282000F0B1F9032348220021012000F019
:1083C00035F82E2000F0A8F91420FEF746FE0A200A
:1083D000FFF7F8F9FEF738FE0220FEF73EFE042014
:1083E00000F09AF90120FEF738FE06200346052228
:1083F000042100904046FEF7B7FE04214046FEF7F8
:1084000045FE0120FEF729FE0023032208214046F5
:1084100000F0A2F90C220821404600F089F9FFF78C
:1084200071FB0A20FEF719FE01204EE62DE9F0410E
:1084300080460C4615461E46012002F035FC0746D4
:1084400032462946204601F00BFA1E2002F02CFC91
:1084500007462FB1384600F0FBFC0020BDE8F08154
:108460000120FBE72DE9F04107460C4615469846EA
:108470004FF0FF322946204601F0F2F91E2002F0AB
:1084800013FC064616B10020BDE8F0810120FBE791
:108490002DE9F04705460C4690469946DDE9086708
:1084A0000320FEF7DAFD2846FFF794F810B9002004
:1084B000BDE8F08703212846FEF7E8FD0120FEF71E
:1084C000CCFD322000F028F90120FEF7C6FD012086
:1084D00000F022F90120FEF7C0FD204600F01CF953
:1084E0000120FEF7BAFD0A2000F016F90120FEF780
:1084F000B4FD0B2000F010F90120FEF7AEFD0C20BA
:1085000000F00AF90120FEF7A8FD282000F004F988
:108510000120FEF7A2FD2F2000F0FEF80120FEF75B
:108520009CFD2E2000F0F8F80120FEF796FD0A20B1
:10853000FFF748F9FEF788FD0220FEF78EFD0420C4
:1085400000F0EAF8FFF7AEFA0120FEF786FD012001
:10855000AEE700002DE9F84F83460D46002000905D
:108560000027824680464FF005091721584600F043
:10857000F9FE01F0B1FC40F6C41A4FF4FA7003F0B2
:1085800083FE1F21584600F0EDFE4FF6FF705F4955
:108590000968C8840A20FEF71DFE5D490968A1F834
:1085A00068005B480068B0F86850ADE0BAF1000FB1
:1085B0000FD11721584600F0D5FE01F08DFC40F692
:1085C000C41A4FF4FA7003F05FFE1F21584600F002
:1085D000C9FE484601F0AEFC08EB09001FFA80F81E
:1085E000AAEB09001FFA80FA49480068A0F86480E5
:1085F000009803F049FE0120FEF7ECFD04464448D4
:108600000068A0F86A40AC4201DD601B00E0281B56
:1086100086B2B6F5FA7F06DBB6F57A7F03DAFA2082
:108620000090002760E0B6F57A7F08DB40F2DC506E
:10863000864204DA009000274FF0050954E040F22A
:10864000DC5086424BDB31480068C48400BF012007
:10865000FEF7C0FD04462E480068A0F86A40AC4210
:1086600001DD601B00E0281B86B240F2DC50864230
:1086700007DB781C87B2012F09D124480068C48425
:1086800005E0002021490968C884002701E0032F84
:10869000DDDB00BF781C80B20746032824DB4FF6E1
:1086A000FF701A490968C8841A48D0ED000AB2EE72
:1086B000041AB6EE000A00EE810ABCEEC00A10EE03
:1086C000100A13490968A1F8660020215846F8F7F6
:1086D000B3FC0020FFF710FA0120BDE8F88F00205E
:1086E000009000274FF0050941F64C5080450BDD06
:1086F00020215846F8F7A0FC0020FFF7FDF92520BF
:1087000000F0A6FB0020E8E750E70000F801002099
:10871000F4010020BC02002010B5044603480068A4
:1087200044850120FEF799FC10BD0000F8010020EF
:108730002DE9F04105460E4617463A463146284691
:1087400002F0C7FA04462CB1204600F081FB00205D
:10875000BDE8F0810120FBE72DE9F04104460D461C
:1087600016461F463B46324629462046FEF7E5FCA4
:1087700003212046FEF7C8FCBDE8F0810024FAF78B
:10878000D5FD0122D1033748FAF742F902F09CF9EE
:10879000F9F708FC4FF47A7003F076FDF9F758FF0B
:1087A000054625B322E0012211022F48FAF730F9DD
:1087B000322003F069FD00224FF480712A48FAF755
:1087C00027F9642003F060FD012211022648FAF720
:1087D0001FF9322003F058FD00224FF48071224827
:1087E000FAF716F94FF4487003F04EFDDBE700BFCF
:1087F0001E48007870B91E48007858B14FF47A705E
:1088000003F042FD1B4801682431006826301A4AF3
:1088100012689047322003F037FD03F033FF04461F
:108820004FF4FA720221032003F084FF044604F09F
:108830000040B0F1004FDBD004F0010028B101206E
:108840000C490968C880FAF78BFB04F0020010B1EC
:108850000A4802F007FA032003F0E8FE002003496B
:108860000870C5E7000C024000080240A802002082
:10887000A9020020F80100200C030020EC63002076
:1088800010B5044601F088FA0348006804F084F843
:1088900001200249087010BD40030020FC010020A7
:1088A0002DE9F04106460F4614461D46394630462E
:1088B000FDF75EFD2A462146002001F053F802E054
:1088C000322003F0E1FC074800780028F8D04FF48C
:1088D000FA7003F0D9FC39463046F8F7ADFBBDE835
:1088E000F0810000FC01002000212F230846491CD4
:1088F0000D4A135431230846491C13543F2308469C
:10890000491C13540D230846491C1354074880780A
:10891000602801D10020704704488078402801D1A8
:108920000120F8E70120F6E7A06E0020606E00202D
:10893000014600BF0448006800F0F0000009034A47
:10894000125C21FA02F0704708380240F41505085D
:10895000014600BF0548006800F4E050044A02EBFD
:108960009020027821FA02F0704700000838024097
:1089700004160508014600BF0548006800F4604081
:10898000044A02EB5030027821FA02F070470000EE
:10899000083802400416050810B5002400BF0C4832
:1089A000006800F00C0020B1042804D0082809D188
:1089B00003E0084C08E0084C06E0082000F00EF840
:1089C000044601E0034C00BF00BF204610BD00007C
:1089D000083802400024F40000127A002DE9F0412A
:1089E000044600250026002700BF1548006800F453
:1089F000800006461EB1B6F5800F04D101E0114D8E
:108A000003E0114D01E00F4D00BF00BF082C14D151
:108A100000BF0B48006800F03F00B5FBF0F8FBF723
:108A2000A3FB08FB00F80648006800F44030012171
:108A300001EB10404000B8FBF0F73846BDE8F0818C
:108A4000043802400024F40000127A0010B505201A
:108A500041490968A1F878003F4800680088FC286F
:108A600027D006DC01280BD002280AD0122859D1C1
:108A700015E0FD280AD0FE284DD0FF2852D11FE076
:108A800000BF002034490968088062E001F072F9F3
:108A90003248F8F7C3FB002001F098F900BF00202E
:108AA00001F094F900202C49096808802C490870CD
:108AB0004FE000F0BDFA002027490968088048E02F
:108AC0000020254909680880FE210846F8F7CEF8FD
:108AD00000F046FB00F0ACFA72B600BF00BF00BF6A
:108AE00000BF00BFBFF34F8F00BF00BF00BF1D48D6
:108AF000006800F4E0601C490843001D1949086043
:108B000000BF00BF00BFBFF34F8F00BF00BF00BF5B
:108B100000BF00BFFDE700200F490968088000F092
:108B200087FA16E00E48007868B906200A490968F5
:108B3000A1F8780001200A49087001210B4800685B
:108B400003F0B8FD04E0072003490968A1F87800A4
:108B500000BF00BF10BD0000F4010020FFFF0300B4
:108B6000A80200200CED00E00000FA05340300200C
:108B70002DE9F04781468A4600240025002600277B
:108B8000A046032000F0D0FA4BE042F2107800BF7C
:108B90004FF480412A48FBF7BDFA20B1B8F100003C
:108BA000A8F10108F4DA42F21070A0EB08002549A0
:108BB0000860F7F70CFF0746022000F0B5FA3E44C4
:108BC00021482249096840F8217042F2107800BF1C
:108BD0004FF480411A48FBF79DFA20B1B8F100002C
:108BE000A8F10108F4DA42F21070A0EB0800154970
:108BF0000860F7F7ECFE0746032000F095FA3D44C5
:108C0000124801680068401C104A1060104840F883
:108C100021701046007800F07F0011460860601C4B
:108C200084B25445B1DB95FBF4F596FBF4F62D12B6
:108C30003612A9F80250A9F80060BDE8F0870000DC
:108C40000010024078020020C06A00207C02002050
:108C5000C068002070B504460D4629462046FFF73F
:108C600087FF70BD2DE9FF4106460F460024002511
:108C700002A903A800F066F8A0460CE0322269467B
:108C800001A800F01FF8BDF804000444BDF800007E
:108C9000054408F10108B8F10A0FEFDB641D6D1DF2
:108CA0000A20B4FBF0F0BDF80C10401A30800A2006
:108CB000B5FBF0F0BDF80810401A3880012004B070
:108CC000BDE8F0812DE9F04106460F46904640464A
:108CD00000F092FD4FF47A711848006803F0DCFB55
:108CE00048BB174C0A2522E002E0641C681EC5B28E
:108CF0002078552801D0002DF7D115B90020BDE806
:108D0000F0810721601CFDF79FFA217A88420BD180
:108D10006079217900EB01203080E079A17900EBC6
:108D2000012038800120EAE7641C681EC5B2002DCE
:108D3000DAD10020E3E70020E1E70000580300203B
:108D4000C06C00202DE9FC4106460F46002400259A
:108D5000A0460CE06422694601A800F019F8BDF8AD
:108D600004000444BDF80000054408F10108B8F10E
:108D70000A0FEFDB641D6D1D0A20B4FBF0F030809C
:108D80000A20B5FBF0F038800120BDE8FC8100002E
:108D90002DE9F04106460F469046404600F046FD5C
:108DA0004FF47A711848006803F076FB48BB174C03
:108DB0000A2522E002E0641C681EC5B2207855280E
:108DC00001D0002DF7D115B90020BDE8F0810721B1
:108DD000601CFDF739FA217A88420BD1607921793C
:108DE00000EB01203080E079A17900EB0120388090
:108DF0000120EAE7641C681EC5B2002DDAD100200C
:108E0000E3E70020E1E7000058030020C06C0020E9
:108E100010B5552008490880AA2048800B46022238
:108E200000210120FCF7B8FF0446002C02DB0248B9
:108E3000006810BD2046FCE79202002010B50446F1
:108E40002346022220210120F9F700F910BD00007D
:108E500010B5044621460720F7F708FF02480068CE
:108E60008480012010BD0000F801002010B50446E8
:108E700006F008FA144908600846006813490968B2
:108E8000401A114908600846008811490968A1F88C
:108E900058000D4800680A21B0FBF1F00A4908604B
:108EA000084600680B490968B0FBF1F00649086004
:108EB00008460068642801D96420086002480088D8
:108EC00003490968088510BD400200203C020020CB
:108ED000F80100203802002010B5152200210120E1
:108EE000FCF7D2FF10BD000010B52DED068B4548F4
:108EF0000068007860B140F6D27243494348FAF7FF
:108F00008FFF41494148FAF798FFBDEC068B10BD31
:108F10003F480068007848B164223B493B48FAF773
:108F20007FFF39493948FAF788FFEEE7394800688A
:108F3000007820B13848006890ED318A03E0364867
:108F4000006890ED308A34480068D0ED348A88EEAD
:108F5000280AB0EE408AB3EE000A28EE000AB0EE0E
:108F6000408A2D48006890ED330AF1EE000A30EE99
:108F7000C00A30EE080AB0EE408A9FED280A28EEBB
:108F8000000AB0EE408A2448006890ED320A224878
:108F90000068D0ED330A30EE600AC8EE000AB0EE89
:108FA000608A9FED1F0A38EE000AB0EE408AB5EEE7
:108FB000C08AF1EE10FA03D29FED1A0AB0EE408A91
:108FC00018EE100A07F0FCF941EC1A0B9FED160B96
:108FD00053EC102B06F0EEFC41EC190B06F032FFBF
:108FE00084B2B4F5805F01DB40F6FF742246064987
:108FF0000648FAF715FF04490448FAF71EFF00BFB8
:1090000083E700005C0200200100100200740040B1
:109010006002002058020020F401002000E07645A4
:109020000000C84200000000000000000000E03F17
:1090300010B540F265420549054800F023FE45F2AF
:10904000AA510448C0F88C1110BD00006C520020D9
:10905000000002086C6200202DE9F04104460D4634
:1090600016461F463B46324629462046FFF718FC67
:10907000BDE8F08110B504460248006803F0A8FA84
:1090800010BD00006003002030B5DFED220AB4EE11
:10909000E00AF1EE10FA03DDDFED1E0AB0EE600A21
:1090A000B5EEC00AF1EE10FA03D2DFED1B0AB0EE06
:1090B000600ADFED1A0A60EE200AB0EE600ADFED0A
:1090C000150A80EE201AB0EE410AF6EE000A70EEA4
:1090D000200AB0EE600AFCEEC00A10EE901A88B2C8
:1090E0000F49104A01F10804C2F3034504EB85035C
:1090F0001C686FF30B0404431C6000BF1146084A50
:10910000126801F010040123A3401A43044B1A60B3
:1091100000BF30BD000004420000000000F07F45A9
:10912000007400401200431570B504460025032C5E
:1091300000DD00240348005D40F001052846F7F7F4
:1091400020FD70BD7402002010B504480068C2887C
:1091500005210120F8F7DAFE10BD0000F40100201F
:109160000821024880F89011704700006C620020CE
:1091700070B50B48006800894FF47A7100FB01F468
:109180004FF6FF7000EA2445A6B22A4603210120CB
:10919000F8F7BCFE324604210120F8F7B7FE70BD97
:1091A000F401002010B52DED028BB0EE408A9FED4A
:1091B0001F0AB4EEC08AF1EE10FA03DD9FED1B0A20
:1091C000B0EE408AB5EEC08AF1EE10FA03D29FED00
:1091D000180AB0EE408A9FED170A28EE000AB0EE9A
:1091E000408A9FED120AC8EE000AB0EE608AB6EE21
:1091F000000A38EE000AB0EE408ABCEEC80A10EE53
:10920000100A84B224B921460B48FBF7D5FA0AE0CC
:1092100021460948FBF7D0FA01210748FBF7BEF9C0
:109220000548FBF7C4F9BDEC028B10BD00000442F9
:10923000000000000080BB450004004010B52DED8B
:10924000028BB0EE408A9FED200AB4EEC08AF1EEA8
:1092500010FA03DD9FED1C0AB0EE408AB5EEC08A1D
:10926000F1EE10FA03D29FED190AB0EE408A9FED9D
:10927000180A28EE000AB0EE408A9FED130AC8EEE5
:10928000000AB0EE608AB6EE000A38EE000AB0EED0
:10929000408ABCEEC80A10EE100A84B224B92146F6
:1092A0000C48FBF78DFA0BE021460A48FBF788FAD9
:1092B0004FF480710748FBF771F90648FBF777F91F
:1092C000BDEC028B10BD0000000004420000000055
:1092D0000080BB450004004080ED0A0A70474163EE
:1092E000704780ED000AC0ED010A80ED021AC0ED62
:1092F000031A7047816390ED0E0AB8EE400A80EDC4
:109300000A0A704780ED040A7047000070B50546F0
:1093100000242F222046641C10490A543122204682
:10932000641C0A5456222046641C0A54052095FBEE
:10933000F0F6081932460AA1F7F792F804440D2214
:109340002046641C05490A5400BF4FF4FA7002F02D
:109350009BFFFFF7C9FA0028F7D170BDA06E00206F
:10936000256400002DE9F04105460E4631462846A9
:10937000F9F7BCF9C7B200242F222046641C11491A
:109380000A5431222046641C0A546F222046641C71
:109390000A5407F13000C2B22046641C0A5452221B
:1093A0002046641C0A540D222046641C0A5400BF47
:1093B0004FF4FA7002F068FFFFF796FA0028F7D131
:1093C000BDE8F081A06E002070B5054600242F2274
:1093D0002046641C11490A5431222046641C0A5458
:1093E0007E222046641C0A5456222046641C0A54DD
:1093F00008192A460AA1F7F733F804440D2220463B
:10940000641C06490A5400BF4FF4FA7002F03CFF96
:10941000FFF76AFA0028F7D170BD0000A06E0020A7
:109420002564000070B5054600242F222046641CE8
:1094300019490A5431222046641C0A547A222046D3
:10944000641C0A5423222046641C0A5440222046ED
:10945000641C0A5432222046641C0A5439222046D5
:10946000641C0A543D222046641C0A5408192A46EA
:109470000AA1F6F7F5FF04440D222046641C0649B4
:109480000A5400BF4FF4FA7002F0FEFEFFF72CFA08
:109490000028F7D170BD0000A06E002025640000F8
:1094A00080ED050A7047000010B504480068828E00
:1094B00001210846FCF7E8FC10BD0000F401002083
:1094C00070B536480021C022354B5B5C03445B68B5
:1094D0006FF30F031343324C645C0444636000BFBA
:1094E000304B0C46002514B903F14C0500E02E4D1D
:1094F0002A4600BF2A4B5B5C03449A6000BF2748A2
:1095000000212A4A264B5B5C0344DA6000BF284AEC
:10951000234B5B5C03441B69214C645C0444226163
:1095200000BF00BF1E4A525C825842F480221C4B8E
:109530005B5CC25000BF00BF194A525C825842F0C7
:109540000102174B5B5CC25000BF00BF20201349D3
:10955000886000BF08460021114A525C825842F0E0
:1095600010020F4B5B5CC25000BF00BF0D4880680B
:1095700040F001000B49886000BF00BF08468068CA
:1095800040F08040886000BF4FF44070896821F44B
:1095900040710143034A916000BF70BD0064024006
:1095A0000C0705080020014008230140FC6F002043
:1095B0007C7100202DED088B0024FCF7F5FEFCF7F4
:1095C00053FEF9F7FFFE322002F05EFE00224FF458
:1095D00080717648F9F71CFAFFF772FF00BF7448F4
:1095E000006840F040007249086000BFF7F7BCF91E
:1095F00000BF0A2002F048FE04216E48FFF72AFB54
:109600006D48007800287DD06A4800886B49088042
:10961000684840886A490880F7F78EFC01221103E8
:109620006848F9F7F5F90020634908706348008835
:1096300065490988401A6549096808446349086012
:109640005F48008862490988401A624909680844ED
:1096500060490860601C84B20A2CCAD101205E49AE
:10966000096808835B480068401D0A2190FBF1F0FF
:10967000594909684883012057490968888457482F
:109680000068401D0A21B0FBF1F053490968C88405
:109690005348008800282ADD4FF4FA7151480068C9
:1096A00002F048FEF0B94E4840684B490968C98C41
:1096B00008444B4948600846806847490968498B17
:1096C00008444749886008460088401E088045488D
:1096D000006802F0B9FE50B143480068401C42499E
:1096E000086004E040480068401C3F4908603A496F
:1096F0000968488B06F0EAFB41EC1A0B3649096809
:10970000088B00E030E006F0E1FB41EC1B0B53EC72
:109710001A2B06F003FA41EC190BB0EE490AF0EEF1
:10972000690A01F02DFBB0EE408AF0EE608A51EC40
:10973000180B06F00DF92D490968C1F880004FF4A7
:1097400000612048F9F75AF9002400201F490860F9
:10975000204908602649086020490860FFF7C4FBDB
:109760002448F7F721FF44E712480088164908808B
:1097700010484088164908801D4800681249098829
:1097800008441B49086015480068114909880844C5
:1097900012490860FCF768FD00224FF48051094827
:1097A000F9F736F901200449087022E70008024061
:1097B00000380040E46F0020D8020020DE020020C4
:1097C000E0020020000C0240DA020020E402002047
:1097D000DC020020E8020020F8010020F002002056
:1097E000F06F00204C030020D4020020F401002080
:1097F000EC020020D86F002010B50446AA200A49C8
:10980000087055204870002088700620C8701E20FF
:109810000871200A48718C7105210348801CFCF7EF
:1098200013FD0149C87110BD006D002010B504463C
:10983000AA200A4908705520487000208870062028
:10984000C8702F200871200A48718C7105210348C7
:10985000801CFCF7F9FC0149C87110BD006D0020A7
:109860002DE9F04106460D46174606EB460000EB93
:10987000C6000D4901EB00140C48F7F755FB0B48E7
:10988000FCF7C0FF00EE105AB8EE400A84ED040A5F
:10989000C7EB0710800001B2A18201206080A08088
:1098A0002080BDE8F0810000286F0020E06E0020DD
:1098B00070B52DED028B0446B0EE408AB5EEC08A3D
:1098C000F1EE10FA02D8BDEC028B70BD1F480068A3
:1098D0000482002C01DD012504E0002C02DA0025C1
:1098E000604204B29FED1A0A28EE000ADFED190A61
:1098F00060EE200A00EE104AB8EEC00A80EE801A30
:10990000BCEEC10A10EE106A00224FF4004112486A
:10991000F9F77EF80020114908702DB90122910352
:109920000D48F9F775F806E0012D04D10022A903CE
:109930000948F9F76DF8A0B200F062F8314608481E
:10994000006803F00BF800BFBDE70000F80100203D
:109950000000164400007A44000C0240FC01002084
:10996000400300202DE9F04105460C461646002E26
:1099700001DCBDE8F08125B120B2194909680882EF
:1099800004E0604200B21649096808824FF416717B
:1099900006FB01F04FF47A71484390FBF4F7002284
:1099A0004FF400410F48F9F733F800200E490870D2
:1099B0002DB9012291030B48F9F72AF806E0012D91
:1099C00004D10022A9030748F9F722F8204600F045
:1099D00017F839460548006802F0C0FF00BFC8E725
:1099E000F8010020000C0240FC0100204003002090
:1099F00010B5062200210120F8F788FA10BD0000FA
:109A000010B586B00446142101A8F6F7B8FE1E2C46
:109A100000DA1E2441F27070844200DB04464520C7
:109A2000ADF80400002002900F4890FBF4F0039082
:109A30000020049001A90D48FAF7C4FD03994808D5
:109A40000A49886300BF1020096A0143074A11626E
:109A500000BF00BF1046006840F0010011460860DA
:109A600000BF06B010BD0000E86E03000008004013
:109A700000BF0A2002F008FC4C4800884FF6FF7136
:109A800001EA40004949088040214948FAF74BFB68
:109A9000464909880843454908800846007800F08F
:109AA0000300032808D143480068007840F0010013
:109AB0004049096808700CE03C48007800F0030059
:109AC00038B93C480068007800F0FE003949096860
:109AD0000870394800884FF6FF7101EA40003649A6
:109AE00008804FF400513548FAF71DFB32490988C8
:109AF0000843314908800846007800F00300032835
:109B000008D12C480068007840F002002949096813
:109B100008700CE02848007800F0030038B92548A8
:109B20000068007800F0FD002249096808702448A8
:109B30000078B0B323480068C08F22490968898F34
:109B400008440A2190FBF1F01F4908601F48006893
:109B50000A301E4908601B480068C08F0A2190FB2C
:109B6000F1F01A490968884202D9F7F78BFA80E7C1
:109B700014480068C08F0A2190FBF1F0134909686E
:109B8000884202D8FCF762FC73E7104800680E496F
:109B900009688842EBD300200C490860F7F772FA95
:109BA00067E7FFE7F7F76EFA63E7000008030020B6
:109BB00000100240E40100200A03002000080240D7
:109BC000FC020020F4010020000300200403002018
:109BD00001461F48814201D2002070471D48814242
:109BE00001D20120F9E71C48814201D20220F4E7AA
:109BF0001A48814201D20320EFE71948814201D27D
:109C00000420EAE71748814201D20520E5E716481B
:109C1000814201D20620E0E71448814201D20720A8
:109C2000DBE71348814201D20820D6E71148814280
:109C300001D20920D1E71048814201D20A20CCE7A5
:109C4000B1F1016F01D20B20C7E700BFC5E70000EB
:109C5000004000080080000800C000080000010863
:109C600000000208000004080000060800000808C0
:109C700000000A0800000C0800000E0801460868F1
:109C8000704700002DE9F04387B004460E461746A2
:109C90004FF000090020019000258046B4F1006FCC
:109CA00002D304F0030018B1022007B0BDE8F0832E
:109CB000F8F78AFE254604EB87081E4885421DD228
:109CC00019E02846FFF7DAFF401C78B10020029027
:109CD0002846FFF77DFF04900120059002200690A2
:109CE00001A902A8F8F7C4FD08B106E02D1D4CF249
:109CF0005030F8F7BFFB4545E3D300BF4CF250307E
:109D0000F8F7B8FB8146B9F1000F0FD10CE0D6F897
:109D100000C06246002321460220F8F709FE08B180
:109D20000120C2E7241D361D4445F0D3F8F7F6FDA7
:109D30000020BAE70000FF1F70B5054605EB45009F
:109D400000EBC5000A4901EB0014A08800EB80017C
:109D500004F1100000EB8100A0F114060020F08156
:109D600020800021284600F033FBF7F749F970BD49
:109D7000286F002010B500F00FF80248006802F0CC
:109D80000BFE10BD4003002010B50248006802F031
:109D900003FE10BD4803002010B50122D10309487D
:109DA000F8F736FE10200849096A8143064A116215
:109DB00000BF00BF1046006820F001001146086097
:109DC00000BF10BD000C02400008004070B5054601
:109DD00005EB450000EBC500074901EB00142846E0
:109DE000FFF7AAFF0548F7F79FF800206080A080E2
:109DF0002080FFF73FF970BD286F0020E06E002043
:109E000010B51248006802F0C7FD05F03BFA104992
:109E10000860084600680F490968401A0C49086044
:109E20000846006800F5FA700860084600684FF4BC
:109E30007A71B0FBF1F006490860084600880649CF
:109E400009688885FFF7F4F810BD0000480300207A
:109E5000380200203C020020F801002010B5142236
:109E600000210120FCF710F810BD000070B5054678
:109E700000242F222046641C15490A543122204612
:109E8000641C0A5441222046641C0A5442F6E060D5
:109E9000684340F6C41190FBF1F60D4908193246AB
:109EA0000CA1F6F7DDFA044452222046641C08494E
:109EB0000A540D222046641C0A5400BF4FF4FA7065
:109EC00002F0E2F9FEF710FD0028F7D170BD0000A6
:109ED000A06E00202564000010B500242F2220462B
:109EE000641C12490A5431222046641C0A5441223F
:109EF0002046641C0A54081942F6E0620CA1F6F7E9
:109F0000AFFA044452222046641C08490A540D2228
:109F10002046641C0A5400BF4FF4FA7002F0B4F9F2
:109F2000FEF7E2FC0028F7D110BD0000A06E002073
:109F30002564000070B5054600242F222046641CCD
:109F400015490A5431222046641C0A5444222046F2
:109F5000641C0A5442F6E060684340F6C41190FB6A
:109F6000F1F60D49081932460CA1F6F779FA0444C6
:109F700052222046641C08490A540D222046641CC3
:109F80000A5400BF4FF4FA7002F07EF9FEF7ACFC01
:109F90000028F7D170BD0000A06E002025640000ED
:109FA00010B54FF0E020006905F05CF9012801D000
:109FB00004F0A8F910BD000010B53848016821F080
:109FC000070141F005010160016801F00701052961
:109FD000FAD1334B186840F480401860314801686A
:109FE00041F4803101600168C1F340410029FAD099
:109FF0002D490A6842F001020A600A68C2F3400271
:10A00000002AFAD0196841F48071196027490A685A
:10A0100042F001020A600A68C2F34002002AFAD044
:10A020002449234A0B68DFF890C003EA0C031A4363
:10A030000A600A6822F440320A60016841F08071C7
:10A0400001600168C1F340610029FAD01B48016832
:10A0500021F0F0010160016821F4E05141F4A051C8
:10A060000160016821F4604141F400410160016830
:10A0700021F0030141F002010160016801F00C01CF
:10A080000829FAD10E48FAF783FA0F20F8F7F6FC00
:10A09000002801D0F7F738FF10BD0000003C024057
:10A0A00000700040003802407438024070380240AE
:10A0B00008544000043802400080BFFF08380240C6
:10A0C000007A030A0448016841F470010160044900
:10A0D000024808607047000088ED00E000000408B6
:10A0E00008ED00E000F008B8704700000148F8F7FC
:10A0F0005EBE0000B477002010B5024800688047BB
:10A1000010BD0000B800002010B50268294B98422D
:10A110000ED0B0F1804F0BD0274B984208D0274B80
:10A12000984205D0264B984202D0264B984203D144
:10A1300022F070024B681A431E4B984220D0B0F1B7
:10A14000804F1DD01C4B98421AD01C4B984217D000
:10A150001B4B984214D01B4B984211D01A4B98427B
:10A160000ED01A4B98420BD0194B984208D0194B7D
:10A17000984205D0184B984202D0184B984203D110
:10A1800022F44072CB681A4322F080034C6943EA00
:10A19000040202608B68C3620B688362054B9842BD
:10A1A00002D0084B984201D10B690363012343613C
:10A1B00010BD000000000140000400400008004005
:10A1C000000C0040000401400040014000440140F8
:10A1D0000048014000180040001C004000200040E2
:10A1E0002B480068D0ED261AB0EE611A28480068A6
:10A1F000D0ED251AF0EE610A25480068D0ED241A4A
:10A20000B0EE610ADFED231A2348FFF76AF8204811
:10A210000068C18C2048FFF762F800211E48FFF754
:10A2200069F89FED1C0A1C48FFF73AF99FED190ADF
:10A230001948FFF751F89FED170A1748FFF762F822
:10A240001548FCF7DFFA0021084600F0C1F80020AD
:10A250000BE01249096800EB400202EBC002104B10
:10A2600003EB0212D160411CC8B20128F1DB00BF30
:10A27000642002F009F80020F8F754FA094880ED4C
:10A28000000A90ED000A002000F00EF8F0E7000050
:10A29000F401002000000000E06E002044030020D4
:10A2A000286F0020BC0200202DE9F0412DED028B2B
:10A2B0000746B0EE408A07EB470000EBC7003F4976
:10A2C00001EB0014208820B1012803D0022870D1AE
:10A2D0003EE06FE03A480068D0ED261AB0EE611A11
:10A2E00037480068D0ED251AF0EE610A344800685E
:10A2F000D0ED241AB0EE610ADFED321A3248FEF7D3
:10A30000F0FF6088082802DC6088002805DC002057
:10A310002080BDEC028BBDE8F081A0886188884276
:10A3200002DCA088002802DC00202080F1E7022067
:10A330002080A08800EB800104F1100000EB810078
:10A34000A0F114060120F08120490968488231E01B
:10A35000B0EE480A2146384600F05EF80546D5B909
:10A36000A088401C80B2A080618888420EDCA08852
:10A3700000EB800104F1100000EB8100A0F1140655
:10A380000120F08111490968488210E000202080F6
:10A39000FEF770FE0BE0FF2D00D1BAE7FE2D03D1D2
:10A3A0000020FEF767FE02E0E5800020208001E04B
:10A3B000FFE700BF00BF00BFABE70000286F002031
:10A3C000F401002000000000E06E0020F8010020F1
:10A3D00010B510B1012819D117E00E4A1268D181C9
:10A3E00000BF4FF08042516300BF012293071B6AF8
:10A3F00013439407236200BF00BF9207126842F024
:10A40000010223461A6000BF01E000E000BF00BF68
:10A4100010BD0000F801002070B52DED028B06463E
:10A420000D46B0EE408AA88800EB800105F11000CF
:10A4300000EB8100A0F11404E08907287ED2DFE858
:10A4400000F0040537CCFCFBFA008EE1BCEEC80A34
:10A4500010EE100A6081BCEEC80A10EE100AC44962
:10A460000968A1F8480004F00DFF206194ED000A8E
:10A47000F3EE090AB4EEE00AF1EE10FA03D8012077
:10A48000BDEC028B70BD94ED000AB4EEC80AF1EE8B
:10A4900010FA07D2FBF750FF0320E081B5490968A5
:10A4A000488204E00220E081B249096848825CE108
:10A4B000B1EE040A38EE000AD4ED000AB4EEE00A68
:10A4C000F1EE10FA40DBF6F79BFDB4F9040000282A
:10A4D0001CDD00202881A2884FF47A7312FB03F15F
:10A4E000E86802F03BFA0620E081A2490968488248
:10A4F00004F0C8FE206194ED000AF0EE400AB0EED0
:10A50000480A304600F040F9FF20B9E7A08820B99A
:10A510003046FFF711FC0020B2E70020288106201A
:10A52000E08194490968488204F0ACFE206194ED12
:10A53000000AF0EE400AB0EE480A00E014E13046AE
:10A5400000F022F9FE209BE794ED000AF0EE400AAD
:10A55000B0EE480A304600F017F904F093FE864941
:10A56000086020690968081A83490860084600687D
:10A570004FF47A71B0FBF1F07F490860084600881B
:10A580002081084600887A490968A1F84A007A487B
:10A590000068782820D3D4ED000A608900EE100A04
:10A5A000B8EE400A30EEC00ADFED740A60EE200A11
:10A5B00000EE100AB8EE400A38EE400AF4EEC00A87
:10A5C000F1EE10FA08DD3046FFF7B6FB1E206949B0
:10A5D00009688880012053E7C7E094ED000ADFEDA9
:10A5E000680A78EE600AB4EEE00AF1EE10FA41DB98
:10A5F000F6F706FDB4F9040000281FDD00202881CD
:10A60000A2884FF47A7312FB03F1E86802F0A6F90E
:10A610000620E08157490968488204F033FE206132
:10A6200094ED000AF0EE400AB0EE480A304600F021
:10A63000ABF8FF2024E75EE05CE05AE0A08820B998
:10A640003046FFF779FB00201AE70020288106201A
:10A65000E08148490968488204F014FE206194EDC5
:10A66000000AF0EE400AB0EE480A304600F08CF8DE
:10A67000FE2005E704F006FE3F49086020690968EE
:10A68000081A3D490860084600684FF47A71B0FB2B
:10A69000F1F03949086008460088208108460088A2
:10A6A00033490968A1F84A003348006878281FD365
:10A6B000608900EE100AB8EE400AD4ED000A30EED0
:10A6C000600ADFED2E0A60EE200A00EE100AB8EEF6
:10A6D000400A30EE480AF4EEC00AF1EE10FA07DD47
:10A6E000F6F78EFC20202349096888800220C7E6FF
:10A6F0003BE03AE039E094ED000AF0EE400AB0EEBB
:10A70000480A304600F040F804F0BCFD1A490860E1
:10A7100020690968081A18490860084600684FF45B
:10A720007A71B0FBF1F01449086008460088E080B7
:10A73000084600880E490968A1F84C0028890128BC
:10A7400011D110480088A0810E4800880849096886
:10A75000A1F84E003046FFF7EFFA0020E0810549EE
:10A76000096848828CE600E000BF00BFFF2087E652
:10A77000F4010020F8010020D0020020CDCC4C3E96
:10A7800000000000C002002010B52DED028B044631
:10A79000B0EE408AF0EE608A9FED1A0AB4EEC08AED
:10A7A000F1EE10FA04DCB5EEC08AF1EE10FA03D235
:10A7B00000212046FFF70CFE134890ED050AB4EE89
:10A7C000680AF1EE10FA03D0C0ED058AFCF71AF81A
:10A7D0000E4890ED000A0C48FBF72AFF0C49088050
:10A7E000084600884EF66021884202DD0846084986
:10A7F0000880074801882046FFF7EAFDBDEC028B80
:10A8000010BD000000007A43E06E0020BC02002072
:10A81000C002002070B50546284602F011FF04462C
:10A8200014B1D4E90010884770BD2DE9F05F0546EA
:10A830000E4692469B46DDE90A4940F6C41094FB59
:10A84000F0F087B240F6C41094FBF0F100FB114029
:10A850001FFA80F80FE031462846FEF783FD40F6E8
:10A86000C410FFF703FB1F212846FEF77BFD40F6CF
:10A87000C410FFF75FFB381EA7F101018FB2EAD1C8
:10A8800031462846FEF76EFD4046FFF7EFFA1F21DE
:10A890002846FEF767FD4046FFF74CFB0020BDE869
:10A8A000F09F2DE9FF4F81B0814616461F46DDE936
:10A8B0000E850024032098FBF0F000F0FF0A03202F
:10A8C00098FBF0F100FB118000F0FF0B3CE001224F
:10A8D0004FF44871484600F0F9F910B92920FEF705
:10A8E000B7FA01233A46009548460299F7F7D8F897
:10A8F000044654B94FF47A7001F0C6FC12233A466C
:10A9000031464846FDF7CCFF1EE009234FF448725C
:10A9100003214846FEF7A0FB01233A46009548462E
:10A920000299F7F7BDF8044654B94FF47A7001F074
:10A93000ABFC12233A4631464846FDF7B1FF03E02F
:10A94000204605B0BDE8F08FBBF10000ABF101017E
:10A9500001F0FF0BBBD13AE003224FF448714846A7
:10A9600000F0B4F910B92A20FEF772FA03233A4630
:10A97000009548460299F7F793F8044654B94FF406
:10A980007A7001F081FC12233A4631464846FDF7C1
:10A9900087FF1CE009234FF4487203214846FEF765
:10A9A0005BFB03233A46009548460299F7F778F88F
:10A9B000044654B94FF47A7001F066FC12233A460B
:10A9C00031464846FDF76CFF01E02046B9E7BAF191
:10A9D0000000AAF1010101F0FF0ABDD12046B0E755
:10A9E00010B50E4C20680168C1F34011002904D055
:10A9F0006FF02001016002F05DFD2068C168C1F3C5
:10AA0000C011002908D00068C0F3C010002803D08E
:10AA1000BDE8104002F056BD10BD000084000020CB
:10AA200038B5154C20680168C1F30011002905D024
:10AA3000016800914068009000F09AF82068016871
:10AA4000C1F3C011002915D001680091416800913F
:10AA50000C3050E8001F21F0400140E80012002AAD
:10AA6000F7D1064C012211032046F7F7D1FF4FF032
:10AA70008061A16138BD00006C020020000C024022
:10AA800038B5104C20680168C1F30011002905D0C9
:10AA90000168009140680090F7F74EFB206801685C
:10AAA000C1F3C01100290CD00168009141680091E8
:10AAB0000C3050E8001F21F0400140E80012002A4D
:10AAC000F7D138BD8C02002010B52549086800BFB9
:10AAD00000BF00BF00F10C0252E8002F42F010014D
:10AAE00000F10C0242E80013002BF3D100BF00BFBD
:10AAF0001B49086800BF00BF00BF00F1140252E804
:10AB0000002F42F0400100F1140242E80013002B34
:10AB1000F3D100BF00BF12480268121D0121114885
:10AB2000F9F74CFA104A01210E48F9F737FA4FF4B9
:10AB3000807201210B48F9F711FA01210948F9F750
:10AB4000C5F901210748F9F7D9F901210548F9F7B5
:10AB5000EDF964210548006801F09EFC10BD00007D
:10AB60006C02002000600240006400205C030020B2
:10AB700008B516480121164A525C825822F001029B
:10AB8000134B5B5CC25000BF00BF114A525C0244D1
:10AB9000526892B2C2F580700E4908800E48006873
:10ABA00001F016FD4FF4807201210848F9F7D6F93B
:10ABB0000A4908680168009100BF4168009100BF20
:10ABC00000BF01210148F9F7B1F908BD006002405A
:10ABD000B6060508700200205C0300206C0200200D
:10ABE00008B540F297101949096848800020009084
:10ABF000174800684088642200FB02F3144800688C
:10AC000001790322002000F059FE00224FF48071E8
:10AC10001048F7F7FDFE00F04FFB00BF4FF4FA714C
:10AC20000D48006801F038FC48B900F0B7FE0B4849
:10AC3000007820B1FDF70AFF00200849087000BF26
:10AC40004AF6AA200649086000BFE7E7F80100209D
:10AC5000F401002000080240540300209C02002060
:10AC6000003000402DE9F04105460027012415E0A1
:10AC7000002715F8016B0DE006F0010018B1E0B2F5
:10AC8000FBF700FC02E0E0B2F6F718FA7610641C5D
:10AC9000781CC7B2402C01D8082FEDDB402CE7D937
:10ACA000BDE8F081FEE7000070B504464EF6602076
:10ACB00004FB00F10448006801F0EEFB05460DB905
:10ACC000002070BD2820FCE760030020034601201F
:10ACD00070472DE9F04105460E4617460024002333
:10ACE0003A4631462846F5F795FF04465CB90623F7
:10ACF0004FF4487202212846FEF7AEF90321284698
:10AD0000FBF789FD0DE02046FEF7A2F803234FF480
:10AD1000167219462846FEF79FF903212846FBF7CD
:10AD20007AFD2046BDE8F08102480068C0F30220A9
:10AD3000704700000CED00E010B5002804DB0A07A6
:10AD4000130E054A135406E00A07140E034A00F0D6
:10AD50000F031B1FD45410BD00E400E018ED00E009
:10AD6000EFF3058070472DED020B019820F00040B5
:10AD700001909DED000B02B0704700000000000044
:10AD800070B5D94B00242DED020B2DED108BDDE9B4
:10AD90001010984205DA20F000429A4201D809D1F9
:10ADA00041B19DED100BBDEC108B02B0BDE87040C1
:10ADB00000F05EBAB0F5801F26DA11430BD00028F0
:10ADC00013DA0120F5F70AFDBDEC108B02B0BDE8E7
:10ADD000704000F059BA0220F5F700FD00F030FA9B
:10ADE00051EC100B04F0A7FD9EE06FF035049FEDD1
:10ADF000C00B53EC102B9DED100B51EC100B05F01C
:10AE0000B5F8CDE91001084604EB2051C0F3130456
:10AE1000B948A1F2FF31204400F4801080F07F6235
:10AE200082F04052224301EB20559FEDB50B119269
:10AE300053EC102B9DED100B51EC100B05F0D6F9D7
:10AE400041EC180BA01CC0F313009FEDAFDB9FED8E
:10AE5000B0EBB14E7E4403286CD296ED000B51EC62
:10AE6000180B53EC102B04F0B1FF1DD1002D01BFC6
:10AE700096ED000BBDEC108B02B070BD284605F0BE
:10AE80000EF841EC180B53EC1D2B05F06FF841EC5C
:10AE9000190B53EC1E2B51EC180B05F067F853EC13
:10AEA000192B04F087FD3FE09FED9D0B51EC180B33
:10AEB00053EC102B05F05AF89FED9B1B53EC112B14
:10AEC00005F088F941EC190B53EC182B51EC180BD9
:10AED00005F04CF853EC192B05F048F841EC190B30
:10AEE000002D04BF53EC192B51EC180B1AD0284637
:10AEF00004F0D5FF41EC1A0B53EC1D2B05F036F88E
:10AF000053EC192B05F066F953EC182B05F06EF98C
:10AF100041EC180B53EC1E2B51EC1A0B05F026F8E4
:10AF200053EC182B05F062F9BDEC108B02B041EC2C
:10AF3000100B70BD9FED7E0B51EC180B53EC102BDA
:10AF400004F038FD41EC100B51EC180B53EC102BB6
:10AF500004F0E4FD41EC190B284604F0A0FF41EC9D
:10AF60001B0B53EC192B51EC190B04F0FFFF41ECB8
:10AF70001A0B714853EC1A2B261851EC1A0B04F0DB
:10AF8000F5FF41EC1F0B6D48C4F1510404F5D724C3
:10AF9000B0EE4F0AF0EE6F0A0321784400F0D2F8C9
:10AFA00053EC1F2B51EC100B04F0E0FF41EC1C0B99
:10AFB0006348B0EE4F0AF0EE6F0A0421784400F0C7
:10AFC000C1F853EC1A2B51EC100B04F0CFFF3443B3
:10AFD00053EC1C2B04F0EEFC41EC1C0B002C4CDD64
:10AFE0009FED510B51EC180B53EC102B04F0BEFFEE
:10AFF00053EC182B04F0BAFF41EC1A0B55B353EC89
:10B000001D2B51EC1B0B04F0B1FF41EC1D0B53EC5D
:10B010001C2B51EC1A0B04F0CDFC53EC192B04F053
:10B02000A5FF53EC1D2B04F0C5FC53EC1A2B05F0C7
:10B03000D1F853EC182B05F0D9F841EC180B53EC70
:10B040001E2B51EC1B0B04F091FF53EC182B05F059
:10B05000CDF869E753EC1C2B51EC1A0B04F0AAFC59
:10B0600053EC192B04F082FF53EC1A2B05F0B2F8C5
:10B0700053EC182B05F0AEF856E735B353EC1D2B07
:10B0800051EC1B0B04F072FF41EC1A0B53EC1C2B20
:10B0900051EC180B05F0AAF853EC192B04F066FFDD
:10B0A00053EC1A2B05F0A2F853EC182B05F09EF880
:10B0B00041EC180B53EC1E2B51EC1B0B04F056FF0C
:10B0C00053EC182B05F092F82EE753EC1C2B51ECA7
:10B0D000180B05F08BF853EC192B04F047FF53ECD9
:10B0E000182B05F077F81FE70000F07F0000000044
:10B0F0000000000000005043645F090000000000F1
:10B10000000000000000F03F763C7935EF39EA3D61
:10B110000000E0FE422EE63F006800000000000054
:10B12000555555555555D53F000000000000E03FEE
:10B13000000000000000004086EBF9FF826600007E
:10B140007866000070B504462DED028B4D1E00EBB5
:10B15000C500B0EE408AF0EE608A90ED000B35F04D
:10B16000060017D053EC182B51EC100B04F0FEFE28
:10B1700041EC100B6D1E04EBC50090ED001B51EC73
:10B18000100B53EC112B04F015FC41EC100B35F0B7
:10B190000600E7D1022D36D0042D1CD0062D1CBF91
:10B1A000BDEC028B70BD53EC182B51EC100B04F06E
:10B1B000DDFE94ED0A1B53EC112B04F0FBFB53EC6A
:10B1C000182B04F0D3FE94ED081B53EC112B04F064
:10B1D000F1FB41EC100B53EC182B51EC100B04F06D
:10B1E000C5FE94ED061B53EC112B04F0E3FB53EC6E
:10B1F000182B04F0BBFE94ED040B53EC102B04F061
:10B20000D9FB41EC100B53EC182B51EC100B04F054
:10B21000ADFE94ED021B53EC112B04F0CBFB53EC71
:10B22000182B04F0A3FE94ED001B53EC112B04F03B
:10B23000C1FBBDEC028B41EC100B70BD00000000A7
:10B240009FED070B10B553EC102B9FED070B51EC46
:10B25000100B04F063FC41EC100B10BD000000006B
:10B260000000000000000000000000000000F03FAF
:10B2700010B553EC102B51EC100B04F09BFB41EC80
:10B28000100B10BD000000009FED050B10B553EC36
:10B29000102B51EC100B04F041FC41EC100B10BDD5
:10B2A000000000000000000030380A2801D2012010
:10B2B000704700207047704710B50024064800789A
:10B2C000012806D10548006880470020024908701F
:10B2D00000E00624204610BD9A000020A0000020B7
:10B2E0002DE9F04705460C464FF0000A2088042857
:10B2F00032D168784FEA0028A87840EA080808F1B7
:10B3000001001FFA80F8EE78012E22DB802E20DC6F
:10B310002F4600202080662007F8010B2088401C63
:10B32000208007F8016B2088401C208000233246D3
:10B330004146384600F0A0FC8146B9F1000F04D028
:10B34000484602F0A5F8824608E020883044208074
:10B3500004E04FF0030A01E04FF0030A5046BDE855
:10B36000F0872DE9F05F06460D464FF0000B288868
:10B37000052848D170784FEA0029B07840EA0909D9
:10B3800009F101001FFA80F9F078040230790443D2
:10B39000012C35DBB4F5FA6F32DA3746002028800D
:10B3A000012007F8010B2888401C288004F00700C2
:10B3B00040B12046E11704EB5171C910491C01F05E
:10B3C000FF0805E02046E11704EB5171C1F3C708FF
:10B3D00007F8018B2888401C288000232246494614
:10B3E000384600F07BFC8246BAF1000F04D050468C
:10B3F00002F04EF8834608E028884044288004E0A4
:10B400004FF0030B01E04FF0030B5846BDE8F09FEF
:10B410002DE9F05F06460D464FF0000B2888052801
:10B4200047D170784FEA0029B07840EA090909F15C
:10B4300001001FFA80F9F078040230790443012CEE
:10B4400034DBB4F5FA6F31DA374600202880022069
:10B4500007F8010B2888401C288004F0070040B141
:10B460002046E11704EB5171C910491C01F0FF0897
:10B4700005E02046E11704EB5171C1F3C70807F856
:10B48000018B2888401C288022464946384600F017
:10B49000BDFC8246BAF1000F04D0504601F0F8FF1F
:10B4A000834608E028884044288004E04FF0030BDE
:10B4B00001E04FF0030B5846BDE8F09F2DE9F0473F
:10B4C00005460C464FF0000A2088052837D16878D9
:10B4D0004FEA0028A87840EA080808F101001FFA9E
:10B4E00080F8E87806022E79012E25DB7D2E23DCFC
:10B4F0002F4600202080032007F8010B2088401CE5
:10B5000020807006000E07F8010B2088401C208068
:10B51000002332464146384600F0CAFC8146B9F164
:10B52000000F04D0484601F0B3FF824609E02088AE
:10B5300000EB4600208004E04FF0030A01E04FF0EA
:10B54000030A5046BDE8F0872DE9F04705460C4652
:10B550004FF0000A2088052837D168784FEA002884
:10B56000A87840EA080808F101001FFA80F8E87896
:10B57000060228790643012E24DB7D2E22DA2F468F
:10B5800000202080042007F8010B2088401C208028
:10B590007006000E07F8010B2088401C2080324600
:10B5A0004146384600F0D8FC8146B9F1000F04D07E
:10B5B000484601F06DFF824609E0208800EB460016
:10B5C000208004E04FF0030A01E04FF0030A5046E8
:10B5D000BDE8F0872DE9FC5F04460D460020009091
:10B5E00028880A2855DB60784FEA002AA07840EACC
:10B5F0000A0AE07806022079064360794FEA002BB8
:10B60000A07940EA0B0BE0790702207A0743607AC1
:10B610000190012E3BDB7D2E39DC012F37DB792FAA
:10B6200035DC79000198814231D101233A465946EF
:10B6300004F10A0000F03CFC8146B9F1000F1ED174
:10B64000A04600202880172008F8010B2888401CFD
:10B6500028807006000E08F8010B2888401C2880FE
:10B66000002332465146404600F022FC8146B9F1A3
:10B67000000F04D12888022101FB06002880B9F1BF
:10B68000000F06D0484601F003FF009001E00320C0
:10B6900000900098BDE8FC9F70B505460C46064832
:10B6A00002880649681CF4F7C9FF03480088401C5B
:10B6B0002080002070BD0000880000204C4C00203D
:10B6C0002DE9F04704460D464FF00009288804286C
:10B6D00017DB60780602A0780643701C86B294F8E7
:10B6E0000380012342463146201D00F0C5FA07467B
:10B6F00027B1384601F0CCFE814604E004202880C2
:10B7000001E04FF003094846BDE8F0872DE9F84312
:10B7100004460F464FF000083888052829D1607884
:10B720000502A0780543681C85B22079F0B9E0785D
:10B73000FF2801D0E078C8B900208DF80100E0783A
:10B74000FF2803D101208DF8000002E000208DF8D1
:10B75000000001231A462946684600F0BFFA064653
:10B760004EB1304601F094FE804604E04FF00308ED
:10B7700001E04FF003084046BDE8F8832DE9F041B1
:10B7800004460F464FF000083888052812D160782B
:10B790000502A0780543681C85B201231A46294694
:10B7A000E01C00F085FB064636B1304601F070FE25
:10B7B000804601E04FF003084046BDE8F0812DE9E6
:10B7C000F05F05460E464FF0000B3088052839DD46
:10B7D00068780702A8780743781C87B2E8780402E3
:10B7E0002879044395F805A004F0070040B12046ED
:10B7F000E11704EB5171C910491C01F0FF0805E085
:10B800002046E11704EB5171C1F3C708012C16DB88
:10B81000B4F5F66F13DCD04511D101232246394629
:10B82000A81D00F05BFA8146B9F1000F04D048462C
:10B8300001F02EFE834607E00520308004E04FF043
:10B84000030B01E04FF0030B5846BDE8F09F2DE9D4
:10B85000F04704460E464FF0000A3088062828DBE1
:10B8600060780702A0780743781C87B2E078050269
:10B870002079054394F80590012D17DB782D15DC10
:10B880006806000E484511D101232A463946A01DFD
:10B8900000F00EFB8046B8F1000F04D0404601F0E6
:10B8A000F7FD824607E00520308004E04FF0030AF0
:10B8B00001E04FF0030A5046BDE8F0872DE9F0475C
:10B8C00005460C4616461F46DDF820904FF000084E
:10B8D0001CB1012C01DBF72C02DD4FF0020835E032
:10B8E0001C48047005BB1C481C4908601C481D49C5
:10B8F00008601D481D4908601D481E490860002059
:10B900001D4908601D481E4908601E481E49086000
:10B910001E481F4908604B463A4631460D4800789C
:10B9200000F0E4F8804602E04FF0020800BF00BFDC
:10B93000B8F1000F0AD102F079FA10B94FF00308FC
:10B9400004E0144805700120134908704046BDE822
:10B95000F0870000980000203DBC0408A0000020F3
:10B9600061BC0408A4000020ADBB04089C000020BA
:10B9700045BB0408A8000020AC000020D9DF040863
:10B98000B0000020A1E00408B400002061E0040839
:10B99000B8000020990000209A00002038B500254A
:10B9A0004848007808B1062038BD684602F02CFAF5
:10B9B000012876D19DF8000030B1012805D0022879
:10B9C0001CD003287AD178E078E03F4A3F494048CC
:10B9D000404B1B68984705467DB93D4800783E4975
:10B9E0000978884206D03A48007818B1384800787B
:10B9F000FF2802D1022002F021FA5FE033480068FC
:10BA0000007836490870012035490870002417E095
:10BA1000344810F8340000B914E0324810F834000B
:10BA20002E49097888420AD12E4800EBC4002649E5
:10BA300042682648006890472949087002E0641C63
:10BA4000102CE5DB00BF2248007848B3244800787A
:10BA5000C8B100201C4908802048007840F08001CF
:10BA6000194802880088401C174B18801748006846
:10BA700081541B480178184602880088401C1880B1
:10BA800012480068815412480078FF280AD10E48F5
:10BA900002880E480168FF20134B1B689847054633
:10BAA0000AE00CE008480288084801680A48007863
:10BAB0000D4B1B689847054600E000BF00BF002003
:10BAC00072E700009A0000204A0100204401002093
:10BAD00048010020A8000020980000204901002013
:10BAE0004C010020C40000209C0000202DE9F047FC
:10BAF00081460E4614461F464FF00008F6F7E7F958
:10BB00003B4608222146304602F0B6F9012802D011
:10BB10004FF003080FE0B4F5964F01D9232503E059
:10BB200060000749B1FBF0F5A8B202F033FA012832
:10BB300001D04FF00308F6F775FB4046BDE8F087EB
:10BB400040FCEA002DE9F04105460E461446002768
:10BB5000F6F7BDF91248008804281BDB104801885D
:10BB6000104801F099FDA8B90E48007828700C48DB
:10BB70000088C01E2080002005E00A4A411C525C5B
:10BB8000094B5A54401C21888142F6DC0648401C6F
:10BB9000306000E00527F6F745FB3846BDE8F08148
:10BBA000960000206C4C00206C4D00202DE9F041E7
:10BBB00005460E4617464FF00008F6F788F91B4871
:10BBC000007801282BD1701E1949086001201949FD
:10BBD00008801748006805700846008838440880C7
:10BBE000084601881248006801F056FD04461149D4
:10BBF0000888411C0F4B19800D4909680C5422120A
:10BC000019460888411C1980094909680A5401200D
:10BC1000094908700121002001F0BCFD01E04FF04E
:10BC20000508F6F7FFFA4046BDE8F0818D000020D8
:10BC300090000020940000208C00002010B5F6F742
:10BC400046F90020054908700021012001F0A2FDFD
:10BC500001F0DEFDF6F7E6FA10BD00008D000020D1
:10BC600010B5F6F734F90021084601F093FD01F014
:10BC7000B9FDF6F7D7FA10BDF0B504461E46002010
:10BC80000023012924DB082922DC124F3F88CD1B29
:10BC900016B1012E1BD10CE008E00F4F07EBC517C2
:10BCA000FF5C04F8017B5B1C571EFAB2002AF4DC2F
:10BCB0000DE00AE014F8017BDFF81CC00CEBC51C9A
:10BCC0000CF803705B1C571EFAB2002AF2DC00E08D
:10BCD0000120F0BD560100206C4E00202DE9F05FE0
:10BCE00005460E4614469A464FF0000B2046E117D3
:10BCF00004EB5171C91001F10109012E78DB3019F3
:10BD0000412875DC3D490988701AC11700EB517153
:10BD1000CF103A490988701AC11700EB5171C91048
:10BD2000A0EBC108BAF1000F03D0BAF1010F5DD149
:10BD300025E00DE01FFA88F13A467F1C304B1B6866
:10BD4000D018082202F0E4F905F8010BA9F1010965
:10BD5000B9F1000FEEDC6D1E2046E11704EB5171C6
:10BD6000C910A4EBC1018CB22878C4F10801884045
:10BD700028702878C4F108010841287036E010E0E6
:10BD800015F8013B1FFA88F13A467F1CDFF870C0B6
:10BD9000DCF800C002EB0C00082202F0CEF9A9F199
:10BDA0000109B9F1010FEBDC2046E11704EB5171F9
:10BDB000C910A4EBC1018CB215F8013BE2B21FFA25
:10BDC00088F1BC467F1CDFF838E0DEF800E00CEBC1
:10BDD0000E0002F0B2F90B48007838B90120094989
:10BDE000087002210848006800F064FC02E0FFE7E8
:10BDF0004FF0010B5846BDE8F09F000050010020B5
:10BE0000E8010020A8020020340300202DE9F047BB
:10BE100005460E4614464FF0000A2046E11704EB93
:10BE20005171C91001F10109012E38DB30192128A7
:10BE300035DC1D490988701AC11700EB5171CF100C
:10BE400019490988701AC11700EB5171C910A0EB8C
:10BE5000C1080DE01FFA88F13A467F1C134B1B689E
:10BE6000D018082202F054F905F8010BA9F10109D4
:10BE7000B9F1000FEEDC6D1E2046E11704EB5171A5
:10BE8000C910A4EBC1018CB22878C4F10801884024
:10BE900028702878C4F108010841287001E04FF0AB
:10BEA000010A5046BDE8F0874E010020E401002061
:10BEB000F0B504460D460020012D45DBAE18812E5D
:10BEC00042DC224E3688A91B13B1012B3BD113E073
:10BED0000FE01F4E366836F81160361204F8016B19
:10BEE0001B4E366816F8116004F8016B491C561E8B
:10BEF000B2B2002AEDDC26E023E014F8017B3E021A
:10BF0000134F3F6827F8116014F8016B104F3F681A
:10BF100037F811703E430E4F3F6827F8116019B98A
:10BF200001260C4F3E7009E0002907DD0A2905DAD9
:10BF3000074F3F6839800126064F3E70491C561E48
:10BF4000B2B2002AD9DC00E00120F0BD540100208B
:10BF5000EC0100209C02002030B50346002001299E
:10BF600019DB8D18412D16DC0C4D2D884C1B0FE074
:10BF70000B4D2D6835F814502D1203F8015B084D58
:10BF80002D6815F8145003F8015B641C551EAAB205
:10BF9000002AEDDC00E0012030BD0000520100204D
:10BFA000F00100202DE9F0412DED028B05460E46F3
:10BFB00014467F490E8000207E4908707E49088023
:10BFC0007E4908807E4908607E4908707E49086085
:10BFD0001E27601E84B224B97C4800887C490880F2
:10BFE00004E001247B480088794908807A48006889
:10BFF000B0F856007649098848434FF47A7190FBAF
:10C00000F1F07649088074480068B0F8580070492B
:10C01000098848434FF47A7190FBF1F07049088029
:10C020006D480068B0F85A006949098848434FF4E0
:10C030007A7190FBF1F06B4908804FF47A7000F050
:10C0400023F900BF0A2000F01FF9674800681C3080
:10C0500030F814006549088059480068401C584968
:10C0600008605848007810B1012875D11BE000EE37
:10C07000105AB8EE400AF2EE040A80EE201AB0EE32
:10C08000418AB0EE480A4A48008800B2FDF710FC29
:10C0900001204C4908700020484908805449088014
:10C0A0004949086059E0514800884D49098888424B
:10C0B00021DB4F480088002804DD00204C4908801F
:10C0C000414908603D480088401C3C4908803E4882
:10C0D00000684649098808443B4908603748008899
:10C0E000B84237DB322000F0CFF8FDF743FE0120E5
:10C0F000304908702EE03D48008838490988884258
:10C1000021DC3B480088401C394908802B480088C6
:10C11000002804DD0020294908802B4908602A48AE
:10C120000068324909880844274908603048008877
:10C13000B8420FDB322000F0A7F8FDF71BFE01200C
:10C140001C49087006E000201C4908802849088026
:10C150001D49086001E0FFE700BF00BF23480088D9
:10C16000244908802448007820B912480078002823
:10C170003FF468AF2048007870B1FDF70DFE1F480E
:10C18000006800F009FC4FF4FA7000F07DF801201F
:10C19000BDEC028BBDE8F0810648007828B14FF471
:10C1A000FA7000F071F80020F2E70020F0E70000DC
:10C1B0002002002019020020FE01002000020020C1
:10C1C00014020020100200201C0200201E03002088
:10C1D0000402002020030020F40100200C020020B3
:10C1E0000A0200200E020020F801002006020020B2
:10C1F0000202002008020020FC0100204003002071
:10C20000F6F71EFCFDF7D8FEF8F702FEF8F7F2FE8F
:10C21000F8F7A4FCF8F7B8FDF9F75CFAF9F746FB74
:10C22000F9F7C4FAF9F776F8F9F760F9F9F7ECFAE3
:10C23000F9F714F9F9F7C0F8F9F7C2F9F8F7CCFFF4
:10C24000F9F7A8FBF8F7E4FDF9F7A6FCF8F7A8FF63
:10C250000A48016841F0807101600948F8F7B4FAB2
:10C26000012211020748F6F7D3FBF7F7D9F900F0DE
:10C270001BF8F8F73BFE00F02DF8FEE7743802409B
:10C28000001001400008024070B50546FEF768FD49
:10C2900010B16FF0050404E0002415B1284601F048
:10C2A00023FC204670BD000010B5FEF759FD10B10B
:10C2B0006FF0050409E00648006820B90120044930
:10C2C0000860002401E04FF0FF34204610BD00005C
:10C2D0005000002070B5FEF743FD10B16FF005046B
:10C2E0001FE011480068012819D100BF801F0021FC
:10C2F000002804DB0A07130E0C4A135406E00A0751
:10C30000150E0B4A00F00F031B1FD55400BF00BFD2
:10C3100002200549086001F0CBFC002401E04FF049
:10C32000FF34204670BD00005000002000E400E013
:10C3300018ED00E02DE9F04104460D4624F0010619
:10C3400004F001080027FEF70BFD08B1BF1F1FE036
:10C3500016B96FF003071BE0B8F1000F0CD02946A7
:10C36000304602F035FD012812D015B16FF00107FB
:10C370000EE06FF002070BE02946304602F04CFC5D
:10C38000012805D015B16FF0010701E06FF0020739
:10C390003846BDE8F0812DE9F04704460026FEF757
:10C3A000DFFC00284DD10CB1676800E0002707F0E2
:10C3B000010008B1012500E0002507F00800082869
:10C3C0003FD04FF0FF3874B1A06828B1E068502822
:10C3D00002D34FF0010808E0A06830B9E06820B946
:10C3E0004FF0000801E04FF00008B8F1010F0CD148
:10C3F0002DB10420A16802F010F8064612E00120D9
:10C40000A16802F00AF806460CE0B8F1000F09D165
:10C4100025B1042001F0F0FF064603E0012001F001
:10C42000EBFF06464EB114B1D4F8009001E04FF096
:10C4300000094946304601F0E9FA16B10DB146F05F
:10C4400001063046BDE8F0872DE9F041044624F0AE
:10C45000010504F001070026FEF782FC08B1B61FB3
:10C4600016E015B96FF0030612E03FB1284602F05E
:10C4700095FA01280CD06FF0020609E000231A4655
:10C480001946284602F0C8F8012801D06FF00206CC
:10C490003046BDE8F0810000F8B504460D4626465A
:10C4A00000270EB93F1F29E0FEF75AFCD0B115B1A5
:10C4B0006FF0030722E0002000906A46002130461A
:10C4C00002F044FB012802D06FF0020716E000984A
:10C4D000A0B14FF080500A490860BFF34F8FBFF3FF
:10C4E0006F8F0BE02946304602F096FB012805D0FD
:10C4F00015B16FF0010701E06FF002073846F8BD93
:10C5000004ED00E02DE9F84305460F4614464FF0D0
:10C510000008FEF725FC002857D1002D55D0AF426A
:10C5200053D8461E64B1A06820B1E068502801D3FA
:10C53000012606E0A06820B9E06810B9002600E0F6
:10C540000026701C002840D0012D23D1012E09D1D6
:10C5500003200090002211460120A36801F09FFFF4
:10C56000804605E003220021012001F06BFF804698
:10C57000B8F1000F1CD0DFB100231A46194640461F
:10C5800002F04AF8012813D0404601F055FA4FF066
:10C5900000080DE0012E06D139462846A26801F0B8
:10C5A000F9FE804604E03946284601F0C5FE804683
:10C5B000B8F1000F09D014B1D4F8009001E04FF0A9
:10C5C00000094946404601F021FA4046BDE8F8839B
:10C5D000F8B50446254600260DB9361F22E0FEF7C1
:10C5E000BFFBA8B1002000906946284602F066F91A
:10C5F000012802D06FF0020614E0009890B14FF0CD
:10C60000805009490860BFF34F8FBFF36F8F09E077
:10C6100000231A461946284601F0FEFF012801D0E2
:10C620006FF002063046F8BD04ED00E0F8B50546AF
:10C63000FEF796FB10B16FF0050421E005F0004015
:10C6400010B16FF003041BE002F006FE06466B46D5
:10C6500000221146304602F0B9FC01280ED1009CA0
:10C660000098A8430090002303223046009902F06E
:10C67000ADFC012804D04FF0FF3401E04FF0FF344F
:10C680002046F8BD38B5FEF76BFB18B16FF005001A
:10C6900000900DE002F0E0FD04466B4600221146DA
:10C6A000204602F093FC012802D04FF0FF300090AA
:10C6B000009838BDFEB504460D46264616B105F075
:10C6C000004018B16FF0030002902EE04FF0FF30F1
:10C6D0000290FEF745FBE0B10020019001A8002385
:10C6E000012229460090304602F004FD002002ABF2
:10C6F000024601460090304602F0FCFC0198A0B1D1
:10C700004FF080500A490860BFF34F8FBFF36F8F1F
:10C710000BE0002301222946304602F057FC02AB11
:10C7200000221146304602F051FC0298FEBD000086
:10C7300004ED00E02DE9FC5F054689461646FEF74C
:10C740000FFB10B16FF005044AE005F0004010B196
:10C750006FF0030444E009F00200022802D14FF018
:10C76000000A00E0AA460024374602F08BFD009044
:10C7700000BF3B4601AA5146002002F02BFE804636
:10C78000B8F1010F22D12C400198044309F00100B7
:10C7900040B105EA0400A84200D120E056B96FF08C
:10C7A00002041CE005EA040000B118E016B96FF0BD
:10C7B000020414E002F066FD0099A0EB010BBB45FA
:10C7C00001D9002708E0A7EB0B0705E016B96FF0C9
:10C7D000020401E06FF00104B8F1000FC9D100BFFD
:10C7E0002046BDE8FC9F2DE9FF4780468946144658
:10C7F00000200390FEF7B4FA00284ED1B8F1000FE4
:10C800004BD0802618258246471E44B3206808B1C5
:10C81000D4F800A0A06900B1A5692DB1382D03D8C6
:10C82000207900F0010018B1002004B0BDE8F087C5
:10C83000606908B160698608A06840B1E0685C285A
:10C8400005D3206918B1606908B1012708E0A06824
:10C8500030B9E06820B9206910B9002700E000274E
:10C86000012F0CD12169A0684B463246CDE9005119
:10C8700002905146404602F04BFB03900DE067B931
:10C8800003A8B2B24B465146CDE90050404602F0F3
:10C890000DFB012801D0002003900398C5E700009C
:10C8A0002DE9FE4F0646894692461C46002002901E
:10C8B000FEF756FA00284BD1002E49D0082000F090
:10C8C00009FE0546002D43D02E60C5F804A0B9F13D
:10C8D000000F01D1002700E001274FF0FF384FF093
:10C8E000000B94B1206808B1D4F800B0A06828B15A
:10C8F000E0682C2802D34FF0010808E0A06830B9A6
:10C90000E06820B94FF0000801E04FF00008B8F1EE
:10C91000010F0BD11049A0682B463A46CDE9001013
:10C920000121584602F033FF02900BE0B8F1000FEE
:10C9300008D109482B463A4601210090584602F09A
:10C940000BFF0290029818B915B1284600F0BCFF01
:10C950000298BDE8FE8F000015A80408F8B505464A
:10C960000E462F46FEF7FCF910B16FF0050411E0FA
:10C9700017B96FF003040DE000200346324604218E
:10C980000090384602F078FF012801D1002401E030
:10C990006FF002042046F8BDF8B505462E46FEF7B6
:10C9A000DFF910B16FF0050418E016B96FF0030459
:10C9B00014E0304602F0A2FF10B96FF002040DE05F
:10C9C00000200346024603210090304602F054FF47
:10C9D000012801D1002401E04FF0FF342046F8BDCA
:10C9E0002DE9F04105460E461648076816480068CE
:10C9F000001D00F06DFE681C38B936B112480168A0
:10CA0000091D124800F0BAFE1AE07C190E480068B1
:10CA10004460BC4207D20C480168091D0C480068FC
:10CA200000F092FE0CE008480168091D0948006802
:10CA300000F08AFE08480068844201D2064804607B
:10CA4000BDE8F081140000200000002068080020EC
:10CA500008000020040000203000002010B504462B
:10CA600000F0EAFE24480068401C2349086023487F
:10CA7000006840B9214804600846006801280DD1CB
:10CA800000F042FA0AE01E48006838B91B48006806
:10CA9000C06AE16A884201D81848046019480068F1
:10CAA000401C184908600846006860641649E06A3E
:10CAB0000968884202D91449E06A0860E16A01EB1A
:10CAC0008101124A02EB8100211D00F057FE00F0A7
:10CAD000DDFE0B48006868B108480068C06AE16A7A
:10CAE000884207D24FF0805009490860BFF34F8F4A
:10CAF000BFF36F8F10BD0000100000200000002069
:10CB00001C0000202C00002018000020B80300208A
:10CB100004ED00E008B500F08FFE12480068E8B9A7
:10CB2000114800F001FE114800F0FEFD0E481049CA
:10CB300008600E480F49086000200F4B0F4A102173
:10CB400000900A2001F0ABFC064908600846006826
:10CB500020B10BA10348006800F058FF00F096FEDA
:10CB600008BD0000440000207C0800209008002040
:10CB70003C00002040000020A4080020F408002011
:10CB8000546D72510000000010B516E000F054FE24
:10CB90000C48C068C468201D00F09AFD0A4800686F
:10CBA000401E0949086009480068401E074908609E
:10CBB00000F06CFE204600F05FF804480068002892
:10CBC000E4D110BD54080020100000200C0000200B
:10CBD00070B504460D46206C70B1216CE0680144CC
:10CBE000E160D4E90210884201D32168E16028465F
:10CBF000226CE168F3F722FD70BD2DE9F041044697
:10CC00000F4615464FF00008A66B206C48B9206807
:10CC100000282CD1A06802F02DFC80460020A060E6
:10CC200025E07DB93946226C6068F3F707FD216C79
:10CC3000606808446060D4E90101884217D3206825
:10CC4000606014E03946226CE068F3F7F7FC216C71
:10CC5000E068411AE1602168E068884203D2216CF3
:10CC6000A068411AE160022D01D106B1761E701C48
:10CC7000A0634046BDE8F08110B5044694F8590021
:10CC800030B9206B00F020FE204600F01DFE1AE0B7
:10CC900094F85900012803D1204600F015FE12E057
:10CCA00094F85900022801D1012000E0002050B979
:10CCB00000BF502080F31188BFF34F8FBFF36F8FF9
:10CCC00000BF00BFFEE710BD01464A6A22B10A6BF1
:10CCD0001268C2F1380000E0002070470146084A9F
:10CCE000126812680AB9012200E000220A600A688C
:10CCF00022B9034A1268D268106800E00020704729
:10CD00003C00002030B54FF47053174800F0070482
:10CD10002CB1C01D20F00700134C041B1B1B024646
:10CD2000124C22600024114D6C60D018083820F09D
:10CD300007000F4C206000240D4D2D686C600C4DD9
:10CD40002D682C601146441A4C60094C24680C6014
:10CD5000084D4C682C60084D4C682C604FF0004426
:10CD6000064D2C6030BD00004C1000205400002007
:10CD70005C000020640000206000002070000020A3
:10CD800000BFFFF701FF064800680128F9D94FF0FE
:10CD9000805004490860BFF34F8FBFF36F8FF0E7F7
:10CDA000B803002004ED00E010B5044654B10020A3
:10CDB000A06020600021E16000231A461946204649
:10CDC00001F02AFC10BD2DE9F04106460D4617463C
:10CDD0009846069C0DB9246000E02760E663256450
:10CDE0000121204601F0CCFB84F84C80BDE8F081A5
:10CDF0002DE9F05F82460E4690469B460A9F0C9CAA
:10CE00004FEA8801A522206BF3F78FFCA8F10100FF
:10CE1000216B01EB800929F0070909F0070008B927
:10CE2000012000E0002050B900BF502080F311889D
:10CE3000BFF34F8FBFF36F8F00BF00BFFEE786B118
:10CE4000002507E0715D04F134004155705D00B9C3
:10CE500002E06D1C102DF5D300BF002143200155C9
:10CE600002E0002084F83400382F00D33727E7622F
:10CE7000E76400202065201D00F063FC04F1180029
:10CE800000F05FFC2461C7F13800A06164620020FB
:10CE9000606584F858005A465146484600F0E6FB63
:10CEA00020600B9808B10B980460BDE8F09F2DE955
:10CEB000F04706460D4617469846DDE908940DB141
:10CEC000012000E0002050B900BF502080F31188FD
:10CED000BFF34F8FBFF36F8F00BF00BFFEE78CB172
:10CEE000FFF718FE2660A561C4F81C80C4F82090E6
:10CEF000201D00F026FC2FB194F8280040F004001B
:10CF000084F82800BDE8F08710B5002407E004EBA2
:10CF100084010F4A02EB810000F006FC641C382CEF
:10CF2000F5D30C4800F000FC0B4800F0FDFB0B486B
:10CF300000F0FAFB0A4800F0F7FB0A4800F0F4FBA7
:10CF400004480949086004480849086010BD000009
:10CF5000B8030020180800202C08002040080020FA
:10CF60005408002068080020040000200800002069
:10CF700010B50146164800E0006803688B42FBD3F9
:10CF80000246436813448B4204D143684C682344EF
:10CF9000436001460A464B6813440468A34211D11A
:10CFA0000C4C03682468A34208D04B68046864688A
:10CFB00023444B6003681B680B6005E0054B1B684E
:10CFC0000B6001E003680B60884200D0016010BD77
:10CFD000540000205C0000202DE9F04104460D467D
:10CFE00016461F464FF0000865602461B5420CD814
:10CFF000F01BA169884202D34FF0010811E0211D06
:10D000000948006800F0A0FB0BE0BE4204D2BD421C
:10D0100002D34FF0010804E0211D0448006800F02D
:10D0200093FB4046BDE8F081400000203C0000201A
:10D0300070B5054600F000FCA86B08B9012400E0BB
:10D04000002400F023FC204670BD70B5054600F0BA
:10D05000F3FBA86BE96B884201D1012400E00024B6
:10D0600000F014FC204670BDF8B505460F461A487E
:10D070000068C068C468201D00F02AFB94F82800EE
:10D0800000F00400E8B1A06941192B463A46204659
:10D09000FFF7A2FFD8B1002003462A4601460090C0
:10D0A000204602F0E9FB064656B900BF502080F347
:10D0B0001188BFF34F8FBFF36F8F00BF00BFFEE734
:10D0C00005E094F8280020F0010084F828002046AC
:10D0D000216A8847F8BD00003C000020F0B587B009
:10D0E000A0E00398002811DA04AE56B900BF502022
:10D0F00080F31188BFF34F8FBFF36F8F00BF00BF66
:10D10000FEE7D6E90020B168904700BF03980028E9
:10D11000E6DB059C606908B9012000E0002010B939
:10D12000201D00F0D5FA02A800F0DEF805460398AD
:10D130000A2875D2DFE800F00905073941630608BF
:10D140003A4200BF00BF00BF00BF94F8280040F083
:10D15000010084F828000498A269811803462A4631
:10D160002046FFF739FFF8B12046216A884794F836
:10D17000280000F00400B8B1002000900498A169D4
:10D18000421800231946204602F076FB074657B99D
:10D1900000BF502080F31188BFF34F8FBFF36F8F14
:10D1A00000BF00BFFEE700BF3BE000BF94F82800CF
:10D1B00020F0010084F8280033E000BF94F8280034
:10D1C00040F0010084F828000498A061A06908B12B
:10D1D000012000E0002050B900BF502080F31188EA
:10D1E000BFF34F8FBFF36F8F00BF00BFFEE7A06993
:10D1F00041192B462A462046FFF7EEFE11E094F82F
:10D20000280000F0020018B9204600F05DFB05E0A0
:10D2100094F8280020F0010084F8280001E0FFE7DE
:10D2200000BF00BF002203A90448006801F0DAFB38
:10D2300000287FF456AF07B0F0BD00004400002086
:10D24000F8B505460C4600F08FFD684600F04CF836
:10D250000646009820BB44B9B54206D802F0FAF958
:10D2600031462846FFF700FF1CE03CB10E4800683D
:10D27000006808B9012000E000200446A91B2246EE
:10D280000A48006800F00AFC02F0E4F950B94FF0D7
:10D29000805007490860BFF34F8FBFF36F8F01E0E5
:10D2A00002F0D8F9F8BD0000400000204400002042
:10D2B00004ED00E00A490968096809B9012100E0A4
:10D2C000002121B14FF0FF31064A116006E0044908
:10D2D0000968C968C868034A41681160704700005E
:10D2E000040000203000002070B5044601F0CAFFA1
:10D2F000054607480068854204D200F00BF801207B
:10D30000206001E00020206001480560284670BDD3
:10D310004C0000202DE9F84334E025480068C0683F
:10D32000056823480068C068C468201D00F0D0F973
:10D330002046216A884794F8280000F0040008B3CA
:10D34000A0694619AE4207D966602461211D1848BC
:10D35000006800F0F9F915E0002003462A4601466E
:10D360000090204602F088FA074657B900BF5020C7
:10D3700080F31188BFF34F8FBFF36F8F00BF00BFE3
:10D38000FEE700BF0A480068006808B9012000E015
:10D3900000200028C1D00648D0F800800548006869
:10D3A000034908600348C0F80080BDE8F883000026
:10D3B0003C000020400000200E480068401C08B9D6
:10D3C000012000E0002050B900BF502080F31188F8
:10D3D000BFF34F8FBFF36F8F00BF00BFFEE700BFEB
:10D3E000502080F31188BFF34F8FBFF36F8F00BFC2
:10D3F00000BFFEE77400002008B500BF6846FFF7D5
:10D400006DFC044620460099FFF71AFFFFF766FE01
:10D41000F4E770B5044600F00FFA94F9455010E0B7
:10D42000606A08B9012000E0002038B904F1240046
:10D4300002F0C4F818B100F091FB00E003E0681EB0
:10D4400045B2002DECDC00BFFF2084F8450000F061
:10D450001DFA00F0F1F994F9445010E0206908B980
:10D46000012000E0002048B904F1100002F0A6F805
:10D4700008B100F073FB681E45B200E001E0002D2A
:10D48000ECDC00BFFF2084F8440000F0FFF970BD21
:10D49000014621B1012904D0072906D103E000206B
:10D4A00005E0022003E0062001E0042000BF00BFE9
:10D4B0007047000010B502480068804710BD0000AA
:10D4C000B000002010B502480068804710BD000081
:10D4D000B40000202DE9F04104464FF0000800F0B0
:10D4E00043FC4948006808B9FFF70CFC474800684E
:10D4F0002040002870D1D4B1083404F00700B0B146
:10D5000004F00700C0F10800044404F0070008B963
:10D51000012000E0002050B900BF502080F31188A6
:10D52000BFF34F8FBFF36F8F00BF00BFFEE7002C2C
:10D5300052D03748006884424ED8364E304605688F
:10D5400001E02E462D686868A04202D228680028B3
:10D55000F7D12D48006885423ED0306800F10808B8
:10D56000286830606868001B102819D92F1907F047
:10D57000070008B9012000E0002050B900BF50208A
:10D5800080F31188BFF34F8FBFF36F8F00BF00BFD1
:10D59000FEE76868001B78606C603846FFF7E8FCBF
:10D5A0001B4968680968081A194908600846006834
:10D5B00019490968884203D215480068164908606D
:10D5C00012496868096808436860002028601348A9
:10D5D0000068401C1149086002F03CF808F00700A0
:10D5E00008B9012000E0002050B900BF502080F3AE
:10D5F0001188BFF34F8FBFF36F8F00BF00BFFEE7EF
:10D600004046BDE8F08100005C0000207000002072
:10D61000600000205400002064000020680000200A
:10D620000648006830B10549096801F15000096DEC
:10D63000491C01600148006870470000000000209C
:10D6400070B50446254654B900BF502080F31188B8
:10D65000BFF34F8FBFF36F8F00BF00BFFEE700F037
:10D66000EBF8EE6900F012F9304670BD001F4FF084
:10D6700080730360001F21F001030360001F054B4E
:10D68000036014380260001F6FF00203036020384B
:10D6900070470000B9D3040870B502460C46FF2558
:10D6A000FF2309E012F8010B80EA03010648405C01
:10D6B00080EA05030548455C201EA4F10106B4B2CA
:10D6C000F0D143EA052070BDB6040508B60505088B
:10D6D00001460A69D1E901309860D1E90103586037
:10D6E0005068884201D18868506000200861106845
:10D6F000401E106010687047034B0360034B0B60C3
:10D70000802313607047000094090020F009002076
:10D71000034B0360034B0B604FF48073136070473F
:10D72000F00B00204C0C002000F1080141604FF08C
:10D73000FF31816000F10801C160016100210160D9
:10D74000704700210161704710B502460B685C1CF0
:10D750000CB9106907E002F1080000E04068446875
:10D7600024689C42FAD944684C604C68A160886087
:10D7700041600A611468641C146010BD42684A600C
:10D7800093688B60936859609160086103685B1CC3
:10D790000360704770B504460D4624B11048006818
:10D7A000F7F788F803E00E480068F7F763F895B1DB
:10D7B0000B49086800BF00BF00BF00F10C0252E82F
:10D7C000002F42F0800100F10C0242E80013002B10
:10D7D000F3D100BF03E002480068F7F75BF870BDC3
:10D7E0008400002010B500210848F6F7EBFF00BFC9
:10D7F0000648006820F001000449086000BF00BF2F
:10D800006FF00100086100BF10BD0000004801403A
:10D8100010B500BF6FF001000649086100BF00218C
:10D820000448F6F7CFFF0348F6F7C6FE0148F6F7BF
:10D83000B9FE10BD0048014000BF502080F31188A0
:10D84000BFF34F8FBFF36F8F00BF0E480068401CBF
:10D850000C49086008460068012812D10A4800688F
:10D86000C0B208B9012000E0002050B900BF50202C
:10D8700080F31188BFF34F8FBFF36F8F00BF00BFDE
:10D88000FEE770477400002004ED00E00D480068DA
:10D8900050B900BF502080F31188BFF34F8FBFF302
:10D8A0006F8F00BF00BFFEE706480068401E0549B5
:10D8B00008600846006820B9002080F3118800BF86
:10D8C00000BF70477400002070B506463546002E34
:10D8D00044D0083D2C46224960680968084008B1D8
:10D8E000012000E0002050B900BF502080F31188D3
:10D8F000BFF34F8FBFF36F8F00BF00BFFEE72068FD
:10D9000008B9012000E0002050B900BF502080F38A
:10D910001188BFF34F8FBFF36F8F00BF00BFFEE7CB
:10D920000F49606809680840C0B12068B0B90C4967
:10D93000606809688843606000F016FA0949606809
:10D9400009680844074908602046FFF711FB0648AC
:10D950000068401C0449086001F07CFE70BD0000B6
:10D9600070000020600000206C00002000204FF0BC
:10D97000E02108618861064800684FF47A71B0FBC5
:10D98000F1F0401E4FF0E021486107200861704728
:10D990006803002070B5F2F7C7FC0446102C16D3BC
:10D9A00004F1E02090F8F05315480078854201DB3F
:10D9B000012000E0002050B900BF502080F3118802
:10D9C000BFF34F8FBFF36F8F00BF00BFFEE70D485F
:10D9D000006800F4E0600C490968884201D8012021
:10D9E00000E0002050B900BF502080F31188BFF341
:10D9F0004F8FBFF36F8F00BF00BFFEE770BD000009
:10DA0000780000200CED00E07C00002002460020A1
:10DA10000BE0084B53F8303033B9064B43F8301065
:10DA200003EBC0035A6002E0401C0828F1D300BF9A
:10DA3000704700007803002070B50446254655B9AC
:10DA400000BF502080F31188BFF34F8FBFF36F8F5B
:10DA500000BF00BFFEE7284600F008F895F8460032
:10DA600010B92846FFF730FF70BD000001460020C6
:10DA70000EE0094A02EBC00252688A4207D1002236
:10DA8000054B43F8302003EBC0035A6002E0401C12
:10DA90000828EED300BF7047780300202DE9F0413D
:10DAA00005460E4617462C46FFF7C6FE94F944007D
:10DAB000401C10B9002084F8440094F94500401C33
:10DAC00010B9002084F84500FFF7E0FEA06B28B9EC
:10DAD0003A46314604F1240000F062F82046FFF790
:10DAE00098FCBDE8F081000070B504460025D4B173
:10DAF0001248006808B9012000E0002050B900BFBA
:10DB0000502080F31188BFF34F8FBFF36F8F00BF9A
:10DB100000BFFEE700F028F900212046FEF760FF75
:10DB200001F098FD05463DB94FF08050044908606A
:10DB3000BFF34F8FBFF36F8F70BD00003800002020
:10DB400004ED00E003490968016003490968416088
:10DB50007047000028000020140000200120014927
:10DB6000086070472400002070B504460D4654B983
:10DB700000BF502080F31188BFF34F8FBFF36F8F2A
:10DB800000BF00BFFEE70548016818312046FFF7D7
:10DB9000DBFD01212846FEF723FF70BD00000020B9
:10DBA00070B505460E46144655B900BF502080F3A7
:10DBB0001188BFF34F8FBFF36F8F00BF00BFFEE729
:10DBC0000648016818312846FFF7D8FD0CB14FF020
:10DBD000FF3621463046FEF703FF70BD00000020EF
:10DBE0002DE9F04706460F4634464FF00109002E56
:10DBF00055D0206D50B900BF502080F31188BFF37D
:10DC00004F8FBFF36F8F00BF00BFFEE7E06CB842DD
:10DC100001D23D4600E0E56CE06AA8423FD0206DAD
:10DC200001283CD11F480068844201D0012000E057
:10DC3000002050B900BF502080F31188BFF34F8FF0
:10DC4000BFF36F8F00BF00BFFEE7D4F82C80E56202
:10DC5000A06900F0004010B9C5F13800A06108EBE0
:10DC60008801114A02EB81016069884201D10120DB
:10DC700000E0002098B1201DFFF72AFD0B49E06A63
:10DC80000968884202D90949E06A0860E16A01EB43
:10DC90008101054A02EB8100211DFFF76FFDBDE800
:10DCA000F087000000000020B803002018000020CA
:10DCB00010B586B000200590049003AA04A905A819
:10DCC000FFF71AFD0022DDE904101346CDE900211B
:10DCD00002901EA11F48039A01F01AF91E4908601C
:10DCE0000846006808B1012400E00024012C02D19C
:10DCF00001F086FD0446012C15D100BF502080F3B1
:10DD00001188BFF34F8FBFF36F8F00BF4FF0FF300D
:10DD1000124908600120124908600020114908607A
:10DD200000F03CFA10E0601C08B1012000E0002087
:10DD300050B900BF502080F31188BFF34F8FBFF35D
:10DD40006F8F00BF00BFFEE706B010BD49444C45D1
:10DD50000000000081CD04083400002030000020C5
:10DD60001C0000201400002002480068401C0149EB
:10DD700008607047380000201E48006818B1012074
:10DD80001D49086034E000201B4908601B480168F9
:10DD90000CE051B900BF502080F31188BFF34F8FC2
:10DDA000BFF36F8F00BF00BFFEE7491E01EB81008C
:10DDB000134A52F8200008B9012000E00020002892
:10DDC000E7D101EB81020E4B03EB820042685268FF
:10DDD000426000F108024368934202D142685268EF
:10DDE00042604268D268074B1A600448016000BF75
:10DDF0007047000038000020240000201800002098
:10DE0000B80300200000002001460020054A1278D7
:10DE100032B1054A12780A700022024B1A700120B2
:10DE2000704700008100002080000020002002498F
:10DE300008700120704700008100002010B50446E2
:10DE400005480068FEF7C4FB012004490870044837
:10DE50000470012010BD0000540300208100002048
:10DE600080000020014603480068406808700120D7
:10DE70007047000084000020F0B58FB006460C46C5
:10DE800017461D461C2108A8F2F779FC182102A8A4
:10DE9000F2F775FC10203149096801432F4A1160DF
:10DEA000114609680140019100BF00BF01202B49C4
:10DEB000143909680143294A143A11601146096866
:10DEC0000140019100BF00BF4FF4C06002900220EA
:10DED00003900320049000200590069007200790EF
:10DEE00002A91F48F6F77AF80894002009900A90D2
:10DEF0000B9025B1012D05D0022D0BD106E000209D
:10DF00000B9007E04FF4C0600B9003E04FF480608B
:10DF10000B9000BF00BF0C200C9000200D900E90C5
:10DF200008A910480068F6F7D5FC0E490868016991
:10DF300021F490410161416921F02A01416100BF52
:10DF400008490868C16841F40051C16000BF054834
:10DF50000068F6F7AFFC01200FB0F0BD4438024076
:10DF600000000240840000200146C1F30800024A7C
:10DF700012685060012070478400002000BF0449EF
:10DF800008680168C1F380110029F8D001207047AA
:10DF90008400002010B586B00446142101A8F2F7D1
:10DFA000EEFB40F2AF40ADF80400002002903220BA
:10DFB000604303900020049001A90648F6F702FB95
:10DFC0000448F6F7F9FA0348F6F7ECFA012006B030
:10DFD00010BD00000048014038B500246846FFF736
:10DFE00041FF1C48007830B101280AD0022819D01E
:10DFF00003282BD102E0FFF70BFC27E0FFF708FC1A
:10E0000024E00020144908809DF800200888411C65
:10E01000114B198011490A5402200E490870FFF76C
:10E02000F7FB13E00C480088FF2809DC9DF800206E
:10E0300009490888411C084B198008490A5402E024
:10E04000032004490870FFF7E3FB00BF00BF204630
:10E0500038BD00008D000020960000206C4C002090
:10E0600010B500240D48007820B1022807D00328FD
:10E070000BD109E00020FFF7E1FE044606E0012095
:10E08000FFF7DCFE044601E000E000BF00BFFFF741
:10E09000A9FB012001490870204610BD8D00002019
:10E0A00010B500241748007810B1012826D104E0EB
:10E0B00000210120FFF76EFB20E01348008878B1B3
:10E0C000124909680878FFF74FFF10480068401CA4
:10E0D0000E4908600C480088401E0B4908800CE07F
:10E0E0000320FFF7ABFE0446FFF748FF00210120A5
:10E0F000FFF750FB00200349087000BF00BF204617
:10E1000010BD00008C000020940000209000002032
:10E11000F0B503460C461546E208A4EBC20087B2F0
:10E120000120A840401E86B2995C501C185C41EA50
:10E13000002139413140C8B2F0BD2DE9F043044619
:10E1400015461F46C808A1EBC0081FFA88FC07FA4D
:10E150000CF81FFA88F74FF0010808FA05F8A8F143
:10E1600001081FFA88F6A1EBC00806FA08F81FFAA2
:10E1700088F6225C00F1010814F8088042EA0822BF
:10E1800022EA060848EA070222544FEA222900F14F
:10E19000010804F80890BDE8F08300001CB552485F
:10E1A00000685249884201D0012000E0002050B9A7
:10E1B00000BF502080F31188BFF34F8FBFF36F8FE4
:10E1C00000BF00BFFEE7484800684849491E884232
:10E1D00001D0012000E0002050B900BF502080F3A2
:10E1E0001188BFF34F8FBFF36F8F00BF00BFFEE7F3
:10E1F0003F49084600780190FF200A461070084603
:10E20000007800909DF8000000F0F0009DF80020DC
:10E21000904201D1012000E0002050B900BF502001
:10E2200080F31188BFF34F8FBFF36F8F00BF00BF24
:10E23000FEE79DF8000000F050002E4A1070072005
:10E240002D4A106009E02C480068401E2A4A1060E0
:10E250009DF800004006000E00909DF8000000F0C0
:10E2600080008028EFD024480068C0F1070004280F
:10E2700001D1012000E0002050B900BF502080F300
:10E280001188BFF34F8FBFF36F8F00BF00BFFEE752
:10E29000194800680002184A10601046008800F40F
:10E2A000E0601060124A019810700F48203000683A
:10E2B00040F470000C49203108600846006840F0C6
:10E2C00070400860FFF752FB00200C490860F1F72E
:10E2D000F3FF0B48006840F0404009490860F1F73F
:10E2E000D7FF00201CBD000000ED00E071C20F410F
:10E2F00000E400E0780000207C0000207400002092
:10E3000034EF00E010B500BF502080F31188BFF358
:10E310004F8FBFF36F8F00BF00F0BAFF18B14FF0FF
:10E3200080500449086000BF002080F3118800BFBE
:10E3300010BD000004ED00E070B505460E460DB1BD
:10E34000012000E0002050B900BF502080F3118868
:10E35000BFF34F8FBFF36F8F00BF00BFFEE7AE422A
:10E3600001D8012000E0002050B900BF502080F308
:10E370001188BFF34F8FBFF36F8F00BF00BFFEE761
:10E3800002220021284600F05DF8044604B1A6638D
:10E39000204670BDF8B505460E4617460DB1012062
:10E3A00000E0002050B900BF502080F31188BFF377
:10E3B0004F8FBFF36F8F00BF00BFFEE7AE4201D8A3
:10E3C000012000E0002050B900BF502080F31188E8
:10E3D000BFF34F8FBFF36F8F00BF00BFFEE7022078
:10E3E0003B46002211460090284600F058F80446AB
:10E3F00004B1A6632046F8BD2DE9F041044601268C
:10E40000002722460021012000F01CF8054628467E
:10E41000FEF7CAFC2846BDE8F0812DE9F843044622
:10E420000D4601274FF000082B460022114601201F
:10E43000009400F034F806463046FEF7B5FC30464E
:10E44000BDE8F8832DE9F84305460E4617460DB1A1
:10E45000012000E0002050B900BF502080F3118857
:10E46000BFF34F8FBFF36F8F00BF00BFFEE705FB09
:10E4700006F808F15000FFF72DF8044664B1A146F4
:10E4800009F15009002084F846003B464A463146CF
:10E4900028460094FEF797FC2046BDE8F8832DE956
:10E4A000F84380460E4617461D46DDF82090B8F129
:10E4B000000F01D0012000E0002050B900BF502023
:10E4C00080F31188BFF34F8FBFF36F8F00BF00BF82
:10E4D000FEE70DB1012000E0002050B900BF502040
:10E4E00080F31188BFF34F8FBFF36F8F00BF00BF62
:10E4F000FEE707B10EB1012000E0002050B900BFD7
:10E50000502080F31188BFF34F8FBFF36F8F00BF90
:10E5100000BFFEE707B90EB9012000E0002050B9A6
:10E5200000BF502080F31188BFF34F8FBFF36F8F70
:10E5300000BF00BFFEE7502000900098502801D196
:10E54000012000E0002050B900BF502080F3118866
:10E55000BFF34F8FBFF36F8F00BF00BFFEE700BF59
:10E560002C464CB1012084F846004B463A463146D1
:10E5700040460094FEF727FC2046BDE8F8830000E3
:10E5800070B505460E462C4654B900BF502080F3A6
:10E590001188BFF34F8FBFF36F8F00BF00BFFEE73F
:10E5A000FFF74AF9D4E90F12206801FB0200A060CE
:10E5B0000020A06320686060E06B401E226C216830
:10E5C00000FB0211E160FF2084F8440084F845005C
:10E5D0009EB9206908B9012000E00020A8B904F123
:10E5E000100000F0EBFF80B14FF080500949086047
:10E5F000BFF34F8FBFF36F8F07E004F11000FFF7F9
:10E6000093F804F12400FFF78FF8FFF73FF901209A
:10E6100070BD000004ED00E02DE9FF4383B0064625
:10E6200088461D464FF00009344654B900BF5020BB
:10E6300080F31188BFF34F8FBFF36F8F00BF00BF10
:10E64000FEE7B8F1000F01D1206C08B9012000E00D
:10E65000002050B900BF502080F31188BFF34F8FC6
:10E66000BFF36F8F00BF00BFFEE7022D02D1E06B4A
:10E67000012801D1012000E0002050B900BF502046
:10E6800080F31188BFF34F8FBFF36F8F00BF00BFC0
:10E69000FEE700F0E7FD08B9059808B9012000E0A1
:10E6A000002050B900BF502080F31188BFF34F8F76
:10E6B000BFF36F8F00BF00BFFEE700BFFFF7BCF8DE
:10E6C000A06BE16B884201D3022D28D12A46414636
:10E6D0002046FEF792FA0746606A08B9012000E07A
:10E6E000002068B904F1240000F068FF88B14FF001
:10E6F000805032490860BFF34F8FBFF36F8F08E03F
:10E700003FB14FF080502D490860BFF34F8FBFF3EA
:10E710006F8FFFF7BBF8012007B0BDE8F0830598C5
:10E7200018B9FFF7B3F80020F6E7B9F1000F04D1EC
:10E7300001A8FFF707FA4FF00109FFF7A7F8FFF765
:10E7400013FBFFF779F894F94400401C10B900203E
:10E7500084F8440094F94500401C10B9002084F866
:10E760004500FFF793F805A901A800F059FBF0B99F
:10E770002046FEF76AFCA0B104F110000599FFF7EE
:10E78000F3F92046FEF745FE00F064FF002895D11E
:10E790004FF0805009490860BFF34F8FBFF36F8F70
:10E7A0008CE72046FEF735FE00F054FF86E7204652
:10E7B000FEF72FFE00F04EFF0020ADE704ED00E075
:10E7C0002DE9F84F07468A4690461E463C4654B906
:10E7D00000BF502080F31188BFF34F8FBFF36F8FBE
:10E7E00000BF00BFFEE7BAF1000F01D1206C08B9ED
:10E7F000012000E0002050B900BF502080F31188B4
:10E80000BFF34F8FBFF36F8F00BF00BFFEE7022E35
:10E8100002D1E06B012801D1012000E0002050B9B5
:10E8200000BF502080F31188BFF34F8FBFF36F8F6D
:10E8300000BF00BFFEE7FFF7ADF800BF5021EFF3C8
:10E84000118081F31188BFF34F8FBFF36F8F00BF2B
:10E850000546A06BE16B884201D3022E25D194F9C5
:10E8600045B0A06B0090324651462046FEF7C5F9F0
:10E870000BF1010088B9606A08B9012000E00020AE
:10E8800050B904F1240000F099FE28B1B8F1000F4E
:10E8900002D00120C8F8000004E00BF1010040B2F2
:10E8A00084F845004FF0010901E04FF0000900BF76
:10E8B00085F3118800BF4846BDE8F88F2DE9F04781
:10E8C00006460F46344654B900BF502080F31188E5
:10E8D000BFF34F8FBFF36F8F00BF00BFFEE7206C09
:10E8E00008B9012000E0002050B900BF502080F39B
:10E8F0001188BFF34F8FBFF36F8F00BF00BFFEE7DC
:10E90000206808B9A06808B9012000E0002050B9CB
:10E9100000BF502080F31188BFF34F8FBFF36F8F7C
:10E9200000BF00BFFEE7FFF735F800BF5021EFF34F
:10E93000118081F31188BFF34F8FBFF36F8F00BF3A
:10E940000546D4F83890E06B48451ED994F945A0A7
:10E9500009F10100A0630AF1010070B9606A08B909
:10E96000012000E0002068B904F1240000F026FE38
:10E9700040B13FB10120386004E00AF1010040B22B
:10E9800084F845004FF0010801E04FF0000800BF97
:10E9900085F3118800BF4046BDE8F08770B5054695
:10E9A0002C4654B900BF502080F31188BFF34F8F1D
:10E9B000BFF36F8F00BF00BFFEE700F04DFCA16802
:10E9C00088420CD1E068401EE060E06828B900236E
:10E9D0001A4619462046FFF71FFE012600E00026D2
:10E9E000304670BD2DE9F74183B005460E464FF025
:10E9F00000082C4654B900BF502080F31188BFF3A3
:10EA00004F8FBFF36F8F00BF00BFFEE70EB9206CC2
:10EA100008B9012000E0002050B900BF502080F369
:10EA20001188BFF34F8FBFF36F8F00BF00BFFEE7AA
:10EA300000F018FC08B9059808B9012000E0002092
:10EA400050B900BF502080F31188BFF34F8FBFF340
:10EA50006F8F00BF00BFFEE700BFFEF7EDFEA76BA4
:10EA6000F7B131462046FEF7B3F8781EA06320695F
:10EA700008B9012000E0002060B904F1100000F0A6
:10EA80009DFD38B14FF080502F490860BFF34F8F84
:10EA9000BFF36F8FFEF7FAFE012006B0BDE8F081EC
:10EAA000059818B9FEF7F2FE0020F6E7B8F1000F5E
:10EAB00004D101A8FFF746F84FF00108FEF7E6FE83
:10EAC000FFF752F9FEF7B8FE94F94400401C10B964
:10EAD000002084F8440094F94500401C10B900203F
:10EAE00084F84500FEF7D2FE05A901A800F098F9C8
:10EAF000F0B92046FEF79CFAA0B104F12400059974
:10EB0000FFF732F82046FEF784FC00F0A3FD002852
:10EB1000A3D14FF080500C490860BFF34F8FBFF373
:10EB20006F8F9AE72046FEF774FC00F093FD94E7A0
:10EB30002046FEF76EFC00F08DFD2046FEF778FAC9
:10EB400000288AD00020A8E704ED00E02DE9F05F5E
:10EB5000064689461746344654B900BF502080F314
:10EB60001188BFF34F8FBFF36F8F00BF00BFFEE769
:10EB7000B9F1000F01D1206C08B9012000E000209C
:10EB800050B900BF502080F31188BFF34F8FBFF3FF
:10EB90006F8F00BF00BFFEE7FEF7FCFE00BF5021F5
:10EBA000EFF3118081F31188BFF34F8FBFF36F8FA5
:10EBB00000BF0546D4F838A0BAF1000F22D094F96E
:10EBC00044B049462046FEF703F8AAF10100A063CD
:10EBD0000BF1010070B9206908B9012000E00020A4
:10EBE00068B904F1100000F0E9FC40B13FB1012028
:10EBF000386004E00BF1010040B284F844004FF0AB
:10EC0000010801E04FF0000800BF85F3118800BF44
:10EC10004046BDE8F09F00002DE9F34182B0054673
:10EC20004FF000082C46002654B900BF502080F356
:10EC30001188BFF34F8FBFF36F8F00BF00BFFEE798
:10EC4000206C08B9012000E0002050B900BF50201E
:10EC500080F31188BFF34F8FBFF36F8F00BF00BFEA
:10EC6000FEE700F0FFFA08B9039808B9012000E0B8
:10EC7000002050B900BF502080F31188BFF34F8FA0
:10EC8000BFF36F8F00BF00BFFEE700BFFEF7D4FDEC
:10EC9000A76BFFB1781EA063206810B9FEF7C0FC17
:10ECA000A060206908B9012000E0002060B904F1EB
:10ECB000100000F083FC38B14FF0805043490860E9
:10ECC000BFF34F8FBFF36F8FFEF7E0FD012004B05D
:10ECD000BDE8F081039898B90EB9012000E000204A
:10ECE00050B900BF502080F31188BFF34F8FBFF39E
:10ECF0006F8F00BF00BFFEE7FEF7C8FD0020E6E70C
:10ED0000B8F1000F04D16846FEF71CFF4FF0010870
:10ED1000FEF7BCFDFFF728F8FEF78EFD94F94400DE
:10ED2000401C10B9002084F8440094F94500401CB0
:10ED300010B9002084F84500FEF7A8FD03A9684635
:10ED400000F06EF840BB2046FEF772F9F0B1206883
:10ED500038B9FEF771FDA06800F0DEFB0646FEF74D
:10ED600095FD04F124000399FEF7FEFE2046FEF710
:10ED700050FB00F06FFC002888D14FF08050134901
:10ED80000860BFF34F8FBFF36F8F7FE72046FEF71A
:10ED900040FB00F05FFC79E72046FEF73AFB00F00D
:10EDA00059FC2046FEF744F90028EED05EB1FEF78C
:10EDB00043FD2046FDF788FF07463946A068FEF769
:10EDC0000FFFFEF763FD002081E7000004ED00E087
:10EDD0002DE9F04106460F46344654B900BF502095
:10EDE00080F31188BFF34F8FBFF36F8F00BF00BF59
:10EDF000FEE700F031FAA168884204D1E068401CC7
:10EE0000E060012508E039462046FFF705FF05468A
:10EE100015B1E068401CE0602846BDE8F0810000C4
:10EE200070B505460C4655B900BF502080F31188D7
:10EE3000BFF34F8FBFF36F8F00BF00BFFEE754B922
:10EE400000BF502080F31188BFF34F8FBFF36F8F47
:10EE500000BF00BFFEE7FEF7EFFC124802686868DB
:10EE6000131A2068401C08B9002617E00E492868CC
:10EE70000968884204D06868904201D801260DE0F4
:10EE80002068984207D92068C01A20602846FEF7FB
:10EE900059FE002602E0002020600126FEF7F6FC65
:10EEA000304670BD14000020280000202DE9FF4FDF
:10EEB00085B0804689461746DDE912ABB800FEF7FB
:10EEC00009FB064656B15C20FEF704FB04460CB174
:10EED000266304E03046FEF7F7FC00E000248CB126
:10EEE000002084F85900CDE900ABCDE902403A4654
:10EEF00049464046089BFDF77BFF2046FDF7AEFDE7
:10EF0000012501E04FF0FF35284609B0BDE8F08F3C
:10EF10002DE9F04F85B00746884691469A46DDE9CF
:10EF20000EB6109C0EB1012000E0002050B900BFC9
:10EF3000502080F31188BFF34F8FBFF36F8F00BF56
:10EF400000BFFEE70CB1012000E0002050B900BF77
:10EF5000502080F31188BFF34F8FBFF36F8F00BF36
:10EF600000BFFEE75C20039003985C2801D10120DC
:10EF700000E0002050B900BF502080F31188BFF39B
:10EF80004F8FBFF36F8F00BF00BFFEE700BFB4B16C
:10EF9000AEB125462C462E63022085F8590000208C
:10EFA00004A953464A46CDE900B1CDE90250414695
:10EFB0003846FDF71DFF2846FDF750FD01E0002013
:10EFC0000490049805B0BDE8F08F00002DE9F047EB
:10EFD00006460D46174698464FF0010A56B900BF3F
:10EFE000502080F31188BFF34F8FBFF36F8F00BFA6
:10EFF00000BFFEE73446FEF71FFCB8F1000F02D059
:10F00000606DC8F8000094F85890022084F8580009
:10F01000052F17D2DFE807F01503070B0D00606D11
:10F020002843606521E0606D401C60651DE06565FA
:10F030001BE0B9F1020F01D0656501E04FF0000A55
:10F0400013E012E0606D401C08B9012000E00020D0
:10F0500050B900BF502080F31188BFF34F8FBFF32A
:10F060006F8F00BF00BFFEE700BF00BFB9F1010F07
:10F0700032D1201DFEF72CFB1A49E06A096888424C
:10F0800002D91849E06A0860E16A01EB8101164A79
:10F0900002EB8100211DFEF771FBA06A08B9012077
:10F0A00000E0002050B900BF502080F31188BFF36A
:10F0B0004F8FBFF36F8F00BF00BFFEE70B49E06AC1
:10F0C0000968C96A884207D94FF08050084908602A
:10F0D000BFF34F8FBFF36F8FFEF7D8FB5046BDE8ED
:10F0E000F087000018000020B80300200000002076
:10F0F00004ED00E02DE9F84F07460E46904699468C
:10F10000DDF828B00120009057B900BF502080F3EF
:10F110001188BFF34F8FBFF36F8F00BF00BFFEE7B3
:10F12000FEF738FC3C4600BF5021EFF3118081F31D
:10F130001188BFF34F8FBFF36F8F00BF0546B9F142
:10F14000000F02D0606DC9F8000094F858A00220AA
:10F1500084F85800B8F1050F17D2DFE808F015035E
:10F16000070B0D00606D3043606521E0606D401C51
:10F1700060651DE066651BE0BAF1020F01D06665AF
:10F1800001E00020009013E012E0606D401C08B91F
:10F19000012000E0002050B900BF502080F311880A
:10F1A000BFF34F8FBFF36F8F00BF00BFFEE700BFFD
:10F1B00000BFBAF1010F3CD1A06A08B9012000E0FC
:10F1C000002050B900BF502080F31188BFF34F8F4B
:10F1D000BFF36F8F00BF00BFFEE719480068A0B9FA
:10F1E000201DFEF775FA1749E06A0968884202D9BE
:10F1F0001449E06A0860E16A01EB8101124A02EBFE
:10F200008100211DFEF7BAFA04E004F118010F484D
:10F21000FEF7B4FA0E49E06A0968C96A884208D95B
:10F22000BBF1000F02D00120CBF8000001200949FA
:10F23000086000BF85F3118800BF0098BDE8F88F13
:10F240003800002018000020B803002040080020EB
:10F2500000000020240000200149086870470000D9
:10F26000000000200549096809B9012005E00449AA
:10F27000096809B9022000E0002070471C00002046
:10F280003800002001490868704700001400002081
:10F290002DE9F0414FF000084348006800287BD179
:10F2A00042480068451C4148056015BB404800685D
:10F2B000006808B9012000E0002050B900BF5020CC
:10F2C00080F31188BFF34F8FBFF36F8F00BF00BF74
:10F2D000FEE7374807683748006835490860354811
:10F2E000076035480068401C33490860FDF7E2FFBD
:10F2F00000BF3248006885423BD300BF2C480068FD
:10F30000006808B9012000E0002020B14FF0FF3074
:10F310002A4908602CE026480068C068C46866680E
:10F32000B54202D22548066022E0201DFEF7D0F942
:10F33000A06A18B104F11800FEF7CAF92049E06A82
:10F340000968884202D91E49E06A0860E16A01EB57
:10F3500081011C4A02EB8100211DFEF70FFA1A49B8
:10F36000E06A0968C96A8842C8D34FF00108C5E756
:10F3700000BF15480068C06A00EB8000114951F8D1
:10F380002000012801D94FF001081048006808B199
:10F390004FF0010805E0FFE70D480068401C0C49EC
:10F3A00008604046BDE8F0813800002014000020CD
:10F3B0000400002008000020280000203000002069
:10F3C00018000020B80300200000002024000020C6
:10F3D000200000202DE9F0410746884614461D46CE
:10F3E000FEF72AFA2148006890F85800022818D041
:10F3F0001E49096801F15400496DB94301600120BB
:10F400001A49096881F858005DB101212846FDF7C5
:10F41000E7FA4FF0805016490860BFF34F8FBFF3F3
:10F420006F8FFEF733FAFEF707FA1CB10F4800683A
:10F43000406D20600D48006890F85800022801D007
:10F44000002608E00949096801F15400496D21EAE4
:10F4500008010160012600200449096881F858006C
:10F46000FEF714FA3046BDE8F081000000000020ED
:10F4700004ED00E070B505462C460026002D43D073
:10F4800022480068844201D1012000E0002050B9E8
:10F4900000BF502080F31188BFF34F8FBFF36F8FF1
:10F4A00000BF00BFFEE7206D50B900BF502080F3C1
:10F4B0001188BFF34F8FBFF36F8F00BF00BFFEE710
:10F4C000206D401E2065E16CE06A88421CD0206DF2
:10F4D000D0B9201DFEF7FCF8E06CE062E06AC0F1F4
:10F4E0003800A0610A49E06A0968884202D90849DF
:10F4F000E06A0860E16A01EB8101064A02EB8100E3
:10F50000211DFEF73BF90126304670BD00000020AA
:10F5100018000020B803002070B505462C460026D0
:10F52000002D42D02249E06A0968C96A884235D272
:10F53000A06900F0004028B91D480068C06AC0F109
:10F540003800A061E16A01EB81011A4A02EB8101F6
:10F550006069884201D1012000E00020C0B1201D77
:10F56000FEF7B6F812480068C06AE0621249E06A25
:10F570000968884202D91049E06A0860E16A01EB33
:10F5800081010C4A02EB8100211DFEF7F7F803E030
:10F5900007480068C06AE062012606E00449E06CA2
:10F5A0000968C96A884200D20126304670BD000051
:10F5B00000000020B80300201800002070B50646A7
:10F5C000F068C46854B900BF502080F31188BFF3BD
:10F5D0004F8FBFF36F8F00BF00BFFEE704F118002D
:10F5E000FEF776F815480068A0B9201DFEF770F800
:10F5F0001349E06A0968884202D91149E06A086043
:10F60000E16A01EB81010F4A02EB8100211DFEF747
:10F61000B5F804E004F118010B48FEF7AFF80B4908
:10F62000E06A0968C96A884204D9012501200849AD
:10F63000086000E00025284670BD0000380000206A
:10F6400018000020B803002040080020000000201F
:10F650002400002070B5002400263648006850B908
:10F6600000BF502080F31188BFF34F8FBFF36F8F1F
:10F6700000BF00BFFEE7FEF7DFF82E480068401E1F
:10F680002C4908600846006800284ED12A480068C6
:10F6900000284AD023E02948C068C46804F1180053
:10F6A000FEF716F8201DFEF713F82549E06A0968F1
:10F6B000884202D92249E06A0860E16A01EB8101CF
:10F6C000204A02EB8100211DFEF758F81E49E06A2E
:10F6D0000968C96A884202D301201C49086017489A
:10F6E000006808B9012000E000200028D3D00CB148
:10F6F000FDF7E0FD1648056865B100BFFFF7C8FDDE
:10F7000010B10120114908606D1E002DF6D10020B6
:10F710000F4908600D48006838B1012630070D49CF
:10F720000860BFF34F8FBFF36F8FFEF7AFF830461F
:10F7300070BD0000380000201000002040080020AC
:10F7400018000020B8030020000000202400002042
:10F750002000002004ED00E02DE9FC4705460E46A0
:10F7600017469846DDF828902C20FDF7B3FE044696
:10F7700054B1002084F8280043463A4631462846D2
:10F78000CDE90094FDF793FB2046BDE8FC872DE909
:10F79000FC4706460F4690469946DDE90AA52C200F
:10F7A000019001982C2801D1012000E0002050B9DF
:10F7B00000BF502080F31188BFF34F8FBFF36F8FCE
:10F7C00000BF00BFFEE700BF55B900BF502080F367
:10F7D0001188BFF34F8FBFF36F8F00BF00BFFEE7ED
:10F7E0002C4654B1022084F828004B464246394644
:10F7F0003046CDE900A4FDF75AFB2046BDE8FC8762
:10F8000010B586B00024FDF785F916480068D0B120
:10F8100000200590049003AA04A905A8FDF778FF2D
:10F820000222DDE904100023CDE9002102900EA19F
:10F830000F48039AFFF76CFB0E4908600846006802
:10F8400000B1012400BF54B900BF502080F31188DB
:10F85000BFF34F8FBFF36F8F00BF00BFFEE720469F
:10F8600006B010BD44000020546D72205376630032
:10F87000F9D30408480000202DE9FF4704460D464F
:10F8800016461F46DDF830804FF0000954B900BF1E
:10F89000502080F31188BFF34F8FBFF36F8F00BFED
:10F8A00000BFFEE71448006810B30095019602946B
:10F8B000062D15DAFFF7D6FC022808D100234246B0
:10F8C00069460D480068FEF7A7FE814610E0002358
:10F8D0001A46694608480068FEF79EFE814607E022
:10F8E00000233A46694604480068FEF769FF8146EE
:10F8F000484604B0BDE8F0874400002070B50446D7
:10F90000264654B900BF502080F31188BFF34F8FB3
:10F91000BFF36F8F00BF00BFFEE7FDF78DFF96F8C6
:10F92000280000F0010008B9002500E00125FDF7DE
:10F93000ADFF284670BD81F00041704780F0004067
:10F94000704721F00041704720F0004070470000F0
:10F9500021F00042A2F16052B2F5801F01F0004395
:10F9600028BFD2F17F6C0BD95FEA001C43EAC202C8
:10F9700042EB507018BF704728BF20F0010070475D
:10F98000B2F5801FBCBF184670474FEA410C1CF50A
:10F99000001F02D2084600F089BD70B500F090FB50
:10F9A00000000089FFF7F6BF4FF00040A0F580008F
:10F9B0007047000010B591EA030F48BF83F0004381
:10F9C00000F11C84841A71EB030C05D2121943EB6D
:10F9D0000C03001B61EB0C01DFF824E14FEA11542A
:10F9E000A4EB135C1EEA430F18BF9EEA445F73D07A
:10F9F00023EA0E03DCF1200E21EA045143F48013C4
:10FA000032D322FA0CFE10EB0E0023FA0CFE41EB6F
:10FA10000E01CCF1200E03FA0EFE10EB0E0051F198
:10FA20000001B1F5801FCCF1200E32D201EB045160
:10FA300012FA0EF2BDE8104058BF7047401C38BFA4
:10FA40005FEA420218BF7047002814BF20F001008F
:10FA500041F100014FEA410313F5001F38BF704721
:10FA6000A1F1C04100F07ABB012A43EB0302ACF1E3
:10FA7000200CDCF11F0E32BF4FF0000E23FA0CF306
:10FA800010EB030041EB0451B4EB115FD0D0A1EBBC
:10FA9000045101F5801149085FEA300001EB04517F
:10FAA0000ED350F1000038BF12FA0EFE08D1BDE8A7
:10FAB0001040C9E7401C38BF5FEA4202CAD1C3E721
:10FAC000BDE810404FEA410313F5001F38BF7047EF
:10FAD000A1F1C04100F042BB9EEA445F08D011EAA8
:10FAE0005E0FBDE8104004BF01F0004100207047E8
:10FAF000BDE8104070B500F0E3FA00BF64FBBE3E05
:10FB00000000E0FF491058BFC1F140415B1058BFF1
:10FB1000C3F140438B42EFF3008070472DE9C041B1
:10FB200030B4DFF8A0C23CEA111418BF3CEA131449
:10FB300000F0EC8081EA03051CEA111444EAD57454
:10FB400018BF1CEA131500F0C780A4EB05044FF0A2
:10FB5000004545EAC12145EAC32341EA505143EA41
:10FB6000525304F17F74994204F500344FEAC020E7
:10FB70004FEAC22208BF904200F09C804FEA136512
:10FB80000FF24016765D4FEA134506FB05F7C7F105
:10FB9000807706FB07F74FEAD737A7FB0368764263
:10FBA000C8F58038A7FB06CE38BFA8F1010807FBCF
:10FBB00008E64FF0000EA6FB028CE6FB03CEDCF15C
:10FBC000000CCEF1004E38BFAEF1010EA6FB0C5872
:10FBD0004FF000074FF00005E6FB0E87A1FB08C6BB
:10FBE000A0FB07CE16EB0E0645F10005E1FB07650D
:10FBF00015F1E04E7EBFA4F580345FEA46066D4104
:10FC000016F1800745F100054FEA17274FEA06660F
:10FC100047EA0567A6F1DE46B6F1805F4FEA152593
:10FC20001FD9384624F0010C05EBC471BCF1FE6FFE
:10FC300001EB0C1102D8F0BCBDE8008124425CBF8E
:10FC400001F5801E9EEAC47F02D4F0BCBDE80081AD
:10FC5000244238D4F0BCA1F1C041BDE8004100F01D
:10FC60007DBA4FEAD22242EA43524FEAD323A7FB9E
:10FC700002864FEAD02040EA415007FB03661EEAA5
:10FC80000E0F4FEAD12105FB026658BFA6EB0056C6
:10FC9000B6EB00564FEA520E4EEAC37E18EB0E0E3C
:10FCA00056EB530EBDD518EB02085E417F1C55F193
:10FCB0000005B6E74FF480154FF000074FF000063F
:10FCC0004FF00008ADE7F0BC4FF0000001F1C0417B
:10FCD00001F00041BDE8008111EA0C1F0CEA131588
:10FCE00000D00CE013EA0C1F00F025804FF000005C
:10FCF000F0BC81EA030101F00041BDE80081F0BCE5
:10FD0000BDE8004181EA030100F028BAF0BCBDE87B
:10FD1000004170B500F0D4F9097EFC3E00F007B850
:10FD200081EA03014FF0000001F00041704781EAD1
:10FD3000030100F013BAF0BCBDE800414FF0000031
:10FD400021497047FFFDFBF9F7F5F4F2F0EEEDEB1A
:10FD5000E9E8E6E4E3E1E0DEDDDBDAD8D7D5D4D3C9
:10FD6000D1D0CFCDCCCBCAC8C7C6C5C4C2C1C0BF15
:10FD7000BEBDBCBBBAB9B8B7B6B5B4B3B2B1B0AF1B
:10FD8000AEADACABAAA9A8A8A7A6A5A4A3A3A2A1FF
:10FD9000A09F9F9E9D9C9C9B9A99999897979695BA
:10FDA00095949393929191908F8F8E8E8D8C8C8B56
:10FDB0008B8A8989888887878685858484838382DE
:10FDC000828181800000FF070000F87F51EA030C68
:10FDD00017D41CF5801F58BFBCF5801F00F10680AA
:10FDE000994218BF704708BF9042704707D711F576
:10FDF000801F58BF13F5801F19D49942704789425C
:10FE000070471CF5801F08D5BCF5801FF7D58B42C5
:10FE100018BF704708BF824270474FF4001C1CEBAC
:10FE2000410F38BF1CEB430F01D28B42704770B5B6
:10FE300000F046F9922449004FF000514FF08053F2
:10FE4000FFF760BE4FEA1153A3F58063D3F11E03A1
:10FE5000A8BFD3F1200C08DB4FF0004242EAC122D8
:10FE600052EA505232FA03F0704709420BD4102B79
:10FE7000C4BF0020704703F5787CBCF1FF3F05D07C
:10FE80004FF0FF3070474FF00000704770B500F042
:10FE900017F900BF4992248000207047F0E710F066
:10FEA000004248BF4042B0FA80F310FA03F10AD092
:10FEB000C3F11D0303F580634FEA415002EB035287
:10FEC00002EBD12170474FF000007047B0FA80F389
:10FED00010FA03F10AD0C3F11D0303F580634FEA62
:10FEE00041504FEA035202EBD12170474FF000001E
:10FEF0007047000051EA030C17D41CF5801F58BF4F
:10FF0000BCF5801F00F10680994218BF704708BFFA
:10FF10009042704707D711F5801F58BF13F5801F17
:10FF200019D499427047894270471CF5801F08D543
:10FF3000BCF5801FF7D58B4218BF704708BF8242BF
:10FF400070474FF4001C1CEB410F38BF1CEB430FF4
:10FF500001D28B42704770B500F0B2F8922449008C
:10FF60004FF000514FF08053FFF7CCBDDFF848C190
:10FF700070B51CEA111E1EBF1CEA13159EEA0C0F79
:10FF800095EA0C0F00F06F8081EA030423EA4C131A
:10FF90004EEAD47E21EA4C1141F4801143F48013DF
:10FFA000AE44A1FB024CA0FB0365AEF17F7E361987
:10FFB00055EB0C05A1FB034C4CF10003A0FB021C0C
:10FFC00016EB0C06654153F10003094218BF46F0D9
:10FFD000010613F4007F0BD14FEA03314FEA0530DD
:10FFE000340341EA155140EA16506FF003020AE06B
:10FFF0004FEAC3214FEAC520F40241EA555140EAD5
:020000040805ED
:1000000056506FF0020202EB2E4201EB025585EAD8
:10001000CE710AD05FEA440C18BF24F0004450F1BE
:10002000000041F1000120EAD47040F2FE7C6245FC
:1000300000D270BDA84214BF4FF080444FF040443E
:10004000002E08BF0024BEF1806FA8BFA1F1C041FF
:10005000BDE8704080F282804FF0000001F1C041A5
:1000600001F0004170479EEA0C0F0CEA131518BF0F
:1000700095EA0C0F06D04FF0000081EA030E0EF057
:10008000004170BD00F01CF88900013E00F007B887
:1000900000F009B84FEA430C5FEA5C5C08D081EAE3
:1000A000030100F05BB84FEA410C5FEA5C5CF6D1FB
:1000B0004FF00000014970470000FF070000F87F83
:1000C0000EF1020E2EF0030E5EF8046B364205D4DC
:1000D000012A43EB030515F5001F12D8012841EB57
:1000E000010C1CF5001F0CD80ED14FEAD17C15F580
:1000F000001F0CEB4C0C0CF1020C08BF4CEBD37C3A
:1001000004E04FF0080C01E04FEAD37C0CEB4C0507
:1001100026FA05F606F00706B6F1040C06D20EEB39
:10012000860CBDE870404CF0010C6047DFE80CF035
:10013000090B02024FF000414FF00000A1F5002131
:1001400070BD19461046012851EB010418BFD4F5C3
:10015000001484BF002001F0004170BD0808A0F524
:1001600000114FEA3101704753EA010C17D41CF516
:10017000801F58BFBCF5801F00F106808B4218BF5E
:10018000704708BF8242704707D713F5801F58BFDA
:1001900011F5801F19D48B4270479B4270471CF5A4
:1001A000801F08D5BCF5801FF7D5994218BF70474E
:1001B00008BF904270474FF4001C1CEB430F38BF40
:1001C0001CEB410F01D2994270470FB40CBC03BC29
:1001D000FFF7C1BE91EA030F10B581F000413FF572
:1001E000F1AB83F0004300F009B8000010B591EACC
:1001F000030F48BF83F000433FF5E4AB841A71EB73
:10020000030C07D212198CF0004C43EB0C03001BBB
:1002100061EB0C01DFF8A4E14FEA1154A4EB135C8D
:100220001EEA430F18BF9EEA445F00F0B08023EA45
:100230006E03524221EA0451C3EB6E0338BF5B1ECA
:10024000DCF1200E25D322FA0CFE10EB0E0043FA4F
:100250000CFE41EB0E01CCF1200E03FA0EFE10EB6A
:100260000E0051F10001CCF1200E29D412FA0EF249
:1002700001EB0451BDE8104058BF7047401C1CBF43
:10028000B2F1004F704700280CBF491C20F001005C
:10029000704712EB020E43EB030218BF4FF0010E42
:1002A0004EEA4202ACF1200CDCF11E0E54D943FAA6
:1002B0000CFE10EB0E0051F1FF31CCF11E0ED5D526
:1002C0000EF1010E12FA0EFE404141EB010101EB6D
:1002D000445C5FEA5C5C10D910EBDE7001EB04510A
:1002E00038BFBEF1004FBDE8104018BF704700286E
:1002F0000CBF491C20F00100704730D24FEAD42CCB
:1003000011F5001124F400641BD0B1FA81F20B3A0C
:10031000A41AA41ED2F12003914030FA03F319432A
:10032000904001EBCC71002C01EB0451BDE8104072
:10033000A8BF704701F1C0414FF0000001F000413B
:100340007047B0FA80F310FA03F100D110BDE41A3F
:10035000173C4805C90AE4E701EB045110BD4910F8
:1003600001EB0451BDE810404FEA300002E04FF0CD
:10037000000170474A0008BF0042F8D0B2F5001FE4
:1003800028BF704701F000414FF0000070479EEA1F
:10039000445F07D011EA5E0FBDE8104004BF0021A2
:1003A00000207047BDE8104070B5FFF789FE00BF20
:1003B00040DFF63E83F00041104670470000E0FF4A
:1003C00043004FEAD30C4FEA3C0C43401FBF4007A9
:1003D0000CF1605113F0FE4F70471CF0006F03D119
:1003E00000200CF0004170470CF0004343EA5070CD
:1003F00010B540EACC0000F00EF800BF00000092FB
:100400004FEA0001FFF7AABE4FF000414FF0000095
:10041000A1F5002170470EF1020E2EF0030E5EF8DA
:10042000044B244204D44FEA4102B2F17F4F11D869
:100430004FEA4003B3F17F4F0CD80ED14FEAD07C86
:10044000B2F17F4F0CEB4C0C0CF1020C08BF4CEBE3
:10045000D17C04E04FF0080C01E04FEAD17C0CEBBA
:100460004C0324FA03F404F00704B4F1040C06D29C
:100470000EEB840CBDE810404CF0010C6047DFE847
:100480000CF0070802024FF00040A0F5800010BDFC
:100490000846420018BFD2F1807288BF00F00040C9
:1004A00010BD4FF04070E1EE100A7047FF2141EAA5
:1004B000D050C005704700C1814001C0804101C0DB
:1004C000804100C1814001C0804100C1814000C124
:1004D000814001C0804101C0804100C1814000C114
:1004E000814001C0804100C1814001C0804101C004
:1004F000804100C1814001C0804100C1814000C1F4
:10050000814001C0804100C1814001C0804101C0E3
:10051000804100C1814000C1814001C0804101C0D3
:10052000804100C1814001C0804100C1814000C1C3
:10053000814001C0804101C0804100C1814000C1B3
:10054000814001C0804100C1814001C0804101C0A3
:10055000804100C1814000C1814001C0804101C093
:10056000804100C1814001C0804100C1814000C183
:10057000814001C0804100C1814001C0804101C073
:10058000804100C1814001C0804100C1814000C163
:10059000814001C0804101C0804100C1814000C153
:1005A000814001C0804100C1814001C0804101C043
:1005B000804100C1814000C0C101C30302C2C60620
:1005C00007C705C5C404CC0C0DCD0FCFCE0E0ACA8B
:1005D000CB0BC90908C8D81819D91BDBDA1A1EDEDB
:1005E000DF1FDD1D1CDC14D4D515D71716D6D2128B
:1005F00013D311D1D010F03031F133F3F23236F69B
:10060000F737F53534F43CFCFD3DFF3F3EFEFA3A4A
:100610003BFB39F9F83828E8E929EB2B2AEAEE2EDA
:100620002FEF2DEDEC2CE42425E527E7E62622E24A
:10063000E323E12120E0A06061A163A3A26266A69A
:10064000A767A56564A46CACAD6DAF6F6EAEAA6A0A
:100650006BAB69A9A86878B8B979BB7B7ABABE7E5A
:100660007FBF7DBDBC7CB47475B577B7B67672B20A
:10067000B373B17170B0509091519353529296569A
:100680005797559594549C5C5D9D5F9F9E5E5A9ACA
:100690009B5B99595898884849894B8B8A4A4E8E5A
:1006A0008F4F8D4D4C8C44848545874746868242CA
:1006B000438341818040102840587088A0B80000D2
:1006C0000000040404000008000000080000080006
:1006D00000000800020406080A0C000102030405D9
:1006E00006102840587088A0B800000000040404D8
:1006F00000000800000008000008000000080002D8
:100700000406080A0C0001020304050610284058DC
:100710007088A0B800000000040404000008000075
:1007200000080000080000000800020406080A0C87
:100730000001020304050600102840587088A0B884
:10074000000000000404040000080000000800008D
:10075000080000000800020406080A0C0001020359
:10076000040506000000000000000000000000007A
:10077000000058025802580258025802C800580295
:100780005802580258029001580258025802580262
:100790005802900158025802580258025802580252
:1007A00000000000000000005802000000000000EF
:1007B0000000000000000000000000000000000039
:1007C00000000000000000005802580258025802C1
:1007D0005802580258025802580220035802580280
:1007E00058025802580258020000000000000000A1
:1007F0000700000004000000A3A804080000000097
:100800000800000080000000A3A804080000000009
:100810000900000008000000A3A804080000000070
:100820000B00000010000000A3A804080000000056
:100830000A00000020000000A3A804080000000037
:100840000C00000040000000A3A804080000000005
:100850002200000001000000A3A80408000000001E
:100860000500000000020000A3A80408000000002A
:100870000200000000050000A3A80408000000001A
:100880000300000002000000A3A80408000000000C
:100890000400000002100000A3A8040800000000EB
:1008A0000600000000400000A3A8040800000000AB
:1008B0002400000000200000A3A80408000000009D
:1008C0000000000000000000000000000000000028
:1008D0000000000000000000000000000000000018
:1008E0000000000000000000000000000000000008
:1008F00000000000000000000000000000000000F8
:1009000000000000000000000000000000000000E7
:1009100000000000000000000000000000000000D7
:1009200000000000000000000000000000000000C7
:100930000700000004000000A3A804087C010000D8
:100940000800000080000000A3A804087C0100004B
:100950000900000008000000A3A804087C010000B2
:100960000B00000010000000A3A80408C80000004D
:100970000A00000020000000A3A804087C01000079
:100980000C00000040000000A3A804086400000060
:100990002200000001000000A3A80408F4010000E8
:1009A0000500000000020000A3A80408F4010000F4
:1009B0000200000000050000A3A80408F4010000E4
:1009C0000300000002000000A3A804087C0100004E
:1009D0000400000002100000A3A804087C0100002D
:1009E0000600000000400000A3A80408F401000075
:1009F0002400000000200000A3A80408F401000067
:100A000000000000000000000000000000000000E6
:100A100000000000000000000000000000000000D6
:100A200000000000000000000000000000000000C6
:100A300000000000000000000000000000000000B6
:100A400000000000000000000000000000000000A6
:100A50000000000000000000000000000000000096
:100A60000000000000000000000000000000000086
:100A70000700000004000000A3A804080000000014
:100A80000800000080000000A3A804080000000087
:100A90000900000008000000A3A8040800000000EE
:100AA0000B00000010000000A3A8040800000000D4
:100AB0000A00000020000000A3A8040800000000B5
:100AC0000C00000040000000A3A804080000000083
:100AD0002200000001000000A3A80408000000009C
:100AE0000500000000020000A3A8040800000000A8
:100AF0000200000000050000A3A804080000000098
:100B00000300000002000000A3A804080000000089
:100B10000400000002100000A3A804080000000068
:100B20000600000000400000A3A804080000000028
:100B30002400000000200000A3A80408000000001A
:100B400000000000000000000000000000000000A5
:100B50000000000000000000000000000000000095
:100B60000000000000000000000000000000000085
:100B70000000000000000000000000000000000075
:100B80000000000000000000000000000000000065
:100B90000000000000000000000000000000000055
:100BA0000000000000000000000000000000000045
:100BB0000700000004000000A3A8040800000000D3
:100BC0000800000080000000A3A804080000000046
:100BD0000900000008000000A3A8040800000000AD
:100BE0001600000010000000A3A804080000000088
:100BF00017000000010000002BA8040800000000FE
:100C00000F00000020000000A3A80408000000005E
:100C10002000000001000000A3A80408000000005C
:100C20001A00000060000000A3A8040800000000F3
:100C30001F000000020000002BA8040800000000B4
:100C40000200000000010000A3A80408000000004A
:100C50000300000002000000A3A804080000000038
:100C60000400000002100000A3A804080000000017
:100C70000600000000400000A3A8040800000000D7
:100C80002400000000200000A3A8040800000000C9
:100C90000000000000000000000000000000000054
:100CA0000000000000000000000000000000000044
:100CB0000000000000000000000000000000000034
:100CC0000000000000000000000000000000000024
:100CD0000000000000000000000000000000000014
:100CE0000000000000000000000000000000000004
:100CF0000700000004000000A3A804080000000092
:100D00000800000080000000A3A804080000000004
:100D10000900000008000000A3A80408000000006B
:100D20001700000010000000A3A804080000000045
:100D30001900000020000000A3A804080000000023
:100D40001100000040000000A3A8040800000000FB
:100D50000200000000050000A3A804080000000035
:100D60002200000001000000A3A804080000000009
:100D70000500000000020000A3A804080000000015
:100D80000300000002000000A3A804080000000007
:100D90000400000002100000A3A8040800000000E6
:100DA0000600000000400000A3A8040800000000A6
:100DB0002400000000200000A3A804080000000098
:100DC0000000000000000000000000000000000023
:100DD0000000000000000000000000000000000013
:100DE0000000000000000000000000000000000003
:100DF00000000000000000000000000000000000F3
:100E000000000000000000000000000000000000E2
:100E100000000000000000000000000000000000D2
:100E200000000000000000000000000000000000C2
:100E30000700000004000000A3A804080000000050
:100E40000800000080000000A3A8040800000000C3
:100E50000900000008000000A3A80408000000002A
:100E60001700000010000000A3A804080000000004
:100E70001900000020000000A3A8040800000000E2
:100E80001100000040000000A3A8040800000000BA
:100E90000100000001000000A3A8040800000000F9
:100EA0000200000000010000A3A8040800000000E8
:100EB0000500000000020000A3A8040800000000D4
:100EC0000300000002000000A3A8040800000000C6
:100ED0000400000002080000A3A8040800000000AD
:100EE0000600000000400000A3A804080000000065
:100EF00000000000000000000000000000000000F2
:100F000000000000000000000000000000000000E1
:100F100000000000000000000000000000000000D1
:100F200000000000000000000000000000000000C1
:100F300000000000000000000000000000000000B1
:100F400000000000000000000000000000000000A1
:100F50000000000000000000000000000000000091
:100F60000000000000000000000000000000000081
:100F70000700000002000000A3A804080000000011
:100F80000800000010000000A3A8040800000000F2
:100F90000900000080000000A3A804080000000071
:100FA0003D00000004000000A3A8040800000000A9
:100FB0003E00000020000000A3A80408000000007C
:100FC0003F00000040000000A3A80408000000004B
:100FD0004000000000800000A3A8040800000000FA
:100FE0004100000000000100A3A804080000000068
:100FF0002200000000200000A3A804080000000058
:101000000200000008030000A3A80408000000007C
:101010000300000001000000A3A804080000000075
:101020000400000000100000A3A804080000000055
:101030000600000000400000A3A804080000000013
:101040002400000000080000A3A80408000000001D
:101050000500000000040000A3A804080000000030
:101060000000000000000000000000000000000080
:101070000000000000000000000000000000000070
:101080000000000000000000000000000000000060
:101090000000000000000000000000000000000050
:1010A0000000000000000000000000000000000040
:1010B0000700000004000000A3A8040800000000CE
:1010C0000800000080000000A3A804080000000041
:1010D0000900000008000000A3A8040800000000A8
:1010E0001800000010000000A3A804080000000081
:1010F0001000000020000000A3A804080000000069
:101100001400000040000000A3A804080000000034
:101110000100000001000000A3A804080000000076
:101120000200000000010000A3A804080000000065
:101130000300000002000000A3A804080000000053
:101140000400000002100000A3A804080000000032
:101150000600000000000200A3A804080000000030
:10116000000000000000000000000000000000007F
:10117000000000000000000000000000000000006F
:10118000000000000000000000000000000000005F
:10119000000000000000000000000000000000004F
:1011A000000000000000000000000000000000003F
:1011B000000000000000000000000000000000002F
:1011C000000000000000000000000000000000001F
:1011D000000000000000000000000000000000000F
:1011E00000000000000000000000000000000000FF
:1011F0000700000004000000A3A80408000000008D
:101200000800000080000000A3A8040800000000FF
:101210000900000008000000A3A804080000000066
:101220001600000010000000A3A804080000000041
:101230001700000020000000A3A804080000000020
:101240000F00000040000000A3A8040800000000F8
:101250002200000001000000A3A804080000000014
:101260000200000000050000A3A804080000000020
:101270000500000000020000A3A804080000000010
:101280000300000002000000A3A804080000000002
:101290000400000002100000A3A8040800000000E1
:1012A0000600000000400000A3A8040800000000A1
:1012B0002400000000000200A3A8040800000000B1
:1012C000000000000000000000000000000000001E
:1012D000000000000000000000000000000000000E
:1012E00000000000000000000000000000000000FE
:1012F00000000000000000000000000000000000EE
:1013000000000000000000000000000000000000DD
:1013100000000000000000000000000000000000CD
:1013200000000000000000000000000000000000BD
:101330000700000004000000A3A80408000000004B
:101340000800000080000000A3A8040800000000BE
:101350000900000008000000A3A804080000000025
:101360001700000010000000A3A8040800000000FF
:101370001100000020000000A3A8040800000000E5
:101380000C00000040000000A3A8040800000000BA
:101390002200000001000000A3A8040800000000D3
:1013A0000200000000050000A3A8040800000000DF
:1013B0000500000000020000A3A8040800000000CF
:1013C0000300000002000000A3A8040800000000C1
:1013D0000400000002100000A3A8040800000000A0
:1013E0000600000000400000A3A804080000000060
:1013F0002400000000200000A3A804080000000052
:1014000000000000000000000000000000000000DC
:1014100000000000000000000000000000000000CC
:1014200000000000000000000000000000000000BC
:1014300000000000000000000000000000000000AC
:10144000000000000000000000000000000000009C
:10145000000000000000000000000000000000008C
:10146000000000000000000000000000000000007C
:10147000B016050800000000000000000000000099
:101480000000000000020000180000000000000042
:101490000000000098160508000000000000000091
:1014A0000000000000000000000400001800000020
:1014B00000000000000000007C160508000000008D
:1014C0000000000000000000000000000004000018
:1014D000200000000000000000000000A416050825
:1014E00000000000000000000000000000000000FC
:1014F00000040000300000000000000000000000B8
:101500008816050800000000000000000000000030
:1015100000000000000200000800000000000000C1
:1015200000000000E01605080000000000000000B8
:1015300000000000C01605080000000000000000C8
:1015400000000000D01605080000000000000000A8
:1015500000000000F4160508000000000000000074
:101560000000000000170508000000000000000057
:1015700000000000EC16050800000000000000005C
:1015800000000000601605080000000000000000D8
:1015900000000000681605080000000000000000C0
:1015A00000000000741605080000000000000000A4
:1015B00000000000102840587088A0B8000000000B
:1015C0000404040000080000000810284058708837
:1015D000A0B80000102840587088A0B80000000093
:1015E00000000000000000000000000000000000FB
:1015F00000000000000000000000000001020304E1
:1016000006070809000000000102030404000008A6
:1016100000000000000000020001000010000000B7
:1016200004FA97999999D93FAF788E1DC571CC3F2F
:101630009FC678D0099AC33F935555555555E53FF8
:10164000599322942449D23FDE03CB966446C73F88
:1016500044523EDF12F1C23F0000000000000000D3
:101660005556646174610000486F73744D62646123
:1016700074610000486F744D7367000050726F63AF
:101680005461736B00000000537469724374726C90
:101690005461736B0000000054656D705461736B8E
:1016A00000000000734D6F646275735461736B00CA
:1016B00044617461436F6C6C6563745461736B0057
:1016C000486F74486F6C6454696D65720000000067
:1016D0005265706F72745374657054696D657200F1
:1016E0004D6F746F7254696D65720000436F6D6D5C
:1016F000335278006F734144534D75746578000020
:1017000054656D70446174614D75746578000000B6
:10171000301705080000002078030000C401040809
:101720000418050878030020109D0000200204081A
:1017300001741AAA01D104121001400229023211C7
:101740003699B60408043649B504080336BDB40416
:101750000810364FB8040806367DB70408171AD5A6
:101760002032013663B30408051A0D18320F1ABF70
:101770000829721A1138326636E1B20408671AC1B4
:1017800058012A8A010216459EB358011B20949DD8
:10179000297012AA1A0F0845D00788130312C8AF80
:1017A0000316803F093618237A442B20400813F48F
:1017B000631B20EC041B6C62049908013C9B6009CC
:1017C0000C0212EA134C021B204D041A4E041A4F4D
:1017D00004198C12411248199019A2041590A0B056
:1017E0003B140120610370B80B0516658C040819C1
:1017F000BC3904013613FC6F12205324F43210322A
:0418000001000000E3
:040000050804018961
:00000001FF
