:020000040804EE
:1000000098A0002031030408CF5D0408D52F040810
:10001000CD5D04086F0C0408E5A80408000000008A
:100020000000000000000000000000007102040851
:100030005917040800000000CD020408E19B0408E1
:100040004B030408B16504084B0304084B03040880
:100050004B0304084B0304084B0304084B03040838
:100060004B0304084B0304084B0304084B03040828
:10007000E11204084B030408511304084B0304085D
:100080004B0304084B0304084B0304084B03040808
:100090004B0304084B0304084B0304084B030408F8
:1000A0004B0304084B030408259D04084B03040874
:1000B0004B0304084B0304084B0304084B030408D8
:1000C0004B0304084B0304084B0304084B030408C8
:1000D0004B03040821A604084B03040861A6040886
:1000E0004B0304084B0304084B0304084B030408A8
:1000F0004B0304082D9D04084B0304084B0304081C
:100100004B0304084B0304084B0304084B03040887
:100110004B0304084B0304084B030408299D0408FF
:10012000ED1304082D1504084B0304084B030408C1
:100130004B0304084B0304084B0304084B03040857
:100140004B0304084B0304084B0304084B03040847
:100150004B0304089D1504084B030408C1A60408BA
:100160004B0304084B0304084B0304084B03040827
:100170004B0304084B0304084B0304080000000071
:100180004B0304084B03040800F002F800F061F888
:100190000AA090E8000C82448344AAF10107DA45E2
:1001A00001D100F056F8AFF2090EBAE80F0013F0D3
:1001B000010F18BFFB1A43F0010318479411010007
:1001C000B41101000A444FF0000C10F8013B13F089
:1001D000070408BF10F8014B1D1108BF10F8015BA0
:1001E000641E05D010F8016B641E01F8016BF9D193
:1001F00013F0080F1EBF10F8014BAD1C0C1B09D1EA
:100200006D1E58BF01F801CBFAD505E014F8016B5B
:1002100001F8016B6D1EF9D59142D6D370470000ED
:100220000023002400250026103A28BF78C1FBD8FF
:10023000520728BF30C148BF0B607047642900F0E7
:100240002581002070471FB50FF04BFF1FBD10B573
:1002500010BD00F049FB1146FFF7F5FF0BF0F0FD74
:1002600000F067FB03B4FFF7F2FF03BC0AF043FEA4
:100270002C4B19680868B0E8F04F80F30988BFF389
:100280006F8F4FF0000080F311887047000000006E
:1002900008480068006880F308884FF0000080F389
:1002A000148862B661B6BFF34F8FBFF36F8F00DF64
:1002B00000BF00BF08ED00E0DFF80C00016841F46A
:1002C00070010160704700BF88ED00E0EFF3098026
:1002D000BFF36F8F134B1A681EF0100F08BF20ED8D
:1002E000108A20E9F04F106009B44FF0500080F3FD
:1002F0001188BFF34F8FBFF36F8F0DF05DFB4FF091
:10030000000080F3118809BC19680868B0E8F04F54
:100310001EF0100F08BFB0EC108A80F30988BFF3FD
:100320006F8F704700000020EFF3058070470000DA
:100330000948804709480047FEE7FEE7FEE7FEE779
:10034000FEE7FEE7FEE7FEE7FEE7FEE704480549B5
:10035000054A064B70470000059D04088901040802
:100360009878002098A00020989800209898002065
:1003700053EA020C00F069802DE9F04B4FF00006C3
:10038000002B1FBFB3FA83F503FA05F424FA05F630
:100390005E4012BF1643B2FA82F502FA05F4C5F1C7
:1003A00020051EBF22FA05FC44EA0C04203556EA5B
:1003B000044C4FEA144418BF641C4FF000084FF07F
:1003C0000009904271EB030C39D3002919BFB1FA2F
:1003D00081F701FA07F6B0FA80F700FA07F6C7F1DD
:1003E00020071EBF20FA07FC46EA0C062037B6FBA2
:1003F000F4FCA7EB0507103F07F01F0BCBF120061D
:100400000CFA0BFB2CFA06F644BFB3460026202F4D
:10041000A4BF5E464FF0000B5BEA060C08BF4FF02E
:10042000010B19EB0B09ABFB027C48EB0608C01B68
:1004300006FB02CC0BFB03CC71EB0C01C1E70B46B6
:10044000024641464846BDE8F08B13B54FF0000028
:100450004FF00001AFF30080BDE81C407047000082
:100460000FB41CB5084B06AA7B446946009005985A
:1004700000F0F7F904460020694600F005FA20462E
:100480001CBC5DF814FB00001D0400002DE9F041C8
:100490000646002410687529314616A510D0AFF322
:1004A0000080002802DA404213A507E031688A077D
:1004B00001D512A502E0490704D511A5012401E0E8
:1004C000AFF3008000210A2206F1240709E0B0FB07
:1004D000F2FCB0FBF2F302FB1C00303078541846FB
:1004E000491C0028F3D123462A463046BDE8F04196
:1004F00000F058B9000000002D0000002B000000A3
:10050000200000002DE9F05F894604464FF0000A04
:10051000DFF824B1FB44C0F820A02046E1688847FA
:1005200000287DD0252806D0D4E901219047206AF3
:10053000401C2062F1E700255F462046E1688847BD
:100540002028064607DB312E05D2B81910F8200CFA
:1005500008B10543F1E7A80701D525F00405C4F863
:100560001CA00027C4F818A02A2E09D030460AF093
:10057000BBFC38B304EB8708303EC8F8186019E0BC
:1005800059F8041B204604EB87029161E168884713
:10059000012F064618D1E069002820DA25F0200551
:1005A0001DE0D8F8180000EB800006EB4000303862
:1005B000C8F818002046E168884706460AF094FC0F
:1005C0000028EED1012F0AD02E2E08D12046E16856
:1005D00088477F1C0646022F45F02005C4DBA06932
:1005E000002803DA404245F00105A061E80701D088
:1005F00025F01005A6B1A6F14100192802D8203631
:1006000045F400654A463146204625604D46FFF7D1
:1006100015FE60B1012807D0ED1D25F0070000E0B0
:1006200007E000F1080978E705F1040975E73046AD
:100630007AE7206ABDE8F09F340D0100032A40F2FA
:10064000308010F0030C00F0158011F8013BBCF174
:10065000020F624498BF11F801CB00F8013B38BF8C
:1006600011F8013BA2F1040298BF00F801CB38BF9A
:1006700000F8013B11F0030300F02580083AC0F0B8
:10068000088051F8043B083A51F804CBA0E8081060
:10069000F5E7121D5CBF51F8043B40F8043BAFF393
:1006A0000080D20724BF11F8013B11F801CB48BFED
:1006B00011F8012B24BF00F8013B00F801CB48BF23
:1006C00000F8012B704710B5203AC0F00B80B1E85C
:1006D0001850203AA0E81850B1E81850A0E8185077
:1006E000BFF4F5AF5FEA027C24BFB1E81850A0E880
:1006F000185044BF18C918C0BDE810405FEA827C9A
:1007000024BF51F8043B40F8043B08BF7047D207B0
:1007100028BF31F8023B48BF11F8012B28BF20F851
:10072000023B48BF00F8012B704702F0FF0343EA89
:10073000032242EA024200F0AEB84FF0000200B5D8
:10074000134694469646203922BFA0E80C50A0E8F4
:100750000C50B1F12001BFF4F7AF090728BFA0E8A2
:100760000C5048BF0CC05DF804EB890028BF40F86E
:10077000042B08BF704748BF20F8022B11F0804FB0
:1007800018BF00F8012B704770477047704710B5CD
:1007900000F0A2F8006810BD10B5044600F09CF807
:1007A000046010BD2DE9F0470D4699469246044677
:1007B00000F124080168880604D5E06921F01001E1
:1007C000216000E00120A84201DD471B00E0002776
:1007D000A1697A1902EB0900081AA0612078C00605
:1007E00002D42046AFF30080002608E0D4E90121BE
:1007F0001AF806009047206A401C761C20624E457D
:10080000F4DB2078C0060AD52046AFF3008006E06E
:10081000D4E9012130209047206A401C2062381E14
:10082000A7F10107F4DC07E0D4E9012118F805007D
:100830009047206A401C2062281EA5F10105F3DCC8
:100840002046AFF300802078000602D50220BDE8E4
:10085000F0870120FBE7000001694A1C026108786B
:10086000704700B58FB0CDE90131002105910549F0
:100870007944CDE9031011466846FFF743FE0FB0F7
:1008800000BD0000E5FFFFFF0A6802F8010B0A60E7
:1008900070474FF000020429C0F0128010F0030CE2
:1008A0003FF44DAFCCF1040CBCF1020F18BF00F8BF
:1008B000012BA8BF20F8022BA1EB0C01FFF73FBFD3
:1008C0005FEAC17C24BF00F8012B00F8012B48BF70
:1008D00000F8012B7047000000487047387800206E
:1008E00000487047387800207546FFF7F9FFAE469C
:1008F00005006946534620F00700854618B020B52C
:10090000FFF724FDBDE820404FF000064FF0000740
:100910004FF000084FF0000B21F00701AC46ACE8A7
:10092000C009ACE8C009ACE8C009ACE8C0098D4614
:10093000704710B50446AFF300802046BDE8104074
:10094000FFF790BC30B14FF480510A04054B9A6117
:1009500000BF05E04FF48051024A916100BF00BF23
:10096000704700000004024008B500200090B1204C
:1009700000906A460121002000F00DF9002000904F
:100980006A46012100F042F800200090C420009047
:100990006A460121084600F0FEF8002000906A46F1
:1009A0000121084600F032F800200090202000903D
:1009B0006A460121022000F0EEF8002000906A460D
:1009C0000121022000F022F800F0D0F808BD10B597
:1009D0000120FFF7B7FF102000F082F8FF2000F0A1
:1009E00037F80446FF2000F033F840EA0424FF20E3
:1009F00000F02EF840EA042404F4000008B144F0AA
:100A00007F440020FFF79EFF204610BD2DE9F041F6
:100A100006460C4615460120FFF794FF0C2101EA1B
:100A20008601621E02F00302114341F0200000F033
:100A30000FF8002704E0FF2000F00AF801C57F1C32
:100A4000A742F8DB0020FFF77DFFBDE8F081000042
:100A500010B5044600201E4908800CE01C480088A0
:100A6000401C1B4908800846008844F620618842E3
:100A700001DD002010BD174803F09BFD0028EDD0DC
:100A800013480088144908802146124803F096FD57
:100A900000200F4908800CE00D480088401C0C49DC
:100AA00008800846008844F62061884201DD002065
:100AB000E0E7084803F078FD0028EDD004480088FE
:100AC0000649088000BF0348007B00BFD2E7000052
:100AD00080020020003800408602002088020020AA
:100AE00010B5044600201D4908800BE01B48008813
:100AF000401C1A4908800846008844F62061884254
:100B000000DD10BD164803F054FD0028EED0134858
:100B10000088144908802146114803F04FFD002049
:100B20000E4908800BE00D480088401C0B490880E6
:100B30000846008844F62061884200DDE1E7084865
:100B400003F032FD0028EED00448008806490880F2
:100B500000BF0348007B00BFD3E7000080020020F5
:100B600000380040820200208402002010B50120DD
:100B7000FFF7E8FE0820FFF7B3FF0020FFF7E2FED3
:100B800010BD38B5044600946A460121002000F0EB
:100B900002F8002038BD2DE9F04106460C46154606
:100BA0000120FFF7CFFE0C2101EA8601621E02F050
:100BB0000302114341F04000FFF792FF002704E0D9
:100BC00015F8040BFFF78CFF7F1CA742F8DB002011
:100BD000FFF7B8FEBDE8F0812DE9FC4707460C465B
:100BE00015461E464FF00009094830F814A0534638
:100BF0001A2221463846CDE9005609F072FC81469A
:100C00002146484601F0ADF980464046BDE8FC87E4
:100C1000A40305082DE9FC5F81460E461746984659
:100C20004FF0000A104830F81650B5F57A7F01DC15
:100C3000C82D00DAC8253146484601F02BFD044690
:100C400044B12B46022231464846CDE90078A04700
:100C5000824601E04FF0090A3146504601F081F921
:100C600083465846BDE8FC9FA40305087047FEE78D
:100C70002DE9F04105460E46174600242046641C27
:100C80001C490D5406222046641C0A54320A204690
:100C9000641C0A542046641C0E543A0A2046641C04
:100CA0000A542046641C0F54214612480CF014FBD1
:100CB00080462046641C0F4901F800804FEA182244
:100CC0002046641C0A5421460A4802F0FBFA4FF4FD
:100CD000FA71094800680BF0FFF940B9074800783D
:100CE000A84202D10120BDE8F0810020FBE70020EE
:100CF000F9E70000B064002050030020B06300203A
:100D000010B500240020A2490880A2490880A2480A
:100D100090ED000A08F010F96FE04FF4FA700BF054
:100D2000D3F89E480068808B99490880084600885F
:100D3000B0F5966F2EDA984890ED000ADFED980A2C
:100D4000B4EEE00AF1EE10FA01DD042010BD022C31
:100D500000D153E0904890ED000ADFED920A30EEAA
:100D6000200A80ED000AD0ED000AB2EE041AB6EEB9
:100D7000000A00EE810ABCEEC00A10EE100A8A4991
:100D80000968A1F85200844890ED000A08F0D4F8F0
:100D9000012432E07E480088B0F5AF6F2CDD7E483C
:100DA00090ED000AB5EEC00AF1EE10FA01D204206F
:100DB000CCE7012C00D121E0774890ED000ADFED6F
:100DC000790A30EE600A80ED000AD0ED000AB2EE3A
:100DD000041AB6EE000A00EE810ABCEEC00A10EE5C
:100DE000100A71490968A1F852006B4890ED000A99
:100DF00008F0A2F8022400E000E08EE700BF4FF404
:100E0000FA700BF061F865480068808B60490880D3
:100E10000846008865490880084600885F490968D7
:100E200008845D48D0ED000AB2EE041AB6EE000A5E
:100E300000EE810ABCEEC00A10EE100A5A49096899
:100E4000A1F852005A4890ED000A08F0C1F80024B9
:100E50006FE04FF4FA700BF037F850480068C08B21
:100E60004C49088008460088B0F5966F2EDA504845
:100E700090ED000ADFED4A0AB4EEE00AF1EE10FA56
:100E800001DD052062E7022C00D153E0484890EDD7
:100E9000000ADFED440A30EE200A80ED000AD0EDB2
:100EA000000AB2EE041AB6EE000A00EE810ABCEEA9
:100EB000C00A10EE100A3C490968A1F854003C48E9
:100EC00090ED000A08F084F8012432E031480088EF
:100ED000B0F5AF6F2CDD364890ED000AB5EEC00AD4
:100EE000F1EE10FA01D2052030E7012C00D121E00B
:100EF0002F4890ED000ADFED2B0A30EE600A80EDFE
:100F0000000AD0ED000AB2EE041AB6EE000A00EEB6
:100F1000810ABCEEC00A10EE100A23490968A1F844
:100F20005400234890ED000A08F052F8022400E033
:100F300000E08EE700BF4FF4FA700AF0C5FF1748D3
:100F40000068C08B1349088008460088194908804A
:100F5000104800881149096848841548D0ED000AF6
:100F6000B2EE041AB6EE000A00EE810ABCEEC00A28
:100F700010EE100A0C490968A1F85400064890EDDB
:100F8000000A07F0D9FF07F01DFF0020DEE6000091
:100F90000E0300201003002018030020F801002099
:100FA00000000442CDCCCC3DF4010020120300200F
:100FB0001C030020140300209FED020A80ED0A0AA2
:100FC000704700000000000000B59FED020A07F026
:100FD00025FF00BD0000000010B500202849096869
:100FE00008602021274803F0C9F81021254803F0A4
:100FF000C5F80821234803F0C1F80421214803F073
:10100000BDF802211F4803F0B9F801211D4803F083
:10101000B5F84FF400711C4803F0B0F84FF480713C
:10102000194803F0ABF88021174803F0A7F84021D6
:10103000154803F0A3F82021134803F09FF810216E
:10104000114803F09BF808210F4803F097F880211E
:101050000E4803F093F840210C4803F08FF820214C
:101060000A4803F08BF81021084803F087F808219C
:10107000064803F083F80421044803F07FF810BD0C
:10108000E80100200010024000040240000C024071
:1010900010B50C480068B0F84000132805DC09487A
:1010A0000068B0F84000012804DA102005490968FA
:1010B000A1F840000349096891F8400000F046F8A3
:1010C00010BD0000F401002070B506460C46214614
:1010D000304601F02DFB0546002009490968A1F8BA
:1010E0007000642C03D1FFF777FF012070BD0DB9AC
:1010F0000020FBE7284600F0D9F80120F6E70000C1
:10110000F401002010B500220B21012000F0B4FFF3
:1011100010BD000010B50C480068B0F8420013285C
:1011200005DC09480068B0F84200012804DA122002
:1011300005490968A1F842000349096891F842008D
:1011400000F004F810BD0000F401002010B50446C2
:101150002E2C6FD2DFE804F094171C21262B30359B
:101160003B41464B50555A5F64696F749494949414
:1011700094797D8185898D94949494949494949495
:1011800094949494949120213F4802F0F7FF78E0E2
:1011900010213D4802F0F2FF73E008213A4802F0C6
:1011A000EDFF6EE00421384802F0E8FF69E002211B
:1011B000354802F0E3FF64E00121334802F0DEFF2E
:1011C0005FE04FF40071314802F0D8FF59E04FF46E
:1011D00080712E4802F0D2FF53E080212B4802F0AC
:1011E000CDFF4EE04021294802F0C8FF49E0202110
:1011F000264802F0C3FF44E01021244802F0BEFF5D
:101200003FE00821214802F0B9FF3AE08021204860
:1012100002F0B4FF35E040211D4802F0AFFF30E09E
:1012200020211B4802F0AAFF2BE01021184802F0F1
:10123000A5FF26E024E00821154802F09FFF20E0EA
:101240000421134802F09AFF1BE0002011490870A6
:1012500017E000201049087013E000200F490870C3
:101260000FE000200E4908700BE000200D490870C7
:1012700007E000200C49087003E0FFF7A5FE00E03E
:1012800000BF00BF10BD000000100240000402407B
:10129000000C02404C0200204D0200204E020020B3
:1012A0004F020020500200205102002070B5044679
:1012B00001250A4800680068A043084909680860D9
:1012C00008E004F0010010B1E8B2FFF73FFF640846
:1012D000681C85B2202DF4DD70BD0000E8010020FF
:1012E00070B5184C2068C0F3C020174D002807D0F7
:1012F000E014A06068782058697840F001006050E0
:101300002068C0F3402000281BD0104E00224FF46C
:101310008051304601F0B8FB7015A0606878205805
:10132000697820F00400605068782058697820F0CF
:10133000010060503046BDE870400122110301F009
:10134000A3BB70BD0060024014120508000C0240EF
:1013500070B5224C2068C0F3C060214D002819D020
:101360004FF00060A060E8782058E97820F0100085
:101370006050E8782058E97820F001006050194862
:1013800000680C3050E8001F41F0400140E80012B6
:10139000002AF7D12068C0F3406000281CD0124E0C
:1013A00000224FF48051304601F06EFB4FF0007088
:1013B000A060E8782058E97820F004006050E878D0
:1013C0002058E97820F0010060503046BDE87040B8
:1013D0000122110301F058BB70BD00000060024003
:1013E000141205086C020020000C024070B487B093
:1013F00046490868C0F3401000287DD0202088604E
:1014000043480078085800F40020424B00287AD066
:10141000414818603E48D0F810C085694469C268E8
:101420008168C069009105903C49CDF808C00495D9
:1014300003940192059E0098C1F808C04E610D61A9
:10144000CC604A60086000221B6802EB4200D1F8C1
:1014500000C033F82040A444C1F800C003EB800072
:10146000D1F804C04488A444C1F804C08488D1F8E9
:1014700008C0A444C1F808C0C488D1F80CC0A44472
:10148000C1F80CC00489D1F810C0A444C1F810C040
:101490004089D1F814C060444861501CC2B2202A6F
:1014A000D3D3086800F110020A60486800F1100503
:1014B0004D60886800F110048C60C86800F110036A
:1014C000CB60086910300861D1F814C00CF1100C21
:1014D000C1F814C0124E5209328069097180610945
:1014E000B1805B09F380400930814FEA5C10708164
:1014F0000C480068C28201E002E004E08183C383FB
:1015000007B070BC70470848186083E70064024069
:1015100014120508580300200C700020AC7700203E
:10152000E86F0020F80100208C71002070B5184C85
:101530002068C0F3C020174D002807D0E014A06039
:1015400068782058697840F0010060502068C0F346
:10155000402000281BD0104E00224FF4805130460E
:1015600001F092FA7015A06068782058697820F030
:101570000400605068782058697820F001006050BD
:101580003046BDE870400122110301F07DBA70BD04
:101590000064024014120508000C024070B5224C91
:1015A0006068C0F34050214D002819D04FF400105E
:1015B000E060A8792058A97920F010006050A8793F
:1015C0002058A97920F001006050194800680C30BB
:1015D00050E8001F41F0400140E80012002AF7D116
:1015E0006068C0F3C04000281CD0124E00224FF4A7
:1015F0008051304601F048FA4FF40020E060A879AD
:101600002058A97920F004006050A8792058A979C1
:1016100020F0010060503046BDE870400122110307
:1016200001F032BA70BD00000064024014120508D7
:101630008C020020000C024010B52DED068B84B00A
:1016400004462068019060680290A0680390208999
:1016500000EE100AB8EE400AB0EE408A18EE100A0A
:101660000EF0CEFC41EC1A0B9FED330B53EC102B1C
:101670000EF09CFA41EC190B0DF08AFF08EE100AEF
:101680009FED2F0AC8EE000AB0EE608A18EE100A2D
:101690000EF0B6FC41EC1A0B9FED2A0B53EC102B0D
:1016A0000EF0C4FB41EC190B0DF072FF08EE100AAE
:1016B00018EE100A0EF0A4FC41EC1A0B9FED230B60
:1016C00053EC102B0EF04AF841EC190B0DF060FFB3
:1016D00008EE100AB3EE090A38EE000AB0EE408AAE
:1016E0001C48006880ED1C8A6089400000EE100AEA
:1016F000B8EEC00AB0EE408A18EE100A0EF080FC78
:1017000041EC1A0B9FED0C0B53EC102B0EF04EFA24
:1017100041EC190B0DF03CFF08EE100A9FED080A92
:10172000C8EE000AB0EE608A0A48006880ED1B8AA5
:1017300004B0BDEC068B10BD6666666666660A4040
:1017400000F07F4552B81E85EB51E83F7B14AE4751
:10175000E17A643FF8010020704700002DE9F04174
:101760002DED028B05460E46144662490E80002080
:1017700061490870614908806149088061490860D1
:1017800061490870614908601E27601E84B224B94F
:101790005F4800885F49088004E001245E480088B3
:1017A0005C4908805D480068B0F8560059490988CE
:1017B00048434FF47A7190FBF1F05949088057483B
:1017C0000068B0F858005349098848434FF47A71CB
:1017D00090FBF1F05349088050480068B0F85A0077
:1017E0004C49098848434FF47A7190FBF1F04E4917
:1017F00008804FF47A700AF067FB00BF0A200AF0F5
:1018000063FB4A4800681C3030F8140048490880DF
:101810003C480068401C3B4908603B48007807286A
:101820003ED2DFE800F0041C38393A3B3C0000208F
:101830003349088000EE105AB8EE400AF2EE040A6E
:1018400080EE201AB0EE418AB0EE480A294800889E
:1018500000B207F0F7FE01202B49087021E0344860
:10186000008831490988884205DC01202249087036
:1018700008F0A4F80EE02E4800882949098888421B
:1018800005DB2B48008827490988884202DD0020B3
:101890001B49088005E004E003E002E001E000E00D
:1018A00000BF00BF224800882249088022480078F3
:1018B00018B9114800780028A0D01F48007870B1EE
:1018C00008F092F81D4800680AF086FE4FF4FA709E
:1018D0000AF0FAFA0220BDEC028BBDE8F08106485E
:1018E000007828B14FF4FA700AF0EEFA0020F2E71F
:1018F0000020F0E72002002019020020FE01002055
:101900000002002014020020100200201C0200200F
:10191000120300200402002014030020F401002020
:101920000C0200200A0200200E020020F801002014
:101930000602002008020020FC01002034030020E1
:101940002DE9F0412DED028B05460E461446654902
:101950000E8000206449087064490880644908804A
:101960006449086064490870644908601E27601E65
:1019700084B224B9624800886249088004E00124E6
:10198000614800885F49088060480068B0F85600E8
:101990005C49098848434FF47A7190FBF1F05C4947
:1019A00008805A480068B0F85800564909884843EA
:1019B0004FF47A7190FBF1F0564908805348006863
:1019C000B0F85A004F49098848434FF47A7190FBA8
:1019D000F1F0514908804FF47A700AF075FA00BFAF
:1019E0000A200AF071FA4D4800681C3030F81400E3
:1019F0004B4908803F480068401C3E4908603E480B
:101A00000078072844D2DFE800F0041C3E3F404144
:101A1000420000203649088000EE105AB8EE400A15
:101A2000F2EE040A80EE201AB0EE418AB0EE480AC7
:101A30002C48008800B207F005FE01202E490870EE
:101A400027E03748008834490988884205DD344852
:101A5000008830490988884205DB01202249087046
:101A600007F0ACFF0EE02E4800882949098888421B
:101A700005DB2B48008827490988884202DD0020C1
:101A80001B49088005E004E003E002E001E000E01B
:101A900000BF00BF22480088224908802248007801
:101AA00018B91148007800289AD01F48007870B102
:101AB00007F09AFF1D4800680AF08EFD4FF4FA7097
:101AC0000AF002FA0320BDEC028BBDE8F081064863
:101AD000007828B14FF4FA700AF0F6F90020F2E726
:101AE0000020F0E72002002019020020FE01002063
:101AF0000002002014020020100200201C0200201E
:101B0000120300200402002014030020F40100202E
:101B10000C0200200A0200200E020020F801002022
:101B20000602002008020020FC01002034030020EF
:101B30002DE9F05F82468B4614461E460A9F4FF001
:101B40001209E34804800020E2490870E249088055
:101B5000E2490880E2490860E2490870E249086009
:101B60008FB100EE104AF8EE400A9FEDE01A81EEC8
:101B7000200AF2EE040A80EE201ABCEEC10A10EE32
:101B8000100A85B200E01E25012E06D14FF0000894
:101B9000D7480088D749088005E04FF00108D648AB
:101BA0000088D4490880D5480068B0F85600D1496B
:101BB000098848434FF47A7190FBF1F0D0490880CE
:101BC000CE480068B0F85800CA49098848434FF425
:101BD0007A7190FBF1F0CB490880C8480068B0F8F2
:101BE0005A00C449098848434FF47A7190FBF1F0D8
:101BF000C54908805946504604F092FA4FF47A706D
:101C00000AF062F900BF0A200AF05EF9BF480068D6
:101C10001C3030F81800BE490880B1480068401CEC
:101C2000AF490860AF480078072871D2DFE800F0BC
:101C300004167999CBEBF80009F0FF02A44801885B
:101C4000012007F053FD0120A64908700020A34998
:101C50000880B0490880A4490860FBE0AC480088CF
:101C6000A8490988884226DBAA480088002804DDA4
:101C70000020A84908809C49086098480088401CBA
:101C80009649088098480068A149098808449649FF
:101C9000086092480088A84242DB32200AF014F91A
:101CA00007F08CFE1FB106208E49087038E0012035
:101CB0008849087034E0964800889149098888422C
:101CC00027DC94480088401C92490880834800889B
:101CD000002804DD0020814908808349086082488B
:101CE00000688B49098808447F4908608948008852
:101CF000A84215DB32200AF0E7F807F05FFE1FB1BB
:101D00000620784908700BE001207249087007E04E
:101D10009FE00020714908807E4908807249086070
:101D200098E040F2DC500AF0CFF869480088642857
:101D300003DA0A206649088006E0654800880A211F
:101D400090FBF1F062490880002064490880052278
:101D50005F480188002007F0C9FC03206149087032
:101D600078E06B48008868490988884205DC0120D2
:101D70005849087007F022FE24E065480088604951
:101D8000098888421BDB624800885E4909888842CE
:101D900015DC52480088401C5049088008460088DD
:101DA000A8420FDB07F00AFE4FEA690900204A4902
:101DB00008804748048000204A49087002E000205B
:101DC0004649088046E040F2DC500AF07DF8404881
:101DD0000088642803DA0A203D49088006E03C4870
:101DE00000880A2190FBF1F03949088000203B4926
:101DF0000880052236480188002007F077FC05207E
:101E00003849087026E0424800883F4909888842DE
:101E100004DD01202F49087007F0D0FD1AE0FFE72C
:101E20002E4800883B49098808442F49096891FBDE
:101E3000F0F037490880084600883349098888420D
:101E400003DD02202749087002E0042025490870BC
:101E500000E000BF00BF2E4800882F4908802F48AF
:101E6000007820B91B48007800283FF4CCAE2B48FE
:101E70000078E8B107F0B8FD294800680AF0ACFB2B
:101E80004FF47A700AF020F859465046FFF71CF9D3
:101E90004FF4FA700AF018F812480078032805D1B8
:101EA000032E01D1BDE8F09F0220FBE70120F9E7F6
:101EB0000848007848B159465046FFF705F94FF4F5
:101EC000FA700AF001F80020ECE70720EAE70000CA
:101ED0002002002019020020FE0100200002002044
:101EE00014020020100200201C02002000606A483A
:101EF000120300200402002014030020F40100203B
:101F00000C0200200A0200200E020020F80100202E
:101F1000060200200202002008020020FC0100202E
:101F2000340300203EB503464D2002905920019015
:101F3000002011E00C5C9DF808506C401C541C5CA7
:101F40009DF804506C4000949DF8044002949DF864
:101F500000400194441CA0B29042EBDB3EBD72B63F
:101F6000704702460C2A15D2DFE802F006080A0C78
:101F70000E14141414141012002070470846FCE7C5
:101F80000320FAE70420F8E70846F6E72620F4E7FE
:101F90002720F2E70020F0E772B6FEE72DE9F047D0
:101FA0000746884615461E4600242046641C2F49D5
:101FB0000F5403222046641C0A544FEA182220467C
:101FC000641C0A542046641C01F800802A0A20463A
:101FD000641C0A542046641C0D54062123480BF04F
:101FE0007BF981462046641C204901F800904FEAA5
:101FF00019222046641C0A5421461C4800F010F99E
:102000004FF4FA711A4800680AF066F850BB194894
:102010000078B84224D11748C01C30F815906800E9
:10202000C01C81B213480BF057F9484515D1002068
:1020300010E04100C91C0F4A515C090226F810103B
:1020400036F810204100091D0A4B595C114426F84E
:102050001010401CA842ECDB06E00020BDE8F08731
:102060000020FBE70020F9E700BFF7E7D06E002073
:102070004C030020D06D00202DE9F04105460E46AE
:10208000174600242046641C1C490D540622204695
:10209000641C0A54320A2046641C0A542046641CFC
:1020A0000E543A0A2046641C0A542046641C0F54FD
:1020B000214612480BF010F980462046641C0F4957
:1020C00001F800804FEA18222046641C0A54214679
:1020D0000A4800F0A5F84FF4FA710948006809F0C1
:1020E000FBFF40B907480078A84202D10120BDE8B3
:1020F000F0810020FBE70020F9E70000D06E00200F
:102100004C030020D06D002010B52549086800BFA1
:1021100000BF00BF00F10C0252E8002F42F0100196
:1021200000F10C0242E80013002BF3D100BF00BF06
:102130001B49086800BF00BF00BF00F1140252E84D
:10214000002F42F0400100F1140242E80013002B7E
:10215000F3D100BF00BF12480268121D01211148CF
:1021600001F05CFF104A01210E4801F047FF4FF4D7
:10217000807201210B4801F029FF0121094801F07B
:10218000D9FE0121074801F0EDFE0121054801F0CB
:1021900001FF64210548006809F09EFF10BD0000A2
:1021A0008C02002000640240D06D00204C0300200F
:1021B00008B516480121164A525C825822F00102E5
:1021C000134B5B5CC25000BF00BF114A525C02441B
:1021D000526892B2C2F580700E4908800E480068BD
:1021E0000AF016F84FF480720121084801F0EEFE63
:1021F0000A4908680168009100BF4168009100BF6A
:1022000000BF0121014801F0C5FE08BD0064024085
:1022100021030508900200204C0300208C020020BE
:1022200070B504460D46224606211A4801F0E6FE26
:1022300019480268121D0621164801F0EFFE2A46D1
:102240000621144801F0C2FE1349086800BF00BF10
:1022500000BF00F1140252E8002F42F0800100F1AB
:10226000140242E80013002BF3D100BF00BF00BFEF
:1022700020200849C86000BF0621064801F05AFE28
:102280000621044801F06EFE0621024801F082FE9C
:1022900070BD0000006402408C02002062B67047EE
:1022A00010B5002201B909E0012901D10A0205E0B7
:1022B000022901D10A0201E04FF440720E4B1B6863
:1022C00023F440730C4C236023461B6813432360A4
:1022D00023461B6823F0F803236023461B6802246F
:1022E00044EAC0042343044C236023461B6843F4A0
:1022F0008033236010BD0000103C02401C48006881
:1023000000F40070B0B11A48006820F40070184959
:10231000086000BF0846006840F400600860084696
:10232000006820F40060086000BF0846006840F4C0
:10233000007008600E48006800F48060B0B10C487E
:10234000006820F480600A49086000BF0846006801
:1023500040F4805008600846006820F4805008600F
:1023600000BF0846006840F48060086070470000C5
:10237000003C02400A4A126822F44072084B1A607C
:102380001A46126842F004021A601A4612684FF4A4
:10239000803343EA00231A43014B1A607047000060
:1023A000103C0240074A126822F44072054B1A6042
:1023B0001A4612681A601A46126842F001021A6040
:1023C00001707047103C024010B50D49096821F4B6
:1023D00040710B4C21602146096841F44071216035
:1023E0002146096841F001012160026000BF00BF81
:1023F00000BFBFF36F8F00BF00BF00BF436010BDC1
:10240000103C0240084A126822F44072064B1A60DF
:102410001A46126842F480721A601A46126842F034
:1024200001021A6001807047103C0240084A12689D
:1024300022F44072064B1A601A46126842F4007287
:102440001A601A46126842F001021A600160704771
:10245000103C02402348006800F0100040B12248C0
:10246000C06940F010002049C86110201D49086073
:102470001C48006800F0200040B11B48C06940F0D3
:1024800008001949C86120201649086015480068ED
:1024900000F0400040B11448C06940F00400124907
:1024A000C86140200F4908600E48006800F08000B5
:1024B00040B10D48C06940F002000B49C86180205E
:1024C000084908600748006800F0020040B106486B
:1024D000C06940F020000449C86102200149086039
:1024E000704700000C3C02400C78002070B5044698
:1024F000002500201449C86100F0CCFA054609E027
:10250000601C38B124B100F0C5FA401BA04201D9CB
:10251000032070BD0D48006800F480300028EFD122
:102520000A48006800F0010010B101200749086066
:102530000648006800F0F20018B1FFF78BFF012099
:10254000E7E70020E5E700000C7800200C3C0240A3
:102550007CB505460024002001214FF49673032228
:10256000CDE900101A21284607F0BBFF04460020E1
:1025700001214FF496730322CDE900101A21284659
:1025800007F0AFFF04461CB90321284604F01BF8EE
:102590003B212046FFF7E5FC064630467CBD0000A7
:1025A0002DE9F84380460E4617461D46002415487F
:1025B00030F816903B464A46314640460095FFF7B4
:1025C000B7FA0446C4B109234FF4487203214046C8
:1025D00006F00CFC3B464A46314640460095FFF764
:1025E000A7FA0446022C01D0032C00D101241CB10F
:1025F0004FF4967009F068FC31462046FFF7B1FCB5
:10260000BDE8F883A403050870B505460E461446D8
:10261000642009F059FC4FF4FA711B48006809F076
:10262000A9FC80B9002019494860886008460480E8
:102630001548006809F028FD50B115480068401C95
:102640001349086004E012480068401C1049086003
:1026500002E0642009F038FC0C4800880028F8DC0F
:10266000204604EBD071094A526802EB6101B1FBCC
:10267000F4F1298004EBD071044A926802EB610105
:10268000B1FBF4F1318070BD4003002000700020E8
:10269000CC02002030B502460B460A4850F82240D2
:1026A00000210BE004EB01100088984204D104EBF8
:1026B00001108568284630BD481CC1B21429F1DBE1
:1026C0000020F8E70C77002000B515480068401C92
:1026D00050B913484068401C30B911488068401C0C
:1026E00010B94FF0FF3000BD0C220E490E48FFF725
:1026F00019FC0D4800680D49096888420DD10A4847
:1027000040680A494968884207D1074880680749F4
:102710008968884201D10020E5E70120E3E7000055
:10272000E878FF1F107AFF1F2C780020C0FF0108F7
:1027300030B502460B460A4850F8224000210BE013
:1027400004EB01100088984204D104EB01104568A5
:10275000284630BD481CC1B21429F1DB0020F8E73F
:102760000C77002030B502460B460B4850F822404B
:1027700000210CE004EB01100088984205D104EB25
:102780000110808885B2284630BD481CC1B214298A
:10279000F0DB0020F8E700000C77002010B52DEDED
:1027A000068B04469FED460BB0EE408AF0EE608A41
:1027B00024B1012C5ED0022C69D15CE04248006853
:1027C000C08A00EE100AB8EE400A10EE101A084651
:1027D0000DF016FC41EC180B3B490968C88A0DF056
:1027E00095F941EC190B38490968C88A0DF08EF942
:1027F00041EC1A0B53EC192B0DF0D8F941EC180BE6
:102800009FED320B53EC102B51EC180B0DF0CEF961
:1028100041EC180B2C490968C88A0DF077F941EC96
:102820001A0B9FED2C0B53EC102B0DF0BFF941EC64
:10283000190B53EC182B0CF0DDFE41EC180B9FED3F
:10284000270B53EC102B51EC180B0CF0D3FE41EC82
:10285000180B51EC180B0CF09BFE22490968C1F8CB
:10286000840051EC180B0CF093FE1E490968C1F866
:1028700088001BE01AE01448006890ED1C0A10EE76
:10288000101A08460DF0BCFB41EC180B0EE00E4888
:102890000068C08A00EE100AB8EE400A10EE101A66
:1028A00008460DF0ADFB41EC180B00BF00BF51EC2A
:1028B000180B0CF06DFE00EE100ABDEC068B10BD7F
:1028C0000000000000000000F8010020000000806F
:1028D0005CEEB63EFA035C0E3FF1A73FD8F50B76EF
:1028E000C3B6C93FF40100202DE9F04104460E466D
:1028F0000127002500BF2548007E012802D10220C3
:10290000BDE8F08101202149087600BF4CF250302B
:10291000FFF7ECFD0746002F31D1401E30602068E4
:1029200001280FD1207C6168FFF724FD4CF2503064
:10293000FFF7DCFD07461648006820F00400144944
:1029400008601AE0A56812E0217C2846FFF7A8FC81
:102950004CF25030FFF7CAFD07460D48006820F0E2
:10296000FA000B4908600FB1356005E06D1CD4E931
:1029700002100844A842E7D800BFFFF7BFFC00BF21
:1029800000200249087600BF3846B9E70C780020DD
:10299000103C02400348006840F0004001490860D4
:1029A00000207047103C02402DE9F04106460F46DA
:1029B00014461D464FF0010800BF1F48007E012845
:1029C00002D10220BDE8F08101201B49087600BF3A
:1029D0004CF25030FFF78AFD8046B8F1000F23D14A
:1029E00026B9E1B23846FFF7DDFC12E0012E04D132
:1029F000A1B23846FFF706FD0BE0022E04D12146B6
:102A00003846FFF713FD04E022462B463846FFF711
:102A1000DBFC4CF25030FFF769FD80460748006848
:102A200020F001000549086000BF00200249087637
:102A300000BF4046C6E700000C780020103C024072
:102A400000200949096801F0004159B10749064AC7
:102A50000C3A1160064911600349096801F0004110
:102A600001B1012070470000103C0240230167457E
:102A7000AB89EFCD10B5426921EA020302EA0104F5
:102A800043EA0443836110BD0AB1816101E00B0494
:102A900083617047014800687047000060030020B0
:102AA00003480068034909780844014908607047F1
:102AB000600300206803002010B50D48006840F452
:102AC00000700B4908600846006840F480600860A8
:102AD0000846006840F480700860032000F0BAF8EF
:102AE0000F2000F007F800F041F8002010BD0000B2
:102AF000003C024010B588B0014600222D2000F0B5
:102B00006BF82D2000F058F800241448016841F4B7
:102B100080710160006800F48070019002A903A830
:102B200000F0BEF800F0E4F840000D49B0FBF1F011
:102B3000411E0D480B4A026040F2E732C26041601C
:102B40000461846000F0E6F810B108B0012010BD07
:102B5000054800F013F908B010BD000040380240ED
:102B600040420F0000200040C477002008B5104804
:102B7000016841F480410160006800F480400090E9
:102B80000C48016841F080510160006800F08050FD
:102B9000009000220F21901E00F01EF80022052157
:102BA000012000F019F8BDE80840012000F004B849
:102BB000443802404038024001460846002809DBFC
:102BC00000F01F0301229A4043099B0003F1E02318
:102BD000C3F8002100BF70472DE9F05F80460D4625
:102BE0001646002707F0C0FE074639462A463346F8
:102BF00001F00700C0F1070ABAF1040F02D94FF043
:102C0000040A01E0C0F1070AD14600F1040ABAF152
:102C1000070F02D24FF0000A01E0A0F1030AD446E8
:102C20004FF0010A0AFA09FAAAF1010A0AEA020AAD
:102C30000AFA0CFA4FF0010B0BFA0CFBABF1010B8B
:102C40000BEA030B4AEA0B042146404607F094FEC8
:102C5000BDE8F09F00BF00F00702064B19684FF671
:102C6000FF031940044B0B4343EA0221014B196057
:102C700000BF70470CED00E00000FA05704700004F
:102C800010B50648006800F4803028B1FFF7F6FF61
:102C90004FF480300149086010BD0000143C014031
:102CA0000F2202600D4A126802F0030242600B4AD2
:102CB000126802F0F0028260084A126802F4E052E0
:102CC000C260064A126802F46042D2080261044AF5
:102CD000126802F007020A607047000008380240DC
:102CE000003C024001480068704700005C0300207F
:102CF00000B5FFF7F7FF04490968C1F38221034AD1
:102D0000515CC84000BD000008380240441205086C
:102D10007047704710B504460CB9012010BD94F8F7
:102D20003D0028B9002084F83C00204600F025F83A
:102D3000022084F83D00211D206807F005F80120DD
:102D400084F8460000BF84F83E0001213F20015571
:102D5000402001554120015500BF00BF012084F8EB
:102D6000420043200155442001554520015500BF34
:102D7000012084F83D000020D0E77047014691F81B
:102D80003D00012801D001207047022081F83D005C
:102D90000868C06840F001000B68D8601A4B0868EA
:102DA00098421BD00868B0F1804F17D0174B0868C5
:102DB000984213D0164B086898420FD0154B0868FC
:102DC00098420BD0144B0868984207D0134B086800
:102DD000984203D0124B086898420CD1086880686A
:102DE00000F00702062A0CD00868006840F00100D5
:102DF0000B68186005E00868006840F001000B6887
:102E000018600020C0E700000000014000040040FE
:102E100000080040000C0040000401400040014058
:102E200000180040704710B5044620680069C0F3E0
:102E30004000D8B12068C068C0F34000B0B16FF066
:102E4000020021680861012020772068806900F075
:102E5000030018B12046FFF7E5FF05E0204600F02B
:102E6000ADF8204600F0ABF800202077206800691C
:102E7000C0F38000D8B12068C068C0F38000B0B152
:102E80006FF00400216808610220207720688069C3
:102E900000F4407018B12046FFF7C4FF05E020465B
:102EA00000F08CF8204600F08AF800202077206897
:102EB0000069C0F3C000D8B12068C068C0F3C0008A
:102EC000B0B16FF008002168086104202077206805
:102ED000C06900F0030018B12046FFF7A3FF05E02A
:102EE000204600F06BF8204600F069F800202077BB
:102EF00020680069C0F30010D8B12068C068C0F332
:102F00000010B0B16FF01000216808610820207730
:102F10002068C06900F4407018B12046FFF782FFB6
:102F200005E0204600F04AF8204600F048F800206E
:102F300020772068006900F0010058B12068C0685F
:102F400000F0010030B16FF00100216808612046F7
:102F500000F036F820680069C0F3C01058B120684E
:102F6000C068C0F3C01030B16FF080002168086104
:102F70002046FFF7CDFE20680069C0F3801058B1ED
:102F80002068C068C0F3801030B16FF04000216845
:102F90000861204600F01DF820680069C0F3401069
:102FA00058B12068C068C0F3401030B16FF0200005
:102FB000216808612046FFF7ACFE10BD70477047DE
:102FC0000068A0F18041B1F5005101D1FFF768BD63
:102FD00070477047FEE7000010B52DED028BB14839
:102FE000006804880B20AF490968A1F87800172C05
:102FF0007ED00FDCA4F1030014287AD2DFE800F0C1
:10300000E2E5797979797926303A637D97ADBFD158
:10301000D9DAE8EB1F2C6DD009DCA4F118000728E1
:10302000EBD2DFE800F0DEF2F3F4F5F6FA006C2CF8
:1030300079D006DC202C77D0212C76D0222C58D1C8
:1030400014E16D2C72D06E2CF9D121E195490968FB
:10305000486C03F0ABF9002092490968088019E137
:1030600090490968486CFEF721F900208D490968EC
:1030700008800FE106F0A2FC4FF4967008F024FFE0
:1030800088480068B0F8720000EE100AB8EE400AF6
:10309000F2EE040A80EE201AB0EE418A81490968F6
:1030A000B1F95C00B0EE480A06F0CCFA02E032203A
:1030B00008F00AFF7C4800780028F8D00020794901
:1030C00009680880E6E0774B1B68B3F86220754B0F
:1030D0001B68B3F95C10734B1B68B3F8720008F0FF
:1030E00081FD72490968888000206E49096802E004
:1030F00074E0CEE095E00880CCE06A4B1B68B3F842
:103100006220684B1B68B3F95C10664B1B68B3F810
:103110007200FEF723FB6549096888800020614939
:1031200009680880B6E0ACE087E092E0AFE05D4B74
:103130001B68B3F862205B4B1B68B3F95C10594BFA
:103140001B68B3F87200FEF7FBFB584909688880DA
:1031500000205449096808809CE052480068B0F893
:103160006E0003B24F48006890F86C2000210846BA
:1031700005F034F800204B49096808808AE0494886
:103180000068B0F86E0003B24648006890F86C2002
:103190000021084605F03EF80020424909680880F1
:1031A00078E0002006F03AFC00203E4909680880DB
:1031B00070E000BF0A2004F031FB002039490968A3
:1031C000088067E005F08AFE64E005F09BFE61E0A0
:1031D00003F00CF85EE0FDF795FF5BE006F0C4FA43
:1031E00058E0334805F0F8FC314800882D4909685B
:1031F00048872F4840882B49096808874AE00CE037
:1032000007E005E003E001E0FFE743E042E041E0E2
:1032100040E00120274908703CE000202549087063
:1032200038E00020244909680870244909680870BA
:1032300001202349096808702CE001201E49096813
:10324000087000201D49096808701D490968087048
:1032500020E0002018490968087001201749096812
:103260000870002016490968087013E00020124910
:1032700009680870114909680870114909680870DF
:1032800008E0FDF73DFD09490968888002E001E09A
:1032900000E000BF00BF0020024909680880BDECC3
:1032A000028B10BDF4010020FC010020F801002079
:1032B000A8020020F40200205C020020600200202E
:1032C0005802002070B504460D464FF480601C493A
:1032D000886100BF224603211A4800F087FE1A4881
:1032E0000268121D0321174800F090FE2A460321B0
:1032F000144800F05BFE1449086800BF00BF00BF1F
:1033000000F1140252E8002F42F0800100F1140293
:1033100042E80013002BF3D100BF00BF00BF202004
:103320000849C86000BF0321064800F0F7FD0321EB
:10333000044800F00BFE0321024800F01FFE70BDA0
:10334000000C0240006002406C0200200121014A92
:1033500011817047386F0020084809490860094802
:103360004860094888600948486109480861094877
:10337000C860094888610948C861704741820408EB
:103380005C770020C7680408A9660408B56F0408C4
:10339000C5780408617E0408B96B0408077C04083A
:1033A00010B500242F222046641C10490A543122F3
:1033B0002046641C0A5457222046641C0A543422B6
:1033C0002046641C0A5452222046641C0A540D22D2
:1033D0002046641C0A5400BF4FF4FA7008F074FDD4
:1033E00005F066F90028F7D110BD0000906D0020AF
:1033F00000B587B0002004900590069002900390DD
:103400000190674A012002F1500101EB80010B6835
:1034100043F2F220834273D062A04178303961A038
:103420000078202801D1002002E05EA0007830382A
:1034300000EB800001EB4000C0B28DF80C0059A0F9
:103440000179303957A0C078202801D1002002E04E
:1034500054A0C078303800EB800001EB4000C0B2CF
:103460008DF80D004FA0C17930394EA08079202809
:1034700001D1002002E04BA08079303800EB8000C1
:1034800001EB4000C0B28DF80E0002AA00214448B2
:1034900000F0BCFF46A080786E2801D101203DE0FD
:1034A00043A08078622801D1022037E040A08078D4
:1034B000722807D13EA000784D2801D103202DE0CD
:1034C00004202BE03AA08078792801D1052025E05E
:1034D00037A080786E2801D106201FE034A08078C4
:1034E0006C2801D1072019E031A08078672801D12C
:1034F000082013E02EA08078702802D109200DE06A
:103500004CE02BA08078742801D10A2006E028A086
:103510008078762801D10B2000E00C208DF8050082
:1035200023A0007A303822A1C979303901EB81011A
:1035300000EB410000EB80011DA0407A303800EB29
:10354000410000EB80011AA0807A303800EB410086
:10355000A0F5FA60C0B28DF8070015A041793039A6
:1035600013A00079202801D1002002E010A00079EA
:10357000303800EB800001EB4000C0B28DF806004F
:1035800000208DF8040001AA0021054800F03EFE4D
:1035900043F2F2220121024800F00CFE07B000BD08
:1035A0000028004032333A30353A3531000000000F
:1035B0004A616E20203820323032330070B5044624
:1035C0000D4600200D49096808850C4800684485AF
:1035D0000A480068808D0A4908604FF47A70684391
:1035E000084908600BF06EFC07490860054801684F
:1035F0000648006808F0D2FF70BD0000F801002006
:1036000038020020440200203C0200203C0300203D
:1036100010B540F6C41005F0CFFD0E2005F09EFD5C
:1036200041F27070084908800846008805F038FDAE
:10363000FFF7B6FE40F6B830034908800846008818
:1036400005F02EFD10BD00008A02002010B580207C
:10365000FE4908604001086041F25012FC49FD48F3
:10366000FDF731F8FC48FD490860A0F5A070FC4961
:10367000086000F58070FB490860A0F58070FA4989
:10368000086000F58070F94908600020F649096873
:103690000880F748D0F8480145F2AA5188427CD00A
:1036A000B0EE080AF34880ED000AB0EE080AF248CE
:1036B00080ED000A9FEDF10AF14880ED000A4FF419
:1036C0009660F0490880F0490880EE480088E74994
:1036D00009680884EC480088E44909684884E5489A
:1036E00090ED000AF2EE040A20EE200ABCEEC00AB9
:1036F00010EE100ADC490968A1F85200DE4890ED8E
:10370000000AF2EE040A20EE200ABCEEC00A10EE17
:10371000100AD5490968A1F85400D94890ED000A6B
:10372000F2EE040A20EE200ABCEEC00A10EE100AE7
:10373000CD490968A1F850003220CB490968A1F8A9
:103740005A004FF42F70C8490968A1F8560040F29A
:103750001450C5490968A1F8580040F6B830C3496B
:10376000096888854FF41670BF490968A1F85C00A4
:103770004FF49060BC49096848800120BA49096843
:1037800088806420B8490968A1F87A009FEDBF0AD3
:10379000B548006880ED240A00E02AE09FEDBC0AED
:1037A000B148006880ED250A9FEDB80AAE48006870
:1037B00080ED260A4CF25030AB490968C8849FED71
:1037C000B50AA948006880ED340A1020A6490968A6
:1037D000A1F840001220A4490968A1F84200002085
:1037E00004E000219D4A12681154401C0828F8DBAF
:1037F000F0E09D480068B0F8520000EE100AB8EE04
:10380000400A9C4880ED000A90ED000AF2EE040A9E
:1038100080EE201A80ED001A90ED000ADFED9E0A7E
:10382000B4EEE00AF1EE10FA06DC90ED000AB5EE17
:10383000C00AF1EE10FA04D2B0EE080A8D4880ED0D
:10384000000A89480068B0F8540000EE100AB8EE8B
:10385000400A894880ED000A90ED000AF2EE040A61
:1038600080EE201A80ED001A90ED000ADFED8A0A42
:10387000B4EEE00AF1EE10FA06DC90ED000AB5EEC7
:10388000C00AF1EE10FA04D2B0EE080A7A4880EDD0
:10389000000A75480068B0F8500000EE100AB8EE53
:1038A000400A774880ED000A90ED000AF2EE040A23
:1038B00080EE201A80ED001A6C480068008C714977
:1038C0000880084600884FF6FF71884202D06D4894
:1038D000008818B942F6E0606A49088063480068C9
:1038E000408C69490880084600884FF6FF7188427D
:1038F00002D06548008818B942F6E0606249088045
:10390000594800684088B0F5906F05DD4FF490602D
:1039100055490968488009E05348006840885C2898
:1039200004DA4FF490605049096848804E480068B6
:103930008088802803DC4C480068808818B9012002
:1039400049490968888049480068808D40F6B83147
:10395000884203DD08464549096888854248006871
:1039600090ED340AF7EE000AB4EEE00AF1EE10FA38
:1039700008DC3D48006890ED340AB5EEC00AF1EE6F
:1039800010FA05D29FED430A3748006880ED340AEB
:1039900035480068B0F84000132805DC324800685C
:1039A000B0F84000012804DA10202F490968A1F876
:1039B00040002D480068B0F84200132805DC2A4872
:1039C0000068B0F84200012804DA1220264909688C
:1039D000A1F8420024480068B0F85C0030B12248E9
:1039E0000068B0F95C00B0F57A7F05DD4FF4167021
:1039F0001D490968A1F85C0000201C490968488538
:103A000000F020F9002019490968C88001201749F1
:103A10000968888100201149096808700F49096800
:103A200048700E49096888700C480068C07800F03A
:103A3000FE000A490968C8700848006806F032FFAD
:103A400016A0007A303815A1C9792DE06401002054
:103A50000000020860520020A0630020E80100205E
:103A6000EC010020F0010020F4010020F80100200A
:103A700060620020180300201C0300203333F33F52
:103A800068020020120300201403002000007A4482
:103A90000000164400000000000004424A616E204D
:103AA0002039203230323300303901EB810100EB14
:103AB000410000EB8001AFF21C00407A303800EB8F
:103AC000410000EB8001AFF22C00807A303800EB2F
:103AD000410058490968A1F85E00AFF240008078C3
:103AE0006E2801D1012046E0AFF2500080786228B4
:103AF00001D102203FE0AFF25C008078722808D14B
:103B0000AFF2680000784D2801D1032033E0042093
:103B100031E0AFF278008078792801D105202AE0E1
:103B2000AFF2880080786E2801D1062023E0AFF242
:103B3000940080786C2801D107201CE0AFF2A4002B
:103B40008078672801D1082015E0AFF2B0008078B6
:103B5000702801D109200EE0AFF2C00080787428EF
:103B600001D10A2007E0AFF2CC008078762801D19D
:103B70000B2000E00C202F490968A1F86000AFF28B
:103B8000E40041793039AFF2EC000079202801D10E
:103B9000002003E0AFF2FC000079303800EB800039
:103BA00001EB400023490968A1F8620022A0417896
:103BB000303921A00078202801D1002002E01EA089
:103BC0000078303800EB800001EB400019490968AB
:103BD000A1F8640018A00179303917A0C078202816
:103BE00001D1002002E014A0C078303800EB800042
:103BF00001EB40000F490968A1F866000EA0C179E9
:103C000030390DA08079202801D1002002E00AA0DF
:103C10008079303800EB800001EB400005490968ED
:103C2000A1F86800002003490968C88101490968B2
:103C3000088210BDF801002031343A30313A323672
:103C40000000000008480949086009484860094820
:103C5000886009484861094808610948C8600948FE
:103C6000C861094888617047300405080C77002056
:103C700070050508B0060508B00B0508300E0508EC
:103C800030090508700F0508F00705082DE9F04117
:103C900005460C460026606800B100BF134800F0DE
:103CA00049F80746124800F045F80743114800F06C
:103CB00041F80743AFB9606860B1D4E90001084337
:103CC000A1680843E168084369680B4A114008434A
:103CD000686007E068680849084021680843686030
:103CE00000E001263046BDE8F081000000200140E0
:103CF0000021014000220140E010FCFF70B50446A5
:103D00000D460026204600F015F870B9A96828680D
:103D100008436168064A114008436060A06820F4C7
:103D2000006069680843A06000E00126304670BD6D
:103D3000FFFEFFFC0146886800F0010070470000AC
:103D400070B504460D460026686800B100BF2046E5
:103D5000FFF7F0FF00BB686830B1606820F468408E
:103D6000A9680843606003E0606820F46840606010
:103D7000286800F07060E968084329690843A16871
:103D8000074A11400843A0606868E16A21F47001A5
:103D90000143E16200BF00E00126304670BD000033
:103DA000FDFCFFC04FF4407C9CFAACFC01F4407376
:103DB000BCFA8CFC23FA0CF300EB8300C36A01F01D
:103DC0001F014FF01F0C0CFA01FC02F01F0223EA46
:103DD0000C0302FA01F11943C162704730B44FF08D
:103DE000007C9CFAACFC01F00073BCFA8CFC23FA5A
:103DF0000CF300EB8300D0F80CC04FF0F87393FA8B
:103E0000A3F401F0F871B4FA84F421FA04F407255C
:103E100005FA04F493FAA3F3B3FA83F3D9402CEA36
:103E2000040C02FA01F14CEA0101C16030BC704798
:103E3000024909680143014A116070472038024075
:103E4000024909688143014A1160704720380240E5
:103E5000024909680143014A116070472438024051
:103E6000024909688143014A1160704724380240C1
:103E700030B500F10804C1F3034504EB85031C6869
:103E80006FF30B0414431C6030BD10B5026801F0E1
:103E900010040123A3401A43026010BDF0B503468D
:103EA0000024506800B100BF08461D6800F01007EC
:103EB0000126BE40354000F010070126BE40B54245
:103EC00001D1012500E0002525BB506898B1186894
:103ED00001F0100640F6FA75B540A843D2E9005645
:103EE000354396683543D668354301F01006B54032
:103EF000284318600FE0186801F01006FA25B54055
:103F0000A843D6681568354301F01006B54028432C
:103F1000186000E001242046F0BD0000044A525C15
:103F2000825842F01002024B5B5CC25070470000A6
:103F3000F6020508044A525C825842F01002024B15
:103F40005B5CC2507047000021030508044A525CC4
:103F5000825842F00402024B5B5CC2507047000082
:103F6000F6020508044A525C825842F00402024BF1
:103F70005B5CC2507047000021030508044A525C94
:103F8000825842F00102024B5B5CC2507047000055
:103F9000F6020508044A525C825842F00102024BC4
:103FA0005B5CC250704700002103050810B5064B4A
:103FB0005B5C03445B686FF30F031343024C645C68
:103FC0000444636010BD0000F602050810B5064BFE
:103FD0005B5C03445B686FF30F031343024C645C48
:103FE0000444636010BD000021030508024B5B5CC4
:103FF0000344DA6070470000F6020508024B5B5C80
:104000000344DA607047000021030508024B5B5C43
:1040100003449A6070470000F6020508024B5B5C9F
:1040200003449A607047000021030508F0B502467A
:104030000B4600240021186890FAA0F0B0FA80F432
:104040008AE00125A540186800EA050100297DD015
:104050005868012802D0586802281CD198689568D1
:1040600091FAA1F6B6FA86F677000326BE40B5436C
:1040700091FAA1F6B6FA86F6760000FA06F635430E
:10408000956000BFD86855688D4301FB00F6354345
:10409000556000BF00BF1869D56891FAA1F6B6FA5D
:1040A00086F677000326BE40B54391FAA1F6B6FA2C
:1040B00086F6760000FA06F63543D56000BF5868EC
:1040C000022831D191FAA1F0B0FA80F0082814D278
:1040D0005869156A91FAA1F6B6FA86F6B7000F2666
:1040E000BE40B54391FAA1F6B6FA86F6B60000FADC
:1040F00006F63543156200BF16E05869556A0E0A88
:1041000096FAA6F6B6FA86F6B7000F26BE40B54375
:104110000E0A96FAA6F6B6FA86F6B60000FA06F683
:104120003543556200BF00BF5868156891FAA1F683
:10413000B6FA86F677000326BE40B54391FAA1F69B
:10414000B6FA86F6760000FA06F600E003E035439C
:10415000156000BF00BF641C1868E04000287FF4B1
:1041600070AFF0BD024610690840884201D10120BD
:1041700070470020FCE70A04826170478161704744
:1041800010B5044604F0ECFA2060206804F0B4FA9C
:104190006060606804F0C0FAA060606804F0CEFA65
:1041A000E06010BD02480068C0F38810704700004E
:1041B0000438024010B500F1500303EB81031A608C
:1041C00010BD0000F0B5059C04F0F006360404F0C4
:1041D0000F0746EA074646EA413603F0F0073F027A
:1041E00003F00F0C47EA0C273E4302F0F00702F001
:1041F0000F0C47EA0C0746EA07054668024F3E40A7
:104200002E434660F0BD0000C00000FF2DE9F84FCE
:1042100006460D46144601274DB9607800F010009F
:10422000102804D1607800F0EF000A30607005B902
:1042300000E000BF304600F058F8304600F05DF86E
:10424000012848D045B1E07800906378A2782178C1
:104250003046FFF7B7FF31E0E0780A21B0FBF1F21A
:1042600001FB1200E1780A22B1FBF2F140EA0110F1
:1042700000F0FF0860781146B0FBF1F201FB12007C
:1042800061780A22B1FBF2F140EA011000F0FF0967
:10429000A0781146B0FBF1F201FB1200A1780A22CE
:1042A000B1FBF2F140EA011000F0FF0ACDF8008006
:1042B00021784B4652463046FFF784FF304600F0E7
:1042C00010F8304600F07BF820B9304600F00EF9C7
:1042D000074600E00027304600F00CF83846BDE8FD
:1042E000F88F6FF08001C1607047CA21416253218D
:1042F00041627047FF2141627047F8B504464FF4B0
:104300007A70009000250026204600F04EF8D0B9C3
:1043100000BF681EE06000BF204600F046F8064679
:104320000DE000F04DF9012802D10098401E0090E8
:10433000204600F03AF80646009800B9012500989A
:1043400008B1012EEDD12846F8BD0146886800F07D
:104350004000704770B504460D4601262046FFF721
:10436000C4FF2046FFF7C9FF012819D02868A168BB
:1043700021F040010143A16000BFA86821696FF3EB
:104380000E010143216100BF6868216921F4FE012B
:1043900041EA0041216100BF2046FFF7A2FF00264D
:1043A0002046FFF7A7FF304670BD0146C868C0F33E
:1043B000801070470146C868C0F34010704701463E
:1043C0008868C0F340107047F0B5059C02F0F00615
:1043D000360402F00F0746EA07460E4303F0F007E3
:1043E0003F0203F00F0C47EA0C273E4304F0F007AE
:1043F00004F00F0C47EA0C0746EA07050668024F6F
:104400003E402E430660F0BD808080FF2DE9F84FCE
:1044100006460D461446012745B93046FFF795FF7D
:1044200000B102E00020206000BF08E03046FFF746
:104430008CFF00B102E00020206000BF00BF3046CA
:10444000FFF753FF3046FFF758FF012848D045B12A
:10445000A07900906379227930462168FFF7B4FF94
:1044600031E0A0790A21B0FBF1F201FB1200A17941
:104470000A22B1FBF2F140EA011000F0FF08607976
:104480001146B0FBF1F201FB120061790A22B1FB87
:10449000F2F140EA011000F0FF0920791146B0FB6B
:1044A000F1F201FB120021790A22B1FBF2F140EA9C
:1044B000011000F0FF0ACDF800804B46524630460E
:1044C0002168FFF781FF3046FFF70BFF3046FFF70B
:1044D00076FF20B9304600F009F8074600E00027D3
:1044E0003046FFF707FF3846BDE8F88FF8B50446B9
:1044F0004FF47A7000900025002600BFE06800F0BD
:10450000800060F0A000E06000BF2046FFF752FF8F
:1045100006460DE000F054F8012802D10098401E34
:1045200000902046FFF746FF0646009800B9012597
:10453000009808B1012EEDD12846F8BD30B50246ED
:10454000012300BF1068C0F3801038BBD1E900041C
:1045500020438C682043CC6820430C6920434C697D
:1045600020438C692043CC6920430C6A20431468A3
:104570004FF6BF75AC4320431060506820F0040034
:104580004C6940EA14405060086AB0F5005F04D1FD
:10459000486A84B2146100BF00BF0023D06920F4D0
:1045A0000060D061184630BD0146886800F0010007
:1045B000704701468868C0F3400070470173704738
:1045C0004FF0E0200069C0F30040704701490860E7
:1045D000704700005C030020026A0A4302627047D1
:1045E000016841F0010101607047016841F001017B
:1045F00001607047C16841F00101C160704700006F
:1046000010B5024613682C4882420ED0B2F1804F9A
:104610000BD02A48824208D02948824205D0294836
:10462000824202D02848824204D123F070004C68B4
:1046300040EA04032048824220D0B2F1804F1DD0CE
:104640001E4882421AD01E48824217D01D4882421C
:1046500014D01D48824211D01C4882420ED01C4802
:1046600082420BD01B48824208D01B48824205D0B0
:104670001A48824202D01A48824204D123F4407080
:10468000CC6840EA040313608868D06200BF0888E1
:10469000906200BF0848824202D00B48824203D198
:1046A0000869106300BF00BF00BF506940F00100FF
:1046B000506100BF002010BD000001400004004018
:1046C00000080040000C0040000401400040014090
:1046D000004401400048014000180040001C004018
:1046E0000020004001291AD004291AD010291AD01C
:1046F00040291AD0B1F5807F19D0B1F5806F18D05C
:1047000006210D4A1830525C104402680B4B595C6C
:10471000042303FA01F122EA01010160704700213C
:10472000EFE70121EDE70221EBE70321E9E70421AF
:10473000E7E70521E5E70000FC110508031205087D
:10474000012919D0042919D0102919D0402919D0CC
:10475000B1F5807F18D0B1F5806F17D006210C4AD3
:104760001830525C104402680A4B595C082303FA63
:1047700001F11143016070470021F0E70121EEE7EC
:104780000221ECE70321EAE70421E8E70521E6E757
:10479000FC110508031205082DE9F04106460C46F8
:1047A00015460127012C08D0102C0CD0B4F5807FC1
:1047B0000FD0B4F5805F18D111E02946304601F0E2
:1047C00023FB074612E02946304601F05DFB074611
:1047D0000CE02946304601F09DFB074606E02946DD
:1047E000304601F0D7FB074600E000BF00BF384667
:1047F000BDE8F0814163704781637047C1637047D2
:104800004162704770B5044600252348844206D1B2
:104810001020FFF71DFB1020FFF722FB3AE01F4896
:10482000844208D14FF40030FFF702FB4FF4003010
:10483000FFF706FB2EE01A48844208D14FF480208F
:10484000FFF7F6FA4FF48020FFF7FAFA22E0154856
:10485000844206D12020FFF7FBFA2020FFF700FB5F
:1048600018E01148844208D14FF40020FFF7E0FA25
:104870004FF40020FFF7E4FA0CE00C48844208D122
:104880004FF48010FFF7D4FA4FF48010FFF7D8FAF6
:1048900000E00125284670BD0010014000440040A2
:1048A0000048004000140140004C0040005000400F
:1048B00000BF00BF00F10C0252E8002F22F02001DF
:1048C00000F10C0242E80013002BF3D100BF704747
:1048D00000BF00BF00F10C0252E8002F22F080015F
:1048E00000F10C0242E80013002BF3D100BF704727
:1048F00000BF00BF00F10C0252E8002F42F020017F
:1049000000F10C0242E80013002BF3D100BF704706
:104910002DE9FF4104460D4601270026204600F000
:1049200059F8002845D1E9686868084329690843AF
:10493000A9690843E16849F20C6291430843E060C9
:10494000A868216921F440510143216100BF6869D1
:10495000616921F440710143616100BF6846FFF75E
:104960000FFC1648844201D1039E17E0144884428C
:1049700001D1029E12E01348844201D1029E0DE053
:104980001148844201D1039E08E01048844201D1BD
:10499000029E03E00E48844200D1029E4EB1286878
:1049A00038B10027314620462B68AA6900F017F875
:1049B00000BF384604B0BDE8F0810000001001409F
:1049C000004400400048004000140140004C0040FA
:1049D000005000400146C868C0F3403070472DE9E0
:1049E000FC5F06460C4691461D46B9F5004F68D15E
:1049F0000220A0FB057003461920A4FB00A001467D
:104A00003A465046FBF7B4FC6421B0FBF1F04FEAA4
:104A1000001A0220A0FB05710B461920A4FB00B16F
:104A20003A465846FBF7A4FC83460220A0FB0570DB
:104A300003461920A4FB00013A46CDE90001FBF72B
:104A400097FC6421B0FBF1F000EBC00101EB00101A
:104A5000ABEB8000322101EBC0006421B0FBF1F030
:104A600000F0F8000AEB400A0220A0FB05700346A4
:104A70001920A4FB00B13A465846FBF779FC83465F
:104A80000220A0FB057003461920A4FB00013A4652
:104A9000CDE90001FBF76CFC6421B0FBF1F000EB09
:104AA000C00101EB0010ABEB8000322101EBC00034
:104AB0006421B0FBF1F000F00700504480B2B06018
:104AC00067E00420A0FB057003461920A4FB00A0AA
:104AD00001463A465046FBF74BFC82460420A0FBB9
:104AE00005711920A4FB00B084463A460B4658468F
:104AF0006146FBF73DFC6421B0FBF1F000EBC00127
:104B000001EB0010AAEB8000322101EB00106421C0
:104B1000B0FBF1F000F0F00A0420A0FB05700346A2
:104B20001920A4FB00B001463A465846FBF720FC8A
:104B30006421B0FBF1F00AEB001A0420A0FB057021
:104B400003461920A4FB00B13A465846FBF710FC77
:104B500083460420A0FB057003461920A4FB000136
:104B60003A46CDE90001FBF703FC6421B0FBF1F00C
:104B700000EBC00101EB0010ABEB8000322101EB38
:104B800000106421B0FBF1F000F00F00504480B23F
:104B9000B060BDE8FC9F000070B594B00024119493
:104BA000129413940C940D940E940F9410940894F2
:104BB00009940A940B9404940594069407947348FA
:104BC000016841F480710160006800F48070019018
:104BD0006F48016841F001010160016801F00101C5
:104BE0000191016841F002010160006800F00200DB
:104BF0000190832002900325039502A96548FFF7E1
:104C000015FA022602960395069402A96248FFF758
:104C10000DFA6249624802788A58037822F060628D
:104C2000CA5002788A58037822F0C002CA5002782B
:104C30008A58037822F44032CA5002788A5803789E
:104C400022F4907242F48072CA5002788A58037833
:104C500022F40072CA5002788A58037842F48062C3
:104C6000CA5002788A58037822F4C05242F4006293
:104C7000CA5002788A58037822F4C04242F40052A3
:104C8000CA50027847495258007822F00402425034
:104C90001194129488151390434D11A92846FFF7DB
:104CA0002DF80C944FF4A0000D900E940F964FF435
:104CB000407010900CA92846FFF742F8A86820F42D
:104CC0008060A8604FF4403008900994374C08A9E0
:104CD0002046FEF7DBFF320611142846FFF762F884
:104CE000072231062846FFF779F8314E40F20521B8
:104CF00032462846FFF756F8072231462846FFF786
:104D00006DF82C4E40F20A2132462846FFF74AF849
:104D1000072231462846FFF761F8274E40F20F215F
:104D200032462846FFF73EF8072231462846FFF76D
:104D300055F8224E4FF4057132462846FFF732F8F7
:104D4000072231462846FFF749F8606820F4400002
:104D500040F4000060601A4E40F2192132462846A5
:104D6000FFF720F8072231462846FFF737F860683A
:104D700020F4400040F480006060D5F8040340F463
:104D80004000C5F8040314B070BD00004438024070
:104D9000303802400000024000040240006402403B
:104DA000F411050814640240002001400023014072
:104DB00001003002070050030900B00310002081F9
:104DC0001200808110B58CB00024089409940A94D4
:104DD0000B9404940594069407941648016841F0D6
:104DE00000510160006800F0005001901248016815
:104DF00041F001010160006800F0010001903020E5
:104E000002900320039002A90C48FFF70FF9382005
:104E10000890099402200B900A4C08AA08492046E1
:104E2000FFF73CF808AA08492046FFF737F80CB00E
:104E300010BD0000403802403038024000000240FF
:104E400001001002007400401200431538B52D48CF
:104E5000016841F480010160016801F48001009162
:104E6000016841F400110160006800F40010009036
:104E7000254C2068C0F302200022052100F0A8FF85
:104E8000224900010870224D4FF4805028602068AC
:104E9000C0F302200022052100F09AFF1D49000105
:104EA00081F800044FF4804028602068C0F302209D
:104EB0000022052100F08CFF1749000181F8000451
:104EC0002D1D4FF0807028602068C0F30220002262
:104ED000052100F07DFF1149000181F800044FF029
:104EE000007028602068C0F302200022052100F035
:104EF0006FFF0B49000181F800040A492020C1F826
:104F0000000138BD303802400CED00E00CE400E058
:104F100000E100E00EE000E038E000E039E000E011
:104F200045E000E008E000E010B52A4807F053F83B
:104F3000294C2062294807F04EF860620121284A76
:104F4000084607F0FFF8A0620121264A084607F04C
:104F5000F9F8E0620121244A084607F0F3F82063DB
:104F60000121224A084607F0EDF860630022204B39
:104F70001146204807F0B4FA606100221E4B11462A
:104F80001E4807F0ADFAA0611D4B002201211D480B
:104F900007F0A6FAE0611C4A00211C4807F043FA1A
:104FA00020601B4A00211B4807F03DFA60601A4A46
:104FB00000211A4807F037FAA060194A0021194861
:104FC00007F031FAE060184A0021184807F02BFA80
:104FD000206110BD9411050820030020A4110508CC
:104FE000B4110508C4110508D4110508E411050819
:104FF0006411050841860408741105084D3304083E
:1050000084110508098C0408B010050831930408C0
:10501000D4100508219E0408F81005082D85040801
:105020001C11050821A804084011050879970408F7
:105030002DE9F04788B00024049406940794604852
:10504000016841F010010160016801F01001019157
:10505000016841F004010160016801F0040101915F
:10506000016841F080010160016801F08001019157
:10507000016841F001010160016801F00101019145
:10508000016841F002010160016801F00201019133
:10509000016841F008010160006800F0080001901B
:1050A0003F21484EB16141F6FC01474FB9614FF4D1
:1050B0007E71DFF81881C8F818100807B0614FF04A
:1050C000E050C8F818004248B861DFF808910002C3
:1050D000C9F81800DFF800A14FF08070CAF8180076
:1050E0003720029001250395059502A93046FEF769
:1050F0009DFF48F2080002900395049405940694DD
:1051000002A93046FEF792FF4020029003940694D5
:1051100002A93046FEF78AFF6803029003940694C2
:1051200002A94846FEF782FFA80302900394069561
:1051300002A93046FEF77AFF4FF4E0500290039543
:1051400004940594069402A94046FEF76FFF4CF2C2
:105150001F400290039504940594069402A93846D2
:10516000FEF764FF4FF4C750029003950494059531
:10517000069402A93846FEF759FF4FF4407002909A
:10518000039504940594069402A94846FEF74EFF41
:1051900028020290039504940594069402A95046AF
:1051A000FEF744FF4FF47E7002900395049405953A
:1051B000069402A94046FEF739FF08B0BDE8F08723
:1051C0003038024000100240000C0240000402404F
:1051D000000003C400080240000002400C494CF6E5
:1051E000CC40086045F2555008600620486040F603
:1051F000FF708860C86810F0030F06D000200128F7
:10520000F8D14AF6AA20086070470120F7E70000AD
:105210000030004070B588B00024049405940694D2
:105220000294039401944548016801F44071B1F57A
:10523000807F47D000234FF08051DFF804C1DCF8B5
:105240000020914314D0002101290BD0DCF800107C
:1052500041F08051CCF80010DCF8001001F08051D2
:105260000091012337490A68C2F3002212B10AE013
:105270000121E9E70A6842F480720A600A68C2F311
:105280000022002AFAD0016841F4803101600168EF
:1052900021F480310160016841F001010160016881
:1052A000C1F340010029FAD0016821F4407141F4B2
:1052B00080710160012B05D1DCF8001021F08051D4
:1052C000CCF80010016841F40041016004947F2093
:1052D0000590FF2006901C4E04A935462846FFF78E
:1052E00039F8286940F4FE00286128696FF30E0040
:1052F00040F0FF002861154D2868A0F54851F239AB
:105300001AD08DF80C408DF80D408DF80E4002AA91
:1053100001213046FFF77AF801218DF804108DF84D
:1053200005108DF806108DF8074001AA3046FEF7EB
:105330006DFF43F2F220286008B070BD7038024063
:1053400040380240007000400028004050280040D3
:1053500010B592B00024089409940A940B940C940C
:105360000D940E940F9410941194059406941D4876
:10537000016841F480410160006800F480400190C0
:105380001948016841F002010160006800F0020064
:1053900001904FF46040029002200390032004909B
:1053A0000520079002A91148FEF740FE08944FF42B
:1053B000827009900A940B9401200C9040020D9089
:1053C00010200E900F9410940A201190084C08A9F8
:1053D0002046FFF7B3F8616821F01001616012B058
:1053E00010BD000040380240303802400004024046
:1053F0000038004030B593B00024089409940A9412
:105400000B940C940D940E940F9410941194059495
:1054100006941D48016841F400410160006800F4F1
:10542000004001901948016841F0040101600068E2
:1054300000F0040001904FF4E05002900225039523
:10544000032004900620079002A91148FEF7EEFD04
:1054500008944FF4827009900A940B9501200C90E7
:1054600040020D9018200E900F9410940A20119075
:10547000084C08A92046FFF761F8616821F0100187
:10548000616013B030BD0000403802403038024047
:1054900000080240003C004010B586B0002001909A
:1054A00002900390049005901B48016841F480210C
:1054B0000160006800F48020009018480068C0F384
:1054C0000220C0F10701042900D90421021D072A86
:1054D00001D2002000E0C01E012202FA01F1491EA3
:1054E00001F0050101FA00F00D49000108704FF0CC
:1054F000E0219006C1F80001A720ADF80400322099
:105500000390084C01A92046FFF77AF8216821F0A2
:105510008001216006B010BD443802400CED00E06F
:105520001AE400E00048014030B595B00024109422
:10553000119413941494089409940A940B940C9461
:105540000D940E940F94029403940494059406947D
:1055500007942548016841F001010160006800F0EE
:1055600001000190ADF84040601E129010A94FF06C
:105570008040FFF745F84FF08045286820F0800014
:10558000286001218807FFF7DBF860200890099464
:105590000A940B940C94012108AA8807FFF7FCF8E1
:1055A00001218807FFF79EF8686820F070006860A6
:1055B000A86820F08000A8600C48016841F0010153
:1055C0000160006800F001000190E81302900220E1
:1055D00003900494059406940120079002A90448BE
:1055E000FEF724FD15B030BD40380240303802408F
:1055F0000000024030B595B000241094119413942B
:105600001494089409940A940B940C940D940E9499
:105610000F940294039404940594069407943548D7
:10562000016841F002010160006800F00200019091
:10563000ADF840404EF6602012902F4D10A928463C
:10564000FEF7DEFF286820F0800028600121284650
:10565000FFF776F86020089009940A9447F23050DA
:105660000B900C9408AA01212846FFF795F8012118
:105670002846FFF737F8A9152846FFF761F808AA6A
:10568000A9152846FFF788F8A9152846FFF72AF834
:10569000686820F070006860A86820F08000A8604A
:1056A0001648016841F001010160016801F0010143
:1056B0000191016841F002010160006800F0020000
:1056C00001904020029002250395049405940694CD
:1056D000079502A90A48FEF7A9FC0120029003954C
:1056E000049405940694079502A90648FEF79EFCCB
:1056F00015B030BD40380240000400403038024050
:10570000000002400004024030B595B0002410941F
:10571000119413941494089409940A940B940C947F
:105720000D940E940F94029403940494059406949B
:1057300007942748016841F004010160006800F007
:10574000040001904520ADF8400043F698201290E7
:10575000204D10A92846FEF753FF286820F080004E
:10576000286010212846FEF7EBFF6020089009947E
:105770000A940B940C9408AA10212846FFF70CF801
:1057800010212846FEF7AEFF686820F070006860C0
:10579000A86820F08000A860286840F00100286018
:1057A0000D48016841F008010160006800F0080040
:1057B00001906814029002200390049405940694CA
:1057C000079002A90548FEF731FC15B030BD000076
:1057D000403802400008004030380240000C0240CF
:1057E00010B586B0002001900290049005901148F9
:1057F000016841F010010160006800F010000090A5
:10580000A820ADF804004FF47A7003900A4C01A967
:105810002046FEF7F5FE206820F0800020606068DA
:1058200020F070006060A06820F08000A06006B0EA
:1058300010BD0000403802400010004010B586B096
:105840000020019002900390049005901F490A687F
:1058500042F020020A60096801F0200100911C4911
:105860000968C1F30221C1F10702042A00D9042208
:105870000B1D072B01D2002100E0C91E012303FAF2
:1058800002F2521E02F0050202FA01F1114A090168
:1058900011701149DA05C1F80021ADF804004FF686
:1058A000FF7003900D4C01A92046FEF7A9FE206869
:1058B00020F080002060606820F070006060A068C8
:1058C00020F08000A06006B010BD0000403802400B
:1058D0000CED00E037E400E004E000E000140040DC
:1058E00010B590B00024089409940A940B940C9479
:1058F0000D940E94059406942C48016841F0100113
:105900000160006800F0100001902948016841F032
:1059100001010160006800F0010001904FF4C060D7
:10592000029002200390032004900720079002A910
:105930002048FEF77BFB20480068C0F30220C0F13E
:105940000701042900D90421021D072A01D20020E1
:1059500000E0C01E012202FA01F1491E01F005011A
:1059600001FA00F015490001087015492020C1F81E
:1059700000014FF4E130089009940A940B940C2034
:105980000C900D940E940F4C08A92046FEF7C0FF12
:10599000206920F490402061606920F02A00606155
:1059A000E06840F40050E06010B010BD44380240A0
:1059B00030380240000002400CED00E025E400E039
:1059C00004E000E00010014010B590B000240894FD
:1059D00009940A940B940C940D940E9405940694D7
:1059E0007048016841F480210160006800F4802063
:1059F00001906D48016841F008010160006800F005
:105A0000080001904FF440700290022003900320A0
:105A100004900720079002A96448FEF707FB644939
:105A2000644842788A58437822F0606242F000620B
:105A3000CA5042788A58437822F0C002CA5042784D
:105A40008A58437822F44032CA5042788A584378C0
:105A500022F49072CA5042788A58437822F4007235
:105A6000CA5042788A58437842F48062CA504278D9
:105A70008A58437822F4C052CA5042788A584378F0
:105A800022F4C042CA5043784B4A9B5890F801C058
:105A900023F004034CF80230C378CB5890F803C0CD
:105AA00023F0606343F0006341F80C30C378CB58B7
:105AB00090F803C023F0C00343F0400341F80C30DA
:105AC000C378CB5890F803C023F4403341F80C302E
:105AD000C378CB5890F803C023F4907341F80C308E
:105AE000C378CB5890F803C023F4007341F80C300E
:105AF000C378CB5890F803C043F4806341F80C306E
:105B0000C378CB5890F803C023F4C05341F80C304D
:105B1000C378CB5890F803C023F4C04341F80C304D
:105B2000C1788958C07821F0040181502348006869
:105B3000C0F30220C0F10701042900D90421021D8D
:105B4000072A01D2002000E0C01E012202FA01F162
:105B5000491E01F0050101FA00F019490001087021
:105B600018498020C1F800014FF4E13008900994F1
:105B70000A940B940C200C900D940E94124C08A9CE
:105B80002046FEF7C5FE206920F490402061606940
:105B900020F02A006061E06840F40050E06010B03E
:105BA00010BD00004038024030380240000C024076
:105BB000006002400A120508146002400CED00E08B
:105BC00027E400E004E000E00048004010B590B099
:105BD0000024089409940A940B940C940D940E9448
:105BE000059406946F48016841F020010160006847
:105BF00000F0200001906C48016841F00401016050
:105C0000006800F004000190C02002900220039080
:105C1000032004900820079002A96448FEF706FAC2
:105C20006349644842788A58437822F0606242F0BF
:105C30002062CA5042788A58437822F0C002CA5083
:105C400042788A58437822F44032CA5042788A58BF
:105C5000437822F49072CA5042788A58437822F4EA
:105C60000072CA5042788A58437842F48062CA501F
:105C700042788A58437822F4C052CA5042788A58EF
:105C8000437822F4C042CA5043784B4A9B5890F85C
:105C900001C023F004034CF802308379CB5890F80C
:105CA00006C023F0606343F0206341F80C30837931
:105CB000CB5890F806C023F0C00343F0400341F8EE
:105CC0000C308379CB5890F806C023F4403341F868
:105CD0000C308379CB5890F806C023F4907341F8C8
:105CE0000C308379CB5890F806C023F4007341F848
:105CF0000C308379CB5890F806C043F4806341F8A8
:105D00000C308379CB5890F806C023F4C05341F887
:105D10000C308379CB5890F806C023F4C04341F887
:105D20000C3081798958807921F004018150234811
:105D30000068C0F30220C0F10701042900D9042142
:105D4000021D072A01D2002000E0C01E012202FA33
:105D500001F1491E01F0050101FA00F018490001A6
:105D6000087018498020C1F800014FF4E130089014
:105D700009940A940B940C200C900D940E94124CE0
:105D800008A92046FEF7C4FD206920F49040206158
:105D9000606920F02A006061E06840F40050E06033
:105DA00010B010BD443802403038024000080240B4
:105DB000006402400A120508146402400CED00E081
:105DC00047E400E008E000E000140140FEE7FEE7E1
:105DD00000F00700C0F10703042B00D9042300F1F1
:105DE000040CBCF1070F01D2002000E0C01E4FF0F0
:105DF000010C0CFA03F35B1E194081400CFA00F011
:105E0000401E10400843704770B50246106A20F0EB
:105E100001001062136A5568946924F0030424F0A9
:105E200070000E6840EA060423F002000E6940EAA2
:105E3000060323F001004E6840EA06031048824240
:105E400002D01048824213D123F008004E6940EA84
:105E5000860323F004008E6840EA860325F48070F0
:105E60008E6940EA060525F40070CE6940EA4605D1
:105E700055609461C868506300BF1362002070BD14
:105E800000000140000401402DE9F04104460D46A8
:105E9000206A20F010002062266AD4F80480A769E6
:105EA00027F4407727F4E040296840EA012726F0EC
:105EB0002000296940EA011626F01000696840EACE
:105EC00001161248844202D01148844213D126F0B0
:105ED0008000696940EA811626F04000A96840EA1E
:105EE000811628F48060A96940EA810828F40060DE
:105EF000E96940EAC108C4F80480A7612046E9685E
:105F0000FEF77AFC26620020BDE8F0810000014027
:105F10000004014070B50246106A20F480701062DF
:105F2000136A5568D46924F0030424F070000E68E5
:105F300040EA060423F400700E6940EA062323F4C5
:105F400080704E6840EA06231048824202D0104812
:105F5000824213D123F400604E6940EA862323F481
:105F600080608E6840EA862325F480508E6940EA7E
:105F7000061525F40050CE6940EA46155560D461F7
:105F8000C868D06300BF1362002070BD00000140EC
:105F90000004014070B50246106A20F4805010627F
:105FA000146A5568D36923F4407323F4E0400E6803
:105FB00040EA062324F400500E6940EA063424F433
:105FC00080504E6840EA06340948824202D00948AF
:105FD000824204D125F480408E6940EA86155560DE
:105FE000D361C868106400BF1462002070BD000057
:105FF000000001400004014010B50246002003E00B
:1060000012F8014B2318D8B20B1EA1F10104A1B262
:10601000F6D1C0B210BD000000B5034890ED000AF3
:1060200002F0FCFE00BD00006802002010B54FF039
:10603000FF3029490968086020212848FEF79BF8AD
:1060400010212648FEF797F808212448FEF793F818
:1060500004212248FEF78FF802212048FEF78BF832
:1060600001211E48FEF787F84FF400711C48FEF727
:1060700082F84FF480711A48FEF77DF880211848A5
:10608000FEF779F840211648FEF775F820211448EC
:10609000FEF771F810211248FEF76DF8082110483C
:1060A000FEF769F880210F48FEF765F840210D489A
:1060B000FEF761F820210B48FEF75DF81021094832
:1060C000FEF759F808210748FEF755F8042105485E
:1060D000FEF751F810BD0000E8010020001002405A
:1060E00000040240000C024010B50C480068B0F8F3
:1060F0004000132805DC09480068B0F8400001287A
:1061000004DA102005490968A1F84000034909682C
:1061100091F8400000F08EF810BD0000F40100205E
:1061200070B506460C4621463046FCF701FB054695
:1061300008480068A0F87040642C03D1FFF776FF90
:10614000012070BD0DB90020FBE7284600F02EF9B4
:106150000120F6E7F401002010B52DED028B1F4859
:106160000068B0F8520000EE100AB8EE400AF2EEF5
:10617000040A80EE201AB0EE418A9FED190AB4EEAF
:10618000C08AF1EE10FA03DD9FED150AB0EE408AE9
:10619000144890ED000A02F0CFFE10480068B0F8F5
:1061A000540000EE100AB8EE400AF2EE040A80EE47
:1061B000201AB0EE418A9FED0A0AB4EEC08AF1EED1
:1061C00010FA03DD9FED060AB0EE408A064890ED16
:1061D000000A02F0FDFEBDEC028B10BDF4010020B0
:1061E00000000442180300201C03002010B5012207
:1061F0000B211046FBF740FF10BD000010B50C4806
:106200000068B0F84200132805DC09480068B0F8BF
:106210004200012804DA122005490968A1F8420069
:106220000349096891F8420000F004F810BD00002D
:10623000F401002010B504462E2C6FD2DFE804F0E4
:106240009C171C21262B30353B41464B50555A5F3D
:1062500064696F749C9C9C9C9C797D8185898D91DF
:10626000959C9C9C9C9C9C9C9C9C9C9C9C9920216F
:106270004348FDF780FF80E010214148FDF77BFF98
:106280007BE008213E48FDF776FF76E004213C489C
:10629000FDF771FF71E002213948FDF76CFF6CE0FA
:1062A00001213748FDF767FF67E04FF4007135487B
:1062B000FDF761FF61E04FF480713248FDF75BFF4D
:1062C0005BE080212F48FDF756FF56E040212D4826
:1062D000FDF751FF51E020212A48FDF74CFF4CE02B
:1062E00010212848FDF747FF47E008212548FDF722
:1062F00042FF42E080212448FDF73DFF3DE0402180
:106300002148FDF738FF38E020211F48FDF733FF13
:1063100033E010211C48FDF72EFF2EE02CE0082171
:106320001948FDF728FF28E004211748FDF723FF4F
:1063300023E00120154908701FE00120144908706E
:106340001BE001201349087017E001201249087072
:1063500013E00120114908700FE001201049087076
:106360000BE001200F49087007E001200E4908707A
:1063700003E0FFF751FE00E000BF00BF10BD0000CA
:106380000010024000040240000C02404C020020B9
:106390004D0200204E0200204F020020500200203B
:1063A00051020020520200205302002070B5044622
:1063B00001250A4800680068204308490968086008
:1063C00008E004F0010010B1E8B2FFF733FF640801
:1063D000681C85B2202DF4DD70BD0000E8010020AE
:1063E00010B52DED088B0446B0EE408A84ED048A8A
:1063F00094ED050AD4ED040A30EE600A84ED060A35
:1064000094ED030A10EE101A084609F0F9FD41EC6C
:10641000190B94ED060A10EE101A084609F0F0FD6B
:1064200041EC1B0BB0EE4B0AF0EE6B0A04F0BBFA2A
:10643000B0EE40AAF0EE60AA53EC192B51EC1A0B07
:1064400009F0B2FC7ED294ED060AD4ED000A20EEEB
:10645000200A84ED090A606B09F058FB41EC190B26
:1064600094ED090A10EE101A084609F0C9FD41EC36
:106470001B0BB0EE4B0AF0EE6B0A04F094FAB0EE90
:1064800040AAF0EE60AA53EC192B51EC1A0B09F05C
:106490008BFC06D294ED0E0AB8EE400A84ED0A0A8F
:1064A0003FE094ED0A0AD4ED010A94ED061A00EEDD
:1064B000810A84ED0A0AD4ED0A0A94ED0D0AB8EEB9
:1064C000400AF4EEC00AF1EE10FA06DD94ED0D0A72
:1064D000B8EE400A84ED0A0A23E094ED0A0AB5EE0C
:1064E000C00AF1EE10FA11DBD4ED0A0A94ED0E0A9F
:1064F000B8EE400AF4EEC00AF1EE10FA06D294EDBE
:106500000A0ABCEEC00A84ED0E0A0AE094ED0A0AFB
:10651000B5EEC00AF1EE10FA03D29FED240A84ED25
:106520000A0A94ED060AD4ED070A30EE600A84EDFB
:10653000080A94ED080AD4ED020A20EE200A84ED40
:106540000B0A00E012E094ED090AD4ED0A0A30EEDD
:10655000200AD4ED0B0A30EE200AF6EE000A30EEE7
:10656000200ABDEEC00A84ED0C0A09E094ED0A0A87
:10657000F6EE000A30EE200ABDEEC00A84ED0C0AE9
:1065800094ED060A84ED070A206B002801DA00204A
:106590002063606B28B1D4E90C01884201D9606B9B
:1065A0002063206BBDEC088B10BD000000000000D4
:1065B000FCF766BB90ED050AD0ED040A30EE600AE8
:1065C00080ED070A70472DE9FC4106460C46002580
:1065D000002716E0002003214FF448732246CDE93E
:1065E00000100221304603F07CFF0546781CC0B243
:1065F00007460F2805DB242002F0F8FA0820BDE842
:10660000FC81002DE6D012234FF44872214630461B
:1066100002F0ECFB2846F2E72DE9F04105460E4674
:106620001746984601233A4631462846FAF7D4FAE7
:1066300004464CB1204602F0D9FA03212846FFF760
:10664000C2FF0020BDE8F0810120FBE72DE9F04109
:1066500005460E461746984601233A4631462846D7
:10666000FAF7D8FA04464CB1204602F0BFFA0321EB
:106670002846FFF7A8FF0020BDE8F0810120FBE7D6
:1066800010B504461E234FF416721A21204602F05C
:10669000ADFB10BD10B504460B234FF4167202215A
:1066A000204602F0A3FB10BD2DE9F84380460E46BC
:1066B00014461F46DDE90895404600F063FE10B918
:1066C0000020BDE8F8830321404600F0B7FB3220EC
:1066D00001F0FAFE5DB1322001F0F6FE06214046DF
:1066E000FFF71EFDC5EB0511880000F08EFB0120B1
:1066F00001F0EAFE012000F088FB0CB9032000E065
:10670000062002460CB9304600E00720014640460C
:1067100001F0E6FE08B90020D3E70CB9032000E041
:10672000062002460CB9304600E0072001464046EC
:1067300001F0D6FE08B90020C3E7304601F0C4FEE0
:10674000012000F062FB24B1012C10D0022C10D1EA
:106750000EE00123062231464046FFF777FF08B9D5
:106760000020AEE73146404600F046FE01E000E082
:1067700000BF00BF1DB106214046FAF7A5FC0A2064
:1067800001F0A2FE012000F040FB012302220A21B9
:106790004046FFF75BFF08B9002092E74046FFF74D
:1067A00079FF0321404600F087FB0B2001F08CFEAF
:1067B000012000F02AFB01231A460B214046FFF777
:1067C00045FF08B900207CE74046FFF763FF03213F
:1067D000404600F071FB0C2001F076FE012000F035
:1067E00014FB01231A460C214046FFF72FFF08B97E
:1067F000002066E7012000F008FB012303220C21A2
:106800004046FFF723FF08B900205AE74046FFF74C
:1068100041FF4046FFF73EFF4046FFF73BFF282081
:1068200001F052FE012000F0F0FA4B463A460021FA
:10683000012001F0D3FC2F2001F046FE012000F0E2
:10684000E4FA4B465A220021012001F0C7FC2E2019
:1068500001F03AFE012000F0D8FA0A2000F08AFE8A
:1068600000F0CAFA022000F0D0FA042001F02CFE59
:10687000012000F0CAFA06200346052204210090F8
:10688000404600F049FB0421404600F0D7FA0420BE
:1068900001F01AFE012000F0B8FA002301220821BD
:1068A000404600F022FB0321404600F005FB092290
:1068B0000821404601F014FE00F0FCFF0A2000F021
:1068C000A4FA0120FDE62DE9F84380460D46164660
:1068D0001F46DDE90894404600F054FD10B9002041
:1068E000BDE8F88324214046FFF71AFC0321404607
:1068F00000F0A4FA012001F0E7FD44B10621404672
:10690000FFF70EFCC4EB0411880000F07EFA0120B2
:1069100000F07BFA09222946404601F0E1FD08B962
:106920000020DDE700230C2208214046FFF78EFE01
:1069300008B90020D4E72D2001F0C6FD0A2000F0A0
:1069400067FD022000F061FA0321404600F076FA6C
:10695000002303222946404601F0D6FD284601F0D7
:10696000B3FD012000F051FA26B1012E1AD0022EFB
:1069700066D13EE00123062229464046FFF766FE27
:1069800008B90020ACE70321404600F095FA2946FB
:10699000404600F031FD002303220821404601F06B
:1069A000B3FD4DE00123032229464046FFF74EFE8A
:1069B00008B9002094E70321404600F07DFA2946FB
:1069C000404600F019FD002303220821404601F053
:1069D0009BFD002303220821404601F095FD012381
:1069E000032208214046FFF731FE08B9002077E76F
:1069F00026E001231A4629464046FFF727FE08B93C
:106A000000206DE70321404600F056FA2946404633
:106A100000F0F2FC002301220821404601F074FD41
:106A2000002303220821404601F06EFD01230522C8
:106A300008214046FFF70AFE08B9002050E700BFD2
:106A400000BF1CB106214046FAF73EFB0A2001F0C8
:106A50003BFD012000F0D9F901231A460A214046E6
:106A6000FFF7F4FD08B900203AE74046FFF712FEB1
:106A70000321404600F020FA0B2001F025FD012003
:106A800000F0C3F9002301220B21404601F03CFD38
:106A9000012302220B214046FFF7D8FD08B9002050
:106AA0001EE74046FFF7F6FD0321404600F004FADA
:106AB0000C2001F009FD012000F0A7F901230522B7
:106AC0000C214046FFF7C2FD08B9002008E7404608
:106AD000FFF7E0FD4046FFF7DDFD4046FFF7DAFD3A
:106AE000002301220821404601F00EFD282001F07C
:106AF000EBFC012000F089F94B463A4600210120C9
:106B000001F06CFB2F2001F0DFFC012000F07DF98B
:106B1000002346221946012001F060FB4046FFF7A2
:106B2000B9FD4046FFF7B6FD0223462200210120B1
:106B300001F054FB2E2001F0C7FC012000F065F9A4
:106B40000A2000F017FD00F057F9042001F0BCFC0A
:106B5000012000F05AF90620034605220421009086
:106B6000404600F0D9F90421404600F067F90420BE
:106B700001F0AAFC012000F048F9002301220821BD
:106B8000404600F0B2F90321404600F095F9032297
:106B90000821404601F0A4FC0C220821404601F0E7
:106BA0009FFC00F087FE012000F02FF924214046D1
:106BB000FAF78AFA012093E62DE9F04780460D4660
:106BC00016461F46DDE90894FCF722FD404600F01A
:106BD000D9FB10B90020BDE8F0871E2204214046F1
:106BE00000F05AF9322001F06FFC5CB1322001F064
:106BF0006BFC06214046FFF793FAC4EB04118800B2
:106C000000F003F9012000F000F90020784909683C
:106C1000C884774909688884284601F055FC01201A
:106C200000F0F3F826B1012E10D0022E10D10EE0A4
:106C30000123152229464046FFF708FD08B9002028
:106C4000C9E72946404600F0D7FB01E000E000BF5D
:106C500000BF1CB106214046FAF736FA162001F0B3
:106C600033FC012000F0D1F8012303221621404615
:106C7000FFF7ECFC08B90020ADE720214046FFF704
:106C80004FFA052000F0C1F820214046FAF71CFA1F
:106C9000002303220821404601F036FC0023032292
:106CA0000821404601F030FC172001F00DFC0120C6
:106CB00000F0ABF820214046FFF732FA0A2000F03E
:106CC000A4F8012340F6AC5217214046FFF7BEFC62
:106CD00008B900207FE7282001F0F6FB012000F032
:106CE00094F84B463A460021012001F077FA2F2014
:106CF00001F0EAFB012000F088F800235022194639
:106D0000012001F06BFA0F2001F0DEFB012000F002
:106D10007CF8012303220F214046FFF797FC08B9B6
:106D2000002058E7282001F0CFFB00234622194617
:106D3000012001F06FFA0A2000F067F82021404698
:106D4000FFF7EEF9302001F0BFFB032000F05DF803
:106D500028480068B0F86810404601F0D3FA08B936
:106D6000002038E700F090FD022000F04EF800F01F
:106D700093FD022000F049F800F03EF8022000F0F8
:106D800044F8042001F0A0FB012000F03EF81E2290
:106D90000421404600F080F820214046FFF7C0F96A
:106DA00001231B2208214046FFF750FC08B90020B0
:106DB00011E728220421404600F06EF801231B222F
:106DC00008214046FFF742FC08B9002003E72822CB
:106DD0000421404600F060F820214046FAF774F99B
:106DE00000F068FD0A2000F010F80120F3E6000032
:106DF000F8010020F40100207047704710B50446E8
:106E000006212046FAF760F910BD10B504464FF48C
:106E10007A7104FB01F005F057F810BD7CB5064609
:106E20000C46154601204FF4487322460221CDE955
:106E30000050304603F055FB7CBD000070B50446A1
:106E40000D460321204600F037F80020FBF7A6FC92
:106E5000DFED100AB4EEE00AF1EE10FA14DD0023C3
:106E600055221946012001F0B9F903E041F28830BA
:106E700005F02AF80020FBF791FCDFED060AB4EEDE
:106E8000E00AF1EE10FAF1DC29462046FFF79BFB01
:106E900070BD00000000AA4270B505460E461446BB
:106EA00031462846FFF73CF92046FFF7AEFF314652
:106EB0002846FAF709F970BD70B504460D4612234D
:106EC0004FF448722946204601F090FF70BD70B51E
:106ED00005462846FBF73CFB044624B1204601F05A
:106EE00085FE002070BD0120FCE72DE9F04105463C
:106EF0000E461746984643463A4631462846FBF723
:106F00004FFB04462CB1204601F070FE0020BDE886
:106F1000F0810120FBE700002DE9F04705460E4611
:106F200017469846DDF82090002425E002212846E7
:106F3000FFF7F6F84FF4FA7004F0C6FF3A464FF444
:106F40004871012002F0D2FB02E00A2004F0BCFFED
:106F50000B4800780028F8D002212846FAF7B4F848
:106F60004FF4FA7004F0B0FF43464FF448723146D4
:106F7000284601F03BFF641C4C45D7DBBDE8F08799
:106F8000FC01002010B50446224603490348FBF7E4
:106F90003BFB0148008810BD0C0300200A030020C1
:106FA00070B506460C46154629462046FCF706FBFA
:106FB00070BD00002DE9F84380460D4616461F4679
:106FC000DDE90894404600F0DDF910B90020BDE885
:106FD000F88303214046FFF731FF322001F074FAB5
:106FE00044B106214046FFF79BF8C4EB041188002A
:106FF000FFF70BFF012001F067FA00230322294667
:10700000404601F081FA284601F05EFA0120FFF7C0
:10701000FCFE36B1012E2ED0022E56D0032E76D194
:1070200092E00123062229464046FFF70FFB08B9EC
:107030000020CCE72946404600F0DEF9002301227B
:107040000821404601F060FA00230322082140464F
:1070500001F05AFA01231A4608214046FFF7F6FAD2
:1070600008B90020B3E74046FFF714FB0321404670
:10707000FFF722FFB8E001231A4629464046FFF7F2
:10708000E5FA08B90020A2E72946404600F0B4F925
:10709000002301220821404601F036FA0023032292
:1070A0000821404601F030FA01230622082140461B
:1070B000FFF7CCFA08B9002089E74046FFF7EAFA63
:1070C00003214046FFF7F8FE8EE001230222294605
:1070D0004046FFF7BBFA08B9002078E7294640464A
:1070E00000F08AF9002301220821404601F00CFA41
:1070F000002303220821404601F006FA012306225C
:1071000008214046FFF7A2FA10B900205FE76AE0C5
:107110004046FFF7BFFA4046FFF7BCFA032140465E
:10712000FFF7CAFE4046FFF7D2FE0922082140467B
:1071300001F0D6F94046FFF7A3FA012309220821FE
:107140004046FFF769FA4FE00123062229464046F0
:10715000FFF762FA08B9002039E72946404600F0F7
:107160004BF90123032208214046FFF755FA08B9DD
:1071700000202CE74046FFF783FA0A20FFF745FE80
:1071800003214046FFF798FE4046FFF7A0FE092284
:107190000821404601F0A4F94046FFF771FA0123A7
:1071A000092208214046FFF737FA08B900200EE708
:1071B0004046FFF765FA0A20FFF727FE4046FFF733
:1071C00086FE09220821404601F08AF94046FFF771
:1071D00057FA0123092208214046FFF71DFA08B992
:1071E0000020F4E600E000BF00BF14B14046FFF706
:1071F00005FE03214046FFF75FFE112001F064F910
:107200000120FFF702FE01205449087001231A46AD
:107210003D21404600F0A4F804214046FFF74CFE13
:1072200004214046FFF748FE01231A463D2140460F
:10723000FFF70CFA08B90020C9E60020474908709A
:107240004046FFF727FA002301220821404600F0BC
:1072500087F8002301220821404600F081F82D2004
:1072600001F032F90A2000F0BDFA0A20FFF7CDFD47
:10727000172001F029F90120FFF7C7FD0120374948
:10728000087001231A463E21404600F069F80123A8
:107290001A463E214046FFF7D9F908B9002096E684
:1072A00000202E4908704046FFF7F4F90023012220
:1072B0000821404600F054F80023012208214046EE
:1072C00000F04EF8292001F0FFF80120FFF79DFDA6
:1072D0004B463A460021012000F080FF4046FFF770
:1072E000D9F91E20FFF791FD2E2001F0EDF80A20BC
:1072F00000F05CFA0520FFF788FD0520FFF785FD0B
:10730000042001F0E1F80220FFF77FFD062003468C
:107310000522042100904046FFF7FEFD042140466F
:10732000FFF78CFD0120FFF770FD012309220821E2
:107330004046FFF78BF903214046FFF77FFD01230D
:10734000092208214046FFF781F90A2000F012FACD
:10735000FFF753FD00F0AEFA012038E618020020D6
:107360002DE9F04104460D4616461F463B4632467F
:1073700029462046FFF7B9FD04212046FFF79CFD72
:10738000BDE8F08170B50546002400201849096861
:10739000A1F84C0016490968A1F84A001549096886
:1073A00088801348006890ED210A1148006880ED3C
:1073B000220AF9F711FE00210520F9F757FC3C22BB
:1073C00000212846FFF7ECFD03212846FFF774FD56
:1073D00003212846FFF770FD44B1204601F006FC6A
:1073E00000211220F9F742FC002070BD0120FCE7CB
:1073F000F4010020F801002070B504460D460A2370
:107400004FF416722946204601F0F0FC70BD0000D2
:1074100010B52DED088B044622461F4801686631E1
:1074200000686430FBF7F0F81B490968B1F86600A2
:1074300008F06CFB41EC1A0B17490968B1F86400BD
:1074400008F064FB41EC1B0B53EC1A2B08F086F997
:1074500041EC190BB0EE490AF0EE690A03F0B0FAFC
:10746000B0EE408AF0EE608A51EC180B08F090F80C
:1074700009490968C1F89C004FF47A7004F024FDB2
:1074800084200649096848854FF47A7004F01CFD91
:10749000BDEC088B10BD0000F4010020F8010020B5
:1074A0002DE9FF41694602A82F4A12689047064617
:1074B00040F6B83004F008FD0DF102010DF10A00AC
:1074C000294A12689047064640F6B83004F0FCFCA2
:1074D00001A903A8244A126890470646BDF808008F
:1074E000BDF80A10884201DC012000E000200446BB
:1074F0000CB9012500E0002502A830F81400BDF801
:107500000C10884201DA204600E00220074602A85B
:1075100030F8150002A931F81710884201DD28461D
:1075200000E03846044602A830F814000F49096804
:10753000A1F866003DF814000C490968A1F8640040
:10754000012E06D0212001F051FB002004B0BDE83F
:10755000F081842006490968488540F6B83004F077
:10756000B3FC0120F2E7000000030020F40100203A
:10757000F801002010B52DED088B044622461D4869
:1075800001686A3100686830FBF73EF819490968FC
:10759000B1F86A0008F0BAFA41EC1A0B154909680B
:1075A000B1F8680008F0B2FA41EC1B0B53EC1A2B4F
:1075B00008F0D4F841EC190BB0EE490AF0EE690A74
:1075C00003F0FEF9B0EE408AF0EE608A51EC180B41
:1075D00007F0DEFF07490968C1F8A0004FF47A7090
:1075E00004F072FC4FF47A7004F06EFCBDEC088B72
:1075F00010BD0000F4010020F0B52DED088B85B022
:1076000001A903A8584A12689047064640F6B830C8
:1076100004F05AFC0DF106010DF10E00524A1268F9
:107620009047064640F6B83004F04EFC02A904A884
:107630004D4A126890470646BDF80C00BDF80E1082
:10764000884201DC012000E0002004460CB901253D
:1076500000E0002503A830F81400BDF8101088429F
:1076600001DA204600E00220074603A830F81500A2
:1076700003A931F81710884201DD284600E038469A
:10768000044603A830F8140038490968A1F86A00D4
:1076900001A830F8140035490968A1F86800012EE6
:1076A00007D0212001F0A2FA002005B0BDEC088B24
:1076B000F0BD2E490968B1F8680008F027FA41ECDE
:1076C000190B2A490968B1F8640008F01FFA41EC67
:1076D0001B0BB0EE4B0AF0EE6B0A03F071F9B0EE43
:1076E00040AAF0EE60AA53EC192B51EC1A0B08F0EB
:1076F00035F841EC180B07F04BFF1C490968C1F83D
:107700009C001A490968B1F86A0008F0FFF941ECD9
:107710001A0B16490968B1F8660008F0F7F941EC50
:107720001B0B53EC1A2B08F019F841EC190BB0EEB7
:10773000490AF0EE690A03F043F9B0EE408AF0EE30
:10774000608A51EC180B07F023FF08490968C1F85B
:10775000A000852006490968488540F6B83004F045
:10776000B3FB0120A1E7000000030020F40100208A
:10777000F801002010B5044622460A4801686A3123
:1077800000686430FAF740FF4FF47A7004F09CFB15
:1077900084200549096848854FF47A7004F094FB09
:1077A00010BD0000F4010020F801002010B50446CF
:1077B00022460A480168683100686430FAF724FFFD
:1077C0004FF47A7004F080FB8420054909684885ED
:1077D0004FF47A7004F078FB10BD0000F401002033
:1077E000F801002010B5044622460A4801686631B7
:1077F00000686430FAF708FF4FF47A7004F064FB15
:1078000084200549096848854FF47A7004F05CFBD0
:1078100010BD0000F4010020F801002010B504465E
:1078200022460A480168663100686430FAF7ECFEC7
:107830004FF47A7004F048FB8420054909684885B4
:107840004FF47A7004F040FB10BD0000F4010020FA
:10785000F801002010B500210620F9F707FA02F020
:10786000BBF810BD1CB5694601A8064A12689047CE
:107870000446012C04D0212001F0B8F900201CBDE1
:107880000120FCE7000300208420024909684885A4
:1078900070470000F80100208520024909684885EA
:1078A00070470000F801002010B50446204602F0A1
:1078B0005FF810BD10B500210620F9F7D7F902F0E6
:1078C000C7F810BD2DE9F84380460D4616461F4601
:1078D000DDE908944046FFF755FD10B90020BDE8EA
:1078E000F88303214046FFF7A9FA322000F0ECFDAF
:1078F00044B106214046FEF713FCC4EB0411880096
:10790000FFF783FAFFF7AEFF08B90020E7E704208E
:1079100000F0DAFD0120FFF778FA0C22082140463A
:1079200000F0DEFD08B90020D9E701230C22082170
:107930004046FEF78BFE08B90020D0E72D2000F06E
:10794000C3FDFFF7ADFD08B90020C8E7032140469D
:10795000FFF774FA284600F0B7FD0120FFF755FA4B
:1079600026B1012E2BD0022E28D157E0002303226E
:107970002946404600F0C8FD002303222946404620
:1079800000F0C2FD0123042229464046FEF75EFEB8
:1079900008B90020A3E729464046FFF72DFD002344
:1079A00003220821404600F0AFFD012306220821F2
:1079B0004046FEF74BFE08B9002090E777E0002331
:1079C00003222946404600F09FFD0023032229465A
:1079D000404600F099FD01231A4629464046FEF72D
:1079E00035FE08B900207AE729464046FFF704FD36
:1079F000002301220821404600F086FD00230322D7
:107A00000821404600F080FD01230922082140465C
:107A1000FEF71CFE08B9002061E748E000230322BE
:107A20002946404600F070FD0023032229464046C7
:107A300000F06AFD01231A4629464046FEF706FE7D
:107A400008B900204BE729464046FFF7D5FC002344
:107A500001220821404600F057FD0023032208219F
:107A6000404600F051FD01230C2208214046FEF75C
:107A7000EDFD08B9002032E70A2203214046FFF756
:107A8000CDF9002301220821404600F03DFD0023EE
:107A900003220821404600F037FD01230722082178
:107AA0004046FEF7D3FD08B9002018E700BF00BF2D
:107AB0001CB106214046F9F707FB03214046FFF7BA
:107AC000FBF9172000F000FD0120FFF79EF90123CC
:107AD0001A4617214046FEF7B9FD08B90020FEE618
:107AE000002301220821404600F00EFD0023012260
:107AF0000821404600F008FD162000F0E5FC0120BA
:107B0000FFF783F901231A4616214046FEF79EFD32
:107B100008B90020E3E64046FEF7BCFD0023012241
:107B20000821404600F0F0FC282000F0CDFC0120A8
:107B3000FFF76BF94B463A460021012000F04EFB5F
:107B40002F2000F0C1FC0120FFF75FF90023322253
:107B50001946012000F042FB0F2000F0B5FC012087
:107B6000FFF753F901231A460F214046FEF76EFD39
:107B700008B90020B3E64046FEF78CFD2F2000F048
:107B8000A3FC0120FFF741F92E2000F09DFC02200C
:107B9000FFF73BF9FFF730FDFFF72EF9042000F067
:107BA00093FC0120FFF731F906200346052204214A
:107BB00000904046FFF7B0F903214046FFF73EF939
:107BC0000120FFF722F9002303220821404600F09C
:107BD0009BFC002301220F214046FEF737FD08B928
:107BE00000207CE60D220821404600F079FC0F229F
:107BF0000821404600F074FCFFF75CFE0A20FFF706
:107C000004F901206BE62DE9F04780460D46164643
:107C10001F46DDE908944046FFF7B4FB10B9002089
:107C2000BDE8F08703214046FFF708F9322000F055
:107C30004BFC44B106214046FEF772FAC4EB041136
:107C40008800FFF7E2F8042000F03EFC0120FFF777
:107C5000DCF8012000F038FC0120FFF7D6F80922FB
:107C60002946404600F03CFC08B90020D8E7012333
:107C70000C2208214046FEF7E9FC08B90020CFE7B6
:107C800003214046FFF7DAF8002303222946404645
:107C900000F03AFC284600F017FC0120FFF7B5F889
:107CA00016B1012E2BD10DE00123032229464046B7
:107CB000FEF7CCFC08B90020B2E729464046FFF7A2
:107CC0009BFB1DE001231A4629464046FEF7BEFCF9
:107CD00008B90020A4E729464046FFF78DFB0023A2
:107CE00001220821404600F00FFC01230322082155
:107CF0004046FEF7ABFC08B9002091E700E000BF6A
:107D000000BF1CB106214046F9F7DEF9172000F04C
:107D1000DBFB0120FFF779F8002301221721404601
:107D2000FFF71EFB01231A4617214046FEF78EFC83
:107D300008B9002074E74046FEF7ACFC002301229E
:107D40000821404600F0E0FB282000F0BDFB0120A8
:107D5000FFF75BF84B463A460021012000F03EFA5F
:107D60002F2000F0B1FB0120FFF74FF80023322253
:107D70001946012000F032FA0C2000F0A5FB002388
:107D800001220821404600F0BFFB012306220C21FE
:107D90004046FEF75BFC08B9002041E74046FEF78D
:107DA00079FC4046FEF776FC282000F08DFB052389
:107DB00046220021012000F011FA2D2000F084FB62
:107DC0001E20FFF722F80A20FFF722FB112000F007
:107DD0007BFB0120FFF719F8002301221121404607
:107DE000FFF7BEFA0123022211214046FEF72EFCC6
:107DF00008B9002014E7282000F066FB0323462280
:107E00000021012000F0EAF92E2000F05DFB142093
:107E1000FEF7FBFF0A20FFF7ADFBFEF7EDFF0220A8
:107E2000FEF7F3FF042000F04FFB0120FEF7EDFF0B
:107E300004214046FFF702F80120FEF7E6FF032287
:107E40000821404600F04CFB0C220821404600F07F
:107E500047FBFFF72FFD0A20FEF7D7FF0120DFE6E3
:107E60002DE9F84380460D4616461F46DDE9089485
:107E70004046FFF787FA10B90020BDE8F8830321D8
:107E80004046FEF7DBFF322000F01EFB5CB13220E3
:107E900000F01AFB06214046FEF742F9C4EB04113C
:107EA0008800FEF7B2FF012000F00EFB0120FEF774
:107EB000ACFF09222946404600F012FB08B9002019
:107EC000DBE70C220821404600F00AFB08B900203D
:107ED000D3E7284600F0F8FA0120FEF796FF36B106
:107EE000012E16D0022E3BD0032E7CD15FE0012361
:107EF000092229464046FEF7A9FB08B90020BCE745
:107F000029464046FFF778FA03214046FEF7D4FFA2
:107F100091E00123032229464046FEF797FB08B96A
:107F20000020AAE703214046FEF7C6FF2946404647
:107F3000FFF762FA002301220821404600F0E4FA2C
:107F4000002303220821404600F0DEFA0123082224
:107F500011464046FEF77AFB08B900208DE76AE03B
:107F60000123022229464046FEF770FB08B9002093
:107F700083E729464046FFF73FFA03214046FEF7D4
:107F80009BFF002301220821404600F0BDFA002398
:107F900003220821404600F0B7FA012309220821F4
:107FA0004046FEF753FB08B9002066E743E0012393
:107FB000022229464046FEF749FB08B900205CE74B
:107FC00029464046FFF718FA03214046FEF774FFA2
:107FD000002301220821404600F096FA00230322E4
:107FE0000821404600E025E000F08EFA0123092236
:107FF00008214046FEF72AFB08B900203DE7082289
:1080000003214046FEF70AFF0023032208214046D1
:1080100000F07AFA002303220821404600F074FAA7
:108020000123092208214046FEF710FB08B9002071
:1080300023E700E000BF00BF1CB106214046F9F76E
:1080400043F8172000F040FA0120FEF7DEFE03217E
:108050004046FEF731FF03214046FEF72DFF002387
:10806000012217214046FFF77BF901231A46172109
:108070004046FEF7EBFA08B90020FEE64046FEF760
:1080800009FB03214046FEF717FF282000F01CFAE9
:108090000120FEF7BAFE4B463A460021012000F0CF
:1080A0009DF82F2000F010FA0120FEF7AEFE00230D
:1080B00046221946012000F091F8192000F004FA38
:1080C0000120FEF7A2FE03214046FEF7F5FE032144
:1080D0004046FEF7F1FE0023012219214046FFF73A
:1080E0003FF901231A4619214046FEF7AFFA08B9B5
:1080F0000020C2E64046FEF7CDFA4046FEF7CAFA37
:1081000003214046FEF7D8FE282000F0DDF90123C8
:1081100046220021184600F061F82D2000F0D4F925
:108120000A20FFF775F9112000F0CEF9032140462F
:10813000FEF7C2FE03214046FEF7BEFE00230122E9
:1081400011214046FFF70CF901231A461121404640
:10815000FEF77CFA08B900208FE64046FEF79AFA4F
:10816000282000F0B1F9032348220021012000F06B
:1081700035F82E2000F0A8F91420FEF746FE0A205C
:10818000FFF7F8F9FEF738FE0220FEF73EFE042066
:1081900000F09AF90120FEF738FE0620034605227A
:1081A000042100904046FEF7B7FE04214046FEF74A
:1081B00045FE0120FEF729FE002303220821404648
:1081C00000F0A2F90C220821404600F089F9FFF7DF
:1081D00071FB0A20FEF719FE01204EE62DE9F04161
:1081E00080460C4615461E46012002F07DFB0746E0
:1081F00032462946204601F0FDF91E2002F074FBAC
:1082000007462FB1384600F0F1FC0020BDE8F081B0
:108210000120FBE72DE9F04107460C46154698463C
:108220004FF0FF322946204601F0E4F91E2002F00B
:108230005BFB064616B10020BDE8F0810120FBE79C
:108240002DE9F04705460C4690469946DDE908675A
:108250000320FEF7DAFD2846FFF794F810B9002056
:10826000BDE8F08703212846FEF7E8FD0120FEF770
:10827000CCFD322000F028F90120FEF7C6FD0120D8
:1082800000F022F90120FEF7C0FD204600F01CF9A5
:108290000120FEF7BAFD0A2000F016F90120FEF7D2
:1082A000B4FD0B2000F010F90120FEF7AEFD0C200C
:1082B00000F00AF90120FEF7A8FD282000F004F9DB
:1082C0000120FEF7A2FD2F2000F0FEF80120FEF7AE
:1082D0009CFD2E2000F0F8F80120FEF796FD0A2004
:1082E000FFF748F9FEF788FD0220FEF78EFD042017
:1082F00000F0EAF8FFF7AEFA0120FEF786FD012054
:10830000AEE700002DE9F84F83460D4600200090AF
:108310000027824680464FF005091721584600F095
:10832000EBFE01F0F9FB40F6C41A4FF4FA7003F0CB
:10833000CBFD1F21584600F0DFFE4FF6FF705F496E
:108340000968C8840A20FEF71DFE5D490968A1F886
:1083500068005B480068B0F86850ADE0BAF1000F03
:108360000FD11721584600F0C7FE01F0D5FB40F6AB
:10837000C41A4FF4FA7003F0A7FD1F21584600F00D
:10838000BBFE484601F0F6FB08EB09001FFA80F837
:10839000AAEB09001FFA80FA49480068A0F8648037
:1083A000009803F091FD0120FEF7ECFD04464448DF
:1083B0000068A0F86A40AC4201DD601B00E0281BA9
:1083C00086B2B6F5FA7F06DBB6F57A7F03DAFA20D5
:1083D0000090002760E0B6F57A7F08DB40F2DC50C1
:1083E000864204DA009000274FF0050954E040F27D
:1083F000DC5086424BDB31480068C48400BF01205A
:10840000FEF7C0FD04462E480068A0F86A40AC4262
:1084100001DD601B00E0281B86B240F2DC50864282
:1084200007DB781C87B2012F09D124480068C48477
:1084300005E0002021490968C884002701E0032FD6
:10844000DDDB00BF781C80B20746032824DB4FF633
:10845000FF701A490968C8841A48D0ED000AB2EEC4
:10846000041AB6EE000A00EE810ABCEEC00A10EE55
:10847000100A13490968A1F8660020215846F8F748
:1084800023FE0020FFF710FA0120BDE8F88F00203E
:10849000009000274FF0050941F64C5080450BDD58
:1084A00020215846F8F710FE0020FFF7FDF925209F
:1084B00000F09CFB0020E8E750E70000F8010020F6
:1084C000F4010020B402002010B5044603480068FF
:1084D00044850120FEF799FC10BD0000F801002042
:1084E0002DE9F04105460E4617463A4631462846E4
:1084F00002F00FFA04462CB1204600F077FB002072
:10850000BDE8F0810120FBE72DE9F04104460D466E
:1085100016461F463B46324629462046FEF7E5FCF6
:1085200003212046FEF7C8FCBDE8F0810024FAF7DD
:1085300013FF0122D1033B48FAF7A6FA02F0E4F850
:10854000F9F7E2FD4FF47A7003F0BEFC012001F070
:108550002DFA4FF4FA7003F0B7FCFAF7B5F80546B8
:1085600025B322E0012211022F48FAF78DFA3220BA
:1085700003F0AAFC00224FF480712B48FAF784FA2A
:10858000642003F0A1FC012211022748FAF77CFACB
:10859000322003F099FC00224FF480712248FAF750
:1085A00073FA4FF4487003F08FFCDBE700BF1F48FD
:1085B000007870B91E48007858B14FF47A7003F013
:1085C00083FC1C4801682431006826301A4A12686E
:1085D0009047322003F078FC03F074FE04464FF419
:1085E000FA720221032003F0C5FE044604F00040A5
:1085F000B0F1004FDBD004F0010028B101200D499B
:108600000968C880FAF7E8FC04F0020010B10B48D2
:1086100002F048F9032003F029FE00200349087006
:10862000C5E70000000C024000080240A002002044
:10863000A1020020F801002000030020A063002018
:1086400010B5044601F0D0F9012001F0AFF904485B
:10865000006803F0C1FF01200249087010BD00004E
:1086600034030020FC0100202DE9F04106460F46AE
:1086700014461D4639463046FDF752FD2A4621462E
:10868000002001F033F802E0322003F01DFC07481F
:1086900000780028F8D04FF4FA7003F015FC394642
:1086A0003046F8F711FDBDE8F0810000FC01002024
:1086B00000212F230846491C0D4A13543123084634
:1086C000491C13543F230846491C13540D230846E4
:1086D000491C135407488078602801D10020704756
:1086E00004488078402801D10120F8E70120F6E70E
:1086F000906D0020506D0020014600BF04480068C6
:1087000000F0F0000009034A125C21FA02F0704701
:108710000838024034120508014600BF05480068C9
:1087200000F4E050044A02EB9020027821FA02F0B3
:10873000704700000838024044120508014600BF97
:108740000548006800F46040044A02EB50300278AB
:1087500021FA02F070470000083802404412050870
:1087600010B5002400BF0C48006800F00C0020B1D8
:10877000042804D0082809D103E0084C08E0084C7C
:1087800006E0082000F00EF8044601E0034C00BFAC
:1087900000BF204610BD0000083802400024F4004D
:1087A00000127A002DE9F04104460025002600273A
:1087B00000BF1548006800F4800006461EB1B6F5FB
:1087C000800F04D101E0114D03E0114D01E00F4D88
:1087D00000BF00BF082C14D100BF0B48006800F098
:1087E0003F00B5FBF0F8FBF7DDFC08FB00F806489E
:1087F000006800F44030012101EB10404000B8FB5C
:10880000F0F73846BDE8F081043802400024F40057
:1088100000127A0010B5052041490968A1F87800D6
:108820003F4800680088FC2827D006DC01280BD0D0
:1088300002280AD0122859D115E0FD280AD0FE28B6
:108840004DD0FF2852D11FE000BF002034490968F5
:10885000088062E001F0B2F83248F8F727FD002006
:1088600001F0DCF800BF002001F0D8F800202C490E
:10887000096808802C4908704FE000F0A3FA002036
:1088800027490968088048E00020254909680880D0
:10889000FE210846F8F7EAF900F02CFB00F092FA06
:1088A00072B600BF00BF00BF00BF00BFBFF34F8F55
:1088B00000BF00BF00BF1D48006800F4E0601C4915
:1088C0000843001D1949086000BF00BF00BFBFF387
:1088D0004F8F00BF00BF00BF00BF00BFFDE70020FB
:1088E0000F490968088000F06DFA16E00E4800781C
:1088F00068B906200A490968A1F8780001200A49E8
:10890000087001210B48006803F0F4FC04E0072024
:1089100003490968A1F8780000BF00BF10BD00003E
:10892000F4010020FFFF0300A00200200CED00E096
:108930000000FA05280300202DE9F04781468A4609
:108940000024002500260027A046032000F0B6FAE8
:108950004BE042F2107800BF4FF480412A48FBF709
:1089600001FC20B1B8F10000A8F10108F4DA42F2EC
:108970001070A0EB080025490860F8F728F80746B2
:10898000022000F09BFA3E4421482249096840F841
:10899000217042F2107800BF4FF480411A48FBF773
:1089A000E1FB20B1B8F10000A8F10108F4DA42F2CD
:1089B0001070A0EB080015490860F8F708F80746A2
:1089C000032000F07BFA3D44124801680068401C17
:1089D000104A1060104840F821701046007800F0EE
:1089E0007F0011460860601C84B25445B1DB95FBE2
:1089F000F4F596FBF4F62D123612A9F80250A9F8F8
:108A00000060BDE8F08700000010024078020020FE
:108A1000D06A00207C020020D068002070B5044697
:108A20000D4629462046FFF787FF70BD2DE9FF411F
:108A300006460F460024002502A903A800F066F8A8
:108A4000A0460CE03222694601A800F01FF8BDF8EC
:108A500004000444BDF80000054408F10108B8F121
:108A60000A0FEFDB641D6D1D0A20B4FBF0F0BDF8AA
:108A70000C10401A30800A20B5FBF0F0BDF8081049
:108A8000401A3880012004B0BDE8F0812DE9F041A2
:108A900006460F469046404600F078FD4FF47A7146
:108AA0001848006803F018FB48BB174C0A2522E061
:108AB00002E0641C681EC5B22078552801D0002D44
:108AC000F7D115B90020BDE8F0810721601CFDF742
:108AD00093FA217A88420BD16079217900EB012049
:108AE0003080E079A17900EB012038800120EAE7AD
:108AF000641C681EC5B2002DDAD10020E3E7002017
:108B0000E1E700004C030020D06C00202DE9FC417F
:108B100006460F4600240025A0460CE06422694664
:108B200001A800F019F8BDF804000444BDF80000E5
:108B3000054408F10108B8F10A0FEFDB641D6D1D53
:108B40000A20B4FBF0F030800A20B5FBF0F038804A
:108B50000120BDE8FC8100002DE9F04106460F46EA
:108B60009046404600F02CFD4FF47A71184800689A
:108B700003F0B2FA48BB174C0A2522E002E0641C5D
:108B8000681EC5B22078552801D0002DF7D115B93F
:108B90000020BDE8F0810721601CFDF72DFA217A45
:108BA00088420BD16079217900EB01203080E07997
:108BB000A17900EB012038800120EAE7641C681EDF
:108BC000C5B2002DDAD10020E3E70020E1E7000084
:108BD0004C030020D06C002010B50446234604222C
:108BE00020210120F9F7DAF910BD000010B5044684
:108BF00021460720F8F73AF80248006884800120EF
:108C000010BD0000F801002010B5044606F05AF926
:108C1000144908600846006813490968401A114958
:108C200008600846008811490968A1F858000D48F5
:108C300000680A21B0FBF1F00A49086008460068A4
:108C40000B490968B0FBF1F0064908600846006866
:108C5000642801D964200860024800880349096833
:108C6000088510BD400200203C020020F8010020D1
:108C70003802002010B52DED068B474800680078BB
:108C800060B140F6D27245494548FBF7F1F84349D7
:108C90004348FBF7FAF8BDEC068B10BD414800686D
:108CA000007848B164223D493D48FBF7E1F83B4973
:108CB0003B48FBF7EAF8EEE73B480068007820B154
:108CC0003A48006890ED318A03E03848006890ED3A
:108CD000308A36480068B0F8600000EE100AF8EEFE
:108CE000408A88EE280AB0EE408AB3EE000A28EEE9
:108CF000000AB0EE408A2D48006890ED330AF1EE8C
:108D0000000A30EEC00A30EE080AB0EE408A9FED4D
:108D1000280A28EE000AB0EE408A2448006890ED48
:108D2000320A22480068D0ED330A30EE600AC8EEFD
:108D3000000AB0EE608A9FED1F0A38EE000AB0EE1E
:108D4000408AB5EEC08AF1EE10FA03D29FED1A0AFE
:108D5000B0EE408A18EE100A07F052F941EC1A0BF7
:108D60009FED160B53EC102B06F044FC41EC190B55
:108D700006F088FE84B2B4F5805F01DB40F6FF7434
:108D8000224606490648FBF773F804490448FBF7F6
:108D90007CF800BF7FE700005C02002001001002A9
:108DA000007400406002002058020020F4010020FE
:108DB00000E076450000C84200000000000000000E
:108DC0000000E03F10B540F254420549054800F06C
:108DD00075FD45F2AA510448C0F8481110BD0000C5
:108DE0006052002000000208606200202DE9F0417E
:108DF00004460D4616461F463B4632462946204647
:108E0000FFF732FCBDE8F08110B504460248006867
:108E100003F0FEF910BD00005403002030B5DFED73
:108E2000220AB4EEE00AF1EE10FA03DDDFED1E0ACD
:108E3000B0EE600AB5EEC00AF1EE10FA03D2DFED33
:108E40001B0AB0EE600ADFED1A0A60EE200AB0EEEF
:108E5000600ADFED150A80EE201AB0EE410AF6EE48
:108E6000000A70EE200AB0EE600AFCEEC00A10EEB6
:108E7000901A88B20F49104A01F10804C2F3034561
:108E800004EB85031C686FF30B0404431C6000BFF4
:108E90001146084A126801F010040123A3401A4346
:108EA000044B1A6000BF30BD000004420000000007
:108EB00000F07F45007400401200431570B5044671
:108EC0000025032C00DD00240348005D40F001056F
:108ED0002846F7F756FE70BD7402002010B504480E
:108EE0000068C28805210120F9F7C6F810BD00000E
:108EF000F40100200821024880F84C11704700005E
:108F00006062002070B50B48006800894FF47A71E8
:108F100000FB01F44FF6FF7000EA2445A6B22A4692
:108F200003210120F9F7A8F8324604210120F9F7BE
:108F3000A3F870BDF401002010B52DED028BB0EE4A
:108F4000408A9FED1F0AB4EEC08AF1EE10FA03DDED
:108F50009FED1B0AB0EE408AB5EEC08AF1EE10FA22
:108F600003D29FED180AB0EE408A9FED170A28EE53
:108F7000000AB0EE408A9FED120AC8EE000AB0EE79
:108F8000608AB6EE000A38EE000AB0EE408ABCEE07
:108F9000C80A10EE100A84B224B921460B48FBF728
:108FA00029FC0AE021460948FBF724FC0121074877
:108FB000FBF712FB0548FBF718FBBDEC028B10BD5D
:108FC00000000442000000000080BB450004004097
:108FD00010B52DED028BB0EE408A9FED200AB4EE65
:108FE000C08AF1EE10FA03DD9FED1C0AB0EE408A54
:108FF000B5EEC08AF1EE10FA03D29FED190AB0EE79
:10900000408A9FED180A28EE000AB0EE408A9FEDD4
:10901000130AC8EE000AB0EE608AB6EE000A38EE17
:10902000000AB0EE408ABCEEC80A10EE100A84B204
:1090300024B921460C48FBF7E1FB0BE021460A4826
:10904000FBF7DCFB4FF480710748FBF7C5FA0648D5
:10905000FBF7CBFABDEC028B10BD00000000044210
:10906000000000000080BB450004004080ED0A0ABB
:1090700070474163704780ED000AC0ED010A80ED42
:10908000021AC0ED031A7047816390ED0E0AB8EE24
:10909000400A80ED0A0A704780ED040A704700001C
:1090A00070B5054600242F222046641C10490A543E
:1090B00031222046641C0A5456222046641C0A545D
:1090C000052095FBF0F6081932460AA1F7F7C8F912
:1090D00004440D222046641C05490A5400BF4FF485
:1090E000FA7002F0F1FEFFF7E3FA0028F7D170BD45
:1090F000906D0020256400002DE9F04105460E46E4
:1091000031462846F9F72EFBC7B200242F2220460D
:10911000641C11490A5431222046641C0A546F22EF
:109120002046641C0A5407F13000C2B22046641C79
:109130000A5452222046641C0A540D222046641C04
:109140000A5400BF4FF4FA7002F0BEFEFFF7B0FA07
:109150000028F7D1BDE8F081906D002070B505467C
:1091600000242F222046641C11490A543122204633
:10917000641C0A547E222046641C0A54562220464F
:10918000641C0A5408192A460AA1F7F769F904442D
:109190000D222046641C06490A5400BF4FF4FA70A1
:1091A00002F092FEFFF784FA0028F7D170BD0000AC
:1091B000906D00202564000070B5054600242F2224
:1091C0002046641C19490A5431222046641C0A5462
:1091D0007A222046641C0A5423222046641C0A5426
:1091E00040222046641C0A5432222046641C0A5441
:1091F00039222046641C0A543D222046641C0A542D
:1092000008192A460AA1F7F72BF904440D22204633
:10921000641C06490A5400BF4FF4FA7002F054FE71
:10922000FFF746FA0028F7D170BD0000906D0020CE
:109230002564000080ED050A7047000070B53648CF
:109240000021C022354B5B5C03445B686FF30F0366
:109250001343324C645C0444636000BF304B0C46E3
:10926000002514B903F14C0500E02E4D2A4600BF3D
:109270002A4B5B5C03449A6000BF274800212A4ABE
:10928000264B5B5C0344DA6000BF284A234B5B5CDF
:1092900003441B69214C645C0444226100BF00BF8D
:1092A0001E4A525C825842F480221C4B5B5CC250C6
:1092B00000BF00BF194A525C825842F00102174BAE
:1092C0005B5CC25000BF00BF20201349886000BF14
:1092D00008460021114A525C825842F010020F4B9E
:1092E0005B5CC25000BF00BF0D48806840F00100C9
:1092F0000B49886000BF00BF0846806840F080408E
:10930000886000BF4FF44070896821F440710143C8
:10931000034A916000BF70BD006402404C03050821
:1093200000200140082301400C7000208C710020B7
:109330002DED088B0024FCF70FFFFCF76DFEFAF70C
:1093400057F8322002F0C0FD00224FF480717648B9
:10935000F9F79AFBFFF772FF00BF7448006840F00E
:1093600040007249086000BFF7F7FEFA00BF0A200C
:1093700002F0AAFD04216E48FFF750FB6D4800780B
:1093800000287DD06A4800886B490880684840887A
:109390006A490880F7F718FE012211036848F9F7B7
:1093A00073FB002063490870634800886549098899
:1093B000401A654909680844634908605F480088A5
:1093C00062490988401A624909680844604908608E
:1093D000601C84B20A2CCAD101205E490968088346
:1093E0005B480068401D0A2190FBF1F0594909686B
:1093F0004883012057490968888457480068401D00
:109400000A21B0FBF1F053490968C8845348008829
:1094100000282ADD4FF4FA715148006802F0AAFDD5
:10942000F0B94E4840684B490968C98C08444B491B
:1094300048600846806847490968498B084447499D
:10944000886008460088401E08804548006802F091
:109450001BFE50B143480068401C4249086004E0CC
:1094600040480068401C3F4908603A490968488BF9
:1094700006F04CFB41EC1A0B36490968088B00E0FA
:1094800030E006F043FB41EC1B0B53EC1A2B06F0CB
:1094900065F941EC190BB0EE490AF0EE690A01F0EA
:1094A0008FFAB0EE408AF0EE608A51EC180B06F0AD
:1094B0006FF82D490968C1F880004FF40061204819
:1094C000F9F7D8FA002400201F49086020490860F5
:1094D0002649086020490860FFF7CCFB2448F8F7CC
:1094E000ABF844E7124800881649088010484088C5
:1094F000164908801D4800681249098808441B491C
:109500000860154800681149098808441249086034
:10951000FCF782FD00224FF480510948F9F7B4FAB4
:1095200001200449087022E700080240003800408A
:10953000F46F0020D0020020D6020020D8020020C4
:10954000000C0240D2020020DC020020D4020020E5
:10955000E0020020F8010020E80200200070002056
:1095600040030020CC020020F4010020E40200208F
:10957000E86F002070B505460C46A2B201212846CE
:10958000F7F776FB642002F09FFC70BD10B504462F
:10959000AA200A49087055204870002088700620CB
:1095A000C8701E200871200A48718C71052103487B
:1095B000801CFCF721FD0149C87110BD106D002011
:1095C00010B50446AA200A490870552048700020AA
:1095D00088700620C8702F200871200A48718C718D
:1095E00005210348801CFCF707FD0149C87110BD27
:1095F000106D00202DE9F04106460D46174606EB9A
:10960000460000EBC6000D4901EB00140C48F7F7CB
:10961000D3FC0B48FCF7CEFF00EE105AB8EE400A20
:1096200084ED040AC7EB0710800001B2A18201207B
:109630006080A0802080BDE8F0810000386F0020AD
:10964000F06E00202DE9F0412DED028B0446B0EEC6
:10965000408AB5EEC08AF1EE10FA03D8BDEC028B59
:10966000BDE8F0811B4800680482002C01DD012563
:1096700004E0002C02DA0025604204B29FED160AD5
:1096800028EE000ADFED150A60EE200A00EE104A0F
:10969000B8EEC00A80EE801ABCEEC10A10EE106A65
:1096A00000224FF400410E48F9F7EEF900200D4971
:1096B0000870A7B2012D01D1604287B239B20120F2
:1096C000FFF758FF31460848006802F067FF00BF07
:1096D000C4E70000F80100200000164400007A44AE
:1096E000000C0240FC010020340300202DE9F04171
:1096F00005460C461646002E01DCBDE8F08125B17A
:1097000020B215490968088204E0604200B212499B
:10971000096808824FF4167106FB01F04FF47A7164
:10972000484390FBF4F800224FF400410B48F9F74E
:10973000ABF900200A4908702746012D01D160428B
:1097400087B239B20120FFF715FF4146054800688E
:1097500002F024FF00BFD0E7F8010020000C024017
:10976000FC0100203403002010B506220021012056
:10977000F8F782FC10BD000000BF0A2002F0A4FB35
:109780001D480068C08F1C490968898F08440A2158
:1097900090FBF1F019490860194800780028ECD0D6
:1097A000184800680A301749086013480068C08FDD
:1097B0000A2190FBF1F013490968884202D9F7F7B2
:1097C000A9FCDAE70C480068C08F0A2190FBF1F091
:1097D0000C490968884202D8FCF710FDCDE709481A
:1097E0000068064909688842C7D300200549086017
:1097F000F7F790FCC1E70000F4010020F802002018
:10980000F4020020FC02002001461F48814201D2E0
:10981000002070471D48814201D20120F9E71C4811
:10982000814201D20220F4E71A48814201D203208A
:10983000EFE71948814201D20420EAE71748814244
:1098400001D20520E5E71648814201D20620E0E773
:109850001448814201D20720DBE71348814201D23C
:109860000820D6E71148814201D20920D1E71048EB
:10987000814201D20A20CCE7B1F1016F01D20B2065
:10988000C7E700BFC5E700000040000800800008EF
:1098900000C00008000001080000020800000408E1
:1098A000000006080000080800000A0800000C0874
:1098B00000000E0801460868704700002DE9F043DB
:1098C00087B004460E4617464FF00009002001906D
:1098D00000258046B4F1006F02D304F0030018B1F4
:1098E000022007B0BDE8F083F9F7AAF8254604EB9B
:1098F00087081E4885421DD219E02846FFF7DAFF87
:10990000401C78B1002002902846FFF77DFF0490AC
:10991000012005900220069001A902A8F8F7E4FFB3
:1099200008B106E02D1D4CF25030F8F7DFFD45453B
:10993000E3D300BF4CF25030F8F7D8FD8146B9F1BF
:10994000000F0FD10CE0D6F800C06246002321467C
:109950000220F9F729F808B10120C2E7241D361DBD
:109960004445F0D3F9F716F80020BAE70000FF1FCE
:1099700070B5054605EB450000EBC5000A4901EB53
:109980000014A08800EB800104F1100000EB8100BE
:10999000A0F114060020F08120800021284600F06C
:1099A00037FBF7F775FB70BD386F002010B5044624
:1099B000022200212046F7F75BF910BD10B500F038
:1099C00013F80120FFF7F2FF0248006802F004FEDE
:1099D00010BD00003403002010B50248006802F0FA
:1099E000FBFD10BD3C03002010B50122D103094846
:1099F000F9F74AF810200849096A8143064A1162BA
:109A000000BF00BF1046006820F00100114608604A
:109A100000BF10BD000C02400008004070B50546B4
:109A200005EB450000EBC500074901EB0014284693
:109A3000FFF79EFF0548F7F7BFFA00206080A0807F
:109A40002080FFF7E1F970BD386F0020F06E002034
:109A500010B51248006802F0BFFD05F033FA104956
:109A60000860084600680F490968401A0C490860F8
:109A70000846006800F5FA700860084600684FF470
:109A80007A71B0FBF1F00649086008460088064983
:109A900009688885FFF796F910BD00003C03002097
:109AA000380200203C020020F801002070B5054675
:109AB00000242F222046641C15490A5431222046D6
:109AC000641C0A5441222046641C0A5442F6E06099
:109AD000684340F6C41190FBF1F60D49081932466F
:109AE0000CA1F6F7BDFC044452222046641C084930
:109AF0000A540D222046641C0A5400BF4FF4FA7029
:109B000002F0E2F9FEF7D4FD0028F7D170BD0000A5
:109B1000906D00202564000010B500242F222046FF
:109B2000641C12490A5431222046641C0A54412202
:109B30002046641C0A54081942F6E0620CA1F6F7AC
:109B40008FFC044452222046641C08490A540D220A
:109B50002046641C0A5400BF4FF4FA7002F0B4F9B6
:109B6000FEF7A6FD0028F7D110BD0000906D002083
:109B70002564000070B5054600242F222046641C91
:109B800015490A5431222046641C0A5444222046B6
:109B9000641C0A5442F6E060684340F6C41190FB2E
:109BA000F1F60D49081932460CA1F6F759FC0444A8
:109BB00052222046641C08490A540D222046641C87
:109BC0000A5400BF4FF4FA7002F07EF9FEF770FD00
:109BD0000028F7D170BD0000906D002025640000C2
:109BE00010B54FF0E020006905F05CF9012801D0C4
:109BF00004F0A8F910BD000010B53848016821F044
:109C0000070141F005010160016801F00701052924
:109C1000FAD1334B186840F480401860314801682D
:109C200041F4803101600168C1F340410029FAD05C
:109C30002D490A6842F001020A600A68C2F3400234
:109C4000002AFAD0196841F48071196027490A681E
:109C500042F001020A600A68C2F34002002AFAD008
:109C60002449234A0B68DFF890C003EA0C031A4327
:109C70000A600A6822F440320A60016841F080718B
:109C800001600168C1F340610029FAD01B480168F6
:109C900021F0F0010160016821F4E05141F4A0518C
:109CA0000160016821F4604141F4004101600168F4
:109CB00021F0030141F002010160016801F00C0193
:109CC0000829FAD10E48FAF781FC0F20F8F712FFA5
:109CD000002801D0F8F760F910BD0000003C0240F8
:109CE0000070004000380240743802407038024072
:109CF00008544000043802400080BFFF083802408A
:109D0000007A030A0448016841F4700101600449C3
:109D1000024808607047000088ED00E00000040879
:109D200008ED00E000F008B8704700000148F9F7BE
:109D30007AB80000C477002010B502480068804758
:109D400010BD0000B800002010B50268294B9842F1
:109D50000ED0B0F1804F0BD0274B984208D0274B44
:109D6000984205D0264B984202D0264B984203D108
:109D700022F070024B681A431E4B984220D0B0F17B
:109D8000804F1DD01C4B98421AD01C4B984217D0C4
:109D90001B4B984214D01B4B984211D01A4B98423F
:109DA0000ED01A4B98420BD0194B984208D0194B41
:109DB000984205D0184B984202D0184B984203D1D4
:109DC00022F44072CB681A4322F080034C6943EAC4
:109DD000040202608B68C3620B688362054B984281
:109DE00002D0084B984201D10B6903630123436100
:109DF00010BD0000000001400004004000080040C9
:109E0000000C0040000401400040014000440140BB
:109E10000048014000180040001C004000200040A5
:109E20002B480068D0ED261AB0EE611A2848006869
:109E3000D0ED251AF0EE610A25480068D0ED241A0D
:109E4000B0EE610ADFED231A2348FFF714F920482A
:109E50000068C18C2048FFF70CF900211E48FFF76D
:109E600013F99FED1C0A1C48FFF7E4F99FED190A4E
:109E70001948FFF7FBF89FED170A1748FFF70CF991
:109E80001548FCF797FB0021084600F0C1F80020B8
:109E90000BE01249096800EB400202EBC002104BD4
:109EA00003EB0212D160411CC8B20128F1DB00BFF4
:109EB000642002F009F80020F8F770FC094880EDF2
:109EC000000A90ED000A002000F00EF8F0E7000014
:109ED000F401002000000000F06E00203803002094
:109EE000386F0020B40200202DE9F0412DED028BE7
:109EF0000746B0EE408A07EB470000EBC7003F493A
:109F000001EB0014208820B1012803D0022870D171
:109F10003EE06FE03A480068D0ED261AB0EE611AD4
:109F200037480068D0ED251AF0EE610A3448006821
:109F3000D0ED241AB0EE610ADFED321A3248FFF795
:109F40009AF86088082802DC6088002805DC002078
:109F50002080BDEC028BBDE8F081A088618888423A
:109F600002DCA088002802DC00202080F1E702202B
:109F70002080A08800EB800104F1100000EB81003C
:109F8000A0F114060120F08120490968488231E0DF
:109F9000B0EE480A2146384600F05EF80546D5B9CD
:109FA000A088401C80B2A080618888420EDCA08816
:109FB00000EB800104F1100000EB8100A0F1140619
:109FC0000120F08111490968488210E000202080BA
:109FD000FEF71AFF0BE0FF2D00D1BAE7FE2D03D1EB
:109FE0000020FEF711FF02E0E5800020208001E064
:109FF000FFE700BF00BF00BFABE70000386F0020E5
:10A00000F401002000000000F06E0020F8010020A4
:10A0100010B510B1012819D117E00E4A1268D1818C
:10A0200000BF4FF08042516300BF012293071B6ABB
:10A0300013439407236200BF00BF9207126842F0E7
:10A04000010223461A6000BF01E000E000BF00BF2C
:10A0500010BD0000F801002070B52DED028B064602
:10A060000D46B0EE408AA88800EB800105F1100093
:10A0700000EB8100A0F11404E08907287ED2DFE81C
:10A0800000F0040537CCFCFBFA008EE1BCEEC80AF8
:10A0900010EE100A6081BCEEC80A10EE100AC44926
:10A0A0000968A1F8480004F00DFF206194ED000A52
:10A0B000F3EE090AB4EEE00AF1EE10FA03D801203B
:10A0C000BDEC028B70BD94ED000AB4EEC80AF1EE4F
:10A0D00010FA07D2FCF708F80320E081B5490968B7
:10A0E000488204E00220E081B249096848825CE1CC
:10A0F000B1EE040A38EE000AD4ED000AB4EEE00A2C
:10A10000F1EE10FA40DBF6F7C3FFB4F904000028C3
:10A110001CDD00202881A2884FF47A7312FB03F122
:10A12000E86802F03BFA0620E081A249096848820B
:10A1300004F0C8FE206194ED000AF0EE400AB0EE93
:10A14000480A304600F040F9FF20B9E7A08820B95E
:10A150003046FFF70DFC0020B2E7002028810620E2
:10A16000E08194490968488204F0ACFE206194EDD6
:10A17000000AF0EE400AB0EE480A00E014E1304672
:10A1800000F022F9FE209BE794ED000AF0EE400A71
:10A19000B0EE480A304600F017F904F093FE864905
:10A1A000086020690968081A834908600846006841
:10A1B0004FF47A71B0FBF1F07F49086008460088DF
:10A1C0002081084600887A490968A1F84A007A483F
:10A1D0000068782820D3D4ED000A608900EE100AC8
:10A1E000B8EE400A30EEC00ADFED740A60EE200AD5
:10A1F00000EE100AB8EE400A38EE400AF4EEC00A4B
:10A20000F1EE10FA08DD3046FFF7B2FB1E20694977
:10A2100009688880012053E7C7E094ED000ADFED6C
:10A22000680A78EE600AB4EEE00AF1EE10FA41DB5B
:10A23000F6F72EFFB4F9040000281FDD0020288166
:10A24000A2884FF47A7312FB03F1E86802F0A6F9D2
:10A250000620E08157490968488204F033FE2061F6
:10A2600094ED000AF0EE400AB0EE480A304600F0E5
:10A27000ABF8FF2024E75EE05CE05AE0A08820B95C
:10A280003046FFF775FB00201AE7002028810620E2
:10A29000E08148490968488204F014FE206194ED89
:10A2A000000AF0EE400AB0EE480A304600F08CF8A2
:10A2B000FE2005E704F006FE3F49086020690968B2
:10A2C000081A3D490860084600684FF47A71B0FBEF
:10A2D000F1F0394908600846008820810846008866
:10A2E00033490968A1F84A003348006878281FD329
:10A2F000608900EE100AB8EE400AD4ED000A30EE94
:10A30000600ADFED2E0A60EE200A00EE100AB8EEB9
:10A31000400A30EE480AF4EEC00AF1EE10FA07DD0A
:10A32000F6F7B6FE20202349096888800220C7E698
:10A330003BE03AE039E094ED000AF0EE400AB0EE7E
:10A34000480A304600F040F804F0BCFD1A490860A5
:10A3500020690968081A18490860084600684FF41F
:10A360007A71B0FBF1F01449086008460088E0807B
:10A37000084600880E490968A1F84C002889012880
:10A3800011D110480088A0810E480088084909684A
:10A39000A1F84E003046FFF7EBFA0020E0810549B6
:10A3A000096848828CE600E000BF00BFFF2087E616
:10A3B000F4010020F8010020C8020020CDCC4C3E62
:10A3C00000000000B802002010B52DED028B0446FD
:10A3D000B0EE408AF0EE608A9FED1A0AB4EEC08AB1
:10A3E000F1EE10FA04DCB5EEC08AF1EE10FA03D2F9
:10A3F00000212046FFF70CFE134890ED050AB4EE4D
:10A40000680AF1EE10FA03D0C0ED058AFCF7D2F825
:10A410000E4890ED000A0C48FBF7E2FF0C4908805B
:10A42000084600884EF66021884202DD0846084949
:10A430000880074801882046FFF7EAFDBDEC028B43
:10A4400010BD000000007A43F06E0020B40200202E
:10A45000B802002070B50546284602F011FF0446F8
:10A4600014B1D4E90010884770BD2DE9F05F0546AE
:10A470000E4692469B46DDE90A4940F6C41094FB1D
:10A48000F0F087B240F6C41094FBF0F100FB1140ED
:10A490001FFA80F80FE031462846FEF72DFE40F601
:10A4A000C410FFF703FB1F212846FEF725FE40F6E8
:10A4B000C410FFF75FFB381EA7F101018FB2EAD18C
:10A4C00031462846FEF718FE4046FFF7EFFA1F21F7
:10A4D0002846FEF711FE4046FFF74CFB0020BDE882
:10A4E000F09F2DE9FF4F81B0814616461F46DDE9FA
:10A4F0000E850024032098FBF0F000F0FF0A0320F3
:10A5000098FBF0F100FB118000F0FF0B3CE0012212
:10A510004FF44871484600F0F9F910B92920FEF7C8
:10A5200065FB01233A46009548460299F7F700FB80
:10A53000044654B94FF47A7001F0C6FC12233A462F
:10A5400031464846FEF790F81EE009234FF4487262
:10A5500003214846FEF74AFC01233A460095484647
:10A560000299F7F7E5FA044654B94FF47A7001F00E
:10A57000ABFC12233A4631464846FEF775F803E035
:10A58000204605B0BDE8F08FBBF10000ABF1010142
:10A5900001F0FF0BBBD13AE003224FF4487148466B
:10A5A00000F0B4F910B92A20FEF720FB03233A4645
:10A5B000009548460299F7F7BBFA044654B94FF4A0
:10A5C0007A7001F081FC12233A4631464846FEF784
:10A5D0004BF81CE009234FF4487203214846FEF76C
:10A5E00005FC03233A46009548460299F7F7A0FA7E
:10A5F000044654B94FF47A7001F066FC12233A46CF
:10A6000031464846FEF730F801E02046B9E7BAF196
:10A610000000AAF1010101F0FF0ABDD12046B0E718
:10A6200010B50E4C20680168C1F34011002904D018
:10A630006FF02001016002F05DFD2068C168C1F388
:10A64000C011002908D00068C0F3C010002803D052
:10A65000BDE8104002F056BD10BD0000840000208F
:10A6600038B5154C20680168C1F30011002905D0E8
:10A67000016800914068009000F09AF82068016835
:10A68000C1F3C011002915D0016800914168009103
:10A690000C3050E8001F21F0400140E80012002A71
:10A6A000F7D1064C012211032046F8F7EDF94FF0DF
:10A6B0008061A16138BD00006C020020000C0240E6
:10A6C00038B5104C20680168C1F30011002905D08D
:10A6D0000168009140680090F7F76AFD2068016802
:10A6E000C1F3C01100290CD00168009141680091AC
:10A6F0000C3050E8001F21F0400140E80012002A11
:10A70000F7D138BD8C02002010B52549086800BF7C
:10A7100000BF00BF00F10C0252E8002F42F0100110
:10A7200000F10C0242E80013002BF3D100BF00BF80
:10A730001B49086800BF00BF00BF00F1140252E8C7
:10A74000002F42F0400100F1140242E80013002BF8
:10A75000F3D100BF00BF12480268121D0121114849
:10A76000F9F754FC104A01210E48F9F73FFC4FF469
:10A77000807201210B48F9F719FC01210948F9F70A
:10A78000CDFB01210748F9F7E1FB01210548F9F765
:10A79000F5FB64210548006801F09EFC10BD000037
:10A7A0006C02002000600240B063002050030020D3
:10A7B00008B516480121164A525C825822F001025F
:10A7C000134B5B5CC25000BF00BF114A525C024495
:10A7D000526892B2C2F580700E4908800E48006837
:10A7E00001F016FD4FF4807201210848F9F7DEFBF5
:10A7F0000A4908680168009100BF4168009100BFE4
:10A8000000BF01210148F9F7B9FB08BD0060024013
:10A81000F602050872020020500300206C0200209E
:10A8200008B540F295101949096848800020009049
:10A83000174800684088642200FB02F3144800684F
:10A8400001790322002000F059FE00224FF48071AC
:10A850001048F8F719F900F04FFB00BF4FF4FA71F8
:10A860000D48006801F038FC48B900F0B7FE0B480D
:10A87000007820B1FDF7CEFF00200849087000BF26
:10A880004AF6AA200649086000BFE7E7F801002061
:10A89000F401002000080240480300209402002038
:10A8A000003000402DE9F04105460027012415E065
:10A8B000002715F8016B0DE006F0010018B1E0B2B9
:10A8C000FBF7B8FC02E0E0B2F6F740FC7610641C3F
:10A8D000781CC7B2402C01D8082FEDDB402CE7D9FB
:10A8E000BDE8F081FEE7000070B504464EF660203A
:10A8F00004FB00F10448006801F0EEFB05460DB9C9
:10A90000002070BD2820FCE75403002003460120EE
:10A9100070472DE9F04105460E46174600240023F6
:10A920003A4631462846F6F775F904465CB90623DF
:10A930004FF4487202212846FEF758FA03212846B0
:10A94000FBF741FE0DE02046FEF750F903234FF4DC
:10A95000167219462846FEF749FA03212846FBF7E6
:10A9600032FE2046BDE8F08102480068C0F30220B4
:10A97000704700000CED00E010B5002804DB0A076A
:10A98000130E054A135406E00A07140E034A00F09A
:10A990000F031B1FD45410BD00E400E018ED00E0CD
:10A9A000EFF3058070472DED020B019820F0004079
:10A9B00001909DED000B02B0704700000000000008
:10A9C00070B5D94B00242DED020B2DED108BDDE978
:10A9D0001010984205DA20F000429A4201D809D1BD
:10A9E00041B19DED100BBDEC108B02B0BDE8704085
:10A9F00000F05EBAB0F5801F26DA11430BD00028B4
:10AA000013DA0120F5F7C8FEBDEC108B02B0BDE8EB
:10AA1000704000F059BA0220F5F7BEFE00F030FA9F
:10AA200051EC100B04F0A7FD9EE06FF035049FED94
:10AA3000C00B53EC102B9DED100B51EC100B05F0DF
:10AA4000B5F8CDE91001084604EB2051C0F313041A
:10AA5000B948A1F2FF31204400F4801080F07F62F9
:10AA600082F04052224301EB20559FEDB50B11922D
:10AA700053EC102B9DED100B51EC100B05F0D6F99B
:10AA800041EC180BA01CC0F313009FEDAFDB9FED52
:10AA9000B0EBB14E7E4403286CD296ED000B51EC26
:10AAA000180B53EC102B04F0B1FF1DD1002D01BF8A
:10AAB00096ED000BBDEC108B02B070BD284605F082
:10AAC0000EF841EC180B53EC1D2B05F06FF841EC20
:10AAD000190B53EC1E2B51EC180B05F067F853ECD7
:10AAE000192B04F087FD3FE09FED9D0B51EC180BF7
:10AAF00053EC102B05F05AF89FED9B1B53EC112BD8
:10AB000005F088F941EC190B53EC182B51EC180B9C
:10AB100005F04CF853EC192B05F048F841EC190BF3
:10AB2000002D04BF53EC192B51EC180B1AD02846FA
:10AB300004F0D5FF41EC1A0B53EC1D2B05F036F851
:10AB400053EC192B05F066F953EC182B05F06EF950
:10AB500041EC180B53EC1E2B51EC1A0B05F026F8A8
:10AB600053EC182B05F062F9BDEC108B02B041ECF0
:10AB7000100B70BD9FED7E0B51EC180B53EC102B9E
:10AB800004F038FD41EC100B51EC180B53EC102B7A
:10AB900004F0E4FD41EC190B284604F0A0FF41EC61
:10ABA0001B0B53EC192B51EC190B04F0FFFF41EC7C
:10ABB0001A0B714853EC1A2B261851EC1A0B04F09F
:10ABC000F5FF41EC1F0B6D48C4F1510404F5D72487
:10ABD000B0EE4F0AF0EE6F0A0321784400F0D2F88D
:10ABE00053EC1F2B51EC100B04F0E0FF41EC1C0B5D
:10ABF0006348B0EE4F0AF0EE6F0A0421784400F08B
:10AC0000C1F853EC1A2B51EC100B04F0CFFF344376
:10AC100053EC1C2B04F0EEFC41EC1C0B002C4CDD27
:10AC20009FED510B51EC180B53EC102B04F0BEFFB1
:10AC300053EC182B04F0BAFF41EC1A0B55B353EC4C
:10AC40001D2B51EC1B0B04F0B1FF41EC1D0B53EC21
:10AC50001C2B51EC1A0B04F0CDFC53EC192B04F017
:10AC6000A5FF53EC1D2B04F0C5FC53EC1A2B05F08B
:10AC7000D1F853EC182B05F0D9F841EC180B53EC34
:10AC80001E2B51EC1B0B04F091FF53EC182B05F01D
:10AC9000CDF869E753EC1C2B51EC1A0B04F0AAFC1D
:10ACA00053EC192B04F082FF53EC1A2B05F0B2F889
:10ACB00053EC182B05F0AEF856E735B353EC1D2BCB
:10ACC00051EC1B0B04F072FF41EC1A0B53EC1C2BE4
:10ACD00051EC180B05F0AAF853EC192B04F066FFA1
:10ACE00053EC1A2B05F0A2F853EC182B05F09EF844
:10ACF00041EC180B53EC1E2B51EC1B0B04F056FFD0
:10AD000053EC182B05F092F82EE753EC1C2B51EC6A
:10AD1000180B05F08BF853EC192B04F047FF53EC9C
:10AD2000182B05F077F81FE70000F07F0000000007
:10AD30000000000000005043645F090000000000B4
:10AD4000000000000000F03F763C7935EF39EA3D25
:10AD50000000E0FE422EE63F006800000000000018
:10AD6000555555555555D53F000000000000E03FB2
:10AD7000000000000000004086EBF9FF8266000042
:10AD80007866000070B504462DED028B4D1E00EB79
:10AD9000C500B0EE408AF0EE608A90ED000B35F011
:10ADA000060017D053EC182B51EC100B04F0FEFEEC
:10ADB00041EC100B6D1E04EBC50090ED001B51EC37
:10ADC000100B53EC112B04F015FC41EC100B35F07B
:10ADD0000600E7D1022D36D0042D1CD0062D1CBF55
:10ADE000BDEC028B70BD53EC182B51EC100B04F032
:10ADF000DDFE94ED0A1B53EC112B04F0FBFB53EC2E
:10AE0000182B04F0D3FE94ED081B53EC112B04F027
:10AE1000F1FB41EC100B53EC182B51EC100B04F030
:10AE2000C5FE94ED061B53EC112B04F0E3FB53EC31
:10AE3000182B04F0BBFE94ED040B53EC102B04F024
:10AE4000D9FB41EC100B53EC182B51EC100B04F018
:10AE5000ADFE94ED021B53EC112B04F0CBFB53EC35
:10AE6000182B04F0A3FE94ED001B53EC112B04F0FF
:10AE7000C1FBBDEC028B41EC100B70BD000000006B
:10AE80009FED070B10B553EC102B9FED070B51EC0A
:10AE9000100B04F063FC41EC100B10BD000000002F
:10AEA0000000000000000000000000000000F03F73
:10AEB00010B553EC102B51EC100B04F09BFB41EC44
:10AEC000100B10BD000000009FED050B10B553ECFA
:10AED000102B51EC100B04F041FC41EC100B10BD99
:10AEE000000000000000000030380A2801D20120D4
:10AEF000704700207047704710B50024064800785E
:10AF0000012806D1054800688047002002490870E2
:10AF100000E00624204610BD9A000020A00000207A
:10AF20002DE9F04705460C464FF0000A208804281A
:10AF300032D168784FEA0028A87840EA080808F17A
:10AF400001001FFA80F8EE78012E22DB802E20DC33
:10AF50002F4600202080662007F8010B2088401C27
:10AF6000208007F8016B2088401C20800023324697
:10AF70004146384600F0A0FC8146B9F1000F04D0EC
:10AF8000484602F0A5F8824608E020883044208038
:10AF900004E04FF0030A01E04FF0030A5046BDE819
:10AFA000F0872DE9F05F06460D464FF0000B28882C
:10AFB000052848D170784FEA0029B07840EA09099D
:10AFC00009F101001FFA80F9F07804023079044396
:10AFD000012C35DBB4F5FA6F32DA374600202880D1
:10AFE000012007F8010B2888401C288004F0070086
:10AFF00040B12046E11704EB5171C910491C01F022
:10B00000FF0805E02046E11704EB5171C1F3C708C2
:10B0100007F8018B2888401C2880002322464946D7
:10B02000384600F07BFC8246BAF1000F04D050464F
:10B0300002F04EF8834608E028884044288004E067
:10B040004FF0030B01E04FF0030B5846BDE8F09FB3
:10B050002DE9F05F06460D464FF0000B28880528C5
:10B0600047D170784FEA0029B07840EA090909F120
:10B0700001001FFA80F9F078040230790443012CB2
:10B0800034DBB4F5FA6F31DA37460020288002202D
:10B0900007F8010B2888401C288004F0070040B105
:10B0A0002046E11704EB5171C910491C01F0FF085B
:10B0B00005E02046E11704EB5171C1F3C70807F81A
:10B0C000018B2888401C288022464946384600F0DB
:10B0D000BDFC8246BAF1000F04D0504601F0F8FFE3
:10B0E000834608E028884044288004E04FF0030BA2
:10B0F00001E04FF0030B5846BDE8F09F2DE9F04703
:10B1000005460C464FF0000A2088052837D168789C
:10B110004FEA0028A87840EA080808F101001FFA61
:10B1200080F8E87806022E79012E25DB7D2E23DCBF
:10B130002F4600202080032007F8010B2088401CA8
:10B1400020807006000E07F8010B2088401C20802C
:10B15000002332464146384600F0CAFC8146B9F128
:10B16000000F04D0484601F0B3FF824609E0208872
:10B1700000EB4600208004E04FF0030A01E04FF0AE
:10B18000030A5046BDE8F0872DE9F04705460C4616
:10B190004FF0000A2088052837D168784FEA002848
:10B1A000A87840EA080808F101001FFA80F8E8785A
:10B1B000060228790643012E24DB7D2E22DA2F4653
:10B1C00000202080042007F8010B2088401C2080EC
:10B1D0007006000E07F8010B2088401C20803246C4
:10B1E0004146384600F0D8FC8146B9F1000F04D042
:10B1F000484601F06DFF824609E0208800EB4600DA
:10B20000208004E04FF0030A01E04FF0030A5046AB
:10B21000BDE8F0872DE9FC5F04460D460020009054
:10B2200028880A2855DB60784FEA002AA07840EA8F
:10B230000A0AE07806022079064360794FEA002B7B
:10B24000A07940EA0B0BE0790702207A0743607A85
:10B250000190012E3BDB7D2E39DC012F37DB792F6E
:10B2600035DC79000198814231D101233A465946B3
:10B2700004F10A0000F03CFC8146B9F1000F1ED138
:10B28000A04600202880172008F8010B2888401CC1
:10B2900028807006000E08F8010B2888401C2880C2
:10B2A000002332465146404600F022FC8146B9F167
:10B2B000000F04D12888022101FB06002880B9F183
:10B2C000000F06D0484601F003FF009001E0032084
:10B2D00000900098BDE8FC9F70B505460C460648F6
:10B2E00002880649681CF5F7A9F903480088401C44
:10B2F0002080002070BD000088000020404C00200D
:10B300002DE9F04704460D464FF00009288804282F
:10B3100017DB60780602A0780643701C86B294F8AA
:10B320000380012342463146201D00F0C5FA07463E
:10B3300027B1384601F0CCFE814604E00420288085
:10B3400001E04FF003094846BDE8F0872DE9F843D6
:10B3500004460F464FF000083888052829D1607848
:10B360000502A0780543681C85B22079F0B9E07821
:10B37000FF2801D0E078C8B900208DF80100E078FE
:10B38000FF2803D101208DF8000002E000208DF895
:10B39000000001231A462946684600F0BFFA064617
:10B3A0004EB1304601F094FE804604E04FF00308B1
:10B3B00001E04FF003084046BDE8F8832DE9F04175
:10B3C00004460F464FF000083888052812D16078EF
:10B3D0000502A0780543681C85B201231A46294658
:10B3E000E01C00F085FB064636B1304601F070FEE9
:10B3F000804601E04FF003084046BDE8F0812DE9AA
:10B40000F05F05460E464FF0000B3088052839DD09
:10B4100068780702A8780743781C87B2E8780402A6
:10B420002879044395F805A004F0070040B12046B0
:10B43000E11704EB5171C910491C01F0FF0805E048
:10B440002046E11704EB5171C1F3C708012C16DB4C
:10B45000B4F5F66F13DCD04511D1012322463946ED
:10B46000A81D00F05BFA8146B9F1000F04D04846F0
:10B4700001F02EFE834607E00520308004E04FF007
:10B48000030B01E04FF0030B5846BDE8F09F2DE998
:10B49000F04704460E464FF0000A3088062828DBA5
:10B4A00060780702A0780743781C87B2E07805022D
:10B4B0002079054394F80590012D17DB782D15DCD4
:10B4C0006806000E484511D101232A463946A01DC1
:10B4D00000F00EFB8046B8F1000F04D0404601F0AA
:10B4E000F7FD824607E00520308004E04FF0030AB4
:10B4F00001E04FF0030A5046BDE8F0872DE9F04720
:10B5000005460C4616461F46DDF820904FF0000811
:10B510001CB1012C01DBF72C02DD4FF0020835E0F5
:10B520001C48047005BB1C481C4908601C481D4988
:10B5300008601D481D4908601D481E49086000201C
:10B540001D4908601D481E4908601E481E490860C4
:10B550001E481F4908604B463A4631460D48007860
:10B5600000F0E4F8804602E04FF0020800BF00BFA0
:10B57000B8F1000F0AD102F079FA10B94FF00308C0
:10B5800004E0144805700120134908704046BDE8E6
:10B59000F0870000980000207DB80408A00000207B
:10B5A000A1B80408A4000020EDB704089C00002006
:10B5B00085B70408A8000020AC00002019DC0408AE
:10B5C000B0000020E1DC0408B4000020A1DC040885
:10B5D000B8000020990000209A00002038B500250E
:10B5E0004848007808B1062038BD684602F02CFAB9
:10B5F000012876D19DF8000030B1012805D002283D
:10B600001CD003287AD178E078E03F4A3F4940488F
:10B61000404B1B68984705467DB93D4800783E4938
:10B620000978884206D03A48007818B1384800783E
:10B63000FF2802D1022002F021FA5FE033480068BF
:10B64000007836490870012035490870002417E059
:10B65000344810F8340000B914E0324810F83400CF
:10B660002E49097888420AD12E4800EBC4002649A9
:10B6700042682648006890472949087002E0641C27
:10B68000102CE5DB00BF2248007848B3244800783E
:10B69000C8B100201C4908802048007840F0800193
:10B6A000194802880088401C174B1880174800680A
:10B6B00081541B480178184602880088401C188075
:10B6C00012480068815412480078FF280AD10E48B9
:10B6D00002880E480168FF20134B1B6898470546F7
:10B6E0000AE00CE008480288084801680A48007827
:10B6F0000D4B1B689847054600E000BF00BF0020C7
:10B7000072E700009A0000204A0100204401002056
:10B7100048010020A80000209800002049010020D6
:10B720004C010020C40000209C0000202DE9F047BF
:10B7300081460E4614461F464FF00008F6F70FFCF0
:10B740003B4608222146304602F0B6F9012802D0D5
:10B750004FF003080FE0B4F5964F01D9232503E01D
:10B7600060000749B1FBF0F5A8B202F033FA0128F6
:10B7700001D04FF00308F6F791FD4046BDE8F08791
:10B7800040FCEA002DE9F04105460E46144600272C
:10B79000F6F7E5FB1248008804281BDB10480188F7
:10B7A000104801F099FDA8B90E48007828700C489F
:10B7B0000088C01E2080002005E00A4A411C525C1F
:10B7C000094B5A54401C21888142F6DC0648401C33
:10B7D000306000E00527F6F761FD3846BDE8F081EE
:10B7E00096000020604C0020604D00202DE9F041C3
:10B7F00005460E4617464FF00008F6F7B0FB1B480B
:10B80000007801282BD1701E1949086001201949C0
:10B81000088017480068057008460088384408808A
:10B82000084601881248006801F056FD0446114997
:10B830000888411C0F4B19800D4909680C542212CD
:10B8400019460888411C1980094909680A540120D1
:10B85000094908700121002001F0BCFD01E04FF012
:10B860000508F6F71BFD4046BDE8F0818D0000207D
:10B8700090000020940000208C00002010B5F6F706
:10B880006EFB0020054908700021012001F0A2FD97
:10B8900001F0DEFDF6F702FD10BD00008D00002076
:10B8A00010B5F6F75CFB0021084601F093FD01F0AE
:10B8B000B9FDF6F7F3FC10BDF0B504461E460020B6
:10B8C0000023012924DB082922DC124F3F88CD1BED
:10B8D00016B1012E1BD10CE008E00F4F07EBC51786
:10B8E000FF5C04F8017B5B1C571EFAB2002AF4DCF3
:10B8F0000DE00AE014F8017BDFF81CC00CEBC51C5E
:10B900000CF803705B1C571EFAB2002AF2DC00E050
:10B910000120F0BD5A010020604E00202DE9F05FAB
:10B9200005460E4614469A464FF0000B2046E11796
:10B9300004EB5171C91001F10109012E78DB3019B6
:10B94000412875DC3D490988701AC11700EB517117
:10B95000CF103A490988701AC11700EB5171C9100C
:10B96000A0EBC108BAF1000F03D0BAF1010F5DD10D
:10B9700025E00DE01FFA88F13A467F1C304B1B682A
:10B98000D018082202F0E4F905F8010BA9F1010929
:10B99000B9F1000FEEDC6D1E2046E11704EB51718A
:10B9A000C910A4EBC1018CB22878C4F10801884009
:10B9B00028702878C4F108010841287036E010E0AA
:10B9C00015F8013B1FFA88F13A467F1CDFF870C07A
:10B9D000DCF800C002EB0C00082202F0CEF9A9F15D
:10B9E0000109B9F1010FEBDC2046E11704EB5171BD
:10B9F000C910A4EBC1018CB215F8013BE2B21FFAE9
:10BA000088F1BC467F1CDFF838E0DEF800E00CEB84
:10BA10000E0002F0B2F90B48007838B9012009494C
:10BA2000087002210848006800F064FC02E0FFE7AB
:10BA30004FF0010B5846BDE8F09F00005401002074
:10BA4000E8010020A0020020280300202DE9F04793
:10BA500005460E4614464FF0000A2046E11704EB57
:10BA60005171C91001F10109012E37DB301921286C
:10BA700034DC1D490988701AC11700EB5171CF10D1
:10BA800019490988701AC11700EB5171C910A0EB50
:10BA9000C1080CE01FFA88F13A467F1C134BD018FE
:10BAA000082202F055F905F8010BA9F10109B9F1D5
:10BAB000000FEFDC6D1E2046E11704EB5171C91039
:10BAC000A4EBC1018CB22878C4F108018840287029
:10BAD0002878C4F108010841287001E04FF0010AFC
:10BAE0005046BDE8F08700004E01002050010020C4
:10BAF000F0B504460D460020012D45DBAE18812E21
:10BB000042DC224E3688A91B13B1012B3BD113E036
:10BB10000FE01F4E366836F81160361204F8016BDC
:10BB20001B4E366816F8116004F8016B491C561E4E
:10BB3000B2B2002AEDDC26E023E014F8017B3E02DD
:10BB4000134F3F6827F8116014F8016B104F3F68DE
:10BB500037F811703E430E4F3F6827F8116019B94E
:10BB600001260C4F3E7009E0002907DD0A2905DA9D
:10BB7000074F3F6839800126064F3E70491C561E0C
:10BB8000B2B2002AD9DC00E00120F0BD580100204B
:10BB9000EC0100209402002030B50346002001296A
:10BBA00019DB8D18212D16DC0C4D2D884C1B0FE058
:10BBB0000B4D2D6835F814502D1203F8015B084D1C
:10BBC0002D6815F8145003F8015B641C551EAAB2C9
:10BBD000002AEDDC00E0012030BD0000560100200D
:10BBE000F00100202DE9F0412DED028B05460E46B7
:10BBF00014467F490E8000207E4908707E490880E7
:10BC00007E4908807E4908607E4908707E49086048
:10BC10001E27601E84B224B97C4800887C490880B5
:10BC200004E001247B480088794908807A4800684C
:10BC3000B0F856007649098848434FF47A7190FB72
:10BC4000F1F07649088074480068B0F858007049EF
:10BC5000098848434FF47A7190FBF1F070490880ED
:10BC60006D480068B0F85A006949098848434FF4A4
:10BC70007A7190FBF1F06B4908804FF47A7000F014
:10BC800023F900BF0A2000F01FF9674800681C3044
:10BC900030F814006549088059480068401C58492C
:10BCA00008605848007810B1012875D11BE000EEFB
:10BCB000105AB8EE400AF2EE040A80EE201AB0EEF6
:10BCC000418AB0EE480A4A48008800B2FDF7BAFC43
:10BCD00001204C49087000204849088054490880D8
:10BCE0004949086059E0514800884D49098888420F
:10BCF00021DB4F480088002804DD00204C490880E3
:10BD0000414908603D480088401C3C4908803E4845
:10BD100000684649098808443B490860374800885C
:10BD2000B84237DB322000F0CFF8FDF747FE0120A4
:10BD3000304908702EE03D4800883849098888421B
:10BD400021DC3B480088401C394908802B4800888A
:10BD5000002804DD0020294908802B4908602A4872
:10BD6000006832490988084427490860304800883B
:10BD7000B8420FDB322000F0A7F8FDF71FFE0120CC
:10BD80001C49087006E000201C49088028490880EA
:10BD90001D49086001E0FFE700BF00BF234800889D
:10BDA000244908802448007820B9124800780028E7
:10BDB0003FF468AF2048007870B1FDF715FE1F48CA
:10BDC000006800F009FC4FF4FA7000F07DF80120E3
:10BDD000BDEC028BBDE8F0810648007828B14FF435
:10BDE000FA7000F071F80020F2E70020F0E70000A0
:10BDF0002002002019020020FE0100200002002085
:10BE000014020020100200201C0200201203002057
:10BE10000402002014030020F40100200C02002082
:10BE20000A0200200E020020F80100200602002075
:10BE30000202002008020020FC0100203403002040
:10BE4000F6F73AFEFDF7D8FEF9F700F8F9F7F0F843
:10BE5000F8F7A2FEF8F7B6FFF9F756FCF9F740FD40
:10BE6000F9F7BEFCF9F774FAF9F75EFBF9F7E6FCAF
:10BE7000F9F712FBF9F7BEFAF9F7BCFBF9F7CAF9C3
:10BE8000F9F7A2FDF8F7E2FFF9F7A0FEF9F7A6F936
:10BE90000A48016841F0807101600948F8F7B2FC76
:10BEA000012211020748F6F7EFFDF7F7CFFB00F08C
:10BEB0001BF8F9F739F800F02DF8FEE77438024066
:10BEC000001001400008024070B50546FEF768FD0D
:10BED00010B16FF0050404E0002415B1284601F00C
:10BEE00023FC204670BD000010B5FEF759FD10B1CF
:10BEF0006FF0050409E00648006820B901200449F4
:10BF00000860002401E04FF0FF34204610BD00001F
:10BF10005000002070B5FEF743FD10B16FF005042E
:10BF20001FE011480068012819D100BF801F0021BF
:10BF3000002804DB0A07130E0C4A135406E00A0714
:10BF4000150E0B4A00F00F031B1FD55400BF00BF96
:10BF500002200549086001F0CBFC002401E04FF00D
:10BF6000FF34204670BD00005000002000E400E0D7
:10BF700018ED00E02DE9F04104460D4624F00106DD
:10BF800004F001080027FEF70BFD08B1BF1F1FE0FA
:10BF900016B96FF003071BE0B8F1000F0CD029466B
:10BFA000304602F035FD012812D015B16FF00107BF
:10BFB0000EE06FF002070BE02946304602F04CFC21
:10BFC000012805D015B16FF0010701E06FF00207FD
:10BFD0003846BDE8F0812DE9F04704460026FEF71B
:10BFE000DFFC00284DD10CB1676800E0002707F0A6
:10BFF000010008B1012500E0002507F0080008282D
:10C000003FD04FF0FF3874B1A06828B1E0685028E5
:10C0100002D34FF0010808E0A06830B9E06820B909
:10C020004FF0000801E04FF00008B8F1010F0CD10B
:10C030002DB10420A16802F010F8064612E001209C
:10C04000A16802F00AF806460CE0B8F1000F09D129
:10C0500025B1042001F0F0FF064603E0012001F0C5
:10C06000EBFF06464EB114B1D4F8009001E04FF05A
:10C0700000094946304601F0E9FA16B10DB146F023
:10C0800001063046BDE8F0872DE9F041044624F072
:10C09000010504F001070026FEF782FC08B1B61F77
:10C0A00016E015B96FF0030612E03FB1284602F022
:10C0B00095FA01280CD06FF0020609E000231A4619
:10C0C0001946284602F0C8F8012801D06FF0020690
:10C0D0003046BDE8F0810000F8B504460D4626461E
:10C0E00000270EB93F1F29E0FEF75AFCD0B115B169
:10C0F0006FF0030722E0002000906A4600213046DE
:10C1000002F044FB012802D06FF0020716E000980D
:10C11000A0B14FF080500A490860BFF34F8FBFF3C2
:10C120006F8F0BE02946304602F096FB012805D0C0
:10C1300015B16FF0010701E06FF002073846F8BD56
:10C1400004ED00E02DE9F84305460F4614464FF094
:10C150000008FEF725FC002857D1002D55D0AF422E
:10C1600053D8461E64B1A06820B1E068502801D3BE
:10C17000012606E0A06820B9E06810B9002600E0BA
:10C180000026701C002840D0012D23D1012E09D19A
:10C1900003200090002211460120A36801F09FFFB8
:10C1A000804605E003220021012001F06BFF80465C
:10C1B000B8F1000F1CD0DFB100231A4619464046E3
:10C1C00002F04AF8012813D0404601F055FA4FF02A
:10C1D00000080DE0012E06D139462846A26801F07C
:10C1E000F9FE804604E03946284601F0C5FE804647
:10C1F000B8F1000F09D014B1D4F8009001E04FF06D
:10C2000000094946404601F021FA4046BDE8F8835E
:10C21000F8B50446254600260DB9361F22E0FEF784
:10C22000BFFBA8B1002000906946284602F066F9DD
:10C23000012802D06FF0020614E0009890B14FF090
:10C24000805009490860BFF34F8FBFF36F8F09E03B
:10C2500000231A461946284601F0FEFF012801D0A6
:10C260006FF002063046F8BD04ED00E0F8B5054673
:10C27000FEF796FB10B16FF0050421E005F00040D9
:10C2800010B16FF003041BE002F006FE06466B4699
:10C2900000221146304602F0B9FC01280ED1009C64
:10C2A0000098A8430090002303223046009902F032
:10C2B000ADFC012804D04FF0FF3401E04FF0FF3413
:10C2C0002046F8BD38B5FEF76BFB18B16FF00500DE
:10C2D00000900DE002F0E0FD04466B46002211469E
:10C2E000204602F093FC012802D04FF0FF3000906E
:10C2F000009838BDFEB504460D46264616B105F039
:10C30000004018B16FF0030002902EE04FF0FF30B4
:10C310000290FEF745FBE0B10020019001A8002348
:10C32000012229460090304602F004FD002002ABB5
:10C33000024601460090304602F0FCFC0198A0B194
:10C340004FF080500A490860BFF34F8FBFF36F8FE3
:10C350000BE0002301222946304602F057FC02ABD5
:10C3600000221146304602F051FC0298FEBD00004A
:10C3700004ED00E02DE9FC5F054689461646FEF710
:10C380000FFB10B16FF005044AE005F0004010B15A
:10C390006FF0030444E009F00200022802D14FF0DC
:10C3A000000A00E0AA460024374602F08BFD009008
:10C3B00000BF3B4601AA5146002002F02BFE8046FA
:10C3C000B8F1010F22D12C400198044309F001007B
:10C3D00040B105EA0400A84200D120E056B96FF050
:10C3E00002041CE005EA040000B118E016B96FF081
:10C3F000020414E002F066FD0099A0EB010BBB45BE
:10C4000001D9002708E0A7EB0B0705E016B96FF08C
:10C41000020401E06FF00104B8F1000FC9D100BFC0
:10C420002046BDE8FC9F2DE9FF478046894614461B
:10C4300000200390FEF7B4FA00284ED1B8F1000FA7
:10C440004BD0802618258246471E44B3206808B189
:10C45000D4F800A0A06900B1A5692DB1382D03D88A
:10C46000207900F0010018B1002004B0BDE8F08789
:10C47000606908B160698608A06840B1E0685C281E
:10C4800005D3206918B1606908B1012708E0A068E8
:10C4900030B9E06820B9206910B9002700E0002712
:10C4A000012F0CD12169A0684B463246CDE90051DD
:10C4B00002905146404602F04BFB03900DE067B9F5
:10C4C00003A8B2B24B465146CDE90050404602F0B7
:10C4D0000DFB012801D0002003900398C5E7000060
:10C4E0002DE9FE4F0646894692461C4600200290E2
:10C4F000FEF756FA00284BD1002E49D0082000F054
:10C5000009FE0546002D43D02E60C5F804A0B9F100
:10C51000000F01D1002700E001274FF0FF384FF056
:10C52000000B94B1206808B1D4F800B0A06828B11D
:10C53000E0682C2802D34FF0010808E0A06830B969
:10C54000E06820B94FF0000801E04FF00008B8F1B2
:10C55000010F0BD11049A0682B463A46CDE90010D7
:10C560000121584602F033FF02900BE0B8F1000FB2
:10C5700008D109482B463A4601210090584602F05E
:10C580000BFF0290029818B915B1284600F0BCFFC5
:10C590000298BDE8FE8F000055A40408F8B50546D2
:10C5A0000E462F46FEF7FCF910B16FF0050411E0BE
:10C5B00017B96FF003040DE0002003463246042152
:10C5C0000090384602F078FF012801D1002401E0F4
:10C5D0006FF002042046F8BDF8B505462E46FEF77A
:10C5E000DFF910B16FF0050418E016B96FF003041D
:10C5F00014E0304602F0A2FF10B96FF002040DE023
:10C6000000200346024603210090304602F054FF0A
:10C61000012801D1002401E04FF0FF342046F8BD8D
:10C620002DE9F04105460E46164807681648006891
:10C63000001D00F06DFE681C38B936B11248016863
:10C64000091D124800F0BAFE1AE07C190E48006875
:10C650004460BC4207D20C480168091D0C480068C0
:10C6600000F092FE0CE008480168091D09480068C6
:10C6700000F08AFE08480068844201D2064804603F
:10C68000BDE8F08114000020000000205C080020BC
:10C6900008000020040000203000002010B50446EF
:10C6A00000F0EAFE24480068401C23490860234843
:10C6B000006840B9214804600846006801280DD18F
:10C6C00000F042FA0AE01E48006838B91B480068CA
:10C6D000C06AE16A884201D81848046019480068B5
:10C6E000401C184908600846006860641649E06A02
:10C6F0000968884202D91449E06A0860E16A01EBDE
:10C700008101124A02EB8100211D00F057FE00F06A
:10C71000DDFE0B48006868B108480068C06AE16A3D
:10C72000884207D24FF0805009490860BFF34F8F0D
:10C73000BFF36F8F10BD000010000020000000202C
:10C740001C0000202C00002018000020AC0300205A
:10C7500004ED00E008B500F08FFE12480068E8B96B
:10C76000114800F001FE114800F0FEFD0E4810498E
:10C7700008600E480F49086000200F4B0F4A102137
:10C7800000900A2001F0ABFC0649086008460068EA
:10C7900020B10BA10348006800F058FF00F096FE9E
:10C7A00008BD00004400002070080020840800201C
:10C7B0003C0000204000002098080020E8080020ED
:10C7C000546D72510000000010B516E000F054FEE8
:10C7D0000C48C068C468201D00F09AFD0A48006833
:10C7E000401E0949086009480068401E0749086062
:10C7F00000F06CFE204600F05FF804480068002856
:10C80000E4D110BD48080020100000200C000020DA
:10C8100070B504460D46206C70B1216CE06801448F
:10C82000E160D4E90210884201D32168E160284622
:10C83000226CE168F3F702FF70BD2DE9F041044678
:10C840000F4615464FF00008A66B206C48B92068CB
:10C8500000282CD1A06802F02DFC80460020A060AA
:10C8600025E07DB93946226C6068F3F7E7FE216C5C
:10C87000606808446060D4E90101884217D32068E9
:10C88000606014E03946226CE068F3F7D7FE216C53
:10C89000E068411AE1602168E068884203D2216CB7
:10C8A000A068411AE160022D01D106B1761E701C0C
:10C8B000A0634046BDE8F08110B5044694F85900E5
:10C8C00030B9206B00F020FE204600F01DFE1AE07B
:10C8D00094F85900012803D1204600F015FE12E01B
:10C8E00094F85900022801D1012000E0002050B93D
:10C8F00000BF502080F31188BFF34F8FBFF36F8FBD
:10C9000000BF00BFFEE710BD01464A6A22B10A6BB4
:10C910001268C2F1380000E0002070470146084A62
:10C92000126812680AB9012200E000220A600A684F
:10C9300022B9034A1268D268106800E000207047EC
:10C940003C00002030B54FF47053174800F0070446
:10C950002CB1C01D20F00700134C041B1B1B02460A
:10C96000124C22600024114D6C60D018083820F061
:10C9700007000F4C206000240D4D2D686C600C4D9D
:10C980002D682C601146441A4C60094C24680C60D8
:10C99000084D4C682C60084D4C682C604FF00044EA
:10C9A000064D2C6030BD00004010002054000020D7
:10C9B0005C00002064000020600000207000002067
:10C9C00000BFFFF701FF064800680128F9D94FF0C2
:10C9D000805004490860BFF34F8FBFF36F8FF0E7BB
:10C9E000AC03002004ED00E010B5044654B1002073
:10C9F000A06020600021E16000231A46194620460D
:10CA000001F02AFC10BD2DE9F04106460D461746FF
:10CA10009846069C0DB9246000E02760E663256413
:10CA20000121204601F0CCFB84F84C80BDE8F08168
:10CA30002DE9F05F82460E4690469B460A9F0C9C6D
:10CA40004FEA8801A522206BF3F76FFEA8F10100E1
:10CA5000216B01EB800929F0070909F0070008B9EB
:10CA6000012000E0002050B900BF502080F3118861
:10CA7000BFF34F8FBFF36F8F00BF00BFFEE786B1DC
:10CA8000002507E0715D04F134004155705D00B987
:10CA900002E06D1C102DF5D300BF0021432001558D
:10CAA00002E0002084F83400382F00D33727E762F3
:10CAB000E76400202065201D00F063FC04F11800ED
:10CAC00000F05FFC2461C7F13800A06164620020BF
:10CAD000606584F858005A465146484600F0E6FB27
:10CAE00020600B9808B10B980460BDE8F09F2DE919
:10CAF000F04706460D4617469846DDE908940DB105
:10CB0000012000E0002050B900BF502080F31188C0
:10CB1000BFF34F8FBFF36F8F00BF00BFFEE78CB135
:10CB2000FFF718FE2660A561C4F81C80C4F82090A9
:10CB3000201D00F026FC2FB194F8280040F00400DE
:10CB400084F82800BDE8F08710B5002407E004EB66
:10CB500084010F4A02EB810000F006FC641C382CB3
:10CB6000F5D30C4800F000FC0B4800F0FDFB0B482F
:10CB700000F0FAFB0A4800F0F7FB0A4800F0F4FB6B
:10CB800004480949086004480849086010BD0000CD
:10CB9000AC0300200C0800202008002034080020EE
:10CBA000480800205C080020040000200800002045
:10CBB00010B50146164800E0006803688B42FBD3BD
:10CBC0000246436813448B4204D143684C682344B3
:10CBD000436001460A464B6813440468A34211D1DE
:10CBE0000C4C03682468A34208D04B68046864684E
:10CBF00023444B6003681B680B6005E0054B1B6812
:10CC00000B6001E003680B60884200D0016010BD3A
:10CC1000540000205C0000202DE9F04104460D4640
:10CC200016461F464FF0000865602461B5420CD8D7
:10CC3000F01BA169884202D34FF0010811E0211DC9
:10CC40000948006800F0A0FB0BE0BE4204D2BD42E0
:10CC500002D34FF0010804E0211D0448006800F0F1
:10CC600093FB4046BDE8F081400000203C000020DE
:10CC700070B5054600F000FCA86B08B9012400E07F
:10CC8000002400F023FC204670BD70B5054600F07E
:10CC9000F3FBA86BE96B884201D1012400E000247A
:10CCA00000F014FC204670BDF8B505460F461A4842
:10CCB0000068C068C468201D00F02AFB94F82800B2
:10CCC00000F00400E8B1A06941192B463A4620461D
:10CCD000FFF7A2FFD8B1002003462A460146009084
:10CCE000204602F0E9FB064656B900BF502080F30B
:10CCF0001188BFF34F8FBFF36F8F00BF00BFFEE7F8
:10CD000005E094F8280020F0010084F8280020466F
:10CD1000216A8847F8BD00003C000020F0B587B0CC
:10CD2000A0E00398002811DA04AE56B900BF5020E5
:10CD300080F31188BFF34F8FBFF36F8F00BF00BF29
:10CD4000FEE7D6E90020B168904700BF03980028AD
:10CD5000E6DB059C606908B9012000E0002010B9FD
:10CD6000201D00F0D5FA02A800F0DEF80546039871
:10CD70000A2875D2DFE800F0090507394163060883
:10CD80003A4200BF00BF00BF00BF94F8280040F047
:10CD9000010084F828000498A269811803462A46F5
:10CDA0002046FFF739FFF8B12046216A884794F8FA
:10CDB000280000F00400B8B1002000900498A16998
:10CDC000421800231946204602F076FB074657B961
:10CDD00000BF502080F31188BFF34F8FBFF36F8FD8
:10CDE00000BF00BFFEE700BF3BE000BF94F8280093
:10CDF00020F0010084F8280033E000BF94F82800F8
:10CE000040F0010084F828000498A061A06908B1EE
:10CE1000012000E0002050B900BF502080F31188AD
:10CE2000BFF34F8FBFF36F8F00BF00BFFEE7A06956
:10CE300041192B462A462046FFF7EEFE11E094F8F2
:10CE4000280000F0020018B9204600F05DFB05E064
:10CE500094F8280020F0010084F8280001E0FFE7A2
:10CE600000BF00BF002203A90448006801F0DAFBFC
:10CE700000287FF456AF07B0F0BD0000440000204A
:10CE8000F8B505460C4600F08FFD684600F04CF8FA
:10CE90000646009820BB44B9B54206D802F0FAF91C
:10CEA00031462846FFF700FF1CE03CB10E48006801
:10CEB000006808B9012000E000200446A91B2246B2
:10CEC0000A48006800F00AFC02F0E4F950B94FF09B
:10CED000805007490860BFF34F8FBFF36F8F01E0A9
:10CEE00002F0D8F9F8BD0000400000204400002006
:10CEF00004ED00E00A490968096809B9012100E068
:10CF0000002121B14FF0FF31064A116006E00449CB
:10CF10000968C968C868034A416811607047000021
:10CF2000040000203000002070B5044601F0CAFF64
:10CF3000054607480068854204D200F00BF801203E
:10CF4000206001E00020206001480560284670BD97
:10CF50004C0000202DE9F84334E025480068C06803
:10CF6000056823480068C068C468201D00F0D0F937
:10CF70002046216A884794F8280000F0040008B38E
:10CF8000A0694619AE4207D966602461211D184880
:10CF9000006800F0F9F915E0002003462A46014632
:10CFA0000090204602F088FA074657B900BF50208B
:10CFB00080F31188BFF34F8FBFF36F8F00BF00BFA7
:10CFC000FEE700BF0A480068006808B9012000E0D9
:10CFD00000200028C1D00648D0F80080054800682D
:10CFE000034908600348C0F80080BDE8F8830000EA
:10CFF0003C000020400000200E480068401C08B99A
:10D00000012000E0002050B900BF502080F31188BB
:10D01000BFF34F8FBFF36F8F00BF00BFFEE700BFAE
:10D02000502080F31188BFF34F8FBFF36F8F00BF85
:10D0300000BFFEE77400002008B500BF6846FFF798
:10D040006DFC044620460099FFF71AFFFFF766FEC5
:10D05000F4E770B5044600F00FFA94F9455010E07B
:10D06000606A08B9012000E0002038B904F124000A
:10D0700002F0C4F818B100F091FB00E003E0681E74
:10D0800045B2002DECDC00BFFF2084F8450000F025
:10D090001DFA00F0F1F994F9445010E0206908B944
:10D0A000012000E0002048B904F1100002F0A6F8C9
:10D0B00008B100F073FB681E45B200E001E0002DEE
:10D0C000ECDC00BFFF2084F8440000F0FFF970BDE5
:10D0D000014621B1012904D0072906D103E000202F
:10D0E00005E0022003E0062001E0042000BF00BFAD
:10D0F0007047000010B502480068804710BD00006E
:10D10000B000002010B502480068804710BD000044
:10D11000B40000202DE9F04104464FF0000800F073
:10D1200043FC4948006808B9FFF70CFC4748006811
:10D130002040002870D1D4B1083404F00700B0B109
:10D1400004F00700C0F10800044404F0070008B927
:10D15000012000E0002050B900BF502080F311886A
:10D16000BFF34F8FBFF36F8F00BF00BFFEE7002CF0
:10D1700052D03748006884424ED8364E3046056853
:10D1800001E02E462D686868A04202D22868002877
:10D19000F7D12D48006885423ED0306800F108087C
:10D1A000286830606868001B102819D92F1907F00B
:10D1B000070008B9012000E0002050B900BF50204E
:10D1C00080F31188BFF34F8FBFF36F8F00BF00BF95
:10D1D000FEE76868001B78606C603846FFF7E8FC83
:10D1E0001B4968680968081A1949086008460068F8
:10D1F00019490968884203D2154800681649086031
:10D20000124968680968084368600020286013486C
:10D210000068401C1149086002F03CF808F0070063
:10D2200008B9012000E0002050B900BF502080F371
:10D230001188BFF34F8FBFF36F8F00BF00BFFEE7B2
:10D240004046BDE8F08100005C0000207000002036
:10D2500060000020540000206400002068000020CE
:10D260000648006830B10549096801F15000096DB0
:10D27000491C016001480068704700000000002060
:10D2800070B50446254654B900BF502080F311887C
:10D29000BFF34F8FBFF36F8F00BF00BFFEE700F0FB
:10D2A000EBF8EE6900F012F9304670BD001F4FF048
:10D2B00080730360001F21F001030360001F054B12
:10D2C000036014380260001F6FF00203036020380F
:10D2D00070470000F9CF040870B502460C46FF25E0
:10D2E000FF2309E012F8010B80EA03010648405CC5
:10D2F00080EA05030548455C201EA4F10106B4B28E
:10D30000F0D143EA052070BDF6000508F6010508D6
:10D3100001460A69D1E901309860D1E901035860FA
:10D320005068884201D18868506000200861106808
:10D33000401E106010687047034B0360034B0B6086
:10D34000802313607047000088090020E409002052
:10D35000034B0360034B0B604FF480731360704703
:10D36000E40B0020400C002000F1080141604FF068
:10D37000FF31816000F10801C1600161002101609D
:10D38000704700210161704710B502460B685C1CB4
:10D390000CB9106907E002F1080000E04068446839
:10D3A00024689C42FAD944684C604C68A16088604B
:10D3B00041600A611468641C146010BD42684A60D0
:10D3C00093688B60936859609160086103685B1C87
:10D3D0000360704770B504460D4624B110480068DC
:10D3E000F7F786FA03E00E480068F7F761FA95B19F
:10D3F0000B49086800BF00BF00BF00F10C0252E8F3
:10D40000002F42F0800100F10C0242E80013002BD3
:10D41000F3D100BF03E002480068F7F759FA70BD86
:10D420008400002010B500210848F7F7E9F900BF93
:10D430000648006820F001000449086000BF00BFF2
:10D440006FF00100086100BF10BD000000480140FE
:10D4500010B500BF6FF001000649086100BF002150
:10D460000448F7F7CDF90348F7F7C4F80148F7F790
:10D47000B7F810BD0048014000BF502080F311886C
:10D48000BFF34F8FBFF36F8F00BF0E480068401C83
:10D490000C49086008460068012812D10A48006853
:10D4A000C0B208B9012000E0002050B900BF5020F0
:10D4B00080F31188BFF34F8FBFF36F8F00BF00BFA2
:10D4C000FEE770477400002004ED00E00D4800689E
:10D4D00050B900BF502080F31188BFF34F8FBFF3C6
:10D4E0006F8F00BF00BFFEE706480068401E054979
:10D4F00008600846006820B9002080F3118800BF4A
:10D5000000BF70477400002070B506463546002EF7
:10D5100044D0083D2C46224960680968084008B19B
:10D52000012000E0002050B900BF502080F3118896
:10D53000BFF34F8FBFF36F8F00BF00BFFEE72068C0
:10D5400008B9012000E0002050B900BF502080F34E
:10D550001188BFF34F8FBFF36F8F00BF00BFFEE78F
:10D560000F49606809680840C0B12068B0B90C492B
:10D57000606809688843606000F016FA09496068CD
:10D5800009680844074908602046FFF711FB064870
:10D590000068401C0449086001F07CFE70BD00007A
:10D5A00070000020600000206C00002000204FF080
:10D5B000E02108618861064800684FF47A71B0FB89
:10D5C000F1F0401E4FF0E0214861072008617047EC
:10D5D0005C03002070B5F2F7A7FE0446102C16D3AA
:10D5E00004F1E02090F8F05315480078854201DB03
:10D5F000012000E0002050B900BF502080F31188C6
:10D60000BFF34F8FBFF36F8F00BF00BFFEE70D4822
:10D61000006800F4E0600C490968884201D80120E4
:10D6200000E0002050B900BF502080F31188BFF304
:10D630004F8FBFF36F8F00BF00BFFEE770BD0000CC
:10D64000780000200CED00E07C0000200246002065
:10D650000BE0084B53F8303033B9064B43F8301029
:10D6600003EBC0035A6002E0401C0828F1D300BF5E
:10D67000704700006C03002070B50446254655B97C
:10D6800000BF502080F31188BFF34F8FBFF36F8F1F
:10D6900000BF00BFFEE7284600F008F895F84600F6
:10D6A00010B92846FFF730FF70BD0000014600208A
:10D6B0000EE0094A02EBC00252688A4207D10022FA
:10D6C000054B43F8302003EBC0035A6002E0401CD6
:10D6D0000828EED300BF70476C0300202DE9F0410D
:10D6E00005460E4617462C46FFF7C6FE94F9440041
:10D6F000401C10B9002084F8440094F94500401CF7
:10D7000010B9002084F84500FFF7E0FEA06B28B9AF
:10D710003A46314604F1240000F062F82046FFF753
:10D7200098FCBDE8F081000070B504460025D4B136
:10D730001248006808B9012000E0002050B900BF7D
:10D74000502080F31188BFF34F8FBFF36F8F00BF5E
:10D7500000BFFEE700F028F900212046FEF760FF39
:10D7600001F098FD05463DB94FF08050044908602E
:10D77000BFF34F8FBFF36F8F70BD000038000020E4
:10D7800004ED00E00349096801600349096841604C
:10D7900070470000280000201400002001200149EB
:10D7A000086070472400002070B504460D4654B947
:10D7B00000BF502080F31188BFF34F8FBFF36F8FEE
:10D7C00000BF00BFFEE70548016818312046FFF79B
:10D7D000DBFD01212846FEF723FF70BD000000207D
:10D7E00070B505460E46144655B900BF502080F36B
:10D7F0001188BFF34F8FBFF36F8F00BF00BFFEE7ED
:10D800000648016818312846FFF7D8FD0CB14FF0E3
:10D81000FF3621463046FEF703FF70BD00000020B2
:10D820002DE9F04706460F4634464FF00109002E19
:10D8300055D0206D50B900BF502080F31188BFF340
:10D840004F8FBFF36F8F00BF00BFFEE7E06CB842A1
:10D8500001D23D4600E0E56CE06AA8423FD0206D71
:10D8600001283CD11F480068844201D0012000E01B
:10D87000002050B900BF502080F31188BFF34F8FB4
:10D88000BFF36F8F00BF00BFFEE7D4F82C80E562C6
:10D89000A06900F0004010B9C5F13800A06108EBA4
:10D8A0008801114A02EB81016069884201D101209F
:10D8B00000E0002098B1201DFFF72AFD0B49E06A27
:10D8C0000968884202D90949E06A0860E16A01EB07
:10D8D0008101054A02EB8100211DFFF76FFDBDE8C4
:10D8E000F087000000000020AC030020180000209A
:10D8F00010B586B000200590049003AA04A905A8DD
:10D90000FFF71AFD0022DDE904101346CDE90021DE
:10D9100002901EA11F48039A01F01AF91E490860DF
:10D920000846006808B1012400E00024012C02D15F
:10D9300001F086FD0446012C15D100BF502080F374
:10D940001188BFF34F8FBFF36F8F00BF4FF0FF30D1
:10D95000124908600120124908600020114908603E
:10D9600000F03CFA10E0601C08B1012000E000204B
:10D9700050B900BF502080F31188BFF34F8FBFF321
:10D980006F8F00BF00BFFEE706B010BD49444C4595
:10D9900000000000C1C9040834000020300000204D
:10D9A0001C0000201400002002480068401C0149AF
:10D9B00008607047380000201E48006818B1012038
:10D9C0001D49086034E000201B4908601B480168BD
:10D9D0000CE051B900BF502080F31188BFF34F8F86
:10D9E000BFF36F8F00BF00BFFEE7491E01EB810050
:10D9F000134A52F8200008B9012000E00020002856
:10DA0000E7D101EB81020E4B03EB820042685268C2
:10DA1000426000F108024368934202D142685268B2
:10DA200042604268D268074B1A600448016000BF38
:10DA3000704700003800002024000020180000205B
:10DA4000AC0300200000002001460020054A1278A7
:10DA500032B1054A12780A700022024B1A70012076
:10DA60007047000081000020800000200020024953
:10DA700008700120704700008100002010B50446A6
:10DA800005480068FEF7C4FB0120044908700448FB
:10DA90000470012010BD0000480300208100002018
:10DAA000800000200146034800684068087001209B
:10DAB0007047000084000020F0B58FB006460C4689
:10DAC00017461D461C2108A8F2F737FE182102A8A8
:10DAD000F2F733FE10203149096801432F4A1160E3
:10DAE000114609680140019100BF00BF01202B4988
:10DAF000143909680143294A143A1160114609682A
:10DB00000140019100BF00BF4FF4C06002900220AD
:10DB100003900320049000200590069007200790B2
:10DB200002A91F48F6F782FA0894002009900A908B
:10DB30000B9025B1012D05D0022D0BD106E0002060
:10DB40000B9007E04FF4C0600B9003E04FF480604F
:10DB50000B9000BF00BF0C200C9000200D900E9089
:10DB600008A910480068F6F7D3FE0E490868016955
:10DB700021F490410161416921F02A01416100BF16
:10DB800008490868C16841F40051C16000BF0548F8
:10DB90000068F6F7ADFE01200FB0F0BD443802403A
:10DBA00000000240840000200146C1F30800024A40
:10DBB00012685060012070478400002000BF0449B3
:10DBC00008680168C1F380110029F8D0012070476E
:10DBD0008400002010B586B00446142101A8F2F795
:10DBE000ACFD40F2AF40ADF80400002002903220BE
:10DBF000604303900020049001A90648F6F700FD59
:10DC00000448F6F7F7FC0348F6F7EAFC012006B0F3
:10DC100010BD00000048014038B500246846FFF7F9
:10DC200041FF1C48007830B101280AD0022819D0E1
:10DC300003282BD102E0FFF70BFC27E0FFF708FCDD
:10DC400024E00020144908809DF800200888411C29
:10DC5000114B198011490A5402200E490870FFF730
:10DC6000F7FB13E00C480088FF2809DC9DF8002032
:10DC700009490888411C084B198008490A5402E0E8
:10DC8000032004490870FFF7E3FB00BF00BF2046F4
:10DC900038BD00008D00002096000020604C002060
:10DCA00010B500240D48007820B1022807D00328C1
:10DCB0000BD109E00020FFF7E1FE044606E0012059
:10DCC000FFF7DCFE044601E000E000BF00BFFFF705
:10DCD000A9FB012001490870204610BD8D000020DD
:10DCE00010B500241748007810B1012826D104E0AF
:10DCF00000210120FFF76EFB20E01348008878B177
:10DD0000124909680878FFF74FFF10480068401C67
:10DD10000E4908600C480088401E0B4908800CE042
:10DD20000320FFF7ABFE0446FFF748FF0021012068
:10DD3000FFF750FB00200349087000BF00BF2046DA
:10DD400010BD00008C0000209400002090000020F6
:10DD5000F0B503460C461546E208A4EBC20087B2B4
:10DD60000120A840401E86B2995C501C185C41EA14
:10DD7000002139413140C8B2F0BD2DE9F0430446DD
:10DD800015461F46C808A1EBC0081FFA88FC07FA11
:10DD90000CF81FFA88F74FF0010808FA05F8A8F107
:10DDA00001081FFA88F6A1EBC00806FA08F81FFA66
:10DDB00088F6225C00F1010814F8088042EA082283
:10DDC00022EA060848EA070222544FEA222900F113
:10DDD000010804F80890BDE8F08300001CB5524823
:10DDE00000685249884201D0012000E0002050B96B
:10DDF00000BF502080F31188BFF34F8FBFF36F8FA8
:10DE000000BF00BFFEE7484800684849491E8842F5
:10DE100001D0012000E0002050B900BF502080F365
:10DE20001188BFF34F8FBFF36F8F00BF00BFFEE7B6
:10DE30003F49084600780190FF200A4610700846C6
:10DE4000007800909DF8000000F0F0009DF80020A0
:10DE5000904201D1012000E0002050B900BF5020C5
:10DE600080F31188BFF34F8FBFF36F8F00BF00BFE8
:10DE7000FEE79DF8000000F050002E4A10700720C9
:10DE80002D4A106009E02C480068401E2A4A1060A4
:10DE90009DF800004006000E00909DF8000000F084
:10DEA00080008028EFD024480068C0F107000428D3
:10DEB00001D1012000E0002050B900BF502080F3C4
:10DEC0001188BFF34F8FBFF36F8F00BF00BFFEE716
:10DED000194800680002184A10601046008800F4D3
:10DEE000E0601060124A019810700F4820300068FE
:10DEF00040F470000C49203108600846006840F08A
:10DF000070400860FFF752FB00200C490860F2F7F0
:10DF1000D3F90B48006840F0404009490860F2F727
:10DF2000B7F900201CBD000000ED00E071C20F41F8
:10DF300000E400E0780000207C0000207400002055
:10DF400034EF00E010B500BF502080F31188BFF31C
:10DF50004F8FBFF36F8F00BF00F0BAFF18B14FF0C3
:10DF600080500449086000BF002080F3118800BF82
:10DF700010BD000004ED00E070B505460E460DB181
:10DF8000012000E0002050B900BF502080F311882C
:10DF9000BFF34F8FBFF36F8F00BF00BFFEE7AE42EE
:10DFA00001D8012000E0002050B900BF502080F3CC
:10DFB0001188BFF34F8FBFF36F8F00BF00BFFEE725
:10DFC00002220021284600F05DF8044604B1A66351
:10DFD000204670BDF8B505460E4617460DB1012026
:10DFE00000E0002050B900BF502080F31188BFF33B
:10DFF0004F8FBFF36F8F00BF00BFFEE7AE4201D867
:10E00000012000E0002050B900BF502080F31188AB
:10E01000BFF34F8FBFF36F8F00BF00BFFEE702203B
:10E020003B46002211460090284600F058F804466E
:10E0300004B1A6632046F8BD2DE9F041044601264F
:10E04000002722460021012000F01CF80546284642
:10E05000FEF7CAFC2846BDE8F0812DE9F8430446E6
:10E060000D4601274FF000082B46002211460120E3
:10E07000009400F034F806463046FEF7B5FC304612
:10E08000BDE8F8832DE9F84305460E4617460DB165
:10E09000012000E0002050B900BF502080F311881B
:10E0A000BFF34F8FBFF36F8F00BF00BFFEE705FBCD
:10E0B00006F808F15000FFF72DF8044664B1A146B8
:10E0C00009F15009002084F846003B464A46314693
:10E0D00028460094FEF797FC2046BDE8F8832DE91A
:10E0E000F84380460E4617461D46DDF82090B8F1ED
:10E0F000000F01D0012000E0002050B900BF5020E7
:10E1000080F31188BFF34F8FBFF36F8F00BF00BF45
:10E11000FEE70DB1012000E0002050B900BF502003
:10E1200080F31188BFF34F8FBFF36F8F00BF00BF25
:10E13000FEE707B10EB1012000E0002050B900BF9A
:10E14000502080F31188BFF34F8FBFF36F8F00BF54
:10E1500000BFFEE707B90EB9012000E0002050B96A
:10E1600000BF502080F31188BFF34F8FBFF36F8F34
:10E1700000BF00BFFEE7502000900098502801D15A
:10E18000012000E0002050B900BF502080F311882A
:10E19000BFF34F8FBFF36F8F00BF00BFFEE700BF1D
:10E1A0002C464CB1012084F846004B463A46314695
:10E1B00040460094FEF727FC2046BDE8F8830000A7
:10E1C00070B505460E462C4654B900BF502080F36A
:10E1D0001188BFF34F8FBFF36F8F00BF00BFFEE703
:10E1E000FFF74AF9D4E90F12206801FB0200A06092
:10E1F0000020A06320686060E06B401E226C2168F4
:10E2000000FB0211E160FF2084F8440084F845001F
:10E210009EB9206908B9012000E00020A8B904F1E6
:10E22000100000F0EBFF80B14FF08050094908600A
:10E23000BFF34F8FBFF36F8F07E004F11000FFF7BC
:10E2400093F804F12400FFF78FF8FFF73FF901205E
:10E2500070BD000004ED00E02DE9FF4383B00646E9
:10E2600088461D464FF00009344654B900BF50207F
:10E2700080F31188BFF34F8FBFF36F8F00BF00BFD4
:10E28000FEE7B8F1000F01D1206C08B9012000E0D1
:10E29000002050B900BF502080F31188BFF34F8F8A
:10E2A000BFF36F8F00BF00BFFEE7022D02D1E06B0E
:10E2B000012801D1012000E0002050B900BF50200A
:10E2C00080F31188BFF34F8FBFF36F8F00BF00BF84
:10E2D000FEE700F0E7FD08B9059808B9012000E065
:10E2E000002050B900BF502080F31188BFF34F8F3A
:10E2F000BFF36F8F00BF00BFFEE700BFFFF7BCF8A2
:10E30000A06BE16B884201D3022D28D12A464146F9
:10E310002046FEF792FA0746606A08B9012000E03D
:10E32000002068B904F1240000F068FF88B14FF0C4
:10E33000805032490860BFF34F8FBFF36F8F08E002
:10E340003FB14FF080502D490860BFF34F8FBFF3AE
:10E350006F8FFFF7BBF8012007B0BDE8F083059889
:10E3600018B9FFF7B3F80020F6E7B9F1000F04D1B0
:10E3700001A8FFF707FA4FF00109FFF7A7F8FFF729
:10E3800013FBFFF779F894F94400401C10B9002002
:10E3900084F8440094F94500401C10B9002084F82A
:10E3A0004500FFF793F805A901A800F059FBF0B963
:10E3B0002046FEF76AFCA0B104F110000599FFF7B2
:10E3C000F3F92046FEF745FE00F064FF002895D1E2
:10E3D0004FF0805009490860BFF34F8FBFF36F8F34
:10E3E0008CE72046FEF735FE00F054FF86E7204616
:10E3F000FEF72FFE00F04EFF0020ADE704ED00E039
:10E400002DE9F84F07468A4690461E463C4654B9C9
:10E4100000BF502080F31188BFF34F8FBFF36F8F81
:10E4200000BF00BFFEE7BAF1000F01D1206C08B9B0
:10E43000012000E0002050B900BF502080F3118877
:10E44000BFF34F8FBFF36F8F00BF00BFFEE7022EF9
:10E4500002D1E06B012801D1012000E0002050B979
:10E4600000BF502080F31188BFF34F8FBFF36F8F31
:10E4700000BF00BFFEE7FFF7ADF800BF5021EFF38C
:10E48000118081F31188BFF34F8FBFF36F8F00BFEF
:10E490000546A06BE16B884201D3022E25D194F989
:10E4A00045B0A06B0090324651462046FEF7C5F9B4
:10E4B0000BF1010088B9606A08B9012000E0002072
:10E4C00050B904F1240000F099FE28B1B8F1000F12
:10E4D00002D00120C8F8000004E00BF1010040B2B6
:10E4E00084F845004FF0010901E04FF0000900BF3A
:10E4F00085F3118800BF4846BDE8F88F2DE9F04745
:10E5000006460F46344654B900BF502080F31188A8
:10E51000BFF34F8FBFF36F8F00BF00BFFEE7206CCC
:10E5200008B9012000E0002050B900BF502080F35E
:10E530001188BFF34F8FBFF36F8F00BF00BFFEE79F
:10E54000206808B9A06808B9012000E0002050B98F
:10E5500000BF502080F31188BFF34F8FBFF36F8F40
:10E5600000BF00BFFEE7FFF735F800BF5021EFF313
:10E57000118081F31188BFF34F8FBFF36F8F00BFFE
:10E580000546D4F83890E06B48451ED994F945A06B
:10E5900009F10100A0630AF1010070B9606A08B9CD
:10E5A000012000E0002068B904F1240000F026FEFC
:10E5B00040B13FB10120386004E00AF1010040B2EF
:10E5C00084F845004FF0010801E04FF0000800BF5B
:10E5D00085F3118800BF4046BDE8F08770B5054659
:10E5E0002C4654B900BF502080F31188BFF34F8FE1
:10E5F000BFF36F8F00BF00BFFEE700F04DFCA168C6
:10E6000088420CD1E068401EE060E06828B9002331
:10E610001A4619462046FFF71FFE012600E0002695
:10E62000304670BD2DE9F74183B005460E464FF0E8
:10E6300000082C4654B900BF502080F31188BFF366
:10E640004F8FBFF36F8F00BF00BFFEE70EB9206C86
:10E6500008B9012000E0002050B900BF502080F32D
:10E660001188BFF34F8FBFF36F8F00BF00BFFEE76E
:10E6700000F018FC08B9059808B9012000E0002056
:10E6800050B900BF502080F31188BFF34F8FBFF304
:10E690006F8F00BF00BFFEE700BFFEF7EDFEA76B68
:10E6A000F7B131462046FEF7B3F8781EA063206923
:10E6B00008B9012000E0002060B904F1100000F06A
:10E6C0009DFD38B14FF080502F490860BFF34F8F48
:10E6D000BFF36F8FFEF7FAFE012006B0BDE8F081B0
:10E6E000059818B9FEF7F2FE0020F6E7B8F1000F22
:10E6F00004D101A8FFF746F84FF00108FEF7E6FE47
:10E70000FFF752F9FEF7B8FE94F94400401C10B927
:10E71000002084F8440094F94500401C10B9002002
:10E7200084F84500FEF7D2FE05A901A800F098F98B
:10E73000F0B92046FEF79CFAA0B104F12400059937
:10E74000FFF732F82046FEF784FC00F0A3FD002816
:10E75000A3D14FF080500C490860BFF34F8FBFF337
:10E760006F8F9AE72046FEF774FC00F093FD94E764
:10E770002046FEF76EFC00F08DFD2046FEF778FA8D
:10E7800000288AD00020A8E704ED00E02DE9F05F22
:10E79000064689461746344654B900BF502080F3D8
:10E7A0001188BFF34F8FBFF36F8F00BF00BFFEE72D
:10E7B000B9F1000F01D1206C08B9012000E0002060
:10E7C00050B900BF502080F31188BFF34F8FBFF3C3
:10E7D0006F8F00BF00BFFEE7FEF7FCFE00BF5021B9
:10E7E000EFF3118081F31188BFF34F8FBFF36F8F69
:10E7F00000BF0546D4F838A0BAF1000F22D094F932
:10E8000044B049462046FEF703F8AAF10100A06390
:10E810000BF1010070B9206908B9012000E0002067
:10E8200068B904F1100000F0E9FC40B13FB10120EB
:10E83000386004E00BF1010040B284F844004FF06E
:10E84000010801E04FF0000800BF85F3118800BF08
:10E850004046BDE8F09F00002DE9F34182B0054637
:10E860004FF000082C46002654B900BF502080F31A
:10E870001188BFF34F8FBFF36F8F00BF00BFFEE75C
:10E88000206C08B9012000E0002050B900BF5020E2
:10E8900080F31188BFF34F8FBFF36F8F00BF00BFAE
:10E8A000FEE700F0FFFA08B9039808B9012000E07C
:10E8B000002050B900BF502080F31188BFF34F8F64
:10E8C000BFF36F8F00BF00BFFEE700BFFEF7D4FDB0
:10E8D000A76BFFB1781EA063206810B9FEF7C0FCDB
:10E8E000A060206908B9012000E0002060B904F1AF
:10E8F000100000F083FC38B14FF0805043490860AD
:10E90000BFF34F8FBFF36F8FFEF7E0FD012004B020
:10E91000BDE8F081039898B90EB9012000E000200D
:10E9200050B900BF502080F31188BFF34F8FBFF361
:10E930006F8F00BF00BFFEE7FEF7C8FD0020E6E7CF
:10E94000B8F1000F04D16846FEF71CFF4FF0010834
:10E95000FEF7BCFDFFF728F8FEF78EFD94F94400A2
:10E96000401C10B9002084F8440094F94500401C74
:10E9700010B9002084F84500FEF7A8FD03A96846F9
:10E9800000F06EF840BB2046FEF772F9F0B1206847
:10E9900038B9FEF771FDA06800F0DEFB0646FEF711
:10E9A00095FD04F124000399FEF7FEFE2046FEF7D4
:10E9B00050FB00F06FFC002888D14FF080501349C5
:10E9C0000860BFF34F8FBFF36F8F7FE72046FEF7DE
:10E9D00040FB00F05FFC79E72046FEF73AFB00F0D1
:10E9E00059FC2046FEF744F90028EED05EB1FEF750
:10E9F00043FD2046FDF788FF07463946A068FEF72D
:10EA00000FFFFEF763FD002081E7000004ED00E04A
:10EA10002DE9F04106460F46344654B900BF502058
:10EA200080F31188BFF34F8FBFF36F8F00BF00BF1C
:10EA3000FEE700F031FAA168884204D1E068401C8A
:10EA4000E060012508E039462046FFF705FF05464E
:10EA500015B1E068401CE0602846BDE8F081000088
:10EA600070B505460C4655B900BF502080F311889B
:10EA7000BFF34F8FBFF36F8F00BF00BFFEE754B9E6
:10EA800000BF502080F31188BFF34F8FBFF36F8F0B
:10EA900000BF00BFFEE7FEF7EFFC1248026868689F
:10EAA000131A2068401C08B9002617E00E49286890
:10EAB0000968884204D06868904201D801260DE0B8
:10EAC0002068984207D92068C01A20602846FEF7BF
:10EAD00059FE002602E0002020600126FEF7F6FC29
:10EAE000304670BD14000020280000202DE9FF4FA3
:10EAF00085B0804689461746DDE912ABB800FEF7BF
:10EB000009FB064656B15C20FEF704FB04460CB137
:10EB1000266304E03046FEF7F7FC00E000248CB1E9
:10EB2000002084F85900CDE900ABCDE902403A4617
:10EB300049464046089BFDF77BFF2046FDF7AEFDAA
:10EB4000012501E04FF0FF35284609B0BDE8F08F00
:10EB50002DE9F04F85B00746884691469A46DDE993
:10EB60000EB6109C0EB1012000E0002050B900BF8D
:10EB7000502080F31188BFF34F8FBFF36F8F00BF1A
:10EB800000BFFEE70CB1012000E0002050B900BF3B
:10EB9000502080F31188BFF34F8FBFF36F8F00BFFA
:10EBA00000BFFEE75C20039003985C2801D10120A0
:10EBB00000E0002050B900BF502080F31188BFF35F
:10EBC0004F8FBFF36F8F00BF00BFFEE700BFB4B130
:10EBD000AEB125462C462E63022085F85900002050
:10EBE00004A953464A46CDE900B1CDE90250414659
:10EBF0003846FDF71DFF2846FDF750FD01E00020D7
:10EC00000490049805B0BDE8F08F00002DE9F047AE
:10EC100006460D46174698464FF0010A56B900BF02
:10EC2000502080F31188BFF34F8FBFF36F8F00BF69
:10EC300000BFFEE73446FEF71FFCB8F1000F02D01C
:10EC4000606DC8F8000094F85890022084F85800CD
:10EC5000052F17D2DFE807F01503070B0D00606DD5
:10EC60002843606521E0606D401C60651DE06565BE
:10EC70001BE0B9F1020F01D0656501E04FF0000A19
:10EC800013E012E0606D401C08B9012000E0002094
:10EC900050B900BF502080F31188BFF34F8FBFF3EE
:10ECA0006F8F00BF00BFFEE700BF00BFB9F1010FCB
:10ECB00032D1201DFEF72CFB1A49E06A0968884210
:10ECC00002D91849E06A0860E16A01EB8101164A3D
:10ECD00002EB8100211DFEF771FBA06A08B901203B
:10ECE00000E0002050B900BF502080F31188BFF32E
:10ECF0004F8FBFF36F8F00BF00BFFEE70B49E06A85
:10ED00000968C96A884207D94FF0805008490860ED
:10ED1000BFF34F8FBFF36F8FFEF7D8FB5046BDE8B0
:10ED2000F087000018000020AC0300200000002045
:10ED300004ED00E02DE9F84F07460E46904699464F
:10ED4000DDF828B00120009057B900BF502080F3B3
:10ED50001188BFF34F8FBFF36F8F00BF00BFFEE777
:10ED6000FEF738FC3C4600BF5021EFF3118081F3E1
:10ED70001188BFF34F8FBFF36F8F00BF0546B9F106
:10ED8000000F02D0606DC9F8000094F858A002206E
:10ED900084F85800B8F1050F17D2DFE808F0150322
:10EDA000070B0D00606D3043606521E0606D401C15
:10EDB00060651DE066651BE0BAF1020F01D0666573
:10EDC00001E00020009013E012E0606D401C08B9E3
:10EDD000012000E0002050B900BF502080F31188CE
:10EDE000BFF34F8FBFF36F8F00BF00BFFEE700BFC1
:10EDF00000BFBAF1010F3CD1A06A08B9012000E0C0
:10EE0000002050B900BF502080F31188BFF34F8F0E
:10EE1000BFF36F8F00BF00BFFEE719480068A0B9BD
:10EE2000201DFEF775FA1749E06A0968884202D981
:10EE30001449E06A0860E16A01EB8101124A02EBC1
:10EE40008100211DFEF7BAFA04E004F118010F4811
:10EE5000FEF7B4FA0E49E06A0968C96A884208D91F
:10EE6000BBF1000F02D00120CBF8000001200949BE
:10EE7000086000BF85F3118800BF0098BDE8F88FD7
:10EE80003800002018000020AC03002034080020C7
:10EE9000000000202400002001490868704700009D
:10EEA000000000200549096809B9012005E004496E
:10EEB000096809B9022000E0002070471C0000200A
:10EEC0003800002001490868704700001400002045
:10EED0002DE9F0414FF000084348006800287BD13D
:10EEE00042480068451C4148056015BB4048006821
:10EEF000006808B9012000E0002050B900BF502090
:10EF000080F31188BFF34F8FBFF36F8F00BF00BF37
:10EF1000FEE73748076837480068354908603548D4
:10EF2000076035480068401C33490860FDF7E2FF80
:10EF300000BF3248006885423BD300BF2C480068C0
:10EF4000006808B9012000E0002020B14FF0FF3038
:10EF50002A4908602CE026480068C068C4686668D2
:10EF6000B54202D22548066022E0201DFEF7D0F906
:10EF7000A06A18B104F11800FEF7CAF92049E06A46
:10EF80000968884202D91E49E06A0860E16A01EB1B
:10EF900081011C4A02EB8100211DFEF70FFA1A497C
:10EFA000E06A0968C96A8842C8D34FF00108C5E71A
:10EFB00000BF15480068C06A00EB8000114951F895
:10EFC0002000012801D94FF001081048006808B15D
:10EFD0004FF0010805E0FFE70D480068401C0C49B0
:10EFE00008604046BDE8F081380000201400002091
:10EFF000040000200800002028000020300000202D
:10F0000018000020AC030020000000202400002095
:10F01000200000202DE9F0410746884614461D4691
:10F02000FEF72AFA2148006890F85800022818D004
:10F030001E49096801F15400496DB943016001207E
:10F040001A49096881F858005DB101212846FDF789
:10F05000E7FA4FF0805016490860BFF34F8FBFF3B7
:10F060006F8FFEF733FAFEF707FA1CB10F480068FE
:10F07000406D20600D48006890F85800022801D0CB
:10F08000002608E00949096801F15400496D21EAA8
:10F0900008010160012600200449096881F8580030
:10F0A000FEF714FA3046BDE8F081000000000020B1
:10F0B00004ED00E070B505462C460026002D43D037
:10F0C00022480068844201D1012000E0002050B9AC
:10F0D00000BF502080F31188BFF34F8FBFF36F8FB5
:10F0E00000BF00BFFEE7206D50B900BF502080F385
:10F0F0001188BFF34F8FBFF36F8F00BF00BFFEE7D4
:10F10000206D401E2065E16CE06A88421CD0206DB5
:10F11000D0B9201DFEF7FCF8E06CE062E06AC0F1B7
:10F120003800A0610A49E06A0968884202D90849A2
:10F13000E06A0860E16A01EB8101064A02EB8100A6
:10F14000211DFEF73BF90126304670BD000000206E
:10F1500018000020AC03002070B505462C460026A0
:10F16000002D42D02249E06A0968C96A884235D236
:10F17000A06900F0004028B91D480068C06AC0F1CD
:10F180003800A061E16A01EB81011A4A02EB8101BA
:10F190006069884201D1012000E00020C0B1201D3B
:10F1A000FEF7B6F812480068C06AE0621249E06AE9
:10F1B0000968884202D91049E06A0860E16A01EBF7
:10F1C00081010C4A02EB8100211DFEF7F7F803E0F4
:10F1D00007480068C06AE062012606E00449E06C66
:10F1E0000968C96A884200D20126304670BD000015
:10F1F00000000020AC0300201800002070B5064677
:10F20000F068C46854B900BF502080F31188BFF380
:10F210004F8FBFF36F8F00BF00BFFEE704F11800F0
:10F22000FEF776F815480068A0B9201DFEF770F8C3
:10F230001349E06A0968884202D91149E06A086006
:10F24000E16A01EB81010F4A02EB8100211DFEF70B
:10F25000B5F804E004F118010B48FEF7AFF80B49CC
:10F26000E06A0968C96A884204D901250120084971
:10F27000086000E00025284670BD0000380000202E
:10F2800018000020AC0300203408002000000020FB
:10F290002400002070B5002400263648006850B9CC
:10F2A00000BF502080F31188BFF34F8FBFF36F8FE3
:10F2B00000BF00BFFEE7FEF7DFF82E480068401EE3
:10F2C0002C4908600846006800284ED12A4800688A
:10F2D00000284AD023E02948C068C46804F1180017
:10F2E000FEF716F8201DFEF713F82549E06A0968B5
:10F2F000884202D92249E06A0860E16A01EB810193
:10F30000204A02EB8100211DFEF758F81E49E06AF1
:10F310000968C96A884202D301201C49086017485D
:10F32000006808B9012000E000200028D3D00CB10B
:10F33000FDF7E0FD1648056865B100BFFFF7C8FDA1
:10F3400010B10120114908606D1E002DF6D100207A
:10F350000F4908600D48006838B1012630070D4993
:10F360000860BFF34F8FBFF36F8FFEF7AFF83046E3
:10F3700070BD00003800002010000020340800207C
:10F3800018000020AC030020000000202400002012
:10F390002000002004ED00E02DE9FC4705460E4664
:10F3A00017469846DDF828902C20FDF7B3FE04465A
:10F3B00054B1002084F8280043463A463146284696
:10F3C000CDE90094FDF793FB2046BDE8FC872DE9CD
:10F3D000FC4706460F4690469946DDE90AA52C20D3
:10F3E000019001982C2801D1012000E0002050B9A3
:10F3F00000BF502080F31188BFF34F8FBFF36F8F92
:10F4000000BF00BFFEE700BF55B900BF502080F32A
:10F410001188BFF34F8FBFF36F8F00BF00BFFEE7B0
:10F420002C4654B1022084F828004B464246394607
:10F430003046CDE900A4FDF75AFB2046BDE8FC8725
:10F4400010B586B00024FDF785F916480068D0B1E4
:10F4500000200590049003AA04A905A8FDF778FFF1
:10F460000222DDE904100023CDE9002102900EA163
:10F470000F48039AFFF76CFB0E49086008460068C6
:10F4800000B1012400BF54B900BF502080F311889F
:10F49000BFF34F8FBFF36F8F00BF00BFFEE7204663
:10F4A00006B010BD44000020546D722053766300F6
:10F4B00039D00408480000202DE9FF4704460D46D6
:10F4C00016461F46DDF830804FF0000954B900BFE2
:10F4D000502080F31188BFF34F8FBFF36F8F00BFB1
:10F4E00000BFFEE71448006810B30095019602942F
:10F4F000062D15DAFFF7D6FC022808D10023424674
:10F5000069460D480068FEF7A7FE814610E000231B
:10F510001A46694608480068FEF79EFE814607E0E5
:10F5200000233A46694604480068FEF769FF8146B1
:10F53000484604B0BDE8F0874400002070B504469A
:10F54000264654B900BF502080F31188BFF34F8F77
:10F55000BFF36F8F00BF00BFFEE7FDF78DFF96F88A
:10F56000280000F0010008B9002500E00125FDF7A2
:10F57000ADFF284670BD81F00041704780F000402B
:10F58000704721F00041704720F0004070470000B4
:10F5900021F00042A2F16052B2F5801F01F0004359
:10F5A00028BFD2F17F6C0BD95FEA001C43EAC2028C
:10F5B00042EB507018BF704728BF20F00100704721
:10F5C000B2F5801FBCBF184670474FEA410C1CF5CE
:10F5D000001F02D2084600F089BD70B500F090FB14
:10F5E00000000089FFF7F6BF4FF00040A0F5800053
:10F5F0007047000010B591EA030F48BF83F0004345
:10F6000000F11C84841A71EB030C05D2121943EB30
:10F610000C03001B61EB0C01DFF824E14FEA1154ED
:10F62000A4EB135C1EEA430F18BF9EEA445F73D03D
:10F6300023EA0E03DCF1200E21EA045143F4801387
:10F6400032D322FA0CFE10EB0E0023FA0CFE41EB33
:10F650000E01CCF1200E03FA0EFE10EB0E0051F15C
:10F660000001B1F5801FCCF1200E32D201EB045124
:10F6700012FA0EF2BDE8104058BF7047401C38BF68
:10F680005FEA420218BF7047002814BF20F0010053
:10F6900041F100014FEA410313F5001F38BF7047E5
:10F6A000A1F1C04100F07ABB012A43EB0302ACF1A7
:10F6B000200CDCF11F0E32BF4FF0000E23FA0CF3CA
:10F6C00010EB030041EB0451B4EB115FD0D0A1EB80
:10F6D000045101F5801149085FEA300001EB045143
:10F6E0000ED350F1000038BF12FA0EFE08D1BDE86B
:10F6F0001040C9E7401C38BF5FEA4202CAD1C3E7E5
:10F70000BDE810404FEA410313F5001F38BF7047B2
:10F71000A1F1C04100F042BB9EEA445F08D011EA6B
:10F720005E0FBDE8104004BF01F0004100207047AB
:10F73000BDE8104070B500F0E3FA00BF64FBBE3EC8
:10F740000000E0FF491058BFC1F140415B1058BFB5
:10F75000C3F140438B42EFF3008070472DE9C04175
:10F7600030B4DFF8A0C23CEA111418BF3CEA13140D
:10F7700000F0EC8081EA03051CEA111444EAD57418
:10F7800018BF1CEA131500F0C780A4EB05044FF066
:10F79000004545EAC12145EAC32341EA505143EA05
:10F7A000525304F17F74994204F500344FEAC020AB
:10F7B0004FEAC22208BF904200F09C804FEA1365D6
:10F7C0000FF24016765D4FEA134506FB05F7C7F1C9
:10F7D000807706FB07F74FEAD737A7FB0368764227
:10F7E000C8F58038A7FB06CE38BFA8F1010807FB93
:10F7F00008E64FF0000EA6FB028CE6FB03CEDCF120
:10F80000000CCEF1004E38BFAEF1010EA6FB0C5835
:10F810004FF000074FF00005E6FB0E87A1FB08C67E
:10F82000A0FB07CE16EB0E0645F10005E1FB0765D0
:10F8300015F1E04E7EBFA4F580345FEA46066D41C7
:10F8400016F1800745F100054FEA17274FEA0666D3
:10F8500047EA0567A6F1DE46B6F1805F4FEA152557
:10F860001FD9384624F0010C05EBC471BCF1FE6FC2
:10F8700001EB0C1102D8F0BCBDE8008124425CBF52
:10F8800001F5801E9EEAC47F02D4F0BCBDE8008171
:10F89000244238D4F0BCA1F1C041BDE8004100F0E1
:10F8A0007DBA4FEAD22242EA43524FEAD323A7FB62
:10F8B00002864FEAD02040EA415007FB03661EEA69
:10F8C0000E0F4FEAD12105FB026658BFA6EB00568A
:10F8D000B6EB00564FEA520E4EEAC37E18EB0E0E00
:10F8E00056EB530EBDD518EB02085E417F1C55F157
:10F8F0000005B6E74FF480154FF000074FF0000603
:10F900004FF00008ADE7F0BC4FF0000001F1C0413E
:10F9100001F00041BDE8008111EA0C1F0CEA13154B
:10F9200000D00CE013EA0C1F00F025804FF000001F
:10F93000F0BC81EA030101F00041BDE80081F0BCA8
:10F94000BDE8004181EA030100F028BAF0BCBDE83F
:10F95000004170B500F0D4F9097EFC3E00F007B814
:10F9600081EA03014FF0000001F00041704781EA95
:10F97000030100F013BAF0BCBDE800414FF00000F5
:10F9800021497047FFFDFBF9F7F5F4F2F0EEEDEBDE
:10F99000E9E8E6E4E3E1E0DEDDDBDAD8D7D5D4D38D
:10F9A000D1D0CFCDCCCBCAC8C7C6C5C4C2C1C0BFD9
:10F9B000BEBDBCBBBAB9B8B7B6B5B4B3B2B1B0AFDF
:10F9C000AEADACABAAA9A8A8A7A6A5A4A3A3A2A1C3
:10F9D000A09F9F9E9D9C9C9B9A999998979796957E
:10F9E00095949393929191908F8F8E8E8D8C8C8B1A
:10F9F0008B8A8989888887878685858484838382A2
:10FA0000828181800000FF070000F87F51EA030C2B
:10FA100017D41CF5801F58BFBCF5801F00F106806D
:10FA2000994218BF704708BF9042704707D711F539
:10FA3000801F58BF13F5801F19D49942704789421F
:10FA400070471CF5801F08D5BCF5801FF7D58B4289
:10FA500018BF704708BF824270474FF4001C1CEB70
:10FA6000410F38BF1CEB430F01D28B42704770B57A
:10FA700000F046F9922449004FF000514FF08053B6
:10FA8000FFF760BE4FEA1153A3F58063D3F11E0365
:10FA9000A8BFD3F1200C08DB4FF0004242EAC1229C
:10FAA00052EA505232FA03F0704709420BD4102B3D
:10FAB000C4BF0020704703F5787CBCF1FF3F05D040
:10FAC0004FF0FF3070474FF00000704770B500F006
:10FAD00017F900BF4992248000207047F0E710F02A
:10FAE000004248BF4042B0FA80F310FA03F10AD056
:10FAF000C3F11D0303F580634FEA415002EB03524B
:10FB000002EBD12170474FF000007047B0FA80F34C
:10FB100010FA03F10AD0C3F11D0303F580634FEA25
:10FB200041504FEA035202EBD12170474FF00000E1
:10FB30007047000051EA030C17D41CF5801F58BF12
:10FB4000BCF5801F00F10680994218BF704708BFBE
:10FB50009042704707D711F5801F58BF13F5801FDB
:10FB600019D499427047894270471CF5801F08D507
:10FB7000BCF5801FF7D58B4218BF704708BF824283
:10FB800070474FF4001C1CEB410F38BF1CEB430FB8
:10FB900001D28B42704770B500F0B2F89224490050
:10FBA0004FF000514FF08053FFF7CCBDDFF848C154
:10FBB00070B51CEA111E1EBF1CEA13159EEA0C0F3D
:10FBC00095EA0C0F00F06F8081EA030423EA4C13DE
:10FBD0004EEAD47E21EA4C1141F4801143F48013A3
:10FBE000AE44A1FB024CA0FB0365AEF17F7E36194B
:10FBF00055EB0C05A1FB034C4CF10003A0FB021CD0
:10FC000016EB0C06654153F10003094218BF46F09C
:10FC1000010613F4007F0BD14FEA03314FEA0530A0
:10FC2000340341EA155140EA16506FF003020AE02E
:10FC30004FEAC3214FEAC520F40241EA555140EA98
:10FC400056506FF0020202EB2E4201EB025585EA9C
:10FC5000CE710AD05FEA440C18BF24F0004450F182
:10FC6000000041F1000120EAD47040F2FE7C6245C0
:10FC700000D270BDA84214BF4FF080444FF0404402
:10FC8000002E08BF0024BEF1806FA8BFA1F1C041C3
:10FC9000BDE8704080F282804FF0000001F1C04169
:10FCA00001F0004170479EEA0C0F0CEA131518BFD3
:10FCB00095EA0C0F06D04FF0000081EA030E0EF01B
:10FCC000004170BD00F01CF88900013E00F007B84B
:10FCD00000F009B84FEA430C5FEA5C5C08D081EAA7
:10FCE000030100F05BB84FEA410C5FEA5C5CF6D1BF
:10FCF0004FF00000014970470000FF070000F87F47
:10FD00000EF1020E2EF0030E5EF8046B364205D49F
:10FD1000012A43EB030515F5001F12D8012841EB1A
:10FD2000010C1CF5001F0CD80ED14FEAD17C15F543
:10FD3000001F0CEB4C0C0CF1020C08BF4CEBD37CFD
:10FD400004E04FF0080C01E04FEAD37C0CEB4C05CB
:10FD500026FA05F606F00706B6F1040C06D20EEBFD
:10FD6000860CBDE870404CF0010C6047DFE80CF0F9
:10FD7000090B02024FF000414FF00000A1F50021F5
:10FD800070BD19461046012851EB010418BFD4F587
:10FD9000001484BF002001F0004170BD0808A0F5E8
:10FDA00000114FEA3101704753EA010C17D41CF5DA
:10FDB000801F58BFBCF5801F00F106808B4218BF22
:10FDC000704708BF8242704707D713F5801F58BF9E
:10FDD00011F5801F19D48B4270479B4270471CF568
:10FDE000801F08D5BCF5801FF7D5994218BF704712
:10FDF00008BF904270474FF4001C1CEB430F38BF04
:10FE00001CEB410F01D2994270470FB40CBC03BCEC
:10FE1000FFF7C1BE91EA030F10B581F000413FF535
:10FE2000F1AB83F0004300F009B8000010B591EA8F
:10FE3000030F48BF83F000433FF5E4AB841A71EB36
:10FE4000030C07D212198CF0004C43EB0C03001B7F
:10FE500061EB0C01DFF8A4E14FEA1154A4EB135C51
:10FE60001EEA430F18BF9EEA445F00F0B08023EA09
:10FE70006E03524221EA0451C3EB6E0338BF5B1E8E
:10FE8000DCF1200E25D322FA0CFE10EB0E0043FA13
:10FE90000CFE41EB0E01CCF1200E03FA0EFE10EB2E
:10FEA0000E0051F10001CCF1200E29D412FA0EF20D
:10FEB00001EB0451BDE8104058BF7047401C1CBF07
:10FEC000B2F1004F704700280CBF491C20F0010020
:10FED000704712EB020E43EB030218BF4FF0010E06
:10FEE0004EEA4202ACF1200CDCF11E0E54D943FA6A
:10FEF0000CFE10EB0E0051F1FF31CCF11E0ED5D5EA
:10FF00000EF1010E12FA0EFE404141EB010101EB30
:10FF1000445C5FEA5C5C10D910EBDE7001EB0451CD
:10FF200038BFBEF1004FBDE8104018BF7047002831
:10FF30000CBF491C20F00100704730D24FEAD42C8E
:10FF400011F5001124F400641BD0B1FA81F20B3AD0
:10FF5000A41AA41ED2F12003914030FA03F31943EE
:10FF6000904001EBCC71002C01EB0451BDE8104036
:10FF7000A8BF704701F1C0414FF0000001F00041FF
:10FF80007047B0FA80F310FA03F100D110BDE41A03
:10FF9000173C4805C90AE4E701EB045110BD4910BC
:10FFA00001EB0451BDE810404FEA300002E04FF091
:10FFB000000170474A0008BF0042F8D0B2F5001FA8
:10FFC00028BF704701F000414FF0000070479EEAE3
:10FFD000445F07D011EA5E0FBDE8104004BF002166
:10FFE00000207047BDE8104070B5FFF789FE00BFE4
:10FFF00040DFF63E83F00041104670470000E0FF0E
:020000040805ED
:1000000043004FEAD30C4FEA3C0C43401FBF40076C
:100010000CF1605113F0FE4F70471CF0006F03D1DC
:1000200000200CF0004170470CF0004343EA507090
:1000300010B540EACC0000F00EF800BF00000092BE
:100040004FEA0001FFF7AABE4FF000414FF0000059
:10005000A1F5002170470EF1020E2EF0030E5EF89E
:10006000044B244204D44FEA4102B2F17F4F11D82D
:100070004FEA4003B3F17F4F0CD80ED14FEAD07C4A
:10008000B2F17F4F0CEB4C0C0CF1020C08BF4CEBA7
:10009000D17C04E04FF0080C01E04FEAD17C0CEB7E
:1000A0004C0324FA03F404F00704B4F1040C06D260
:1000B0000EEB840CBDE810404CF0010C6047DFE80B
:1000C0000CF0070802024FF00040A0F5800010BDC0
:1000D0000846420018BFD2F1807288BF00F000408D
:1000E00010BD4FF04070E1EE100A7047FF2141EA69
:1000F000D050C005704700C1814001C0804101C09F
:10010000804100C1814001C0804100C1814000C1E7
:10011000814001C0804101C0804100C1814000C1D7
:10012000814001C0804100C1814001C0804101C0C7
:10013000804100C1814001C0804100C1814000C1B7
:10014000814001C0804100C1814001C0804101C0A7
:10015000804100C1814000C1814001C0804101C097
:10016000804100C1814001C0804100C1814000C187
:10017000814001C0804101C0804100C1814000C177
:10018000814001C0804100C1814001C0804101C067
:10019000804100C1814000C1814001C0804101C057
:1001A000804100C1814001C0804100C1814000C147
:1001B000814001C0804100C1814001C0804101C037
:1001C000804100C1814001C0804100C1814000C127
:1001D000814001C0804101C0804100C1814000C117
:1001E000814001C0804100C1814001C0804101C007
:1001F000804100C1814000C0C101C30302C2C606E4
:1002000007C705C5C404CC0C0DCD0FCFCE0E0ACA4E
:10021000CB0BC90908C8D81819D91BDBDA1A1EDE9E
:10022000DF1FDD1D1CDC14D4D515D71716D6D2124E
:1002300013D311D1D010F03031F133F3F23236F65E
:10024000F737F53534F43CFCFD3DFF3F3EFEFA3A0E
:100250003BFB39F9F83828E8E929EB2B2AEAEE2E9E
:100260002FEF2DEDEC2CE42425E527E7E62622E20E
:10027000E323E12120E0A06061A163A3A26266A65E
:10028000A767A56564A46CACAD6DAF6F6EAEAA6ACE
:100290006BAB69A9A86878B8B979BB7B7ABABE7E1E
:1002A0007FBF7DBDBC7CB47475B577B7B67672B2CE
:1002B000B373B17170B0509091519353529296565E
:1002C0005797559594549C5C5D9D5F9F9E5E5A9A8E
:1002D0009B5B99595898884849894B8B8A4A4E8E1E
:1002E0008F4F8D4D4C8C448485458747468682428E
:1002F000438341818040102840587088A0B8000096
:1003000000000404040000080000000800000800C9
:1003100000000800020406080A0C0001020304059C
:1003200006102840587088A0B8000000000404049B
:10033000000008000000080000080000000800029B
:100340000406080A0C0001020304050610284058A0
:100350007088A0B800000000040404000008000039
:1003600000080000080000000800020406080A0C4B
:100370000001020304050600102840587088A0B848
:100380000000000004040400000800000008000051
:10039000080000000800020406080A0C000102031D
:1003A000040506000000000000000000000000003E
:1003B000000058025802580258025802C800580259
:1003C0005802580258029001580258025802580226
:1003D0005802900158025802580258025802580216
:1003E00000000000000000005802000000000000B3
:1003F00000000000000000000000000000000000FD
:100400000000000000000000580258025802580284
:100410005802580258025802580220035802580243
:100420005802580258025802000000000000000064
:100430000700000004000000E3A40408000000001E
:100440000800000080000000E3A404080000000091
:100450000900000008000000E3A4040800000000F8
:100460000B00000010000000E3A4040800000000DE
:100470000A00000020000000E3A4040800000000BF
:100480000C00000040000000E3A40408000000008D
:100490002200000001000000E3A4040800000000A6
:1004A0000500000000020000E3A4040800000000B2
:1004B0000200000000050000E3A4040800000000A2
:1004C0000300000002000000E3A404080000000094
:1004D0000400000002100000E3A404080000000073
:1004E0000600000000400000E3A404080000000033
:1004F0002400000000200000E3A404080000000025
:1005000000000000000000000000000000000000EB
:1005100000000000000000000000000000000000DB
:1005200000000000000000000000000000000000CB
:1005300000000000000000000000000000000000BB
:1005400000000000000000000000000000000000AB
:10055000000000000000000000000000000000009B
:10056000000000000000000000000000000000008B
:100570000700000004000000E3A404087C01000060
:100580000800000080000000E3A404087C010000D3
:100590000900000008000000E3A404087C0100003A
:1005A0000B00000010000000E3A40408C8000000D5
:1005B0000A00000020000000E3A404087C01000001
:1005C0000C00000040000000E3A4040864000000E8
:1005D0002200000001000000E3A40408F401000070
:1005E0000500000000020000E3A40408F40100007C
:1005F0000200000000050000E3A40408F40100006C
:100600000300000002000000E3A404087C010000D5
:100610000400000002100000E3A404087C010000B4
:100620000600000000400000E3A40408F4010000FC
:100630002400000000200000E3A40408F4010000EE
:1006400000000000000000000000000000000000AA
:10065000000000000000000000000000000000009A
:10066000000000000000000000000000000000008A
:10067000000000000000000000000000000000007A
:10068000000000000000000000000000000000006A
:10069000000000000000000000000000000000005A
:1006A000000000000000000000000000000000004A
:1006B0000700000004000000E3A40408000000009C
:1006C0000800000080000000E3A40408000000000F
:1006D0000900000008000000E3A404080000000076
:1006E0000B00000010000000E3A40408000000005C
:1006F0000A00000020000000E3A40408000000003D
:100700000C00000040000000E3A40408000000000A
:100710002200000001000000E3A404080000000023
:100720000500000000020000E3A40408000000002F
:100730000200000000050000E3A40408000000001F
:100740000300000002000000E3A404080000000011
:100750000400000002100000E3A4040800000000F0
:100760000600000000400000E3A4040800000000B0
:100770002400000000200000E3A4040800000000A2
:100780000000000000000000000000000000000069
:100790000000000000000000000000000000000059
:1007A0000000000000000000000000000000000049
:1007B0000000000000000000000000000000000039
:1007C0000000000000000000000000000000000029
:1007D0000000000000000000000000000000000019
:1007E0000000000000000000000000000000000009
:1007F0000700000004000000E3A40408000000005B
:100800000800000080000000E3A4040800000000CD
:100810000900000008000000E3A404080000000034
:100820001600000010000000E3A40408000000000F
:1008300017000000010000006BA404080000000085
:100840000F00000020000000E3A4040800000000E6
:100850002000000001000000E3A4040800000000E4
:100860001A00000060000000E3A40408000000007B
:100870001F000000020000006BA40408000000003C
:100880000200000000010000E3A4040800000000D2
:100890000300000002000000E3A4040800000000C0
:1008A0000400000002100000E3A40408000000009F
:1008B0000600000000400000E3A40408000000005F
:1008C0002400000000200000E3A404080000000051
:1008D0000000000000000000000000000000000018
:1008E0000000000000000000000000000000000008
:1008F00000000000000000000000000000000000F8
:1009000000000000000000000000000000000000E7
:1009100000000000000000000000000000000000D7
:1009200000000000000000000000000000000000C7
:100930000700000004000000E3A404080000000019
:100940000800000080000000E3A40408000000008C
:100950000900000008000000E3A4040800000000F3
:100960001700000010000000E3A4040800000000CD
:100970001900000020000000E3A4040800000000AB
:100980001100000040000000E3A404080000000083
:100990000200000000050000E3A4040800000000BD
:1009A0002200000001000000E3A404080000000091
:1009B0000500000000020000E3A40408000000009D
:1009C0000300000002000000E3A40408000000008F
:1009D0000400000002100000E3A40408000000006E
:1009E0000600000000400000E3A40408000000002E
:1009F0002400000000200000E3A404080000000020
:100A000000000000000000000000000000000000E6
:100A100000000000000000000000000000000000D6
:100A200000000000000000000000000000000000C6
:100A300000000000000000000000000000000000B6
:100A400000000000000000000000000000000000A6
:100A50000000000000000000000000000000000096
:100A60000000000000000000000000000000000086
:100A70000700000004000000E3A4040800000000D8
:100A80000800000080000000E3A40408000000004B
:100A90000900000008000000E3A4040800000000B2
:100AA0001700000010000000E3A40408000000008C
:100AB0001900000020000000E3A40408000000006A
:100AC0001100000040000000E3A404080000000042
:100AD0000100000001000000E3A404080000000081
:100AE0000200000000010000E3A404080000000070
:100AF0000500000000020000E3A40408000000005C
:100B00000300000002000000E3A40408000000004D
:100B10000400000002080000E3A404080000000034
:100B20000600000000400000E3A4040800000000EC
:100B300000000000000000000000000000000000B5
:100B400000000000000000000000000000000000A5
:100B50000000000000000000000000000000000095
:100B60000000000000000000000000000000000085
:100B70000000000000000000000000000000000075
:100B80000000000000000000000000000000000065
:100B90000000000000000000000000000000000055
:100BA0000000000000000000000000000000000045
:100BB0000700000002000000E3A404080000000099
:100BC0000800000010000000E3A40408000000007A
:100BD0000900000080000000E3A4040800000000F9
:100BE0003D00000004000000E3A404080000000031
:100BF0003E00000020000000E3A404080000000004
:100C00003F00000040000000E3A4040800000000D2
:100C10004000000000800000E3A404080000000081
:100C20004100000000000100E3A4040800000000EF
:100C30002200000000200000E3A4040800000000DF
:100C40000200000008030000E3A404080000000004
:100C50000300000001000000E3A4040800000000FD
:100C60000400000000100000E3A4040800000000DD
:100C70000600000000400000E3A40408000000009B
:100C80002400000000080000E3A4040800000000A5
:100C90000500000000040000E3A4040800000000B8
:100CA0000000000000000000000000000000000044
:100CB0000000000000000000000000000000000034
:100CC0000000000000000000000000000000000024
:100CD0000000000000000000000000000000000014
:100CE0000000000000000000000000000000000004
:100CF0000700000004000000E3A404080000000056
:100D00000800000080000000E3A4040800000000C8
:100D10000900000008000000E3A40408000000002F
:100D20001800000010000000E3A404080000000008
:100D30001000000020000000E3A4040800000000F0
:100D40001400000040000000E3A4040800000000BC
:100D50000100000001000000E3A4040800000000FE
:100D60000200000000010000E3A4040800000000ED
:100D70000300000002000000E3A4040800000000DB
:100D80000400000002100000E3A4040800000000BA
:100D90000600000000000200E3A4040800000000B8
:100DA0000000000000000000000000000000000043
:100DB0000000000000000000000000000000000033
:100DC0000000000000000000000000000000000023
:100DD0000000000000000000000000000000000013
:100DE0000000000000000000000000000000000003
:100DF00000000000000000000000000000000000F3
:100E000000000000000000000000000000000000E2
:100E100000000000000000000000000000000000D2
:100E200000000000000000000000000000000000C2
:100E30000700000004000000E3A404080000000014
:100E40000800000080000000E3A404080000000087
:100E50000900000008000000E3A4040800000000EE
:100E60001600000010000000E3A4040800000000C9
:100E70001700000020000000E3A4040800000000A8
:100E80000F00000040000000E3A404080000000080
:100E90002200000001000000E3A40408000000009C
:100EA0000200000000050000E3A4040800000000A8
:100EB0000500000000020000E3A404080000000098
:100EC0000300000002000000E3A40408000000008A
:100ED0000400000002100000E3A404080000000069
:100EE0000600000000400000E3A404080000000029
:100EF0002400000000000200E3A404080000000039
:100F000000000000000000000000000000000000E1
:100F100000000000000000000000000000000000D1
:100F200000000000000000000000000000000000C1
:100F300000000000000000000000000000000000B1
:100F400000000000000000000000000000000000A1
:100F50000000000000000000000000000000000091
:100F60000000000000000000000000000000000081
:100F70000700000004000000E3A4040800000000D3
:100F80000800000080000000E3A404080000000046
:100F90000900000008000000E3A4040800000000AD
:100FA0001700000010000000E3A404080000000087
:100FB0001100000020000000E3A40408000000006D
:100FC0000C00000040000000E3A404080000000042
:100FD0002200000001000000E3A40408000000005B
:100FE0000200000000050000E3A404080000000067
:100FF0000500000000020000E3A404080000000057
:101000000300000002000000E3A404080000000048
:101010000400000002100000E3A404080000000027
:101020000600000000400000E3A4040800000000E7
:101030002400000000200000E3A4040800000000D9
:1010400000000000000000000000000000000000A0
:101050000000000000000000000000000000000090
:101060000000000000000000000000000000000080
:101070000000000000000000000000000000000070
:101080000000000000000000000000000000000060
:101090000000000000000000000000000000000050
:1010A0000000000000000000000000000000000040
:1010B000F012050800000000000000000000000021
:1010C0000000000000020000180000000000000006
:1010D00000000000D8120508000000000000000019
:1010E00000000000000000000004000018000000E4
:1010F0000000000000000000BC1205080000000015
:1011000000000000000000000000000000040000DB
:10111000200000000000000000000000E4120508AC
:1011200000000000000000000000000000000000BF
:10113000000400003000000000000000000000007B
:10114000C8120508000000000000000000000000B8
:101150000000000000020000080000000000000085
:10116000000000002013050800000000000000003F
:10117000000000000013050800000000000000004F
:10118000000000001013050800000000000000002F
:1011900000000000341305080000000000000000FB
:1011A00000000000401305080000000000000000DF
:1011B000000000002C1305080000000000000000E3
:1011C00000000000A0120508000000000000000060
:1011D00000000000A8120508000000000000000048
:1011E00000000000B412050800000000000000002C
:1011F00000000000102840587088A0B800000000CF
:1012000004040400000800000008102840587088FA
:10121000A0B80000102840587088A0B80000000056
:1012200000000000000000000000000000000000BE
:1012300000000000000000000000000001020304A4
:10124000060708090000000001020304040000086A
:10125000000000000000000200010000100000007B
:1012600004FA97999999D93FAF788E1DC571CC3FF3
:101270009FC678D0099AC33F935555555555E53FBC
:10128000599322942449D23FDE03CB966446C73F4C
:1012900044523EDF12F1C23F000000000000000097
:1012A0005556646174610000486F73744D626461E7
:1012B00074610000486F744D7367000050726F6373
:1012C0005461736B00000000537469724374726C54
:1012D0005461736B0000000054656D705461736B52
:1012E00000000000734D6F646275735461736B008E
:1012F00044617461436F6C6C6563745461736B001B
:10130000486F74486F6C6454696D6572000000002A
:101310005265706F72745374657054696D657200B4
:101320004D6F746F7254696D65720000436F6D6D1F
:10133000335278006F734144534D757465780000E3
:1013400054656D70446174614D757465780000007A
:1013500070130508000000206C030000C40104089D
:10136000401405086C0300202C9D00002002040896
:1013700001741AAA01D1041210014002290232118B
:1013800036D9B20408043689B104080336FDB00426
:101390000810368FB404080636BDB30408171A15B2
:1013A00028320136A3AF0408051A4D18320F1AFF70
:1013B0000829721A513832661A212032671A011828
:1013C000012A295A2906590216459EB35C011B20A1
:1013D00050A1291A12AA1A0F0845D0078813031220
:1013E000C8AF0316803F093618237A442B204008E3
:1013F00013A0631C206062049908013C9B60090CE7
:101400000212EA134C021B204D041A4E041A4F0418
:101410001988124112482B40C89E041290A0B013A4
:10142000B80B1B1401AC016E05162D8A040819B007
:10143000390401361B0C70F45324F43210320100CD
:040000050804018961
:00000001FF
