:020000040804EE
:1000000080A0002031030408BF5E0408FD2D040811
:100010009D5E04089F0B0408D9AA04080000000094
:100020000000000000000000000000007102040851
:10003000F915040800000000CD020408D59D04084D
:100040004B030408A16604084B0304084B0304088F
:100050004B0304084B0304084B0304084B03040838
:100060004B0304084B0304084B0304084B03040828
:10007000811104084B030408F11104084B03040820
:100080004B0304084B0304084B0304084B03040808
:100090004B0304084B0304084B0304084B030408F8
:1000A0004B0304084B030408199F04084B0304087E
:1000B0004B0304084B0304084B0304084B030408D8
:1000C0004B0304084B0304084B0304084B030408C8
:1000D0004B03040815A804084B03040855A804089A
:1000E0004B0304084B0304084B0304084B030408A8
:1000F0004B030408219F04084B0304084B03040826
:100100004B0304084B0304084B0304084B03040887
:100110004B0304084B0304084B0304081D9F040809
:100120008D120408CD1304084B0304084B03040884
:100130004B0304084B0304084B0304084B03040857
:100140004B0304084B0304084B0304084B03040847
:100150004B0304083D1404084B030408B5A8040825
:100160004B0304084B0304084B0304084B03040827
:100170004B0304084B0304084B0304080000000071
:100180004B0304084B03040800F002F800F061F888
:100190000AA090E8000C82448344AAF10107DA45E2
:1001A00001D100F056F8AFF2090EBAE80F0013F0D3
:1001B000010F18BFFB1A43F0010318476413010035
:1001C000841301000A444FF0000C10F8013B13F0B7
:1001D000070408BF10F8014B1D1108BF10F8015BA0
:1001E000641E05D010F8016B641E01F8016BF9D193
:1001F00013F0080F1EBF10F8014BAD1C0C1B09D1EA
:100200006D1E58BF01F801CBFAD505E014F8016B5B
:1002100001F8016B6D1EF9D59142D6D370470000ED
:100220000023002400250026103A28BF78C1FBD8FF
:10023000520728BF30C148BF0B607047642900F0E7
:100240005981002070471FB510F03DF81FBD10B553
:1002500010BD00F0E1FA1146FFF7F5FF0BF0E2FEEA
:1002600000F0FFFA03B4FFF7F2FF03BC0AF034FF1B
:100270002C4B19680868B0E8F04F80F30988BFF389
:100280006F8F4FF0000080F311887047000000006E
:1002900008480068006880F308884FF0000080F389
:1002A000148862B661B6BFF34F8FBFF36F8F00DF64
:1002B00000BF00BF08ED00E0DFF80C00016841F46A
:1002C00070010160704700BF88ED00E0EFF3098026
:1002D000BFF36F8F134B1A681EF0100F08BF20ED8D
:1002E000108A20E9F04F106009B44FF0500080F3FD
:1002F0001188BFF34F8FBFF36F8F0DF04FFC4FF09E
:10030000000080F3118809BC19680868B0E8F04F54
:100310001EF0100F08BFB0EC108A80F30988BFF3FD
:100320006F8F704700000020EFF3058070470000DA
:100330000948804709480047FEE7FEE7FEE7FEE779
:10034000FEE7FEE7FEE7FEE7FEE7FEE704480549B5
:10035000054A064B70470000F99E0408890104080D
:100360008078002080A000208098002080980020C5
:1003700053EA020C00F069802DE9F04B4FF00006C3
:10038000002B1FBFB3FA83F503FA05F424FA05F630
:100390005E4012BF1643B2FA82F502FA05F4C5F1C7
:1003A00020051EBF22FA05FC44EA0C04203556EA5B
:1003B000044C4FEA144418BF641C4FF000084FF07F
:1003C0000009904271EB030C39D3002919BFB1FA2F
:1003D00081F701FA07F6B0FA80F700FA07F6C7F1DD
:1003E00020071EBF20FA07FC46EA0C062037B6FBA2
:1003F000F4FCA7EB0507103F07F01F0BCBF120061D
:100400000CFA0BFB2CFA06F644BFB3460026202F4D
:10041000A4BF5E464FF0000B5BEA060C08BF4FF02E
:10042000010B19EB0B09ABFB027C48EB0608C01B68
:1004300006FB02CC0BFB03CC71EB0C01C1E70B46B6
:10044000024641464846BDE8F08B13B54FF0000028
:100450004FF00001AFF30080BDE81C407047000082
:100460000FB41CB5084B06AA7B446946009005985A
:1004700000F0B1F904460020694600F0BFF92046BB
:100480001CBC5DF814FB0000910300002DE9F04155
:100490000E460446002020622046E168884730B3BB
:1004A000252805D0D4E901219047206A401CF2E7B5
:1004B000E168204600278847050018D0A5F14100D3
:1004C000192802D820354FF40067324629462046C5
:1004D0002760FFF7B3FE40B1012804D0F61D26F0D7
:1004E00007060836D8E7361DD6E72846DAE7206A39
:1004F000BDE8F0812DE9F041064600241068752919
:10050000314616A510D0AFF30080002802DA404231
:1005100013A507E031688A0701D512A502E0490753
:1005200004D511A5012401E0AFF3008000210A22C7
:1005300006F1240709E0B0FBF2FCB0FBF2F302FB8A
:100540001C00303078541846491C0028F3D123464B
:100550002A463046BDE8F04100F0DEB80000000059
:100560002D0000002B00000020000000032A40F2B4
:10057000308010F0030C00F0158011F8013BBCF145
:10058000020F624498BF11F801CB00F8013B38BF5D
:1005900011F8013BA2F1040298BF00F801CB38BF6B
:1005A00000F8013B11F0030300F02580083AC0F089
:1005B000088051F8043B083A51F804CBA0E8081031
:1005C000F5E7121D5CBF51F8043B40F8043BAFF364
:1005D0000080D20724BF11F8013B11F801CB48BFBE
:1005E00011F8012B24BF00F8013B00F801CB48BFF4
:1005F00000F8012B704710B5203AC0F00B80B1E82D
:100600001850203AA0E81850B1E81850A0E8185047
:10061000BFF4F5AF5FEA027C24BFB1E81850A0E850
:10062000185044BF18C918C0BDE810405FEA827C6A
:1006300024BF51F8043B40F8043B08BF7047D20781
:1006400028BF31F8023B48BF11F8012B28BF20F822
:10065000023B48BF00F8012B704702F0FF0343EA5A
:10066000032242EA024200F002B84FF000020429DD
:10067000C0F0128010F0030C00F01B80CCF1040CD1
:10068000BCF1020F18BF00F8012BA8BF20F8022B05
:10069000A1EB0C0100F00DB85FEAC17C24BF00F8AB
:1006A000012B00F8012B48BF00F8012B70474FF0D9
:1006B000000200B5134694469646203922BFA0E8B2
:1006C0000C50A0E80C50B1F12001BFF4F7AF0907BE
:1006D00028BFA0E80C5048BF0CC05DF804EB8900AF
:1006E00028BF40F8042B08BF704748BF20F8022BF2
:1006F00011F0804F18BF00F8012B7047704770470A
:10070000704710B500F080F8006810BD10B50446C1
:1007100000F07AF8046010BD2DE9F0470D469946C7
:100720009246044600F124080168880604D5E06971
:1007300021F01001216000E00120A84201DD471BEB
:1007400000E00027A1697A1902EB0900081AA061EC
:100750002078C00602D42046AFF30080002608E0CF
:10076000D4E901211AF806009047206A401C761C43
:1007700020624E45F4DB2078C0060AD52046AFF350
:10078000008006E0D4E9012130209047206A401C17
:100790002062381EA7F10107F4DC07E0D4E901214B
:1007A00018F805009047206A401C2062281EA5F119
:1007B0000105F3DC2046AFF300802078000602D567
:1007C0000220BDE8F0870120FBE7000001694A1C18
:1007D00002610878704700B58FB0CDE90131002182
:1007E000059105497944CDE9031011466846FFF7A4
:1007F0004DFE0FB000BD0000E5FFFFFF0A6802F8E4
:10080000010B0A6070470000004870471C78002008
:10081000004870471C7800207546FFF7F9FFAE4688
:1008200005006946534620F00700854618B020B5FC
:10083000FFF78CFDBDE820404FF000064FF00007A9
:100840004FF000084FF0000B21F00701AC46ACE878
:10085000C009ACE8C009ACE8C009ACE8C0098D46E5
:10086000704710B50446AFF300802046BDE8104045
:10087000FFF7F8BC30B14FF480510A04054B9A6180
:1008800000BF05E04FF48051024A916100BF00BFF4
:10089000704700000004024008B500200090B1201D
:1008A00000906A460121002000F00DF90020009020
:1008B0006A46012100F042F800200090C420009018
:1008C0006A460121084600F0FEF8002000906A46C2
:1008D0000121084600F032F800200090202000900E
:1008E0006A460121022000F0EEF8002000906A46DE
:1008F0000121022000F022F800F0D0F808BD10B568
:100900000120FFF7B7FF102000F082F8FF2000F071
:1009100037F80446FF2000F033F840EA0424FF20B3
:1009200000F02EF840EA042404F4000008B144F07A
:100930007F440020FFF79EFF204610BD2DE9F041C7
:1009400006460C4615460120FFF794FF0C2101EAEC
:100950008601621E02F00302114341F0200000F004
:100960000FF8002704E0FF2000F00AF801C57F1C03
:10097000A742F8DB0020FFF77DFFBDE8F081000013
:1009800010B5044600201E4908800CE01C48008871
:10099000401C1B4908800846008844F620618842B4
:1009A00001DD002010BD174803F035FD0028EDD013
:1009B00013480088144908802146124803F030FD8E
:1009C00000200F4908800CE00D480088401C0C49AD
:1009D00008800846008844F62061884201DD002036
:1009E000E0E7084803F012FD0028EDD00448008835
:1009F0000649088000BF0348007B00BFD2E7000023
:100A0000800200200038004086020020880200207A
:100A100010B5044600201D4908800BE01B480088E3
:100A2000401C1A4908800846008844F62061884224
:100A300000DD10BD164803F0EEFC0028EED0134890
:100A40000088144908802146114803F0E9FC002081
:100A50000E4908800BE00D480088401C0B490880B7
:100A60000846008844F62061884200DDE1E7084836
:100A700003F0CCFC0028EED004480088064908802A
:100A800000BF0348007B00BFD3E7000080020020C6
:100A900000380040820200208402002010B50120AE
:100AA000FFF7E8FE0820FFF7B3FF0020FFF7E2FEA4
:100AB00010BD38B5044600946A460121002000F0BC
:100AC00002F8002038BD2DE9F04106460C461546D7
:100AD0000120FFF7CFFE0C2101EA8601621E02F021
:100AE0000302114341F04000FFF792FF002704E0AA
:100AF00015F8040BFFF78CFF7F1CA742F8DB0020E2
:100B0000FFF7B8FEBDE8F0812DE9FC4707460C462B
:100B100015461E464FF00009094830F814A0534608
:100B20001A2221463846CDE9005609F0D4FD814607
:100B30002146484601F048F980464046BDE8FC871A
:100B4000880505082DE9FC5F81460E461746984644
:100B50004FF0000A104830F81650B5F57A7F01DCE6
:100B6000C82D00DAC8253146484601F0DBFC0446B2
:100B700044B12B46022231464846CDE90078A047D1
:100B8000824601E04FF0090A3146504601F01CF957
:100B900083465846BDE8FC9F880505087047FEE778
:100BA00010B500240020A2490880A2490880A2486C
:100BB00090ED000A08F01CFA6FE04FF4FA700BF0A9
:100BC00075FA9E480068808B99490880084600881D
:100BD000B0F5966F2EDA984890ED000ADFED980A8E
:100BE000B4EEE00AF1EE10FA01DD042010BD022C93
:100BF00000D153E0904890ED000ADFED920A30EE0C
:100C0000200A80ED000AD0ED000AB2EE041AB6EE1A
:100C1000000A00EE810ABCEEC00A10EE100A8A49F2
:100C20000968A1F85200844890ED000A08F0E0F944
:100C3000012432E07E480088B0F5AF6F2CDD7E489D
:100C400090ED000AB5EEC00AF1EE10FA01D20420D0
:100C5000CCE7012C00D121E0774890ED000ADFEDD0
:100C6000790A30EE600A80ED000AD0ED000AB2EE9B
:100C7000041AB6EE000A00EE810ABCEEC00A10EEBD
:100C8000100A71490968A1F852006B4890ED000AFA
:100C900008F0AEF9022400E000E08EE700BF4FF458
:100CA000FA700BF003FA65480068808B6049088091
:100CB0000846008865490880084600885F49096839
:100CC00008845D48D0ED000AB2EE041AB6EE000AC0
:100CD00000EE810ABCEEC00A10EE100A5A490968FB
:100CE000A1F852005A4890ED000A08F0CDF900240E
:100CF0006FE04FF4FA700BF0D9F950480068C08BE0
:100D00004C49088008460088B0F5966F2EDA5048A6
:100D100090ED000ADFED4A0AB4EEE00AF1EE10FAB7
:100D200001DD052062E7022C00D153E0484890ED38
:100D3000000ADFED440A30EE200A80ED000AD0ED13
:100D4000000AB2EE041AB6EE000A00EE810ABCEE0A
:100D5000C00A10EE100A3C490968A1F854003C484A
:100D600090ED000A08F090F9012432E03148008843
:100D7000B0F5AF6F2CDD364890ED000AB5EEC00A35
:100D8000F1EE10FA01D2052030E7012C00D121E06C
:100D90002F4890ED000ADFED2B0A30EE600A80ED5F
:100DA000000AD0ED000AB2EE041AB6EE000A00EE18
:100DB000810ABCEEC00A10EE100A23490968A1F8A6
:100DC0005400234890ED000A08F05EF9022400E088
:100DD00000E08EE700BF4FF4FA700BF067F9174898
:100DE0000068C08B134908800846008819490880AC
:100DF000104800881149096848841548D0ED000A58
:100E0000B2EE041AB6EE000A00EE810ABCEEC00A89
:100E100010EE100A0C490968A1F85400064890ED3C
:100E2000000A08F0E5F808F029F80020DEE60000E6
:100E30001A0300201C03002024030020F8010020D6
:100E400000000442CDCCCC3DF40100201E03002064
:100E500028030020200300209FED020A80ED0A0AEB
:100E6000704700000000000000B59FED020A08F086
:100E700031F800BD0000000010B5002028490968C5
:100E800008602021274803F0AAF81021254803F024
:100E9000A6F80821234803F0A2F80421214803F012
:100EA0009EF802211F4803F09AF801211D4803F023
:100EB00096F84FF400711C4803F091F84FF48071DC
:100EC000194803F08CF88021174803F088F8402176
:100ED000154803F084F82021134803F080F810210E
:100EE000114803F07CF808210F4803F078F88021BE
:100EF0000E4803F074F840210C4803F070F82021EC
:100F00000A4803F06CF81021084803F068F808213B
:100F1000064803F064F80421044803F060F810BDAB
:100F2000E80100200010024000040240000C0240D2
:100F300010B50C480068B0F84000132805DC0948DB
:100F40000068B0F84000012804DA1020054909685B
:100F5000A1F840000349096891F8400000F046F804
:100F600010BD0000F401002070B506460C46214675
:100F7000304601F0F1FA0546002009490968A1F858
:100F80007000642C03D1FFF777FF012070BD0DB90D
:100F90000020FBE7284600F0D9F80120F6E7000022
:100FA000F401002010B500220B21012000F02AFFDF
:100FB00010BD000010B50C480068B0F842001328BE
:100FC00005DC09480068B0F84200012804DA122064
:100FD00005490968A1F842000349096891F84200EF
:100FE00000F004F810BD0000F401002010B5044624
:100FF0002E2C6FD2DFE804F094171C21262B3035FD
:101000003B41464B50555A5F64696F749494949475
:1010100094797D8185898D949494949494949494F6
:1010200094949494949120213F4802F0D8FF78E062
:1010300010213D4802F0D3FF73E008213A4802F046
:10104000CEFF6EE00421384802F0C9FF69E00221BA
:10105000354802F0C4FF64E00121334802F0BFFFCD
:101060005FE04FF40071314802F0B9FF59E04FF4EE
:1010700080712E4802F0B3FF53E080212B4802F02C
:10108000AEFF4EE04021294802F0A9FF49E02021AF
:10109000264802F0A4FF44E01021244802F09FFFFC
:1010A0003FE00821214802F09AFF3AE080212048E1
:1010B00002F095FF35E040211D4802F090FF30E03E
:1010C00020211B4802F08BFF2BE01021184802F072
:1010D00086FF26E024E00821154802F080FF20E08A
:1010E0000421134802F07BFF1BE000201149087027
:1010F00017E000201049087013E000200F49087025
:101100000FE000200E4908700BE000200D49087028
:1011100007E000200C49087003E0FFF7A5FE00E09F
:1011200000BF00BF10BD00000010024000040240DC
:10113000000C02404C0200204D0200204E02002014
:101140004F020020500200205102002070B50446DA
:1011500001250A4800680068A0430849096808603A
:1011600008E004F0010010B1E8B2FFF73FFF6408A7
:10117000681C85B2202DF4DD70BD0000E801002060
:1011800070B5184C2068C0F3C020174D002807D058
:10119000E014A06068782058697840F00100605041
:1011A0002068C0F3402000281BD0104E00224FF4CE
:1011B0008051304601F07CFB7015A06068782058A3
:1011C000697820F00400605068782058697820F031
:1011D000010060503046BDE870400122110301F06B
:1011E00067BB70BD00600240F8130508000C0240A8
:1011F00070B5224C2068C0F3C060214D002819D082
:101200004FF00060A060E8782058E97820F01000E6
:101210006050E8782058E97820F0010060501948C3
:1012200000680C3050E8001F41F0400140E8001217
:10123000002AF7D12068C0F3406000281CD0124E6D
:1012400000224FF48051304601F032FB4FF0007025
:10125000A060E8782058E97820F004006050E87831
:101260002058E97820F0010060503046BDE8704019
:101270000122110301F01CBB70BD000000600240A0
:10128000F81305086C020020000C024070B487B00F
:1012900046490868C0F3401000287DD020208860AF
:1012A00043480078085800F40020424B00287AD0C8
:1012B000414818603E48D0F810C085694469C2684A
:1012C0008168C069009105903C49CDF808C004953B
:1012D00003940192059E0098C1F808C04E610D610B
:1012E000CC604A60086000221B6802EB4200D1F823
:1012F00000C033F82040A444C1F800C003EB8000D4
:10130000D1F804C04488A444C1F804C08488D1F84A
:1013100008C0A444C1F808C0C488D1F80CC0A444D3
:10132000C1F80CC00489D1F810C0A444C1F810C0A1
:101330004089D1F814C060444861501CC2B2202AD0
:10134000D3D3086800F110020A60486800F1100564
:101350004D60886800F110048C60C86800F11003CB
:10136000CB60086910300861D1F814C00CF1100C82
:10137000C1F814C0124E52093280690971806109A6
:10138000B1805B09F380400930814FEA5C107081C5
:101390000C480068C28201E002E004E08183C3835C
:1013A00007B070BC70470848186083E700640240CB
:1013B000F813050864030020FC6F00209C770020D0
:1013C000D86F0020F80100207C71002070B5184C07
:1013D0002068C0F3C020174D002807D0E014A0609B
:1013E00068782058697840F0010060502068C0F3A8
:1013F000402000281BD0104E00224FF48051304670
:1014000001F056FA7015A06068782058697820F0CD
:101410000400605068782058697820F0010060501E
:101420003046BDE870400122110301F041BA70BDA1
:1014300000640240F8130508000C024070B5224C0D
:101440006068C0F34050214D002819D04FF40010BF
:10145000E060A8792058A97920F010006050A879A0
:101460002058A97920F001006050194800680C301C
:1014700050E8001F41F0400140E80012002AF7D177
:101480006068C0F3C04000281CD0124E00224FF408
:101490008051304601F00CFA4FF40020E060A8794A
:1014A0002058A97920F004006050A8792058A97923
:1014B00020F0010060503046BDE870400122110369
:1014C00001F0F6B970BD000000640240F813050891
:1014D0008C020020000C024010B52DED068B84B06C
:1014E00004462068019060680290A06803902089FB
:1014F00000EE100AB8EE400AB0EE408A18EE100A6C
:101500000EF070FE41EC1A0B9FED330B53EC102BD9
:101510000EF03EFC41EC190B0EF02CF908EE100A0F
:101520009FED2F0AC8EE000AB0EE608A18EE100A8E
:101530000EF058FE41EC1A0B9FED2A0B53EC102BCA
:101540000EF066FD41EC190B0EF014F908EE100ACE
:1015500018EE100A0EF046FE41EC1A0B9FED230B1D
:1015600053EC102B0EF0ECF941EC190B0EF002F9D4
:1015700008EE100AB3EE090A38EE000AB0EE408A0F
:101580001C48006880ED1B8A6089400000EE100A4C
:10159000B8EEC00AB0EE408A18EE100A0EF022FE35
:1015A00041EC1A0B9FED0C0B53EC102B0EF0F0FBE3
:1015B00041EC190B0EF0DEF808EE100A9FED080A58
:1015C000C8EE000AB0EE608A0A48006880ED1A8A08
:1015D00004B0BDEC068B10BD6666666666660A40A2
:1015E00000F07F4552B81E85EB51E83F7B14AE47B3
:1015F000E17A643FF8010020704700002DE9F041D6
:101600002DED028B05460E46144662490E800020E1
:101610006149087061490880614908806149086032
:1016200061490870614908601E27601E84B224B9B0
:101630005F4800885F49088004E001245E48008814
:101640005C4908805D480068B0F85600594909882F
:1016500048434FF47A7190FBF1F05949088057489C
:101660000068B0F858005349098848434FF47A712C
:1016700090FBF1F05349088050480068B0F85A00D8
:101680004C49098848434FF47A7190FBF1F04E4978
:1016900008804FF47A700AF009FD00BF0A200AF0B2
:1016A00005FD4A4800681C3030F81400484908809D
:1016B0003C480068401C3B4908603B4800780728CC
:1016C0003ED2DFE800F0041C38393A3B3C000020F1
:1016D0003349088000EE105AB8EE400AF2EE040AD0
:1016E00080EE201AB0EE418AB0EE480A2948008800
:1016F00000B208F003F801202B49087021E03448BB
:10170000008831490988884205DC01202249087097
:1017100008F04AFA0EE02E480088294909888842D4
:1017200005DB2B48008827490988884202DD002014
:101730001B49088005E004E003E002E001E000E06E
:1017400000BF00BF22480088224908802248007854
:1017500018B9114800780028A0D01F48007870B14F
:1017600008F034FA1D4800680BF028F84FF4FA70BE
:101770000AF09CFC0220BDEC028BBDE8F08106481B
:10178000007828B14FF4FA700AF090FC0020F2E7DC
:101790000020F0E72002002019020020FE010020B6
:1017A0000002002014020020100200201C02002071
:1017B0001E0300200402002020030020F40100206A
:1017C0000C0200200A0200200E020020F801002076
:1017D0000602002008020020FC0100204003002037
:1017E0002DE9F0412DED028B05460E461446654964
:1017F0000E800020644908706449088064490880AC
:101800006449086064490870644908601E27601EC6
:1018100084B224B9624800886249088004E0012447
:10182000614800885F49088060480068B0F8560049
:101830005C49098848434FF47A7190FBF1F05C49A8
:1018400008805A480068B0F858005649098848434B
:101850004FF47A7190FBF1F05649088053480068C4
:10186000B0F85A004F49098848434FF47A7190FB09
:10187000F1F0514908804FF47A700AF017FC00BF6C
:101880000A200AF013FC4D4800681C3030F81400A0
:101890004B4908803F480068401C3E4908603E486C
:1018A0000078072844D2DFE800F0041C3E3F4041A6
:1018B000420000203649088000EE105AB8EE400A77
:1018C000F2EE040A80EE201AB0EE418AB0EE480A29
:1018D0002C48008800B207F011FF01202E49087043
:1018E00027E03748008834490988884205DD3448B4
:1018F000008830490988884205DB012022490870A8
:1019000008F052F90EE02E480088294909888842DB
:1019100005DB2B48008827490988884202DD002022
:101920001B49088005E004E003E002E001E000E07C
:1019300000BF00BF22480088224908802248007862
:1019400018B91148007800289AD01F48007870B163
:1019500008F03CF91D4800680AF030FF4FF4FA70B7
:101960000AF0A4FB0320BDEC028BBDE8F081064821
:10197000007828B14FF4FA700AF098FB0020F2E7E3
:101980000020F0E72002002019020020FE010020C4
:101990000002002014020020100200201C0200207F
:1019A0001E0300200402002020030020F401002078
:1019B0000C0200200A0200200E020020F801002084
:1019C0000602002008020020FC0100204003002045
:1019D0002DE9F05F82468B4614461E460A9F4FF063
:1019E0001209E34804800020E2490870E2490880B7
:1019F000E2490880E2490860E2490870E24908606B
:101A00008FB100EE104AF8EE400A9FEDE01A81EE29
:101A1000200AF2EE040A80EE201ABCEEC10A10EE93
:101A2000100A85B200E01E25012E06D14FF00008F5
:101A3000D7480088D749088005E04FF00108D6480C
:101A40000088D4490880D5480068B0F85600D149CC
:101A5000098848434FF47A7190FBF1F0D04908802F
:101A6000CE480068B0F85800CA49098848434FF486
:101A70007A7190FBF1F0CB490880C8480068B0F853
:101A80005A00C449098848434FF47A7190FBF1F039
:101A9000C54908805946504604F0BAFB4FF47A70A5
:101AA0000AF004FB00BF0A200AF000FBBF480068F0
:101AB0001C3030F81800BE490880B1480068401C4E
:101AC000AF490860AF480078072871D2DFE800F01E
:101AD00004167999CBEBF80009F0FF02A4480188BD
:101AE000012007F065FE0120A64908700020A349E7
:101AF0000880B0490880A4490860FBE0AC48008831
:101B0000A8490988884226DBAA480088002804DD05
:101B10000020A84908809C49086098480088401C1B
:101B20009649088098480068A14909880844964960
:101B3000086092480088A84242DB32200AF0B6FAD8
:101B400008F032F81FB106208E49087038E00120F5
:101B50008849087034E0964800889149098888428D
:101B600027DC94480088401C9249088083480088FC
:101B7000002804DD002081490880834908608248EC
:101B800000688B49098808447F49086089480088B3
:101B9000A84215DB32200AF089FA08F005F81FB1D7
:101BA0000620784908700BE001207249087007E0B0
:101BB0009FE00020714908807E49088072490860D2
:101BC00098E040F2DC500AF071FA69480088642815
:101BD00003DA0A206649088006E0654800880A2181
:101BE00090FBF1F0624908800020644908800522DA
:101BF0005F480188002007F0DBFD03206149087081
:101C000078E06B48008868490988884205DC012033
:101C10005849087007F0C8FF24E06548008860490B
:101C2000098888421BDB624800885E49098888422F
:101C300015DC52480088401C50490880084600883E
:101C4000A8420FDB07F0B0FF4FEA690900204A49BC
:101C500008804748048000204A49087002E00020BC
:101C60004649088046E040F2DC500AF01FFA40483E
:101C70000088642803DA0A203D49088006E03C48D1
:101C800000880A2190FBF1F03949088000203B4987
:101C90000880052236480188002007F089FD0520CC
:101CA0003849087026E0424800883F490988884240
:101CB00004DD01202F49087007F076FF1AE0FFE7E6
:101CC0002E4800883B49098808442F49096891FB40
:101CD000F0F037490880084600883349098888426F
:101CE00003DD02202749087002E00420254908701E
:101CF00000E000BF00BF2E4800882F4908802F4811
:101D0000007820B91B48007800283FF4CCAE2B485F
:101D10000078E8B107F05AFF294800680AF04EFD44
:101D20004FF47A700AF0C2F959465046FFF71CF991
:101D30004FF4FA700AF0BAF912480078032805D176
:101D4000032E01D1BDE8F09F0220FBE70120F9E757
:101D50000848007848B159465046FFF705F94FF456
:101D6000FA700AF0A3F90020ECE70720EAE7000088
:101D70002002002019020020FE01002000020020A5
:101D800014020020100200201C02002000606A489B
:101D90001E0300200402002020030020F401002084
:101DA0000C0200200A0200200E020020F801002090
:101DB000060200200202002008020020FC01002090
:101DC0004003002072B6704702460C2A15D2DFE8A5
:101DD00002F006080A0C0E14141414141012002039
:101DE00070470846FCE70320FAE70420F8E70846B6
:101DF000F6E72620F4E72720F2E70020F0E772B6A6
:101E0000FEE700002DE9F04105460E461746002486
:101E10002046641C20490D5406222046641C0A54A6
:101E2000320A2046641C0A542046641C0E543A0AA6
:101E30002046641C0A542046641C0F542146164850
:101E40000BF03CFB80462046641C134901F80080DF
:101E50004FEA18222046641C0A5461010F48FEF71D
:101E600004FC01210E4800680AF028FA21460A48BD
:101E700000F01EF94FF4FA71094800680AF01EFAE2
:101E800040B906480078A84202D10120BDE8F0819F
:101E90000020FBE70020F9E7406E0020406D0020A5
:101EA0005803002010B52549086800BF00BF00BFD7
:101EB00000F10C0252E8002F42F0100100F10C0278
:101EC00042E80013002BF3D100BF00BF1B49086894
:101ED00000BF00BF00BF00F1140252E8002F42F023
:101EE000400100F1140242E80013002BF3D100BFBF
:101EF00000BF12480268121D0121114801F0B6FF0F
:101F0000104A01210E4801F0A1FF4FF48072012117
:101F10000B4801F083FF0121094801F033FF012143
:101F2000074801F047FF0121054801F05BFF01214F
:101F3000054800680AF0C2F910BD00008C020020BC
:101F400000640240406D0020580300202DE9F04756
:101F50000746884615461E4600242046641C35491F
:101F60000F5403222046641C0A544FEA18222046CC
:101F7000641C0A542046641C01F800802A0A20468A
:101F8000641C0A542046641C0D54062129480BF099
:101F900095FA81462046641C264901F800904FEAD4
:101FA00019222046641C0A5461012348FEF75DFB98
:101FB0000121224800680AF081F921461D4800F0FD
:101FC00077F84FF4FA711D4800680AF077F960BBA2
:101FD00019480078B84225D11748C01C30F8159030
:101FE0006800C01C81B214480BF068FA484515D14E
:101FF000002010E04100C91C0F4A515C090226F87C
:10200000101036F810204100091D0B4B595C11448B
:1020100026F81010401CA842ECDB09E04FF0FF301E
:10202000BDE8F0876FF00100FAE76FF00200F7E714
:1020300000BFF5E7406E0020406D002058030020EF
:1020400008B516480121164A525C825822F0010256
:10205000134B5B5CC25000BF00BF114A525C02448C
:10206000526892B2C2F580700E4908800E4800682E
:102070000AF0C0F94FF480720121084801F0CEFE49
:102080000A4908680168009100BF4168009100BFDB
:1020900000BF0121014801F0A5FE08BD0064024017
:1020A0000505050890020020580300208C0200203E
:1020B00070B504460D46224606211A4801F0C6FEB8
:1020C00019480268121D0621164801F0CFFE2A4663
:1020D0000621144801F0A2FE1349086800BF00BFA2
:1020E00000BF00F1140252E8002F42F0800100F11D
:1020F000140242E80013002BF3D100BF00BF00BF61
:1021000020200849C86000BF0621064801F03AFEB9
:102110000621044801F04EFE0621024801F062FE4D
:1021200070BD0000006402408C02002062B670475F
:1021300010B5002201B909E0012901D10A0205E028
:10214000022901D10A0201E04FF440720E4B1B68D4
:1021500023F440730C4C236023461B681343236015
:1021600023461B6823F0F803236023461B680224E0
:1021700044EAC0042343044C236023461B6843F411
:102180008033236010BD0000103C02401C480068F2
:1021900000F40070B0B11A48006820F400701849CB
:1021A000086000BF0846006840F400600860084608
:1021B000006820F40060086000BF0846006840F432
:1021C000007008600E48006800F48060B0B10C48F0
:1021D000006820F480600A49086000BF0846006873
:1021E00040F4805008600846006820F48050086081
:1021F00000BF0846006840F4806008607047000037
:10220000003C02400A4A126822F44072084B1A60ED
:102210001A46126842F004021A601A4612684FF415
:10222000803343EA00231A43014B1A6070470000D1
:10223000103C0240074A126822F44072054B1A60B3
:102240001A4612681A601A46126842F001021A60B1
:1022500001707047103C024010B50D49096821F427
:1022600040710B4C21602146096841F440712160A6
:102270002146096841F001012160026000BF00BFF2
:1022800000BFBFF36F8F00BF00BF00BF436010BD32
:10229000103C0240084A126822F44072064B1A6051
:1022A0001A46126842F480721A601A46126842F0A6
:1022B00001021A6001807047103C0240084A12680F
:1022C00022F44072064B1A601A46126842F40072F9
:1022D0001A601A46126842F001021A6001607047E3
:1022E000103C02402348006800F0100040B1224832
:1022F000C06940F010002049C86110201D490860E5
:102300001C48006800F0200040B11B48C06940F044
:1023100008001949C861202016490860154800685E
:1023200000F0400040B11448C06940F00400124978
:10233000C86140200F4908600E48006800F0800026
:1023400040B10D48C06940F002000B49C8618020CF
:10235000084908600748006800F0020040B10648DC
:10236000C06940F020000449C861022001490860AA
:10237000704700000C3C0240FC77002070B504461A
:10238000002500201449C86100F098FA054609E0CC
:10239000601C38B124B100F091FA401BA04201D971
:1023A000032070BD0D48006800F480300028EFD194
:1023B0000A48006800F0010010B1012007490860D8
:1023C0000648006800F0F20018B1FFF78BFF01200B
:1023D000E7E70020E5E70000FC7700200C3C024026
:1023E0007CB505460024002001214FF4967303229A
:1023F000CDE900101A21284608F06DF904460020A6
:1024000001214FF496730322CDE900101A212846CA
:1024100008F061F904461CB90321284604F04BF981
:102420003B212046FFF7D0FC064630467CBD00002D
:102430002DE9F84380460E4617461D4600241548F0
:1024400030F816903B464A46314640460095FFF725
:10245000BFFA0446C4B109234FF448720321404631
:1024600006F020FD3B464A46314640460095FFF7C0
:10247000AFFA0446022C01D0032C00D101241CB178
:102480004FF4967009F012FE31462046FFF79CFC8F
:10249000BDE8F8838805050870B505460E46144664
:1024A000642009F003FE4FF4FA711B48006809F03C
:1024B00053FE80B9002019494860886008460480AE
:1024C0001548006809F0D2FE50B115480068401C5C
:1024D0001349086004E012480068401C1049086075
:1024E00002E0642009F0E2FD0C4800880028F8DCD6
:1024F000204604EBD071094A526802EB6101B1FB3E
:10250000F4F1298004EBD071044A926802EB610176
:10251000B1FBF4F1318070BD4C030020F06F00205E
:10252000D402002030B502460B460A4850F822403B
:1025300000210BE004EB01100088984204D104EB69
:1025400001108568284630BD481CC1B21429F1DB52
:102550000020F8E7FC76002030B502460B460A481A
:1025600050F8224000210BE004EB01100088984253
:1025700004D104EB01104568284630BD481CC1B2A7
:102580001429F1DB0020F8E7FC76002030B5024684
:102590000B460B4850F8224000210CE004EB0110E0
:1025A0000088984205D104EB0110808885B2284646
:1025B00030BD481CC1B21429F0DB0020F8E7000050
:1025C000FC76002010B52DED068B04469FED460BE2
:1025D000B0EE408AF0EE608A24B1012C5ED0022C6D
:1025E00069D15CE042480068C08A00EE100AB8EE8B
:1025F000400A10EE101A08460DF0F4FD41EC180BDD
:102600003B490968C88A0DF073FB41EC190B384946
:102610000968C88A0DF06CFB41EC1A0B53EC192BBE
:102620000DF0B6FB41EC180B9FED320B53EC102B69
:1026300051EC180B0DF0ACFB41EC180B2C49096860
:10264000C88A0DF055FB41EC1A0B9FED2C0B53EC97
:10265000102B0DF09DFB41EC190B53EC182B0DF0DA
:10266000BBF841EC180B9FED270B53EC102B51ECF2
:10267000180B0DF0B1F841EC180B51EC180B0DF0E4
:1026800079F822490968C1F8840051EC180B0DF063
:1026900071F81E490968C1F888001BE01AE0144867
:1026A000006890ED1B0A10EE101A08460DF09AFD16
:1026B00041EC180B0EE00E480068C08A00EE100ACC
:1026C000B8EE400A10EE101A08460DF08BFD41ECF2
:1026D000180B00BF00BF51EC180B0DF04BF800EECB
:1026E000100ABDEC068B10BD0000000000000000C9
:1026F000F8010020000000805CEEB63EFA035C0E9C
:102700003FF1A73FD8F50B76C3B6C93FF4010020CF
:102710002DE9F04104460E460127002500BF25485B
:10272000007E012802D10220BDE8F081012021496C
:10273000087600BF4CF25030FFF720FE0746002F0E
:1027400031D1401E3060206801280FD1207C6168A3
:10275000FFF758FD4CF25030FFF710FE07461648C1
:10276000006820F00400144908601AE0A56812E02F
:10277000217C2846FFF7DCFC4CF25030FFF7FEFDD1
:1027800007460D48006820F0FA000B4908600FB1B9
:10279000356005E06D1CD4E902100844A842E7D872
:1027A00000BFFFF7F3FC00BF00200249087600BF1E
:1027B0003846B9E7FC770020103C02400348006827
:1027C00040F000400149086000207047103C024082
:1027D0002DE9F04106460F4614461D464FF001080C
:1027E00000BF1F48007E012802D10220BDE8F08111
:1027F00001201B49087600BF4CF25030FFF7BEFDA8
:102800008046B8F1000F23D126B9E1B23846FFF770
:1028100011FD12E0012E04D1A1B23846FFF73AFDB6
:102820000BE0022E04D121463846FFF747FD04E0B5
:1028300022462B463846FFF70FFD4CF25030FFF78B
:102840009DFD80460748006820F0010005490860AA
:1028500000BF00200249087600BF4046C6E70000DE
:10286000FC770020103C024000200949096801F073
:10287000004159B10749064A0C3A116006491160F6
:102880000349096801F0004101B1012070470000CF
:10289000103C024023016745AB89EFCD10B542697A
:1028A00021EA020302EA010443EA0443836110BD02
:1028B0000AB1816101E00B0483617047014800683F
:1028C000704700006C030020034800680349097842
:1028D00008440149086070476C030020740300201D
:1028E00010B50D48006840F400700B4908600846B8
:1028F000006840F4806008600846006840F480701A
:102900000860032000F0BAF80F2000F007F800F08C
:1029100041F8002010BD0000003C024010B588B016
:10292000014600222D2000F06BF82D2000F058F811
:1029300000241448016841F480710160006800F4CB
:102940008070019002A903A800F0BEF800F0E4F83E
:1029500040000D49B0FBF1F0411E0D480B4A0260EA
:1029600040F2E732C26041600461846000F0E6F842
:1029700010B108B0012010BD054800F013F908B0EF
:1029800010BD00004038024040420F0000200040CF
:10299000B477002008B51048016841F48041016017
:1029A000006800F4804000900C48016841F08051BC
:1029B0000160006800F08050009000220F21901EFE
:1029C00000F01EF800220521012000F019F8BDE8F2
:1029D0000840012000F004B844380240403802406A
:1029E00001460846002809DB00F01F0301229A4037
:1029F00043099B0003F1E023C3F8002100BF7047A7
:102A00002DE9F05F80460D461646002708F0A6F82F
:102A1000074639462A46334601F00700C0F1070A47
:102A2000BAF1040F02D94FF0040A01E0C0F1070A1D
:102A3000D14600F1040ABAF1070F02D24FF0000AA2
:102A400001E0A0F1030AD4464FF0010A0AFA09FA9C
:102A5000AAF1010A0AEA020A0AFA0CFA4FF0010B7B
:102A60000BFA0CFBABF1010B0BEA030B4AEA0B046C
:102A70002146404608F07AF8BDE8F09F00BF00F01C
:102A80000702064B19684FF6FF031940044B0B432E
:102A900043EA0221014B196000BF70470CED00E0D2
:102AA0000000FA057047000010B50648006800F401
:102AB000803028B1FFF7F6FF4FF4803001490860FD
:102AC00010BD0000143C01400F2202600D4A126844
:102AD00002F0030242600B4A126802F0F0028260C8
:102AE000084A126802F4E052C260064A126802F410
:102AF0006042D2080261044A126802F007020A60CA
:102B00007047000008380240003C0240014800685D
:102B1000704700006803002000B5FFF7F7FF044985
:102B20000968C1F38221034A515CC84000BD00001E
:102B300008380240281405087047704710B504464D
:102B40000CB9012010BD94F83D0028B9002084F88C
:102B50003C00204600F025F8022084F83D00211DAD
:102B6000206807F0EBF9012084F8460000BF84F8E4
:102B70003E0001213F2001554020015541200155D3
:102B800000BF00BF012084F84200432001554420CB
:102B900001554520015500BF012084F83D0000206B
:102BA000D0E77047014691F83D00012801D001208F
:102BB0007047022081F83D000868C06840F00100BD
:102BC0000B68D8601A4B086898421BD00868B0F1AF
:102BD000804F17D0174B0868984213D0164B0868DF
:102BE00098420FD0154B086898420BD0144B0868D8
:102BF000984207D0134B0868984203D0124B0868DC
:102C000098420CD10868806800F00702062A0CD0B0
:102C10000868006840F001000B68186005E008686B
:102C2000006840F001000B6818600020C0E7000059
:102C3000000001400004004000080040000C00407B
:102C4000000401400040014000180040704710B5EA
:102C5000044620680069C0F34000D8B12068C0680D
:102C6000C0F34000B0B16FF002002168086101209C
:102C700020772068806900F0030018B12046FFF734
:102C8000E5FF05E0204600F0ADF8204600F0ABF887
:102C90000020207720680069C0F38000D8B1206848
:102CA000C068C0F38000B0B16FF004002168086113
:102CB000022020772068806900F4407018B1204617
:102CC000FFF7C4FF05E0204600F08CF8204600F036
:102CD0008AF80020207720680069C0F3C000D8B1CE
:102CE0002068C068C0F3C000B0B16FF00800216870
:102CF0000861042020772068C06900F0030018B143
:102D00002046FFF7A3FF05E0204600F06BF82046C1
:102D100000F069F80020207720680069C0F30010F7
:102D2000D8B12068C068C0F30010B0B16FF01000D7
:102D300021680861082020772068C06900F440708D
:102D400018B12046FFF782FF05E0204600F04AF860
:102D5000204600F048F8002020772068006900F045
:102D6000010058B12068C06800F0010030B16FF078
:102D7000010021680861204600F036F820680069EB
:102D8000C0F3C01058B12068C068C0F3C01030B1A3
:102D90006FF08000216808612046FFF7CDFE2068B3
:102DA0000069C0F3801058B12068C068C0F380107B
:102DB00030B16FF0400021680861204600F01DF836
:102DC00020680069C0F3401058B12068C068C0F3A3
:102DD000401030B16FF02000216808612046FFF7F5
:102DE000ACFE10BD704770470068A0F18041B1F59E
:102DF000005101D1FFF768BD70477047FEE7000042
:102E000070B52DED028BC448006805880B20C249BF
:102E10000968A1F87800172D7ED00FDCA5F103001A
:102E200014287AD2DFE800F0E5E879797979792811
:102E3000323C657F9AB0C2D4DCDDEBEE1F2D6DD045
:102E400009DCA5F118000728EBD2DFE800F0E1FF6C
:102E5000F6F5F4F3F200232D7BD006DC202D79D09B
:102E6000212D78D0222D58D139E16C2D74D06D2DC3
:102E700073D06E2DF7D144E1A7490968486C03F07F
:102E80000DFB0020A449096808803CE1A2490968BB
:102E9000486CFEF75BF900209F490968088032E121
:102EA00006F082FE4FF4967009F000F99A48006827
:102EB000B0F8720000EE100AB8EE400AF2EE040A12
:102EC00080EE201AB0EE418A93490968B1F95C009E
:102ED000B0EE480A06F012FC02E0322009F0E6F8F3
:102EE0008E4800780028F8D000208B4909680880B7
:102EF00009E1894B1B68B3F86220874B1B68B3F963
:102F00005C10854B1B68B3F8720008F05DFF8449C4
:102F100009688880002002E077E0F3E0BAE07E49AB
:102F200009680880EFE07C4B1B68B3F862207A4B9D
:102F30001B68B3F95C10784B1B68B3F87200FEF79E
:102F40005DFB77490968888000207349096808801B
:102F5000D9E091E0AAE0B5E0CCE0D1E06E4B1B688F
:102F6000B3F862206C4B1B68B3F95C106A4B1B68AA
:102F7000B3F87200FEF734FC6949096888800020C4
:102F8000654909680880BEE063480068B0F86E00D3
:102F900003B26148006890F86C200021084605F0F3
:102FA00095F900205C4909680880ACE05A4800683F
:102FB000B0F86E0003B25848006890F86C20002109
:102FC000084605F09FF900205349096808809AE0F7
:102FD000002006F015FE00204F490968088092E0A5
:102FE00000BF0A2004F092FC00204B4909680880C9
:102FF00089E005F0CFFF86E005F0E0FF83E003F015
:103000006DF980E0FDF7CEFF7DE006F017FC7AE079
:10301000444805F039FE0446002C10DB4148008886
:103020003D49096848873F4840883B490968088707
:103030000BE02BE026E01CE013E00AE006E0364956
:1030400009684C87344909680C875CE005F06AFE22
:1030500059E006F04FF930490968C86A02F01FFFCD
:1030600051E006F047F92C490968086B02F01FFF90
:1030700049E006F00DFE46E005F0F0FD284909683C
:10308000886040E00120284908703CE00020264983
:10309000087038E00020254909680870244909684B
:1030A000087001202349096808702CE001201F499D
:1030B0000968087000201E49096808701D490968E0
:1030C000087020E00020194909680870012018499B
:1030D00009680870002017490968087013E000208B
:1030E000124909680870124909680870114909688D
:1030F000087008E0FDF754FD09490968888002E07E
:1031000001E000E000BF00BF00200349096808801B
:10311000BDEC028B70BD0000F4010020FC0100201A
:10312000F8010020B0020020FC0200205C02002018
:10313000600200205802002070B504460D464FF48E
:1031400080601C49886100BF224603211A4800F0B4
:1031500075FE1A480268121D0321174800F07EFE12
:103160002A460321144800F049FE1449086800BFAC
:1031700000BF00BF00F1140252E8002F42F08001AE
:1031800000F1140242E80013002BF3D100BF00BF8E
:1031900000BF20200849C86000BF0321064800F096
:1031A000E5FD0321044800F0F9FD0321024800F089
:1031B0000DFE70BD000C0240006002406C02002059
:1031C0000121014A11817047286F002008480949F0
:1031D000086009484860094888600948486109480A
:1031E00008610948C860094888610948C861704792
:1031F000318304084C770020B769040899670408F4
:10320000A5700408B5790408517F0408A96C040866
:10321000F77C040810B500242F222046641C1049B6
:103220000A5431222046641C0A5457222046641C4A
:103230000A5434222046641C0A5452222046641C3C
:103240000A540D222046641C0A5400BF4FF4FA7041
:1032500008F02CFF05F06EFA0028F7D110BD000031
:10326000A06E002000B587B0002004900590069065
:10327000029003900190674A012002F1500101EB96
:1032800080010B6843F2F220834273D062A0417840
:10329000303961A00078202801D1002002E05EA032
:1032A0000078303800EB800001EB4000C0B28DF8B0
:1032B0000C0059A00179303957A0C078202801D1DD
:1032C000002002E054A0C078303800EB800001EB11
:1032D0004000C0B28DF80D004FA0C17930394EA02A
:1032E0008079202801D1002002E04BA0807930387D
:1032F00000EB800001EB4000C0B28DF80E0002AA86
:103300000021444800F0B4FF46A080786E2801D127
:1033100001203DE043A08078622801D1022037E0FF
:1033200040A08078722807D13EA000784D2801D1B6
:1033300003202DE004202BE03AA08078792801D1E9
:10334000052025E037A080786E2801D106201FE0F7
:1033500034A080786C2801D1072019E031A0807852
:10336000672801D1082013E02EA08078702802D1B0
:1033700009200DE04CE02BA08078742801D10A20B0
:1033800006E028A08078762801D10B2000E00C20F0
:103390008DF8050023A0007A303822A1C979303990
:1033A00001EB810100EB410000EB80011DA0407AA0
:1033B000303800EB410000EB80011AA0807A3038F1
:1033C00000EB4100A0F5FA60C0B28DF8070015A02F
:1033D0004179303913A00079202801D1002002E082
:1033E00010A00079303800EB800001EB4000C0B243
:1033F0008DF8060000208DF8040001AA0021054880
:1034000000F036FE43F2F2220121024800F004FEF1
:1034100007B000BD0028004031373A33383A313127
:10342000000000004D617220323020323032330013
:1034300070B504460D4600200D49096808850C4802
:10344000006844850A480068808D0A4908604FF486
:103450007A706843084908600BF026FE0749086047
:10346000054801680648006809F08AF970BD000047
:10347000F801002038020020440200203C02002015
:103480004803002010B540F6C41005F0F1FE0E20F0
:1034900005F0C0FE41F270700849088008460088B7
:1034A00005F05AFEFFF7B6FE40F6B8300349088033
:1034B0000846008805F050FE10BD00009A0200206A
:1034C00010B58020FA4908604001086041F294126A
:1034D000F849F948FDF78FF8F848F9490860A0F570
:1034E000C070F849086000F58070F7490860A0F5E1
:1034F0008070F649086000F58070F549086000208A
:10350000F24909680880F348D0F88C0145F2AA51C5
:1035100088427DD0B0EE080AEF4880ED000AB0EE98
:10352000080AEE4880ED000A9FEDED0AED4880EDB7
:10353000000A4FF49660EC490880EC490880EA489C
:103540000088E34909680884E8480088E049096878
:103550004884E14890ED000AF2EE040A20EE200AC9
:10356000BCEEC00A10EE100AD8490968A1F8520052
:10357000DA4890ED000AF2EE040A20EE200ABCEED2
:10358000C00A10EE100AD1490968A1F85400D548C4
:1035900090ED000AF2EE040A20EE200ABCEEC00A0A
:1035A00010EE100AC9490968A1F850003220C74935
:1035B0000968A1F85A004FF42F70C4490968A1F8AE
:1035C000560040F21450C1490968A1F8580040F66D
:1035D000B830BF49096888854FF41670BB4909683F
:1035E000A1F85C004FF49060B84909684880012058
:1035F000B649096888809FEDBE0AB448006880ED2E
:10360000240A9FEDBC0AB148006880ED250A00E05D
:103610001EE09FEDB70AAD48006880ED260A4CF227
:103620005030AA490968C8841020A8490968A1F83F
:1036300040001220A5490968A1F84200002004E0DA
:1036400000219F4A12681154401C0828F8DBD6E07C
:103650009E480068B0F8520000EE100AB8EE400A2A
:103660009D4880ED000A90ED000AF2EE040A80EE1B
:10367000201A80ED001A90ED000ADFED9F0AB4EEEB
:10368000E00AF1EE10FA06DC90ED000AB5EEC00A91
:10369000F1EE10FA04D2B0EE080A8F4880ED000A6D
:1036A0008A480068B0F8540000EE100AB8EE400AEC
:1036B0008A4880ED000A90ED000AF2EE040A80EEDE
:1036C000201A80ED001A90ED000ADFED8B0AB4EEAF
:1036D000E00AF1EE10FA06DC90ED000AB5EEC00A41
:1036E000F1EE10FA04D2B0EE080A7C4880ED000A30
:1036F00076480068B0F8500000EE100AB8EE400AB4
:10370000784880ED000A90ED000AF2EE040A80EE9F
:10371000201A80ED001A6E480068008C72490880FB
:10372000084600884FF6FF71884202D06E48008834
:1037300018B942F6E0606C49088065480068408C22
:103740006A490880084600884FF6FF71884202D017
:103750006648008818B942F6E060644908805B4812
:1037600000684088B0F5906F05DD4FF490605749D0
:103770000968488009E05548006840885C2804DAF8
:103780004FF490605149096848805048006880882B
:10379000802803DC4D480068808818B901204B4917
:1037A000096888804A480068808D40F6B8318842B0
:1037B00003DD084646490968888544480068B0F832
:1037C0004000132805DC41480068B0F8400001289B
:1037D00004DA10203D490968A1F840003B48006820
:1037E000B0F84200132805DC38480068B0F8420001
:1037F000012804DA122035490968A1F8420033484B
:103800000068B0F85C0030B130480068B0F95C0086
:10381000B0F57A7F05DD4FF416702C490968A1F8E0
:103820005C0000202A490968488500F033F900202F
:1038300027490968C8800120254909688881002036
:103840001F49096808701E49096848701C490968C1
:1038500088701B480068C07800F0FE0018490968AD
:10386000C8701748006807F017F924A0007A3038AC
:1038700022A1C979303901EB810100EB410000EB55
:1038800080011EA0407A303800EB410000EB80013F
:103890001AA0807A303800EB41000D490968A1F880
:1038A0005C0016A080786E282ED1012073E0000005
:1038B00060010020000002086C520020EC63002030
:1038C000E8010020EC010020F0010020F4010020BC
:1038D000F80100206C62002024030020280300204F
:1038E0003333F33F680200201E0300202003002032
:1038F00000007A4400001644000004424D6172202A
:103900003230203230323300AFF21000807862283B
:1039100001D102203FE0AFF21C008078722808D16C
:10392000AFF2280000784D2801D1032033E00420B5
:1039300031E0AFF238008078792801D105202AE003
:10394000AFF2480080786E2801D1062023E0AFF264
:10395000540080786C2801D107201CE0AFF264008D
:103960008078672801D1082015E0AFF270008078D8
:10397000702801D109200EE0AFF280008078742811
:1039800001D10A2007E0AFF28C008078762801D1BF
:103990000B2000E00C2039490968A1F85E00AFF265
:1039A000A40041793039AFF2AC000079202801D170
:1039B000002003E0AFF2BC000079303800EB80005B
:1039C00001EB40002D490968A1F860002CA0417866
:1039D00030392BA00078202801D1002002E028A057
:1039E0000078303800EB800001EB40002349096883
:1039F000A1F8620022A00179303921A0C0782028E6
:103A000001D1002002E01EA0C078303800EB800019
:103A100001EB400019490968A1F8640018A0C179B8
:103A2000303917A08079202801D1002002E014A0AD
:103A30008079303800EB800001EB40000F490968C5
:103A4000A1F8660000200D490968C8810B49096882
:103A500008820E490968C8620C49096808634BF678
:103A600080300A49096888624FF4E16007490968B3
:103A70008886002006490968087010BDF8010020FA
:103A800031373A33373A353500000000F401002071
:103A9000E4010020084809490860094848600948CD
:103AA000886009484861094808610948C8600948B0
:103AB000C86109488861704714060508FC76002033
:103AC0005407050894080508940D05081410050806
:103AD000140B050854110508D40905082DE9F04117
:103AE00005460C460026606800B100BF134800F090
:103AF00049F80746124800F045F80743114800F01E
:103B000041F80743AFB9606860B1D4E900010843E8
:103B1000A1680843E168084369680B4A11400843FB
:103B2000686007E0686808490840216808436860E1
:103B300000E001263046BDE8F08100000020014091
:103B40000021014000220140E010FCFF70B5044656
:103B50000D460026204600F015F870B9A9682868BF
:103B600008436168064A114008436060A06820F479
:103B7000006069680843A06000E00126304670BD1F
:103B8000FFFEFFFC0146886800F00100704700005E
:103B900070B504460D460026686800B100BF204697
:103BA000FFF7F0FF00BB686830B1606820F4684040
:103BB000A9680843606003E0606820F468406060C2
:103BC000286800F07060E968084329690843A16823
:103BD000074A11400843A0606868E16A21F4700157
:103BE0000143E16200BF00E00126304670BD0000E5
:103BF000FDFCFFC04FF4407C9CFAACFC01F4407328
:103C0000BCFA8CFC23FA0CF300EB8300C36A01F0CE
:103C10001F014FF01F0C0CFA01FC02F01F0223EAF7
:103C20000C0302FA01F11943C162704730B44FF03E
:103C3000007C9CFAACFC01F00073BCFA8CFC23FA0B
:103C40000CF300EB8300D0F80CC04FF0F87393FA3C
:103C5000A3F401F0F871B4FA84F421FA04F407250E
:103C600005FA04F493FAA3F3B3FA83F3D9402CEAE8
:103C7000040C02FA01F14CEA0101C16030BC70474A
:103C8000024909680143014A116070472038024027
:103C9000024909688143014A116070472038024097
:103CA000024909680143014A116070472438024003
:103CB000024909688143014A116070472438024073
:103CC00030B500F10804C1F3034504EB85031C681B
:103CD0006FF30B0414431C6030BD10B5026801F093
:103CE00010040123A3401A43026010BDF0B503463F
:103CF0000024506800B100BF08461D6800F010079E
:103D00000126BE40354000F010070126BE40B542F6
:103D100001D1012500E0002525BB506898B1186845
:103D200001F0100640F6FA75B540A843D2E90056F6
:103D3000354396683543D668354301F01006B540E3
:103D4000284318600FE0186801F01006FA25B54006
:103D5000A843D6681568354301F01006B5402843DE
:103D6000186000E001242046F0BD0000044A525CC7
:103D7000825842F01002024B5B5CC2507047000058
:103D8000DA040508044A525C825842F01002024BE1
:103D90005B5CC2507047000005050508044A525C90
:103DA000825842F00402024B5B5CC2507047000034
:103DB000DA040508044A525C825842F00402024BBD
:103DC0005B5CC2507047000005050508044A525C60
:103DD000825842F00102024B5B5CC2507047000007
:103DE000DA040508044A525C825842F00102024B90
:103DF0005B5CC250704700000505050810B5064B16
:103E00005B5C03445B686FF30F031343024C645C19
:103E10000444636010BD0000DA04050810B5064BC9
:103E20005B5C03445B686FF30F031343024C645CF9
:103E30000444636010BD000005050508024B5B5C8F
:103E40000344DA6070470000DA040508024B5B5C4B
:103E50000344DA607047000005050508024B5B5C0F
:103E600003449A6070470000DA040508024B5B5C6B
:103E700003449A607047000005050508F0B5024646
:103E80000B4600240021186890FAA0F0B0FA80F4E4
:103E90008AE00125A540186800EA050100297DD0C7
:103EA0005868012802D0586802281CD19868956883
:103EB00091FAA1F6B6FA86F677000326BE40B5431E
:103EC00091FAA1F6B6FA86F6760000FA06F63543C0
:103ED000956000BFD86855688D4301FB00F63543F7
:103EE000556000BF00BF1869D56891FAA1F6B6FA0F
:103EF00086F677000326BE40B54391FAA1F6B6FADE
:103F000086F6760000FA06F63543D56000BF58689D
:103F1000022831D191FAA1F0B0FA80F0082814D229
:103F20005869156A91FAA1F6B6FA86F6B7000F2617
:103F3000BE40B54391FAA1F6B6FA86F6B60000FA8D
:103F400006F63543156200BF16E05869556A0E0A39
:103F500096FAA6F6B6FA86F6B7000F26BE40B54327
:103F60000E0A96FAA6F6B6FA86F6B60000FA06F635
:103F70003543556200BF00BF5868156891FAA1F635
:103F8000B6FA86F677000326BE40B54391FAA1F64D
:103F9000B6FA86F6760000FA06F600E003E035434E
:103FA000156000BF00BF641C1868E04000287FF463
:103FB00070AFF0BD024610690840884201D101206F
:103FC00070470020FCE7024610690840884201D192
:103FD000012070470020FCE70A048261704781617C
:103FE000704710B5044604F0FDFB2060206804F023
:103FF000C5FB6060606804F0D1FBA060606804F0FD
:10400000DFFBE06010BD000002480068C0F38810CC
:10401000704700000438024010B500F1500303EB74
:1040200081031A6010BD0000F0B5059C04F0F00695
:10403000360404F00F0746EA074646EA413603F025
:10404000F0073F0203F00F0C47EA0C273E4302F053
:10405000F00702F00F0C47EA0C0746EA070546682E
:10406000024F3E402E434660F0BD0000C00000FFFE
:104070002DE9F84F06460D46144601274DB96078E4
:1040800000F01000102804D1607800F0EF000A3032
:10409000607005B900E000BF304600F058F83046C7
:1040A00000F05DF8012848D045B1E07800906378D1
:1040B000A27821783046FFF7B7FF31E0E0780A2197
:1040C000B0FBF1F201FB1200E1780A22B1FBF2F140
:1040D00040EA011000F0FF0860781146B0FBF1F2F1
:1040E00001FB120061780A22B1FBF2F140EA0110F3
:1040F00000F0FF09A0781146B0FBF1F201FB1200BD
:10410000A1780A22B1FBF2F140EA011000F0FF0AA7
:10411000CDF8008021784B4652463046FFF784FFA9
:10412000304600F010F8304600F07BF820B93046F9
:1041300000F00EF9074600E00027304600F00CF8CA
:104140003846BDE8F88F6FF08001C1607047CA2122
:104150004162532141627047FF2141627047F8B5C7
:1041600004464FF47A70009000250026204600F0A7
:104170004EF8D0B900BF681EE06000BF204600F0D6
:1041800046F806460DE000F04DF9012802D10098EE
:10419000401E0090204600F03AF80646009800B90C
:1041A0000125009808B1012EEDD12846F8BD014641
:1041B000886800F04000704770B504460D4601263F
:1041C0002046FFF7C4FF2046FFF7C9FF012819D09A
:1041D0002868A16821F040010143A16000BFA868E0
:1041E00021696FF30E010143216100BF68682169F5
:1041F00021F4FE0141EA0041216100BF2046FFF7A2
:10420000A2FF00262046FFF7A7FF304670BD0146FB
:10421000C868C0F3801070470146C868C0F34010FA
:10422000704701468868C0F340107047F0B5059CA0
:1042300002F0F006360402F00F0746EA07460E4386
:1042400003F0F0073F0203F00F0C47EA0C273E4350
:1042500004F0F00704F00F0C47EA0C0746EA0705E4
:104260000668024F3E402E430660F0BD808080FF0E
:104270002DE9F84F06460D461446012745B930464C
:10428000FFF795FF00B102E00020206000BF08E0CA
:104290003046FFF78CFF00B102E00020206000BF35
:1042A00000BF3046FFF753FF3046FFF758FF0128A5
:1042B00048D045B1A07900906379227930462168D1
:1042C000FFF7B4FF31E0A0790A21B0FBF1F201FB66
:1042D0001200A1790A22B1FBF2F140EA011000F0CC
:1042E000FF0860791146B0FBF1F201FB1200617921
:1042F0000A22B1FBF2F140EA011000F0FF09207937
:104300001146B0FBF1F201FB120021790A22B1FB48
:10431000F2F140EA011000F0FF0ACDF800804B46B0
:10432000524630462168FFF781FF3046FFF70BFF0A
:104330003046FFF776FF20B9304600F009F807460F
:1043400000E000273046FFF707FF3846BDE8F88F4A
:10435000F8B504464FF47A7000900025002600BF9F
:10436000E06800F0800060F0A000E06000BF204640
:10437000FFF752FF06460DE000F054F8012802D185
:104380000098401E00902046FFF746FF0646009822
:1043900000B90125009808B1012EEDD12846F8BDDD
:1043A00030B50246012300BF1068C0F3801038BB4F
:1043B000D1E9000420438C682043CC6820430C6979
:1043C00020434C6920438C692043CC6920430C6A0C
:1043D000204314684FF6BF75AC432043106050680B
:1043E00020F004004C6940EA14405060086AB0F5BF
:1043F000005F04D1486A84B2146100BF00BF00238B
:10440000D06920F40060D061184630BD014688684C
:1044100000F00100704701468868C0F34000704713
:10442000017370474FF0E0200069C0F3004070470F
:10443000014908607047000068030020026A0A43CF
:1044400002627047016841F0010101607047016834
:1044500041F0010101607047C16841F00101C16094
:104460007047000010B5024613682C4882420ED0F7
:10447000B2F1804F0BD02A48824208D029488242AC
:1044800005D02948824202D02848824204D123F034
:1044900070004C6840EA04032048824220D0B2F108
:1044A000804F1DD01E4882421AD01E48824217D02B
:1044B0001D48824214D01D48824211D01C488242BD
:1044C0000ED01C4882420BD01B48824208D01B48A9
:1044D000824205D01A48824202D01A48824204D150
:1044E00023F44070CC6840EA040313608868D0620B
:1044F00000BF0888906200BF0848824202D00B4883
:10450000824203D10869106300BF00BF00BF506939
:1045100040F00100506100BF002010BD00000140CC
:104520000004004000080040000C0040000401406E
:104530000040014000440140004801400018004094
:10454000001C00400020004001291AD004291AD084
:1045500010291AD040291AD0B1F5807F19D0B1F5B1
:10456000806F18D006210D4A1830525C1044026842
:104570000B4B595C042303FA01F122EA01010160AB
:1045800070470021EFE70121EDE70221EBE703216E
:10459000E9E70421E7E70521E5E70000E013050866
:1045A000E7130508012919D0042919D0102919D0B9
:1045B000402919D0B1F5807F18D0B1F5806F17D0A0
:1045C00006210C4A1830525C104402680A4B595CB0
:1045D000082303FA01F11143016070470021F0E75D
:1045E0000121EEE70221ECE70321EAE70421E8E7F5
:1045F0000521E6E7E0130508E71305082DE9F0417A
:1046000006460C4615460127012C08D0102C0CD06C
:10461000B4F5807F0FD0B4F5805F18D111E0294642
:10462000304601F069FC074612E02946304601F0A9
:10463000A3FC07460CE02946304601F0E3FC0746A0
:1046400006E02946304601F01DFD074600E000BFA8
:1046500000BF3846BDE8F081416370478163704711
:10466000C16370474162704770B504460025234816
:10467000844206D11020FFF713FB1020FFF718FB30
:104680003AE01F48844208D14FF40030FFF7F8FAAF
:104690004FF40030FFF7FCFA2EE01A48844208D1AC
:1046A0004FF48020FFF7ECFA4FF48020FFF7F0FA88
:1046B00022E01548844206D12020FFF7F1FA20209D
:1046C000FFF7F6FA18E01148844208D14FF40020B1
:1046D000FFF7D6FA4FF40020FFF7DAFA0CE00C48A7
:1046E000844208D14FF48010FFF7CAFA4FF48010CB
:1046F000FFF7CEFA00E00125284670BD001001400A
:10470000004400400048004000140140004C0040BC
:104710000050004000BF00BF00F10C0252E8002F23
:1047200022F0200100F10C0242E80013002BF3D12B
:1047300000BF704700BF00BF00F10C0252E8002F1D
:1047400022F0800100F10C0242E80013002BF3D1AB
:1047500000BF704700BF00BF00F10C0252E8002FFD
:1047600042F0200100F10C0242E80013002BF3D1CB
:1047700000BF70472DE9FF4104460D460127002682
:10478000204600F059F8002845D1E96868680843D8
:1047900029690843A9690843E16849F20C62914319
:1047A0000843E060A868216921F440510143216178
:1047B00000BF6869616921F440710143616100BF14
:1047C0006846FFF70EFC1648844201D1039E17E0AD
:1047D0001448844201D1029E12E01348844201D160
:1047E000029E0DE01148844201D1039E08E010486A
:1047F000844201D1029E03E00E48844200D1029E11
:104800004EB1286838B10027314620462B68AA6986
:1048100000F017F800BF384604B0BDE8F081000092
:1048200000100140004400400048004000140140D6
:10483000004C0040005000400146C868C0F34030C2
:1048400070472DE9FC5F06460C4691461D46B9F5BA
:10485000004F68D10220A0FB057003461920A4FB7D
:1048600000A001463A465046FBF782FD6421B0FBAA
:10487000F1F04FEA001A0220A0FB05710B46192047
:10488000A4FB00B13A465846FBF772FD834602206E
:10489000A0FB057003461920A4FB00013A46CDE9B0
:1048A0000001FBF765FD6421B0FBF1F000EBC001F6
:1048B00001EB0010ABEB8000322101EBC000642162
:1048C000B0FBF1F000F0F8000AEB400A0220A0FB78
:1048D000057003461920A4FB00B13A465846FBF781
:1048E00047FD83460220A0FB057003461920A4FB68
:1048F00000013A46CDE90001FBF73AFD6421B0FB27
:10490000F1F000EBC00101EB0010ABEB80003221B5
:1049100001EBC0006421B0FBF1F000F0070050444F
:1049200080B2B06067E00420A0FB05700346192048
:10493000A4FB00A001463A465046FBF719FD82460B
:104940000420A0FB05711920A4FB00B084463A4660
:104950000B4658466146FBF70BFD6421B0FBF1F0B6
:1049600000EBC00101EB0010AAEB8000322101EB4B
:1049700000106421B0FBF1F000F0F00A0420A0FB6D
:10498000057003461920A4FB00B001463A4658467C
:10499000FBF7EEFC6421B0FBF1F00AEB001A0420F7
:1049A000A0FB057003461920A4FB00B13A46584607
:1049B000FBF7DEFC83460420A0FB057003461920AC
:1049C000A4FB00013A46CDE90001FBF7D1FC6421CC
:1049D000B0FBF1F000EBC00101EB0010ABEB80008D
:1049E000322101EB00106421B0FBF1F000F00F0068
:1049F000504480B2B060BDE8FC9F000070B594B038
:104A000000241194129413940C940D940E940F940A
:104A10001094089409940A940B94049405940694B1
:104A200007947348016841F480710160006800F4E4
:104A3000807001906F48016841F0010101600168D8
:104A400001F001010191016841F00201016000687B
:104A500000F002000190832002900325039502A933
:104A60006548FFF70BFA022602960395069402A901
:104A70006248FFF703FA6249624802788A5803786D
:104A800022F06062CA5002788A58037822F0C0028D
:104A9000CA5002788A58037822F44032CA50027809
:104AA0008A58037822F4907242F48072CA500278D5
:104AB0008A58037822F40072CA5002788A58037820
:104AC00042F48062CA5002788A58037822F4C052B5
:104AD00042F40062CA5002788A58037822F4C04235
:104AE00042F40052CA50027847495258007822F0E6
:104AF000040242501194129488151390434D11A949
:104B00002846FFF723F80C944FF4A0000D900E9464
:104B10000F964FF4407010900CA92846FFF738F814
:104B2000A86820F48060A8604FF440300890099491
:104B3000374C08A92046FEF7D1FF3206111428464B
:104B4000FFF758F8072231062846FFF76FF8314E75
:104B500040F2052132462846FFF74CF8072231463D
:104B60002846FFF763F82C4E40F20A2132462846C9
:104B7000FFF740F8072231462846FFF757F8274E3F
:104B800040F20F2132462846FFF734F8072231461B
:104B90002846FFF74BF8224E4FF40571324628465F
:104BA000FFF728F8072231462846FFF73FF86068EC
:104BB00020F4400040F4000060601A4E40F21921D9
:104BC00032462846FFF716F8072231462846FFF7F7
:104BD0002DF8606820F4400040F480006060D5F853
:104BE000040340F44000C5F8040314B070BD000095
:104BF00044380240303802400000024000040240C5
:104C000000640240D81305081464024000200140EB
:104C10000023014001003002070050030900B003E7
:104C2000100020811200808110B58CB000240894FF
:104C300009940A940B9404940594069407941648D6
:104C4000016841F000510160006800F000500190DF
:104C50001248016841F001010160006800F00100A4
:104C60000190302002900320039002A90C48FFF726
:104C700005F938200890099402200B900A4C08AAE4
:104C800008492046FFF732F808AA08492046FFF7EE
:104C90002DF80CB010BD0000403802403038024002
:104CA0000000024001001002007400401200431591
:104CB00038B52D48016841F480010160016801F4B4
:104CC00080010091016841F400110160006800F466
:104CD00000100090254C2068C0F30220002205211E
:104CE00001F0EEF8224900010870224D4FF4805087
:104CF00028602068C0F302200022052101F0E0F8BE
:104D00001D49000181F800044FF4804028602068AC
:104D1000C0F302200022052101F0D2F8174900015A
:104D200081F800042D1D4FF0807028602068C0F3CA
:104D300002200022052101F0C3F81149000181F889
:104D400000044FF0007028602068C0F302200022A9
:104D5000052101F0B5F80B49000181F800040A496A
:104D60002020C1F8000138BD303802400CED00E0D1
:104D70000CE400E000E100E00EE000E038E000E0DC
:104D800039E000E045E000E008E000E010B52A4826
:104D900007F013FA294C2062294807F00EFA6062E6
:104DA0000121284A084607F0BFFAA0620121264ADD
:104DB000084607F0B9FAE0620121244A084607F0E4
:104DC000B3FA20630121224A084607F0ADFA606376
:104DD0000022204B1146204807F074FC606100223D
:104DE0001E4B11461E4807F06DFCA0611D4B0022B2
:104DF00001211D4807F066FCE0611C4A00211C48A7
:104E000007F003FC20601B4A00211B4807F0FDFB54
:104E100060601A4A00211A4807F0F7FBA060194A9F
:104E20000021194807F0F1FBE060184A00211848FA
:104E300007F0EBFB206110BD781305082C03002060
:104E40008813050898130508A8130508B813050862
:104E5000C813050848130508CD860408581305082B
:104E6000C131040868130508B98C040894120508B8
:104E700001940408B812050815A00408DC120508FE
:104E80001D8604080013050815AA04082413050844
:104E9000BD9804082DE9F04788B0002404940694D6
:104EA00007946048016841F010010160016801F059
:104EB00010010191016841F004010160016801F0F5
:104EC00004010191016841F080010160016801F075
:104ED00080010191016841F001010160016801F068
:104EE00001010191016841F002010160016801F0D6
:104EF00002010191016841F008010160006800F0C1
:104F0000080001903F21484EB16141F6FC01474F36
:104F1000B9614FF47E71DFF81881C8F818100807DE
:104F2000B0614FF0E050C8F818004248B861DFF8AF
:104F300008910002C9F81800DFF800A14FF0807056
:104F4000CAF818003720029001250395059502A99B
:104F50003046FEF793FF48F2080002900395049450
:104F60000594069402A93046FEF788FF402002907F
:104F70000394069402A93046FEF780FF680302906E
:104F80000394069402A94846FEF778FFA80302900E
:104F90000394069502A93046FEF770FF4FF4E050E7
:104FA0000290039504940594069402A94046FEF7E6
:104FB00065FF4CF21F4002900395049405940694FB
:104FC00002A93846FEF75AFF4FF4C75002900395E6
:104FD00004940595069402A93846FEF74FFF4FF456
:104FE00040700290039504940594069402A94846E3
:104FF000FEF744FF2802029003950494059406945A
:1050000002A95046FEF73AFF4FF47E7002900395D6
:1050100004940595069402A94046FEF72FFF08B0B8
:10502000BDE8F0873038024000100240000C02401A
:1050300000040240000003C40008024000000240D7
:105040000C494CF6CC40086045F2555008600620EB
:10505000486040F6FF708860C86810F0030F06D003
:1050600000200128F8D14AF6AA20086070470120E4
:10507000F7E700000030004070B588B000240494C9
:10508000059406940294039401944548016801F440
:105090004071B1F5807F47D000234FF08051DFF899
:1050A00004C1DCF80020914314D0002101290BD069
:1050B000DCF8001041F08051CCF80010DCF8001052
:1050C00001F080510091012337490A68C2F30022A0
:1050D00012B10AE00121E9E70A6842F480720A602D
:1050E0000A68C2F30022002AFAD0016841F4803134
:1050F0000160016821F480310160016841F0010123
:1051000001600168C1F340010029FAD0016821F46F
:10511000407141F480710160012B05D1DCF8001071
:1051200021F08051CCF80010016841F40041016089
:1051300004947F200590FF2006901C4E04A935465C
:105140002846FFF739F8286940F4FE0028612869ED
:105150006FF30E0040F0FF002861154D2868A0F5A0
:105160004851F2391AD08DF80C408DF80D408DF869
:105170000E4002AA01213046FFF77AF801218DF88E
:1051800004108DF805108DF806108DF8074001AA5F
:105190003046FEF76DFF43F2F220286008B070BD84
:1051A0007038024040380240007000400028004043
:1051B0005028004010B592B00024089409940A9435
:1051C0000B940C940D940E940F94109411940594D8
:1051D00006941D48016841F480410160006800F4B4
:1051E000804001901948016841F0020101600068A7
:1051F00000F0020001904FF4604002900220039002
:10520000032004900520079002A91148FEF736FEFE
:1052100008944FF4827009900A940B9401200C902A
:1052200040020D9010200E900F9410940A201190BF
:10523000084C08A92046FFF7B3F8616821F0100177
:10524000616012B010BD00004038024030380240AA
:10525000000402400038004030B593B000240894A8
:1052600009940A940B940C940D940E940F9410943A
:105270001194059406941D48016841F400410160B1
:10528000006800F4004001901948016841F00401F1
:105290000160006800F0040001904FF4E0500290BB
:1052A00002250395032004900620079002A91148C7
:1052B000FEF7E4FD08944FF4827009900A940B9570
:1052C00001200C9040020D9018200E900F94109425
:1052D0000A201190084C08A92046FFF761F8616880
:1052E00021F01001616013B030BD00004038024071
:1052F0003038024000080240003C004010B586B043
:105300000020019002900390049005901B480168D2
:1053100041F480210160006800F48020009018486A
:105320000068C0F30220C0F10701042900D904215C
:10533000021D072A01D2002000E0C01E012202FA4D
:1053400001F1491E01F0050101FA00F00D490001CB
:1053500008704FF0E0219006C1F80001A720ADF8D9
:10536000040032200390084C01A92046FFF77AF888
:10537000216821F08001216006B010BD4438024050
:105380000CED00E01AE400E00048014070B596B072
:1053900000241094119413941494089409940A947A
:1053A0000B940C940D940E940F9402940394049413
:1053B0000594069407942748016841F001010160B3
:1053C000006800F00100019040F65F10ADF8400069
:1053D0004EF66020129010A94FF08040FFF742F87F
:1053E0004FF08045286820F0800028600121880760
:1053F000FFF7D8F86020089009940A940B940226CD
:105400000C96012108AA8807FFF7F8F80121880700
:10541000FFF79AF8686820F070006860A86820F0CC
:105420008000A8600C48016841F00101016000683B
:1054300000F001000190E813029003960494059493
:1054400006940120079002A90448FEF717FD16B044
:1054500070BD000040380240303802400000024079
:1054600030B595B0002410941194139414940894BA
:1054700009940A940B940C940D940E940F94029436
:10548000039404940594069407943548016841F008
:1054900002010160006800F002000190ADF8404098
:1054A00041F2707012902F4D10A92846FEF7DAFFD6
:1054B000286820F08000286001212846FFF772F854
:1054C0006020089009940A9440F6B8300B900C9430
:1054D00008AA01212846FFF791F801212846FFF785
:1054E00033F8A9152846FFF75DF808AAA91528463C
:1054F000FFF784F8A9152846FFF726F8686820F01A
:1055000070006860A86820F08000A86016480168F4
:1055100041F001010160016801F0010101910168A0
:1055200041F002010160006800F00200019040209B
:10553000029002250395049405940694079502A908
:105540000A48FEF79BFC0120029003950494059401
:105550000694079502A90648FEF790FC15B030BDE9
:105560004038024000040040303802400000024051
:105570000004024030B595B00024109411941394A7
:105580001494089409940A940B940C940D940E941A
:105590000F94029403940494059406940794274866
:1055A000016841F004010160006800F0040001900E
:1055B0004520ADF8400043F698201290204D10A9E8
:1055C0002846FEF74FFF286820F080002860102151
:1055D0002846FEF7E7FF6020089009940A940B9490
:1055E0000C9408AA10212846FFF708F81021284635
:1055F000FEF7AAFF686820F070006860A86820F0D5
:105600008000A860286840F0010028600D4801680B
:1056100041F008010160006800F008000190681482
:10562000029002200390049405940694079002A926
:105630000548FEF723FC15B030BD0000403802409D
:105640000008004030380240000C024010B586B01F
:10565000002001900290049005901148016841F0EB
:1056600010010160006800F010000090A820ADF863
:1056700004004FF47A7003900A4C01A92046FEF70B
:10568000F1FE206820F080002060606820F070004B
:105690006060A06820F08000A06006B010BD00002F
:1056A000403802400010004010B586B00020019044
:1056B00002900390049005901F490A6842F020026E
:1056C0000A60096801F0200100911C490968C1F3D2
:1056D0000221C1F10702042A00D904220B1D072B65
:1056E00001D2002100E0C91E012303FA02F2521E7A
:1056F00002F0050202FA01F1114A09011170114983
:10570000DA05C1F80021ADF804004FF6FF700390F0
:105710000D4C01A92046FEF7A5FE206820F0800070
:105720002060606820F070006060A06820F0800059
:10573000A06006B010BD0000403802400CED00E053
:1057400037E400E004E000E00014004010B590B041
:105750000024089409940A940B940C940D940E94CC
:10576000059406942C48016841F01001016000681E
:1057700000F0100001902948016841F0010101602A
:10578000006800F0010001904FF4C0600290022018
:105790000390032004900720079002A92048FEF7F9
:1057A0006DFB20480068C0F30220C0F10701042906
:1057B00000D90421021D072A01D2002000E0C01EEA
:1057C000012202FA01F1491E01F0050101FA00F07F
:1057D00015490001087015492020C1F800014FF457
:1057E000E130089009940A940B940C200C900D94CD
:1057F0000E940F4C08A92046FEF7BCFF206920F448
:1058000090402061606920F02A006061E06840F407
:105810000050E06010B010BD443802403038024003
:10582000000002400CED00E025E400E004E000E0B0
:105830000010014010B590B00024089409940A9417
:105840000B940C940D940E94059406947048016882
:1058500041F480210160006800F4802001906D48CF
:10586000016841F008010160006800F00800019043
:105870004FF4407002900220039003200490072010
:10588000079002A96448FEF7F9FA6449644842782F
:105890008A58437822F0606242F00062CA5042782F
:1058A0008A58437822F0C002CA5042788A58437816
:1058B00022F44032CA5042788A58437822F49072D7
:1058C000CA5042788A58437822F40072CA5042780B
:1058D0008A58437842F48062CA5042788A584378A2
:1058E00022F4C052CA5042788A58437822F4C04207
:1058F000CA5043784B4A9B5890F801C023F00403E8
:105900004CF80230C378CB5890F803C023F06063A2
:1059100043F0006341F80C30C378CB5890F803C0D3
:1059200023F0C00343F0400341F80C30C378CB5858
:1059300090F803C023F4403341F80C30C378CB58BF
:1059400090F803C023F4907341F80C30C378CB581F
:1059500090F803C023F4007341F80C30C378CB589F
:1059600090F803C043F4806341F80C30C378CB58FF
:1059700090F803C023F4C05341F80C30C378CB58DF
:1059800090F803C023F4C04341F80C30C178895823
:10599000C07821F00401815023480068C0F3022040
:1059A000C0F10701042900D90421021D072A01D2F0
:1059B000002000E0C01E012202FA01F1491E01F0A0
:1059C000050101FA00F0194900010870184980200A
:1059D000C1F800014FF4E130089009940A940B9447
:1059E0000C200C900D940E94124C08A92046FEF742
:1059F000C1FE206920F490402061606920F02A00F7
:105A00006061E06840F40050E06010B010BD00003C
:105A10004038024030380240000C02400060024032
:105A2000EE130508146002400CED00E027E400E0EE
:105A300004E000E00048004010B590B00024089455
:105A400009940A940B940C940D940E940594069466
:105A50006F48016841F020010160006800F02000FB
:105A600001906C48016841F004010160006800F099
:105A700004000190C02002900220039003200490B3
:105A80000820079002A96448FEF7F8F963496448C2
:105A900042788A58437822F0606242F02062CA500D
:105AA00042788A58437822F0C002CA5042788A5815
:105AB000437822F44032CA5042788A58437822F41C
:105AC0009072CA5042788A58437822F40072CA50C1
:105AD00042788A58437842F48062CA5042788A58A1
:105AE000437822F4C052CA5042788A58437822F44C
:105AF000C042CA5043784B4A9B5890F801C023F0EB
:105B000004034CF802308379CB5890F806C023F098
:105B1000606343F0206341F80C308379CB5890F8F0
:105B200006C023F0C00343F0400341F80C308379F2
:105B3000CB5890F806C023F4403341F80C308379F9
:105B4000CB5890F806C023F4907341F80C30837959
:105B5000CB5890F806C023F4007341F80C308379D9
:105B6000CB5890F806C043F4806341F80C30837939
:105B7000CB5890F806C023F4C05341F80C30837919
:105B8000CB5890F806C023F4C04341F80C3081791B
:105B90008958807921F00401815023480068C0F3BE
:105BA0000220C0F10701042900D90421021D072A9F
:105BB00001D2002000E0C01E012202FA01F1491EBC
:105BC00001F0050101FA00F01849000108701849B8
:105BD0008020C1F800014FF4E130089009940A9444
:105BE0000B940C200C900D940E94124C08A9204696
:105BF000FEF7C0FD206920F490402061606920F02C
:105C00002A006061E06840F40050E06010B010BD10
:105C1000443802403038024000080240006402402C
:105C2000EE130508146402400CED00E047E400E0C8
:105C300008E000E0001401402DE9F05F07468846C7
:105C400015461E460024A3462046641C33490F54C3
:105C500004222046641C0A544FEA18222046641C81
:105C60000A542046641C01F800802A0A2046641C5D
:105C70000A542046641C0D540621284807F01EFCD7
:105C800081462046641C254901F800904FEA1922FC
:105C90002046641C0A5480212148FAF7E6FC21467C
:105CA0001E48FDF749FA4FF4FA711E48006806F0E5
:105CB00005FB68BB1A480078B84226D11848C01CBA
:105CC00030F815906800C01C81B2154807F0F6FB4B
:105CD0008246D14515D1002010E04100C91C104A70
:105CE000515C090226F8101036F810204100091DF9
:105CF0000B4B595C114426F81010401CA842ECDBF9
:105D000009E04FF0FF30BDE8F09F6FF00100FAE7C7
:105D10006FF00200F7E700BFF5E7000080640020A5
:105D2000006400205C0300202DE9F04105460E468A
:105D3000174600242046641C1E490D5406222046A6
:105D4000641C0A54320A2046641C0A542046641C0F
:105D50000E543A0A2046641C0A542046641C0F5410
:105D60002146144807F0AAFB80462046641C1149CE
:105D700001F800804FEA18222046641C0A54802152
:105D80000D48FAF772FC21460A48FDF7D5F94FF4A1
:105D9000FA710A48006806F091FA40B9064800789E
:105DA000A84202D10120BDE8F0810020FBE70020DD
:105DB000F9E7000080640020006400205C030020FC
:105DC0002DE9F04707468846154699460024A24625
:105DD0002146641C2E48475410222146641C42541C
:105DE0004FEA28222146641C42542146641C00F8D4
:105DF00001802A122146641C42542146641C4554E9
:105E00006806020E2146641C21484254002610E018
:105E100039F81600020A2046611C8CB21C490A544B
:105E200019F816202046611C8CB219490A54701CBE
:105E300086B2AE42ECDB2146154807F03FFB8246B6
:105E40002046611C8CB2124901F800A04FEA2A22B8
:105E50002046611C8CB20E490A5480210D48FAF785
:105E600004FC21460A48FDF767F94FF4FA710A4825
:105E7000006806F023FA40B906480078B84202D11B
:105E80000120BDE8F0870020FBE70020F9E70000D3
:105E900080640020006400205C030020FEE701B560
:105EA0006B46022204210120FFF78AFF08BD01B5DD
:105EB0006B46022211460120FFF782FF08BDFEE774
:105EC00000F00700C0F10703042B00D9042300F100
:105ED000040CBCF1070F01D2002000E0C01E4FF0FF
:105EE000010C0CFA03F35B1E194081400CFA00F020
:105EF000401E10400843704770B50246106A20F0FB
:105F000001001062136A5568946924F0030424F0B8
:105F100070000E6840EA060423F002000E6940EAB1
:105F2000060323F001004E6840EA0603104882424F
:105F300002D01048824213D123F008004E6940EA93
:105F4000860323F004008E6840EA860325F48070FF
:105F50008E6940EA060525F40070CE6940EA4605E0
:105F600055609461C868506300BF1362002070BD23
:105F700000000140000401402DE9F04104460D46B7
:105F8000206A20F010002062266AD4F80480A769F5
:105F900027F4407727F4E040296840EA012726F0FB
:105FA0002000296940EA011626F01000696840EADD
:105FB00001161248844202D01148844213D126F0BF
:105FC0008000696940EA811626F04000A96840EA2D
:105FD000811628F48060A96940EA810828F40060ED
:105FE000E96940EAC108C4F80480A7612046E9686D
:105FF000FEF734FB26620020BDE8F081000001407E
:106000000004014070B50246106A20F480701062EE
:10601000136A5568D46924F0030424F070000E68F4
:1060200040EA060423F400700E6940EA062323F4D4
:1060300080704E6840EA06231048824202D0104821
:10604000824213D123F400604E6940EA862323F490
:1060500080608E6840EA862325F480508E6940EA8D
:10606000061525F40050CE6940EA46155560D46106
:10607000C868D06300BF1362002070BD00000140FB
:106080000004014070B50246106A20F4805010628E
:10609000146A5568D36923F4407323F4E0400E6812
:1060A00040EA062324F400500E6940EA063424F442
:1060B00080504E6840EA06340948824202D00948BE
:1060C000824204D125F480408E6940EA86155560ED
:1060D000D361C868106400BF1462002070BD000066
:1060E000000001400004014010B50246002003E01A
:1060F00012F8014B2318D8B20B1EA1F10104A1B272
:10610000F6D1C0B210BD000000B5034890ED000A02
:1061100002F0E0FE00BD00006802002010B54FF064
:10612000FF3029490968086020212848FDF754FFFD
:1061300010212648FDF750FF08212448FDF74CFFA9
:1061400004212248FDF748FF02212048FDF744FFC3
:1061500001211E48FDF740FF4FF400711C48FDF778
:106160003BFF4FF480711A48FDF736FF8021184835
:10617000FDF732FF40211648FDF72EFF202114487D
:10618000FDF72AFF10211248FDF726FF08211048CD
:10619000FDF722FF80210F48FDF71EFF40210D482B
:1061A000FDF71AFF20210B48FDF716FF10210948C3
:1061B000FDF712FF08210748FDF70EFF04210548EF
:1061C000FDF70AFF10BD0000E801002000100240AA
:1061D00000040240000C024010B50C480068B0F802
:1061E0004000132805DC09480068B0F84000012889
:1061F00004DA102005490968A1F84000034909683C
:1062000091F8400000F08EF810BD0000F40100206D
:1062100070B506460C4621463046FCF79DF905460A
:1062200008480068A0F87040642C03D1FFF776FF9F
:10623000012070BD0DB90020FBE7284600F02EF9C3
:106240000120F6E7F401002010B52DED028B1F4868
:106250000068B0F8520000EE100AB8EE400AF2EE04
:10626000040A80EE201AB0EE418A9FED190AB4EEBE
:10627000C08AF1EE10FA03DD9FED150AB0EE408AF8
:10628000144890ED000A02F0B3FE10480068B0F820
:10629000540000EE100AB8EE400AF2EE040A80EE56
:1062A000201AB0EE418A9FED0A0AB4EEC08AF1EEE0
:1062B00010FA03DD9FED060AB0EE408A064890ED25
:1062C000000A02F0E1FEBDEC028B10BDF4010020DB
:1062D00000000442240300202803002010B50122FE
:1062E0000B211046FBF78EFD10BD000010B50C48C9
:1062F0000068B0F84200132805DC09480068B0F8CF
:106300004200012804DA122005490968A1F8420078
:106310000349096891F8420000F004F810BD00003C
:10632000F401002010B504462E2C6FD2DFE804F0F3
:106330009C171C21262B30353B41464B50555A5F4C
:1063400064696F749C9C9C9C9C797D8185898D91EE
:10635000959C9C9C9C9C9C9C9C9C9C9C9C9920217E
:106360004348FDF739FE80E010214148FDF734FE37
:106370007BE008213E48FDF72FFE76E004213C48F3
:10638000FDF72AFE71E002213948FDF725FE6CE099
:1063900001213748FDF720FE67E04FF400713548D2
:1063A000FDF71AFE61E04FF480713248FDF714FEEC
:1063B0005BE080212F48FDF70FFE56E040212D487D
:1063C000FDF70AFE51E020212A48FDF705FE4CE0CA
:1063D00010212848FDF700FE47E008212548FDF779
:1063E000FBFD42E080212448FDF7F6FD3DE0402121
:1063F0002148FDF7F1FD38E020211F48FDF7ECFDB5
:1064000033E010211C48FDF7E7FD2EE02CE00821C9
:106410001948FDF7E1FD28E004211748FDF7DCFDF0
:1064200023E00120154908701FE00120144908707D
:106430001BE001201349087017E001201249087081
:1064400013E00120114908700FE001201049087085
:106450000BE001200F49087007E001200E49087089
:1064600003E0FFF751FE00E000BF00BF10BD0000D9
:106470000010024000040240000C02404C020020C8
:106480004D0200204E0200204F020020500200204A
:1064900051020020520200205302002070B5044631
:1064A00001250A4800680068204308490968086017
:1064B00008E004F0010010B1E8B2FFF733FF640810
:1064C000681C85B2202DF4DD70BD0000E8010020BD
:1064D00010B52DED088B0446B0EE408A84ED048A99
:1064E00094ED050AD4ED040A30EE600A84ED060A44
:1064F00094ED030A10EE101A084609F073FE41EC01
:10650000190B94ED060A10EE101A084609F06AFEFF
:1065100041EC1B0BB0EE4B0AF0EE6B0A04F03DFBB6
:10652000B0EE40AAF0EE60AA53EC192B51EC1A0B16
:1065300009F02CFD7ED294ED060AD4ED000A20EE7F
:10654000200A84ED090A606B09F0D2FB41EC190BBB
:1065500094ED090A10EE101A084609F043FE41ECCA
:106560001B0BB0EE4B0AF0EE6B0A04F016FBB0EE1C
:1065700040AAF0EE60AA53EC192B51EC1A0B09F06B
:1065800005FD06D294ED0E0AB8EE400A84ED0A0A23
:106590003FE094ED0A0AD4ED010A94ED061A00EEEC
:1065A000810A84ED0A0AD4ED0A0A94ED0D0AB8EEC8
:1065B000400AF4EEC00AF1EE10FA06DD94ED0D0A81
:1065C000B8EE400A84ED0A0A23E094ED0A0AB5EE1B
:1065D000C00AF1EE10FA11DBD4ED0A0A94ED0E0AAE
:1065E000B8EE400AF4EEC00AF1EE10FA06D294EDCD
:1065F0000A0ABCEEC00A84ED0E0A0AE094ED0A0A0B
:10660000B5EEC00AF1EE10FA03D29FED240A84ED34
:106610000A0A94ED060AD4ED070A30EE600A84ED0A
:10662000080A94ED080AD4ED020A20EE200A84ED4F
:106630000B0A00E012E094ED090AD4ED0A0A30EEEC
:10664000200AD4ED0B0A30EE200AF6EE000A30EEF6
:10665000200ABDEEC00A84ED0C0A09E094ED0A0A96
:10666000F6EE000A30EE200ABDEEC00A84ED0C0AF8
:1066700094ED060A84ED070A206B002801DA002059
:106680002063606B28B1D4E90C01884201D9606BAA
:106690002063206BBDEC088B10BD000000000000E3
:1066A000FCF702BA90ED050AD0ED040A30EE600A5C
:1066B00080ED070A70472DE9FC4106460C4600258F
:1066C000002716E0002003214FF448732246CDE94D
:1066D00000100221304603F0FEFF0546781CC0B2D0
:1066E00007460F2805DB242002F0D8FA0820BDE871
:1066F000FC81002DE6D012234FF44872214630462B
:1067000002F0D0FB2846F2E72DE9F04105460E469F
:106710001746984601233A4631462846FAF7F4F9D7
:1067200004464CB1204602F0B9FA03212846FFF78F
:10673000C2FF0020BDE8F0810120FBE72DE9F04118
:1067400005460E461746984601233A4631462846E6
:10675000FAF7F8F904464CB1204602F09FFA0321FB
:106760002846FFF7A8FF0020BDE8F0810120FBE7E5
:1067700010B504461E234FF416721A21204602F06B
:1067800091FB10BD10B504460B234FF41672022185
:10679000204602F087FB10BD2DE9F84380460E46E7
:1067A00014461F46DDE90895404600F063FE10B927
:1067B0000020BDE8F8830321404600F0B7FB3220FB
:1067C00001F0FAFE5DB1322001F0F6FE06214046EE
:1067D000FFF71EFDC5EB0511880000F08EFB0120C0
:1067E00001F0EAFE012000F088FB0CB9032000E074
:1067F000062002460CB9304600E00720014640461C
:1068000001F0E6FE08B90020D3E70CB9032000E050
:10681000062002460CB9304600E0072001464046FB
:1068200001F0D6FE08B90020C3E7304601F0C4FEEF
:10683000012000F062FB24B1012C10D0022C10D1F9
:106840000EE00123062231464046FFF777FF08B9E4
:106850000020AEE73146404600F046FE01E000E091
:1068600000BF00BF1DB106214046FAF77DFB0A209C
:1068700001F0A2FE012000F040FB012302220A21C8
:106880004046FFF75BFF08B9002092E74046FFF75C
:1068900079FF0321404600F087FB0B2001F08CFEBE
:1068A000012000F02AFB01231A460B214046FFF786
:1068B00045FF08B900207CE74046FFF763FF03214E
:1068C000404600F071FB0C2001F076FE012000F044
:1068D00014FB01231A460C214046FFF72FFF08B98D
:1068E000002066E7012000F008FB012303220C21B1
:1068F0004046FFF723FF08B900205AE74046FFF75C
:1069000041FF4046FFF73EFF4046FFF73BFF282090
:1069100001F052FE012000F0F0FA4B463A46002109
:10692000012001F0D3FC2F2001F046FE012000F0F1
:10693000E4FA4B465A220021012001F0C7FC2E2028
:1069400001F03AFE012000F0D8FA0A2000F08AFE99
:1069500000F0CAFA022000F0D0FA042001F02CFE68
:10696000012000F0CAFA0620034605220421009007
:10697000404600F049FB0421404600F0D7FA0420CD
:1069800001F01AFE012000F0B8FA002301220821CC
:10699000404600F022FB0321404600F005FB09229F
:1069A0000821404601F014FE00F0FCFF0A2000F030
:1069B000A4FA0120FDE62DE9F84380460D4616466F
:1069C0001F46DDE90894404600F054FD10B9002050
:1069D000BDE8F88324214046FFF71AFC0321404616
:1069E00000F0A4FA012001F0E7FD44B10621404681
:1069F000FFF70EFCC4EB0411880000F07EFA0120C2
:106A000000F07BFA09222946404601F0E1FD08B971
:106A10000020DDE700230C2208214046FFF78EFE10
:106A200008B90020D4E72D2001F0C6FD0A2000F0AF
:106A300067FD022000F061FA0321404600F076FA7B
:106A4000002303222946404601F0D6FD284601F0E6
:106A5000B3FD012000F051FA26B1012E1AD0022E0A
:106A600066D13EE00123062229464046FFF766FE36
:106A700008B90020ACE70321404600F095FA29460A
:106A8000404600F031FD002303220821404601F07A
:106A9000B3FD4DE00123032229464046FFF74EFE99
:106AA00008B9002094E70321404600F07DFA29460A
:106AB000404600F019FD002303220821404601F062
:106AC0009BFD002303220821404601F095FD012390
:106AD000032208214046FFF731FE08B9002077E77E
:106AE00026E001231A4629464046FFF727FE08B94B
:106AF00000206DE70321404600F056FA2946404643
:106B000000F0F2FC002301220821404601F074FD50
:106B1000002303220821404601F06EFD01230522D7
:106B200008214046FFF70AFE08B9002050E700BFE1
:106B300000BF1CB106214046FAF716FA0A2001F000
:106B40003BFD012000F0D9F901231A460A214046F5
:106B5000FFF7F4FD08B900203AE74046FFF712FEC0
:106B60000321404600F020FA0B2001F025FD012012
:106B700000F0C3F9002301220B21404601F03CFD47
:106B8000012302220B214046FFF7D8FD08B900205F
:106B90001EE74046FFF7F6FD0321404600F004FAE9
:106BA0000C2001F009FD012000F0A7F901230522C6
:106BB0000C214046FFF7C2FD08B9002008E7404617
:106BC000FFF7E0FD4046FFF7DDFD4046FFF7DAFD49
:106BD000002301220821404601F00EFD282001F08B
:106BE000EBFC012000F089F94B463A4600210120D8
:106BF00001F06CFB2F2001F0DFFC012000F07DF99B
:106C0000002346221946012001F060FB4046FFF7B1
:106C1000B9FD4046FFF7B6FD0223462200210120C0
:106C200001F054FB2E2001F0C7FC012000F065F9B3
:106C30000A2000F017FD00F057F9042001F0BCFC19
:106C4000012000F05AF90620034605220421009095
:106C5000404600F0D9F90421404600F067F90420CD
:106C600001F0AAFC012000F048F9002301220821CC
:106C7000404600F0B2F90321404600F095F90322A6
:106C80000821404601F0A4FC0C220821404601F0F6
:106C90009FFC00F087FE012000F02FF924214046E0
:106CA000FAF762F9012093E62DE9F04780460D4698
:106CB00016461F46DDE90894FCF7E4FB404600F069
:106CC000D9FB10B90020BDE8F0871E220421404600
:106CD00000F05AF9322001F06FFC5CB1322001F073
:106CE0006BFC06214046FFF793FAC4EB04118800C1
:106CF00000F003F9012000F000F90020784909684C
:106D0000C884774909688884284601F055FC012029
:106D100000F0F3F826B1012E10D0022E10D10EE0B3
:106D20000123152229464046FFF708FD08B9002037
:106D3000C9E72946404600F0D7FB01E000E000BF6C
:106D400000BF1CB106214046FAF70EF9162001F0EB
:106D500033FC012000F0D1F8012303221621404624
:106D6000FFF7ECFC08B90020ADE720214046FFF713
:106D70004FFA052000F0C1F820214046FAF7F4F858
:106D8000002303220821404601F036FC00230322A1
:106D90000821404601F030FC172001F00DFC0120D5
:106DA00000F0ABF820214046FFF732FA0A2000F04D
:106DB000A4F8012340F6AC5217214046FFF7BEFC71
:106DC00008B900207FE7282001F0F6FB012000F041
:106DD00094F84B463A460021012001F077FA2F2023
:106DE00001F0EAFB012000F088F800235022194648
:106DF000012001F06BFA0F2001F0DEFB012000F012
:106E00007CF8012303220F214046FFF797FC08B9C5
:106E1000002058E7282001F0CFFB00234622194626
:106E2000012001F06FFA0A2000F067F820214046A7
:106E3000FFF7EEF9302001F0BFFB032000F05DF812
:106E400028480068B0F86810404601F0D3FA08B945
:106E5000002038E700F090FD022000F04EF800F02E
:106E600093FD022000F049F800F03EF8022000F007
:106E700044F8042001F0A0FB012000F03EF81E229F
:106E80000421404600F080F820214046FFF7C0F979
:106E900001231B2208214046FFF750FC08B90020BF
:106EA00011E728220421404600F06EF801231B223E
:106EB00008214046FFF742FC08B9002003E72822DA
:106EC0000421404600F060F820214046FAF74CF8D3
:106ED00000F068FD0A2000F010F80120F3E6000041
:106EE000F8010020F40100207047704710B50446F7
:106EF00006212046FAF738F810BD10B504464FF4C5
:106F00007A7104FB01F005F0D1F810BD7CB506469E
:106F10000C46154601204FF4487322460221CDE964
:106F20000050304603F0D7FB7CBD000070B504462E
:106F30000D460321204600F037F80020FBF742FB06
:106F4000DFED100AB4EEE00AF1EE10FA14DD0023D2
:106F500055221946012001F0B9F903E041F28830C9
:106F600005F0A4F80020FBF72DFBDFED060AB4EED8
:106F7000E00AF1EE10FAF1DC29462046FFF79BFB10
:106F800070BD00000000AA4270B505460E461446CA
:106F900031462846FFF73CF92046FFF7AEFF314661
:106FA0002846F9F7E1FF70BD70B504460D4612237F
:106FB0004FF448722946204601F074FF70BD70B549
:106FC00005462846FBF70CFA044624B1204601F09A
:106FD00065FE002070BD0120FCE72DE9F04105466B
:106FE0000E461746984643463A4631462846FBF732
:106FF0001FFA04462CB1204601F050FE0020BDE8E7
:10700000F0810120FBE700002DE9F04705460E4620
:1070100017469846DDF82090002425E002212846F6
:10702000FFF7F6F84FF4FA7005F040F83A464FF4DF
:107030004871012002F0BCFB02E00A2005F036F89E
:107040000B4800780028F8D002212846F9F78CFF79
:107050004FF4FA7005F02AF843464FF4487231466F
:10706000284601F01FFF641C4C45D7DBBDE8F087C4
:10707000FC01002010B50446224603490348FBF7F3
:107080000BFA0148008810BD1803002016030020E9
:1070900070B506460C46154629462046FCF7C8F949
:1070A00070BD00002DE9F84380460D4616461F4688
:1070B000DDE90894404600F0DDF910B90020BDE894
:1070C000F88303214046FFF731FF322001F074FAC4
:1070D00044B106214046FFF79BF8C4EB0411880039
:1070E000FFF70BFF012001F067FA00230322294676
:1070F000404601F081FA284601F05EFA0120FFF7D0
:10710000FCFE36B1012E2ED0022E56D0032E76D1A3
:1071100092E00123062229464046FFF70FFB08B9FB
:107120000020CCE72946404600F0DEF9002301228A
:107130000821404601F060FA00230322082140465E
:1071400001F05AFA01231A4608214046FFF7F6FAE1
:1071500008B90020B3E74046FFF714FB032140467F
:10716000FFF722FFB8E001231A4629464046FFF701
:10717000E5FA08B90020A2E72946404600F0B4F934
:10718000002301220821404601F036FA00230322A1
:107190000821404601F030FA01230622082140462A
:1071A000FFF7CCFA08B9002089E74046FFF7EAFA72
:1071B00003214046FFF7F8FE8EE001230222294614
:1071C0004046FFF7BBFA08B9002078E72946404659
:1071D00000F08AF9002301220821404601F00CFA50
:1071E000002303220821404601F006FA012306226B
:1071F00008214046FFF7A2FA10B900205FE76AE0D5
:107200004046FFF7BFFA4046FFF7BCFA032140466D
:10721000FFF7CAFE4046FFF7D2FE0922082140468A
:1072200001F0D6F94046FFF7A3FA0123092208210D
:107230004046FFF769FA4FE00123062229464046FF
:10724000FFF762FA08B9002039E72946404600F006
:107250004BF90123032208214046FFF755FA08B9EC
:1072600000202CE74046FFF783FA0A20FFF745FE8F
:1072700003214046FFF798FE4046FFF7A0FE092293
:107280000821404601F0A4F94046FFF771FA0123B6
:10729000092208214046FFF737FA08B900200EE717
:1072A0004046FFF765FA0A20FFF727FE4046FFF742
:1072B00086FE09220821404601F08AF94046FFF780
:1072C00057FA0123092208214046FFF71DFA08B9A1
:1072D0000020F4E600E000BF00BF14B14046FFF715
:1072E00005FE03214046FFF75FFE112001F064F91F
:1072F0000120FFF702FE01205449087001231A46BD
:107300003D21404600F0A4F804214046FFF74CFE22
:1073100004214046FFF748FE01231A463D2140461E
:10732000FFF70CFA08B90020C9E6002047490870A9
:107330004046FFF727FA002301220821404600F0CB
:1073400087F8002301220821404600F081F82D2013
:1073500001F032F90A2000F0BDFA0A20FFF7CDFD56
:10736000172001F029F90120FFF7C7FD0120374957
:10737000087001231A463E21404600F069F80123B7
:107380001A463E214046FFF7D9F908B9002096E693
:1073900000202E4908704046FFF7F4F9002301222F
:1073A0000821404600F054F80023012208214046FD
:1073B00000F04EF8292001F0FFF80120FFF79DFDB5
:1073C0004B463A460021012000F080FF4046FFF77F
:1073D000D9F91E20FFF791FD2E2001F0EDF80A20CB
:1073E00000F05CFA0520FFF788FD0520FFF785FD1A
:1073F000042001F0E1F80220FFF77FFD062003469C
:107400000522042100904046FFF7FEFD042140467E
:10741000FFF78CFD0120FFF770FD012309220821F1
:107420004046FFF78BF903214046FFF77FFD01231C
:10743000092208214046FFF781F90A2000F012FADC
:10744000FFF753FD00F0AEFA012038E618020020E5
:107450002DE9F04104460D4616461F463B4632468E
:1074600029462046FFF7B9FD04212046FFF79CFD81
:10747000BDE8F08170B50546002400201849096870
:10748000A1F84C0016490968A1F84A001549096895
:1074900088801348006890ED210A1148006880ED4B
:1074A000220AF9F7E9FC00210520F9F777FB3C22D5
:1074B00000212846FFF7ECFD03212846FFF774FD65
:1074C00003212846FFF770FD44B1204601F0E6FB9A
:1074D00000211220F9F762FB002070BD0120FCE7BB
:1074E000F4010020F801002070B504460D460A237F
:1074F0004FF416722946204601F0D4FC70BD0000FE
:1075000010B52DED088B044622461F4801686631F0
:1075100000686430FAF7C0FF1B490968B1F86600DB
:1075200008F0E6FB41EC1A0B17490968B1F8640052
:1075300008F0DEFB41EC1B0B53EC1A2B08F000FAB1
:1075400041EC190BB0EE490AF0EE690A03F030FB8A
:10755000B0EE408AF0EE608A51EC180B08F00AF9A0
:1075600009490968C1F89C004FF47A7004F09EFD47
:1075700084200649096848854FF47A7004F096FD26
:10758000BDEC088B10BD0000F4010020F8010020C4
:107590002DE9FF41694602A82F4A12689047064626
:1075A00040F6B83004F082FD0DF102010DF10A0041
:1075B000294A12689047064640F6B83004F076FD36
:1075C00001A903A8244A126890470646BDF808009E
:1075D000BDF80A10884201DC012000E000200446CA
:1075E0000CB9012500E0002502A830F81400BDF810
:1075F0000C10884201DA204600E00220074602A86B
:1076000030F8150002A931F81710884201DD28462C
:1076100000E03846044602A830F814000F49096813
:10762000A1F866003DF814000C490968A1F864004F
:10763000012E06D0212001F031FB002004B0BDE86E
:10764000F081842006490968488540F6B83004F086
:107650002DFD0120F2E700000C030020F4010020C2
:10766000F801002010B52DED088B044622461D4878
:1076700001686A3100686830FAF70EFF1949096835
:10768000B1F86A0008F034FB41EC1A0B154909689F
:10769000B1F8680008F02CFB41EC1B0B53EC1A2BE3
:1076A00008F04EF941EC190BB0EE490AF0EE690A08
:1076B00003F07EFAB0EE408AF0EE608A51EC180BCF
:1076C00008F058F807490968C1F8A0004FF47A702B
:1076D00004F0ECFC4FF47A7004F0E8FCBDEC088B8D
:1076E00010BD0000F4010020F0B52DED088B85B031
:1076F00001A903A8584A12689047064640F6B830D8
:1077000004F0D4FC0DF106010DF10E00524A12688E
:107710009047064640F6B83004F0C8FC02A904A819
:107720004D4A126890470646BDF80C00BDF80E1091
:10773000884201DC012000E0002004460CB901254C
:1077400000E0002503A830F81400BDF810108842AE
:1077500001DA204600E00220074603A830F81500B1
:1077600003A931F81710884201DD284600E03846A9
:10777000044603A830F8140038490968A1F86A00E3
:1077800001A830F8140035490968A1F86800012EF5
:1077900007D0212001F082FA002005B0BDEC088B53
:1077A000F0BD2E490968B1F8680008F0A1FA41EC73
:1077B000190B2A490968B1F8640008F099FA41ECFC
:1077C0001B0BB0EE4B0AF0EE6B0A03F0F1F9B0EED2
:1077D00040AAF0EE60AA53EC192B51EC1A0B08F0FA
:1077E000AFF841EC180B07F0C5FF1C490968C1F858
:1077F0009C001A490968B1F86A0008F079FA41EC6E
:107800001A0B16490968B1F8660008F071FA41ECE4
:107810001B0B53EC1A2B08F093F841EC190BB0EE4C
:10782000490AF0EE690A03F0C3F9B0EE408AF0EEBF
:10783000608A51EC180B07F09DFF08490968C1F8F0
:10784000A000852006490968488540F6B83004F054
:107850002DFC0120A1E700000C030020F401002012
:10786000F801002010B5044622460A4801686A3132
:1078700000686430FAF710FE4FF47A7004F016FCDA
:1078800084200549096848854FF47A7004F00EFC9D
:1078900010BD0000F4010020F801002010B50446DE
:1078A00022460A480168683100686430FAF7F4FD3E
:1078B0004FF47A7004F0FAFB842005490968488582
:1078C0004FF47A7004F0F2FB10BD0000F4010020C8
:1078D000F801002010B5044622460A4801686631C6
:1078E00000686430FAF7D8FD4FF47A7004F0DEFBDC
:1078F00084200549096848854FF47A7004F0D6FB66
:1079000010BD0000F4010020F801002010B504466D
:1079100022460A480168663100686430FAF7BCFD07
:107920004FF47A7004F0C2FB842005490968488549
:107930004FF47A7004F0BAFB10BD0000F40100208F
:10794000F801002010B500210620F9F727F902F010
:1079500035F910BD1CB5694601A8064A1268904762
:107960000446012C04D0212001F098F900201CBD10
:107970000120FCE70C0300208420024909684885A7
:1079800070470000F80100208520024909684885F9
:1079900070470000F801002010B50446204602F0B0
:1079A000E5F810BD10B500210620F9F7F7F802F050
:1079B00041F910BD2DE9F84380460D4616461F4695
:1079C000DDE908944046FFF755FD10B90020BDE8F9
:1079D000F88303214046FFF7A9FA322000F0ECFDBE
:1079E00044B106214046FEF713FCC4EB04118800A5
:1079F000FFF783FAFFF7AEFF08B90020E7E704209E
:107A000000F0DAFD0120FFF778FA0C220821404649
:107A100000F0DEFD08B90020D9E701230C2208217F
:107A20004046FEF78BFE08B90020D0E72D2000F07D
:107A3000C3FDFFF7ADFD08B90020C8E703214046AC
:107A4000FFF774FA284600F0B7FD0120FFF755FA5A
:107A500026B1012E2BD0022E28D157E0002303227D
:107A60002946404600F0C8FD00230322294640462F
:107A700000F0C2FD0123042229464046FEF75EFEC7
:107A800008B90020A3E729464046FFF72DFD002353
:107A900003220821404600F0AFFD01230622082101
:107AA0004046FEF74BFE08B9002090E777E0002340
:107AB00003222946404600F09FFD00230322294669
:107AC000404600F099FD01231A4629464046FEF73C
:107AD00035FE08B900207AE729464046FFF704FD45
:107AE000002301220821404600F086FD00230322E6
:107AF0000821404600F080FD01230922082140466C
:107B0000FEF71CFE08B9002061E748E000230322CD
:107B10002946404600F070FD0023032229464046D6
:107B200000F06AFD01231A4629464046FEF706FE8C
:107B300008B900204BE729464046FFF7D5FC002353
:107B400001220821404600F057FD002303220821AE
:107B5000404600F051FD01230C2208214046FEF76B
:107B6000EDFD08B9002032E70A2203214046FFF765
:107B7000CDF9002301220821404600F03DFD0023FD
:107B800003220821404600F037FD01230722082187
:107B90004046FEF7D3FD08B9002018E700BF00BF3C
:107BA0001CB106214046F9F7DFF903214046FFF7F3
:107BB000FBF9172000F000FD0120FFF79EF90123DB
:107BC0001A4617214046FEF7B9FD08B90020FEE627
:107BD000002301220821404600F00EFD002301226F
:107BE0000821404600F008FD162000F0E5FC0120C9
:107BF000FFF783F901231A4616214046FEF79EFD42
:107C000008B90020E3E64046FEF7BCFD0023012250
:107C10000821404600F0F0FC282000F0CDFC0120B7
:107C2000FFF76BF94B463A460021012000F04EFB6E
:107C30002F2000F0C1FC0120FFF75FF90023322262
:107C40001946012000F042FB0F2000F0B5FC012096
:107C5000FFF753F901231A460F214046FEF76EFD48
:107C600008B90020B3E64046FEF78CFD2F2000F057
:107C7000A3FC0120FFF741F92E2000F09DFC02201B
:107C8000FFF73BF9FFF730FDFFF72EF9042000F076
:107C900093FC0120FFF731F9062003460522042159
:107CA00000904046FFF7B0F903214046FFF73EF948
:107CB0000120FFF722F9002303220821404600F0AB
:107CC0009BFC002301220F214046FEF737FD08B937
:107CD00000207CE60D220821404600F079FC0F22AE
:107CE0000821404600F074FCFFF75CFE0A20FFF715
:107CF00004F901206BE62DE9F04780460D46164653
:107D00001F46DDE908944046FFF7B4FB10B9002098
:107D1000BDE8F08703214046FFF708F9322000F064
:107D20004BFC44B106214046FEF772FAC4EB041145
:107D30008800FFF7E2F8042000F03EFC0120FFF786
:107D4000DCF8012000F038FC0120FFF7D6F809220A
:107D50002946404600F03CFC08B90020D8E7012342
:107D60000C2208214046FEF7E9FC08B90020CFE7C5
:107D700003214046FFF7DAF8002303222946404654
:107D800000F03AFC284600F017FC0120FFF7B5F898
:107D900016B1012E2BD10DE00123032229464046C6
:107DA000FEF7CCFC08B90020B2E729464046FFF7B1
:107DB0009BFB1DE001231A4629464046FEF7BEFC08
:107DC00008B90020A4E729464046FFF78DFB0023B1
:107DD00001220821404600F00FFC01230322082164
:107DE0004046FEF7ABFC08B9002091E700E000BF79
:107DF00000BF1CB106214046F9F7B6F8172000F085
:107E0000DBFB0120FFF779F8002301221721404610
:107E1000FFF71EFB01231A4617214046FEF78EFC92
:107E200008B9002074E74046FEF7ACFC00230122AD
:107E30000821404600F0E0FB282000F0BDFB0120B7
:107E4000FFF75BF84B463A460021012000F03EFA6E
:107E50002F2000F0B1FB0120FFF74FF80023322262
:107E60001946012000F032FA0C2000F0A5FB002397
:107E700001220821404600F0BFFB012306220C210D
:107E80004046FEF75BFC08B9002041E74046FEF79C
:107E900079FC4046FEF776FC282000F08DFB052398
:107EA00046220021012000F011FA2D2000F084FB71
:107EB0001E20FFF722F80A20FFF722FB112000F016
:107EC0007BFB0120FFF719F8002301221121404616
:107ED000FFF7BEFA0123022211214046FEF72EFCD5
:107EE00008B9002014E7282000F066FB032346228F
:107EF0000021012000F0EAF92E2000F05DFB1420A3
:107F0000FEF7FBFF0A20FFF7ADFBFEF7EDFF0220B7
:107F1000FEF7F3FF042000F04FFB0120FEF7EDFF1A
:107F200004214046FFF702F80120FEF7E6FF032296
:107F30000821404600F04CFB0C220821404600F08E
:107F400047FBFFF72FFD0A20FEF7D7FF0120DFE6F2
:107F50002DE9F84380460D4616461F46DDE9089494
:107F60004046FFF787FA10B90020BDE8F8830321E7
:107F70004046FEF7DBFF322000F01EFB5CB13220F2
:107F800000F01AFB06214046FEF742F9C4EB04114B
:107F90008800FEF7B2FF012000F00EFB0120FEF783
:107FA000ACFF09222946404600F012FB08B9002028
:107FB000DBE70C220821404600F00AFB08B900204C
:107FC000D3E7284600F0F8FA0120FEF796FF36B115
:107FD000012E16D0022E3BD0032E7CD15FE0012370
:107FE000092229464046FEF7A9FB08B90020BCE754
:107FF00029464046FFF778FA03214046FEF7D4FFB2
:1080000091E00123032229464046FEF797FB08B979
:108010000020AAE703214046FEF7C6FF2946404656
:10802000FFF762FA002301220821404600F0E4FA3B
:10803000002303220821404600F0DEFA0123082233
:1080400011464046FEF77AFB08B900208DE76AE04A
:108050000123022229464046FEF770FB08B90020A2
:1080600083E729464046FFF73FFA03214046FEF7E3
:108070009BFF002301220821404600F0BDFA0023A7
:1080800003220821404600F0B7FA01230922082103
:108090004046FEF753FB08B9002066E743E00123A2
:1080A000022229464046FEF749FB08B900205CE75A
:1080B00029464046FFF718FA03214046FEF774FFB1
:1080C000002301220821404600F096FA00230322F3
:1080D0000821404600E025E000F08EFA0123092245
:1080E00008214046FEF72AFB08B900203DE7082298
:1080F00003214046FEF70AFF0023032208214046E1
:1081000000F07AFA002303220821404600F074FAB6
:108110000123092208214046FEF710FB08B9002080
:1081200023E700E000BF00BF1CB106214046F8F77E
:108130001BFF172000F040FA0120FEF7DEFE0321AE
:108140004046FEF731FF03214046FEF72DFF002396
:10815000012217214046FFF77BF901231A46172118
:108160004046FEF7EBFA08B90020FEE64046FEF76F
:1081700009FB03214046FEF717FF282000F01CFAF8
:108180000120FEF7BAFE4B463A460021012000F0DE
:108190009DF82F2000F010FA0120FEF7AEFE00231C
:1081A00046221946012000F091F8192000F004FA47
:1081B0000120FEF7A2FE03214046FEF7F5FE032153
:1081C0004046FEF7F1FE0023012219214046FFF749
:1081D0003FF901231A4619214046FEF7AFFA08B9C4
:1081E0000020C2E64046FEF7CDFA4046FEF7CAFA46
:1081F00003214046FEF7D8FE282000F0DDF90123D8
:1082000046220021184600F061F82D2000F0D4F934
:108210000A20FFF775F9112000F0CEF9032140463E
:10822000FEF7C2FE03214046FEF7BEFE00230122F8
:1082300011214046FFF70CF901231A46112140464F
:10824000FEF77CFA08B900208FE64046FEF79AFA5E
:10825000282000F0B1F9032348220021012000F07A
:1082600035F82E2000F0A8F91420FEF746FE0A206B
:10827000FFF7F8F9FEF738FE0220FEF73EFE042075
:1082800000F09AF90120FEF738FE06200346052289
:10829000042100904046FEF7B7FE04214046FEF759
:1082A00045FE0120FEF729FE002303220821404657
:1082B00000F0A2F90C220821404600F089F9FFF7EE
:1082C00071FB0A20FEF719FE01204EE62DE9F04170
:1082D00080460C4615461E46012002F0FFFB07466D
:1082E00032462946204601F0E1F91E2002F0F6FB55
:1082F00007462FB1384600F0D1FC0020BDE8F081E0
:108300000120FBE72DE9F04107460C46154698464B
:108310004FF0FF322946204601F0C8F91E2002F036
:10832000DDFB064616B10020BDE8F0810120FBE729
:108330002DE9F04705460C4690469946DDE9086769
:108340000320FEF7DAFD2846FFF794F810B9002065
:10835000BDE8F08703212846FEF7E8FD0120FEF77F
:10836000CCFD322000F028F90120FEF7C6FD0120E7
:1083700000F022F90120FEF7C0FD204600F01CF9B4
:108380000120FEF7BAFD0A2000F016F90120FEF7E1
:10839000B4FD0B2000F010F90120FEF7AEFD0C201B
:1083A00000F00AF90120FEF7A8FD282000F004F9EA
:1083B0000120FEF7A2FD2F2000F0FEF80120FEF7BD
:1083C0009CFD2E2000F0F8F80120FEF796FD0A2013
:1083D000FFF748F9FEF788FD0220FEF78EFD042026
:1083E00000F0EAF8FFF7AEFA0120FEF786FD012063
:1083F000AEE700002DE9F84F83460D4600200090BF
:108400000027824680464FF005091721584600F0A4
:10841000CFFE01F07BFC40F6C41A4FF4FA7003F073
:1084200045FE1F21584600F0C3FE4FF6FF705F491E
:108430000968C8840A20FEF71DFE5D490968A1F895
:1084400068005B480068B0F86850ADE0BAF1000F12
:108450000FD11721584600F0ABFE01F057FC40F653
:10846000C41A4FF4FA7003F021FE1F21584600F0A1
:108470009FFE484601F078FC08EB09001FFA80F8DF
:10848000AAEB09001FFA80FA49480068A0F8648046
:10849000009803F00BFE0120FEF7ECFD0446444873
:1084A0000068A0F86A40AC4201DD601B00E0281BB8
:1084B00086B2B6F5FA7F06DBB6F57A7F03DAFA20E4
:1084C0000090002760E0B6F57A7F08DB40F2DC50D0
:1084D000864204DA009000274FF0050954E040F28C
:1084E000DC5086424BDB31480068C48400BF012069
:1084F000FEF7C0FD04462E480068A0F86A40AC4272
:1085000001DD601B00E0281B86B240F2DC50864291
:1085100007DB781C87B2012F09D124480068C48486
:1085200005E0002021490968C884002701E0032FE5
:10853000DDDB00BF781C80B20746032824DB4FF642
:10854000FF701A490968C8841A48D0ED000AB2EED3
:10855000041AB6EE000A00EE810ABCEEC00A10EE64
:10856000100A13490968A1F8660020215846F8F757
:10857000FBFC0020FFF710FA0120BDE8F88F002077
:10858000009000274FF0050941F64C5080450BDD67
:1085900020215846F8F7E8FC0020FFF7FDF92520D8
:1085A00000F07CFB0020E8E750E70000F801002025
:1085B000F4010020BC02002010B504460348006806
:1085C00044850120FEF799FC10BD0000F801002051
:1085D0002DE9F04105460E4617463A4631462846F3
:1085E00002F091FA04462CB1204600F057FB00201F
:1085F000BDE8F0810120FBE72DE9F04104460D467E
:1086000016461F463B46324629462046FEF7E5FC05
:1086100003212046FEF7C8FCBDE8F0810024FAF7EC
:10862000D5FD0122D1032348FAF742F902F066F999
:10863000F9F738FC4FF47A7003F038FD00BF1E489C
:10864000007870B91D48007858B14FF47A7003F083
:108650002DFD1B480168243100682630194A126834
:108660009047322003F022FD03F01EFF04464FF432
:10867000FA720221032003F06FFF044604F0004069
:10868000B0F1004FDBD004F0010028B101200C490B
:108690000968C880FAF7B4FB04F0020010B10A4878
:1086A00002F0FAF9032003F0D3FE0020024908701B
:1086B000C5E70000000C0240A8020020A90200202B
:1086C000F80100200C030020EC63002010B50446E4
:1086D00001F07CFA0348006804F070F801200249B8
:1086E000087010BD40030020FC0100202DE9F0417E
:1086F00006460F4614461D4639463046FDF788FDAE
:108700002A462146002001F053F802E0322003F00F
:10871000CDFC074800780028F8D04FF4FA7003F039
:10872000C5FC39463046F8F71FFCBDE8F081000073
:10873000FC01002000212F230846491C0D4A135438
:1087400031230846491C13543F230846491C13543F
:108750000D230846491C135407488078602801D12E
:108760000020704704488078402801D10120F8E7B4
:108770000120F6E7A06E0020606E0020014600BFD9
:108780000448006800F0F0000009034A125C21FA76
:1087900002F070470838024018140508014600BF6F
:1087A0000548006800F4E050044A02EB902002788B
:1087B00021FA02F07047000008380240281405082A
:1087C000014600BF0548006800F46040044A02EB1F
:1087D0005030027821FA02F0704700000838024059
:1087E0002814050810B5002400BF0C48006800F0EC
:1087F0000C0020B1042804D0082809D103E0084C5B
:1088000008E0084C06E0082000F00EF8044601E0FD
:10881000034C00BF00BF204610BD000008380240D6
:108820000024F40000127A002DE9F04104460025EE
:108830000026002700BF1548006800F480000646A7
:108840001EB1B6F5800F04D101E0114D03E0114DCA
:1088500001E00F4D00BF00BF082C14D100BF0B4832
:10886000006800F03F00B5FBF0F8FBF7CDFB08FB1C
:1088700000F80648006800F44030012101EB104088
:108880004000B8FBF0F73846BDE8F08104380240FC
:108890000024F40000127A0010B50520414909684F
:1088A000A1F878003F4800680088FC2827D006DC43
:1088B00001280BD002280AD0122859D115E0FD2832
:1088C0000AD0FE284DD0FF2852D11FE000BF002063
:1088D00034490968088062E001F066F93248F8F727
:1088E00035FC002001F08CF900BF002001F088F970
:1088F00000202C49096808802C4908704FE000F0DE
:10890000BDFA002027490968088048E00020254971
:1089100009680880FE210846F8F740F900F046FB98
:1089200000F0ACFA72B600BF00BF00BF00BF00BFCE
:10893000BFF34F8F00BF00BF00BF1D48006800F4A9
:10894000E0601C490843001D1949086000BF00BFD2
:1089500000BFBFF34F8F00BF00BF00BF00BF00BF0D
:10896000FDE700200F490968088000F087FA16E04B
:108970000E48007868B906200A490968A1F878000D
:1089800001200A49087001210B48006803F0A4FD8A
:1089900004E0072003490968A1F8780000BF00BF80
:1089A00010BD0000F4010020FFFF0300A80200201A
:1089B0000CED00E00000FA05340300202DE9F0473B
:1089C00081468A460024002500260027A046032071
:1089D00000F0D0FA4BE042F2107800BF4FF4804133
:1089E0002A48FBF7E7FA20B1B8F10000A8F1010826
:1089F000F4DA42F21070A0EB080025490860F7F79E
:108A00007EFF0746022000F0B5FA3E442148224985
:108A1000096840F8217042F2107800BF4FF480419D
:108A20001A48FBF7C7FA20B1B8F10000A8F1010815
:108A3000F4DA42F21070A0EB080015490860F7F76D
:108A40005EFF0746032000F095FA3D441248016896
:108A50000068401C104A1060104840F82170104611
:108A6000007800F07F0011460860601C84B2544515
:108A7000B1DB95FBF4F596FBF4F62D123612A9F84E
:108A80000250A9F80060BDE8F08700000010024025
:108A900078020020C06A00207C020020C06800200C
:108AA00070B504460D4629462046FFF787FF70BD86
:108AB0002DE9FF4106460F460024002502A903A820
:108AC00000F066F8A0460CE03222694601A800F0EA
:108AD0001FF8BDF804000444BDF80000054408F187
:108AE0000108B8F10A0FEFDB641D6D1D0A20B4FB0D
:108AF000F0F0BDF80C10401A30800A20B5FBF0F001
:108B0000BDF80810401A3880012004B0BDE8F0819B
:108B10002DE9F04106460F469046404600F092FD92
:108B20004FF47A711848006803F0C8FB48BB174C33
:108B30000A2522E002E0641C681EC5B22078552890
:108B400001D0002DF7D115B90020BDE8F081072133
:108B5000601CFDF7C9FA217A88420BD1607921792E
:108B600000EB01203080E079A17900EB0120388012
:108B70000120EAE7641C681EC5B2002DDAD100208E
:108B8000E3E70020E1E7000058030020C06C00206C
:108B90002DE9FC4106460F4600240025A0460CE0C6
:108BA0006422694601A800F019F8BDF804000444E5
:108BB000BDF80000054408F10108B8F10A0FEFDB29
:108BC000641D6D1D0A20B4FBF0F030800A20B5FB57
:108BD000F0F038800120BDE8FC8100002DE9F04173
:108BE00006460F469046404600F046FD4FF47A7127
:108BF0001848006803F062FB48BB174C0A2522E0C6
:108C000002E0641C681EC5B22078552801D0002DF2
:108C1000F7D115B90020BDE8F0810721601CFDF7F0
:108C200063FA217A88420BD16079217900EB012027
:108C30003080E079A17900EB012038800120EAE75B
:108C4000641C681EC5B2002DDAD10020E3E70020C5
:108C5000E1E7000058030020C06C002010B555204B
:108C600008490880AA2048800B46022200210120E2
:108C7000FCF7E2FF0446002C02DB0248006810BD4E
:108C80002046FCE79202002010B50446234602224B
:108C900020210120F9F75AF910BD000010B5044653
:108CA00021460720F7F77AFF0248006884800120F8
:108CB00010BD0000F801002010B5044606F0F4F9DC
:108CC000144908600846006813490968401A1149A8
:108CD00008600846008811490968A1F858000D4845
:108CE00000680A21B0FBF1F00A49086008460068F4
:108CF0000B490968B0FBF1F00649086008460068B6
:108D0000642801D964200860024800880349096882
:108D1000088510BD400200203C020020F801002020
:108D20003802002010B5152200210120FCF7FCFFBD
:108D300010BD000010B52DED068B45480068007889
:108D400060B140F6D27243494348FAF7B9FF41494E
:108D50004148FAF7C2FFBDEC068B10BD3F480068E2
:108D6000007848B164223B493B48FAF7A9FF3949EA
:108D70003948FAF7B2FFEEE739480068007820B1C9
:108D80003848006890ED318A03E03648006890ED7D
:108D9000308A34480068D0ED348A88EE280AB0EE74
:108DA000408AB3EE000A28EE000AB0EE408A2D4851
:108DB000006890ED330AF1EE000A30EEC00A30EEA2
:108DC000080AB0EE408A9FED280A28EE000AB0EEAD
:108DD000408A2448006890ED320A22480068D0EDAD
:108DE000330A30EE600AC8EE000AB0EE608A9FEDEA
:108DF0001F0A38EE000AB0EE408AB5EEC08AF1EEE6
:108E000010FA03D29FED1A0AB0EE408A18EE100A4B
:108E100007F0E8F941EC1A0B9FED160B53EC102B01
:108E200006F0DAFC41EC190B06F01EFF84B2B4F533
:108E3000805F01DB40F6FF74224606490648FAF7D8
:108E40003FFF04490448FAF748FF00BF83E70000EA
:108E50005C0200200100100200740040600200204B
:108E600058020020F401002000E076450000C842CE
:108E700000000000000000000000E03F10B540F2DC
:108E800065420549054800F017FE45F2AA5104481D
:108E9000C0F88C1110BD00006C52002000000208C8
:108EA0006C6200202DE9F04104460D4616461F462F
:108EB0003B46324629462046FFF718FCBDE8F081C4
:108EC00010B504460248006803F094FA10BD000093
:108ED0006003002030B5DFED220AB4EEE00AF1EEC7
:108EE00010FA03DDDFED1E0AB0EE600AB5EEC00A2F
:108EF000F1EE10FA03D2DFED1B0AB0EE600ADFEDEF
:108F00001A0A60EE200AB0EE600ADFED150A80EE64
:108F1000201AB0EE410AF6EE000A70EE200AB0EE1A
:108F2000600AFCEEC00A10EE901A88B20F49104A8F
:108F300001F10804C2F3034504EB85031C686FF3D9
:108F40000B0404431C6000BF1146084A126801F07C
:108F500010040123A3401A43044B1A6000BF30BD24
:108F6000000004420000000000F07F450074004053
:108F70001200431570B504460025032C00DD0024C3
:108F80000348005D40F001052846F7F792FD70BDEB
:108F90007402002010B504480068C2880521012031
:108FA000F8F730FF10BD0000F4010020082102484E
:108FB00080F89011704700006C62002070B50B487B
:108FC000006800894FF47A7100FB01F44FF6FF70DE
:108FD00000EA2445A6B22A4603210120F8F712FF31
:108FE000324604210120F8F70DFF70BDF401002086
:108FF00010B52DED028BB0EE408A9FED1F0AB4EE46
:10900000C08AF1EE10FA03DD9FED1B0AB0EE408A34
:10901000B5EEC08AF1EE10FA03D29FED180AB0EE59
:10902000408A9FED170A28EE000AB0EE408A9FEDB5
:10903000120AC8EE000AB0EE608AB6EE000A38EEF8
:10904000000AB0EE408ABCEEC80A10EE100A84B2E4
:1090500024B921460B48FBF7FFFA0AE021460948EC
:10906000FBF7FAFA01210748FBF7E8F90548FBF797
:10907000EEF9BDEC028B10BD0000044200000000C0
:109080000080BB450004004010B52DED028BB0EE12
:10909000408A9FED200AB4EEC08AF1EE10FA03DD9B
:1090A0009FED1C0AB0EE408AB5EEC08AF1EE10FAD0
:1090B00003D29FED190AB0EE408A9FED180A28EE00
:1090C000000AB0EE408A9FED130AC8EE000AB0EE27
:1090D000608AB6EE000A38EE000AB0EE408ABCEEB6
:1090E000C80A10EE100A84B224B921460C48FBF7D6
:1090F000B7FA0BE021460A48FBF7B2FA4FF4807149
:109100000748FBF79BF90648FBF7A1F9BDEC028B7A
:1091100010BD000000000442000000000080BB45BC
:109120000004004080ED0A0A70474163704780EDFB
:10913000000AC0ED010A80ED021AC0ED031A704763
:10914000816390ED0E0AB8EE400A80ED0A0A70477E
:1091500080ED040A7047000070B5054600242F22F8
:109160002046641C10490A5431222046641C0A54CB
:1091700056222046641C0A54052095FBF0F6081977
:1091800032460AA1F7F76CF904440D222046641C0C
:1091900005490A5400BF4FF4FA7002F087FFFFF749
:1091A000C9FA0028F7D170BDA06E00202564000028
:1091B0002DE9F04105460E4631462846F9F7E6F915
:1091C000C7B200242F222046641C11490A543122C0
:1091D0002046641C0A546F222046641C0A5407F17E
:1091E0003000C2B22046641C0A5452222046641C3D
:1091F0000A540D222046641C0A5400BF4FF4FA7032
:1092000002F054FFFFF796FA0028F7D1BDE8F0818D
:10921000A06E002070B5054600242F222046641C55
:1092200011490A5431222046641C0A547E222046E9
:10923000641C0A5456222046641C0A5408192A4603
:109240000AA1F7F70DF904440D222046641C0649D3
:109250000A5400BF4FF4FA7002F028FFFFF76AFAD1
:109260000028F7D170BD0000A06E0020256400002A
:1092700070B5054600242F222046641C19490A5463
:1092800031222046641C0A547A222046641C0A5467
:1092900023222046641C0A5440222046641C0A549F
:1092A00032222046641C0A5439222046641C0A5487
:1092B0003D222046641C0A5408192A460AA1F7F7E1
:1092C000CFF804440D222046641C06490A5400BF0E
:1092D0004FF4FA7002F0EAFEFFF72CFA0028F7D1FB
:1092E00070BD0000A06E00202564000080ED050A1E
:1092F0007047000010B504480068828E01210846BE
:10930000FCF712FD10BD0000F401002070B53648D6
:109310000021C022354B5B5C03445B686FF30F0395
:109320001343324C645C0444636000BF304B0C4612
:10933000002514B903F14C0500E02E4D2A4600BF6C
:109340002A4B5B5C03449A6000BF274800212A4AED
:10935000264B5B5C0344DA6000BF284A234B5B5C0E
:1093600003441B69214C645C0444226100BF00BFBC
:109370001E4A525C825842F480221C4B5B5CC250F5
:1093800000BF00BF194A525C825842F00102174BDD
:109390005B5CC25000BF00BF20201349886000BF43
:1093A00008460021114A525C825842F010020F4BCD
:1093B0005B5CC25000BF00BF0D48806840F00100F8
:1093C0000B49886000BF00BF0846806840F08040BD
:1093D000886000BF4FF44070896821F440710143F8
:1093E000034A916000BF70BD00640240300505086B
:1093F0000020014008230140FC6F00207C71002008
:109400002DED088B0024FCF71FFFFCF77DFEF9F71C
:1094100029FF322002F04AFE00224FF48071764884
:10942000F9F746FAFFF772FF00BF7448006840F092
:1094300040007249086000BFF7F72EFA00BF0A200B
:1094400002F034FE04216E48FFF72AFB6D480078D5
:1094500000287DD06A4800886B49088068484088A9
:109460006A490880F7F700FD012211036848F9F7FF
:109470001FFA00206349087063480088654909881D
:10948000401A654909680844634908605F480088D4
:1094900062490988401A62490968084460490860BD
:1094A000601C84B20A2CCAD101205E490968088375
:1094B0005B480068401D0A2190FBF1F0594909689A
:1094C0004883012057490968888457480068401D2F
:1094D0000A21B0FBF1F053490968C8845348008859
:1094E00000282ADD4FF4FA715148006802F034FE7A
:1094F000F0B94E4840684B490968C98C08444B494B
:1095000048600846806847490968498B08444749CC
:10951000886008460088401E08804548006802F0C0
:10952000A5FE50B143480068401C4249086004E071
:1095300040480068401C3F4908603A490968488B28
:1095400006F0D6FB41EC1A0B36490968088B00E09F
:1095500030E006F0CDFB41EC1B0B53EC1A2B06F070
:10956000EFF941EC190BB0EE490AF0EE690A01F08F
:109570001FFBB0EE408AF0EE608A51EC180B06F04B
:10958000F9F82D490968C1F880004FF400612048BE
:10959000F9F784F9002400201F4908602049086079
:1095A0002649086020490860FFF7C4FB2448F7F704
:1095B00093FF44E712480088164908801048408805
:1095C000164908801D4800681249098808441B494B
:1095D0000860154800681149098808441249086064
:1095E000FCF792FD00224FF480510948F9F760F929
:1095F00001200449087022E70008024000380040BA
:10960000E46F0020D8020020DE020020E0020020EB
:10961000000C0240DA020020E4020020DC020020FC
:10962000E8020020F8010020F0020020F06F002086
:109630004C030020D4020020F4010020EC020020A2
:10964000D86F002010B50446AA200A49087055209A
:109650004870002088700620C8701E200871200AFB
:1096600048718C7105210348801CFCF73DFD0149C0
:10967000C87110BD006D002010B50446AA200A492B
:10968000087055204870002088700620C8702F2070
:109690000871200A48718C7105210348801CFCF771
:1096A00023FD0149C87110BD006D00202DE9F04176
:1096B00006460D46174606EB460000EBC6000D4970
:1096C00001EB00140C48F7F7C7FB0B48FCF7EAFF67
:1096D00000EE105AB8EE400A84ED040AC7EB0710FA
:1096E000800001B2A18201206080A0802080BDE8BE
:1096F000F0810000286F0020E06E002070B52DED95
:10970000028B0446B0EE408AB5EEC08AF1EE10FA44
:1097100002D8BDEC028B70BD1F4800680482002C8B
:1097200001DD012504E0002C02DA0025604204B2CC
:109730009FED1A0A28EE000ADFED190A60EE200AF2
:1097400000EE104AB8EEC00A80EE801ABCEEC10AE4
:1097500010EE106A00224FF400411248F9F7A8F801
:109760000020114908702DB9012291030D48F9F725
:109770009FF806E0012D04D10022A9030948F9F75A
:1097800097F8A0B200F062F831460848006802F08D
:10979000F7FF00BFBDE70000F801002000001644FD
:1097A00000007A44000C0240FC010020400300202D
:1097B0002DE9F04105460C461646002E01DCBDE8B9
:1097C000F08125B120B219490968088204E060429D
:1097D00000B21649096808824FF4167106FB01F0C1
:1097E0004FF47A71484390FBF4F700224FF40041A4
:1097F0000F48F9F75DF800200E4908702DB90122D5
:1098000091030B48F9F754F806E0012D04D100222A
:10981000A9030748F9F74CF8204600F017F8394635
:109820000548006802F0ACFF00BFC8E7F80100205F
:10983000000C0240FC0100204003002010B506226D
:1098400000210120F8F7DEFA10BD000010B586B047
:109850000446142101A8F6F72AFF1E2C00DA1E2464
:1098600041F27070844200DB04464520ADF80400EC
:10987000002002900F4890FBF4F003900020049029
:1098800001A90D48FAF7EEFD039948080A498863D3
:1098900000BF1020096A0143074A116200BF00BFE0
:1098A0001046006840F001001146086000BF06B095
:1098B00010BD0000E86E03000008004000BF0A2051
:1098C00002F0F4FB464800884FF6FF7101EA4000C1
:1098D0004349088040214348FAF775FB404909880D
:1098E00008433F4908800846007800F00300032839
:1098F00008D13D480068007840F001003A49096805
:1099000008700CE03648007800F0030038B936489B
:109910000068007800F0FE00334909680870334899
:1099200000884FF6FF7101EA4000304908804FF48B
:1099300000512F48FAF747FB2C49098808432B4967
:1099400008800846007800F00300032808D1264864
:109950000068007840F002002349096808700CE0B4
:109960002248007800F0030038B91F4800680078EA
:1099700000F0FD001C49096808701E48007860B3BB
:109980001D480068C08F1C490968898F08440A2156
:1099900090FBF1F019490860194800680A3018492D
:1099A000086015480068C08F0A2190FBF1F0144947
:1099B0000968884202D9F7F7FDFA01E0FCF796FC46
:1099C0000F4800680D4909688842FFF478AF00200D
:1099D0000B490860F7F7EEFA71E7F7F7EBFA6EE775
:1099E0000803002000100240E40100200A030020C8
:1099F00000080240FC020020F401002000030020C7
:109A00000403002001461F48814201D20020704714
:109A10001D48814201D20120F9E71C48814201D250
:109A20000220F4E71A48814201D20320EFE71948E7
:109A3000814201D20420EAE71748814201D2052081
:109A4000E5E71648814201D20620E0E7144881424A
:109A500001D20720DBE71348814201D20820D6E774
:109A60001148814201D20920D1E71048814201D238
:109A70000A20CCE7B1F1016F01D20B20C7E700BF8C
:109A8000C5E70000004000080080000800C0000892
:109A90000000010800000208000004080000060899
:109AA0000000080800000A0800000C0800000E086A
:109AB00001460868704700002DE9F04387B004466E
:109AC0000E4617464FF00009002001900025804601
:109AD000B4F1006F02D304F0030018B1022007B004
:109AE000BDE8F083F8F7C0FE254604EB87081E4862
:109AF00085421DD219E02846FFF7DAFF401C78B1F5
:109B0000002002902846FFF77DFF04900120059079
:109B10000220069001A902A8F8F7FAFD08B106E0B4
:109B20002D1D4CF25030F8F729FC4545E3D300BF1A
:109B30004CF25030F8F722FC8146B9F1000F0FD1FA
:109B40000CE0D6F800C06246002321460220F8F758
:109B50003FFE08B10120C2E7241D361D4445F0D365
:109B6000F8F72CFE0020BAE70000FF1F70B505468D
:109B700005EB450000EBC5000A4901EB0014A08885
:109B800000EB800104F1100000EB8100A0F114064D
:109B90000020F08120800021284600F033FBF7F7F9
:109BA000C7F970BD286F002010B500F00FF802480B
:109BB000006802F003FE10BD4003002010B502480B
:109BC000006802F0FBFD10BD4803002010B5012223
:109BD000D1030948F8F76CFE10200849096A81434F
:109BE000064A116200BF00BF1046006820F0010065
:109BF0001146086000BF10BD000C02400008004084
:109C000070B5054605EB450000EBC500074901EBC3
:109C100000142846FFF7AAFF0548F7F71DF90020B2
:109C20006080A0802080FFF74BF970BD286F002076
:109C3000E06E002010B51248006802F0BFFD05F08C
:109C400033FA10490860084600680F490968401A4D
:109C50000C4908600846006800F5FA70086008467C
:109C600000684FF47A71B0FBF1F0064908600846CD
:109C70000088064909688885FFF700F910BD0000D3
:109C800048030020380200203C020020F801002098
:109C900010B5142200210120FCF746F810BD000089
:109CA00070B5054600242F222046641C15490A542D
:109CB00031222046641C0A5441222046641C0A5466
:109CC00042F6E060684340F6C41190FBF1F60D499E
:109CD000081932460CA1F6F7C3FB04445222204671
:109CE000641C08490A540D222046641C0A5400BF13
:109CF0004FF4FA7002F0DAF9FEF71CFD0028F7D1F4
:109D000070BD0000A06E00202564000010B5002486
:109D10002F222046641C12490A5431222046641C1A
:109D20000A5441222046641C0A54081942F6E06293
:109D30000CA1F6F795FB044452222046641C084906
:109D40000A540D222046641C0A5400BF4FF4FA70D6
:109D500002F0ACF9FEF7EEFC0028F7D110BD0000D0
:109D6000A06E00202564000070B5054600242F2257
:109D70002046641C15490A5431222046641C0A54AA
:109D800044222046641C0A5442F6E060684340F6D0
:109D9000C41190FBF1F60D49081932460CA1F6F7F3
:109DA0005FFB044452222046641C08490A540D22D9
:109DB0002046641C0A5400BF4FF4FA7002F076F992
:109DC000FEF7B8FC0028F7D170BD0000A06E00209F
:109DD0002564000010B54FF0E020006905F054F94B
:109DE000012801D004F0A0F910BD000010B53848DA
:109DF000016821F0070141F005010160016801F0EF
:109E000007010529FAD1334B186840F480401860E7
:109E10003148016841F4803101600168C1F340417B
:109E20000029FAD02D490A6842F001020A600A6846
:109E3000C2F34002002AFAD0196841F48071196017
:109E400027490A6842F001020A600A68C2F3400228
:109E5000002AFAD02449234A0B68DFF890C003EAAD
:109E60000C031A430A600A6822F440320A6001684F
:109E700041F0807101600168C1F340610029FAD0AE
:109E80001B48016821F0F0010160016821F4E051F4
:109E900041F4A0510160016821F4604141F40041A6
:109EA0000160016821F0030141F0020101600168D5
:109EB00001F00C010829FAD10E48FAF7B9FA0F207F
:109EC000F8F72CFD002801D0F7F799FF10BD00002E
:109ED000003C0240007000400038024074380240EC
:109EE0007038024008544000043802400080BFFF30
:109EF00008380240007A030A0448016841F47001FE
:109F000001600449024808607047000088ED00E0E5
:109F10000000040808ED00E000F008B870470000F9
:109F20000148F8F794BE0000B477002010B502484D
:109F30000068804710BD0000B800002010B502681E
:109F4000294B98420ED0B0F1804F0BD0274B98424E
:109F500008D0274B984205D0264B984202D0264B7A
:109F6000984203D122F070024B681A431E4B98426C
:109F700020D0B0F1804F1DD01C4B98421AD01C4B02
:109F8000984217D01B4B984214D01B4B984211D0CB
:109F90001A4B98420ED01A4B98420BD0194B98424C
:109FA00008D0194B984205D0184B984202D0184B54
:109FB000984203D122F44072CB681A4322F0800306
:109FC0004C6943EA040202608B68C3620B688362D7
:109FD000054B984202D0084B984201D10B690363AC
:109FE0000123436110BD0000000001400004004057
:109FF00000080040000C0040000401400040014007
:10A00000004401400048014000180040001C00408E
:10A01000002000402B480068D0ED261AB0EE611AEF
:10A0200028480068D0ED251AF0EE610A254800683E
:10A03000D0ED241AB0EE610ADFED231A2348FFF7B2
:10A0400076F820480068C18C2048FFF76EF80021A0
:10A050001E48FFF775F89FED1C0A1C48FFF746F9EC
:10A060009FED190A1948FFF75DF89FED170A174889
:10A07000FFF76EF81548FCF715FB0021084600F0C5
:10A08000C1F800200BE01249096800EB400202EB26
:10A09000C002104B03EB0212D160411CC8B2012870
:10A0A000F1DB00BF642002F001F80020F8F78AFA23
:10A0B000094880ED000A90ED000A002000F00EF83B
:10A0C000F0E70000F401002000000000E06E002036
:10A0D00044030020286F0020BC0200202DE9F0413D
:10A0E0002DED028B0746B0EE408A07EB470000EBF0
:10A0F000C7003F4901EB0014208820B1012803D09C
:10A10000022870D13EE06FE03A480068D0ED261A90
:10A11000B0EE611A37480068D0ED251AF0EE610AFA
:10A1200034480068D0ED241AB0EE610ADFED321A2F
:10A130003248FEF7FCFF6088082802DC60880028AF
:10A1400005DC00202080BDEC028BBDE8F081A088FA
:10A150006188884202DCA088002802DC0020208080
:10A16000F1E702202080A08800EB800104F11000BC
:10A1700000EB8100A0F114060120F081204909685C
:10A18000488231E0B0EE480A2146384600F05EF8D9
:10A190000546D5B9A088401C80B2A080618888425D
:10A1A0000EDCA08800EB800104F1100000EB8100C0
:10A1B000A0F114060120F08111490968488210E0DD
:10A1C00000202080FEF77CFE0BE0FF2D00D1BAE7D7
:10A1D000FE2D03D10020FEF773FE02E0E580002093
:10A1E000208001E0FFE700BF00BF00BFABE7000039
:10A1F000286F0020F401002000000000E06E002025
:10A20000F801002010B510B1012819D117E00E4A4D
:10A210001268D18100BF4FF08042516300BF01221C
:10A2200093071B6A13439407236200BF00BF920782
:10A23000126842F0010223461A6000BF01E000E00C
:10A2400000BF00BF10BD0000F801002070B52DED6B
:10A25000028B06460D46B0EE408AA88800EB8001CE
:10A2600005F1100000EB8100A0F11404E08907283B
:10A270007ED2DFE800F0040537CCFCFBFA008EE16B
:10A28000BCEEC80A10EE100A6081BCEEC80A10EEDF
:10A29000100AC4490968A1F8480004F005FF2061CC
:10A2A00094ED000AF3EE090AB4EEE00AF1EE10FABA
:10A2B00003D80120BDEC028B70BD94ED000AB4EE12
:10A2C000C80AF1EE10FA07D2FBF786FF0320E081FF
:10A2D000B5490968488204E00220E081B249096872
:10A2E00048825CE1B1EE040A38EE000AD4ED000ABF
:10A2F000B4EEE00AF1EE10FA40DBF6F719FEB4F91D
:10A30000040000281CDD00202881A2884FF47A7305
:10A3100012FB03F1E86802F033FA0620E081A2495B
:10A320000968488204F0C0FE206194ED000AF0EE56
:10A33000400AB0EE480A304600F040F9FF20B9E785
:10A34000A08820B93046FFF711FC0020B2E70020BA
:10A3500028810620E08194490968488204F0A4FE1F
:10A36000206194ED000AF0EE400AB0EE480A00E0E9
:10A3700014E1304600F022F9FE209BE794ED000A3C
:10A38000F0EE400AB0EE480A304600F017F904F04B
:10A390008BFE8649086020690968081A83490860AD
:10A3A000084600684FF47A71B0FBF1F07F4908600D
:10A3B000084600882081084600887A490968A1F883
:10A3C0004A007A480068782820D3D4ED000A6089D2
:10A3D00000EE100AB8EE400A30EEC00ADFED740A53
:10A3E00060EE200A00EE100AB8EE400A38EE400A8D
:10A3F000F4EEC00AF1EE10FA08DD3046FFF7B6FBC6
:10A400001E20694909688880012053E7C7E094ED60
:10A41000000ADFED680A78EE600AB4EEE00AF1EEB9
:10A4200010FA41DBF6F784FDB4F9040000281FDDC3
:10A4300000202881A2884FF47A7312FB03F1E868A8
:10A4400002F09EF90620E08157490968488204F02D
:10A450002BFE206194ED000AF0EE400AB0EE480AAF
:10A46000304600F0ABF8FF2024E75EE05CE05AE005
:10A47000A08820B93046FFF779FB00201AE70020BA
:10A4800028810620E08148490968488204F00CFED2
:10A49000206194ED000AF0EE400AB0EE480A304622
:10A4A00000F08CF8FE2005E704F0FEFD3F4908604F
:10A4B00020690968081A3D490860084600684FF499
:10A4C0007A71B0FBF1F039490860084600882081B4
:10A4D0000846008833490968A1F84A0033480068F3
:10A4E00078281FD3608900EE100AB8EE400AD4ED38
:10A4F000000A30EE600ADFED2E0A60EE200A00EE60
:10A50000100AB8EE400A30EE480AF4EEC00AF1EE46
:10A5100010FA07DDF6F70CFD202023490968888032
:10A520000220C7E63BE03AE039E094ED000AF0EEA5
:10A53000400AB0EE480A304600F040F804F0B4FD9E
:10A540001A49086020690968081A1849086008460D
:10A5500000684FF47A71B0FBF1F0144908600846C6
:10A560000088E080084600880E490968A1F84C0080
:10A570002889012811D110480088A0810E48008840
:10A5800008490968A1F84E003046FFF7EFFA0020AD
:10A59000E0810549096848828CE600E000BF00BF01
:10A5A000FF2087E6F4010020F8010020D0020020FF
:10A5B000CDCC4C3E00000000C002002010B52DEDB7
:10A5C000028B0446B0EE408AF0EE608A9FED1A0AD4
:10A5D000B4EEC08AF1EE10FA04DCB5EEC08AF1EEFA
:10A5E00010FA03D200212046FFF70CFE134890ED2D
:10A5F000050AB4EE680AF1EE10FA03D0C0ED058A40
:10A60000FCF750F80E4890ED000A0C48FBF760FF8D
:10A610000C490880084600884EF66021884202DD19
:10A62000084608490880074801882046FFF7EAFDE8
:10A63000BDEC028B10BD000000007A43E06E0020EC
:10A64000BC020020C002002070B50546284602F07A
:10A6500009FF044614B1D4E90010884770BD2DE904
:10A66000F05F05460E4692469B46DDE90A4940F6F4
:10A67000C41094FBF0F087B240F6C41094FBF0F1E4
:10A6800000FB11401FFA80F80FE031462846FEF724
:10A690008FFD40F6C410FFF703FB1F212846FEF78D
:10A6A00087FD40F6C410FFF75FFB381EA7F10101DC
:10A6B0008FB2EAD131462846FEF77AFD4046FFF7D1
:10A6C000EFFA1F212846FEF773FD4046FFF74CFBCB
:10A6D0000020BDE8F09F2DE9FF4F81B0814616466E
:10A6E0001F46DDE90E850024032098FBF0F000F002
:10A6F000FF0A032098FBF0F100FB118000F0FF0B34
:10A700003CE001224FF44871484600F0F9F910B9D5
:10A710002920FEF7C3FA01233A46009548460299DC
:10A72000F7F756F9044654B94FF47A7001F0BEFCBD
:10A7300012233A4631464846FDF7D8FF1EE009236A
:10A740004FF4487203214846FEF7ACFB01233A461A
:10A75000009548460299F7F73BF9044654B94FF47F
:10A760007A7001F0A3FC12233A4631464846FDF7C1
:10A77000BDFF03E0204605B0BDE8F08FBBF100004F
:10A78000ABF1010101F0FF0BBBD13AE003224FF422
:10A790004871484600F0B4F910B92A20FEF77EFA55
:10A7A00003233A46009548460299F7F711F9044603
:10A7B00054B94FF47A7001F079FC12233A463146CD
:10A7C0004846FDF793FF1CE009234FF4487203212C
:10A7D0004846FEF767FB03233A4600954846029930
:10A7E000F7F7F6F8044654B94FF47A7001F05EFCBE
:10A7F00012233A4631464846FDF778FF01E02046ED
:10A80000B9E7BAF10000AAF1010101F0FF0ABDD1D8
:10A810002046B0E710B50E4C20680168C1F3401126
:10A82000002904D06FF02001016002F055FD20687E
:10A83000C168C1F3C011002908D00068C0F3C0107E
:10A84000002803D0BDE8104002F04EBD10BD00004E
:10A850008400002038B5154C20680168C1F3001150
:10A86000002905D0016800914068009000F09AF836
:10A8700020680168C1F3C011002915D0016800915A
:10A88000416800910C3050E8001F21F0400140E881
:10A890000012002AF7D1064C012211032046F8F7D6
:10A8A00007F84FF08061A16138BD00006C02002004
:10A8B000000C024038B5104C20680168C1F300114B
:10A8C000002905D00168009140680090F7F7B8FBB7
:10A8D00020680168C1F3C01100290CD00168009103
:10A8E000416800910C3050E8001F21F0400140E821
:10A8F0000012002AF7D138BD8C02002010B525497E
:10A90000086800BF00BF00BF00F10C0252E8002F32
:10A9100042F0100100F10C0242E80013002BF3D1C9
:10A9200000BF00BF1B49086800BF00BF00BF00F1A7
:10A93000140252E8002F42F0400100F1140242E8F4
:10A940000013002BF3D100BF00BF12480268121D94
:10A9500001211148F9F782FA104A01210E48F9F74E
:10A960006DFA4FF4807201210B48F9F747FA012183
:10A970000948F9F7FBF901210748F9F70FFA012116
:10A980000548F9F723FA64210548006801F096FCB0
:10A9900010BD00006C020020006002400064002036
:10A9A0005C03002008B516480121164A525C825803
:10A9B00022F00102134B5B5CC25000BF00BF114A82
:10A9C000525C0244526892B2C2F580700E4908800F
:10A9D0000E48006801F00EFD4FF480720121084816
:10A9E000F9F70CFA0A4908680168009100BF41684C
:10A9F000009100BF00BF01210148F9F7E7F908BD48
:10AA000000600240DA040508700200205C030020A8
:10AA10006C02002008B540F2971019490968488077
:10AA200000200090174800684088642200FB02F371
:10AA30001448006801790322002000F051FE002232
:10AA40004FF480711048F7F733FF00F047FB00BF69
:10AA50004FF4FA710D48006801F030FC48B900F07D
:10AA6000AFFE0B48007820B1FDF716FF0020084923
:10AA7000087000BF4AF6AA200649086000BFE7E751
:10AA8000F8010020F40100200008024054030020D7
:10AA90009C020020003000402DE9F04105460027CF
:10AAA000012415E0002715F8016B0DE006F0010008
:10AAB00018B1E0B2FBF736FC02E0E0B2F6F796FA26
:10AAC0007610641C781CC7B2402C01D8082FEDDB2F
:10AAD000402CE7D9BDE8F081FEE7000070B50446E0
:10AAE0004EF6602004FB00F10448006801F0E6FB2C
:10AAF00005460DB9002070BD2820FCE7600300204A
:10AB00000346012070472DE9F04105460E461746E1
:10AB1000002400233A4631462846F6F713F8044647
:10AB20005CB906234FF4487202212846FEF7BAF9B1
:10AB300003212846FBF7BFFD0DE02046FEF7AEF8E7
:10AB400003234FF4167219462846FEF7ABF903218A
:10AB50002846FBF7B0FD2046BDE8F08102480068BA
:10AB6000C0F30220704700000CED00E010B5002893
:10AB700004DB0A07130E054A135406E00A07140EF5
:10AB8000034A00F00F031B1FD45410BD00E400E083
:10AB900018ED00E0EFF3058070472DED020B0198F2
:10ABA00020F0004001909DED000B02B070470000C6
:10ABB00070B5D94B00242DED020B2DED108BDDE986
:10ABC0001010984205DA20F000429A4201D809D1CB
:10ABD00041B19DED100BBDEC108B02B0BDE8704093
:10ABE00000F05EBAB0F5801F26DA11430BD00028C2
:10ABF00013DA0120F5F78AFDBDEC108B02B0BDE839
:10AC0000704000F059BA0220F5F780FD00F030FAEC
:10AC100051EC100B04F0A1FD9EE06FF035049FEDA8
:10AC2000C00B53EC102B9DED100B51EC100B05F0ED
:10AC3000AFF8CDE91001084604EB2051C0F313042E
:10AC4000B948A1F2FF31204400F4801080F07F6207
:10AC500082F04052224301EB20559FEDB50B11923B
:10AC600053EC102B9DED100B51EC100B05F0D0F9AF
:10AC700041EC180BA01CC0F313009FEDAFDB9FED60
:10AC8000B0EBB14E7E4403286CD296ED000B51EC34
:10AC9000180B53EC102B04F0ABFF1DD1002D01BF9E
:10ACA00096ED000BBDEC108B02B070BD284605F090
:10ACB00008F841EC180B53EC1D2B05F069F841EC3A
:10ACC000190B53EC1E2B51EC180B05F061F853ECEB
:10ACD000192B04F081FD3FE09FED9D0B51EC180B0B
:10ACE00053EC102B05F054F89FED9B1B53EC112BEC
:10ACF00005F082F941EC190B53EC182B51EC180BB1
:10AD000005F046F853EC192B05F042F841EC190B0D
:10AD1000002D04BF53EC192B51EC180B1AD0284608
:10AD200004F0CFFF41EC1A0B53EC1D2B05F030F86B
:10AD300053EC192B05F060F953EC182B05F068F96A
:10AD400041EC180B53EC1E2B51EC1A0B05F020F8BC
:10AD500053EC182B05F05CF9BDEC108B02B041EC04
:10AD6000100B70BD9FED7E0B51EC180B53EC102BAC
:10AD700004F032FD41EC100B51EC180B53EC102B8E
:10AD800004F0DEFD41EC190B284604F09AFF41EC7B
:10AD90001B0B53EC192B51EC190B04F0F9FF41EC90
:10ADA0001A0B714853EC1A2B261851EC1A0B04F0AD
:10ADB000EFFF41EC1F0B6D48C4F1510404F5D7249B
:10ADC000B0EE4F0AF0EE6F0A0321784400F0D2F89B
:10ADD00053EC1F2B51EC100B04F0DAFF41EC1C0B71
:10ADE0006348B0EE4F0AF0EE6F0A0421784400F099
:10ADF000C1F853EC1A2B51EC100B04F0C9FF34438B
:10AE000053EC1C2B04F0E8FC41EC1C0B002C4CDD3B
:10AE10009FED510B51EC180B53EC102B04F0B8FFC5
:10AE200053EC182B04F0B4FF41EC1A0B55B353EC60
:10AE30001D2B51EC1B0B04F0ABFF41EC1D0B53EC35
:10AE40001C2B51EC1A0B04F0C7FC53EC192B04F02B
:10AE50009FFF53EC1D2B04F0BFFC53EC1A2B05F0A5
:10AE6000CBF853EC182B05F0D3F841EC180B53EC4E
:10AE70001E2B51EC1B0B04F08BFF53EC182B05F031
:10AE8000C7F869E753EC1C2B51EC1A0B04F0A4FC37
:10AE900053EC192B04F07CFF53EC1A2B05F0ACF8A3
:10AEA00053EC182B05F0A8F856E735B353EC1D2BDF
:10AEB00051EC1B0B04F06CFF41EC1A0B53EC1C2BF8
:10AEC00051EC180B05F0A4F853EC192B04F060FFBB
:10AED00053EC1A2B05F09CF853EC182B05F098F85E
:10AEE00041EC180B53EC1E2B51EC1B0B04F050FFE4
:10AEF00053EC182B05F08CF82EE753EC1C2B51EC7F
:10AF0000180B05F085F853EC192B04F041FF53ECB6
:10AF1000182B05F071F81FE70000F07F000000001B
:10AF20000000000000005043645F090000000000C2
:10AF3000000000000000F03F763C7935EF39EA3D33
:10AF40000000E0FE422EE63FE06700000000000047
:10AF5000555555555555D53F000000000000E03FC0
:10AF6000000000000000004086EBF9FF6266000070
:10AF70005866000070B504462DED028B4D1E00EBA7
:10AF8000C500B0EE408AF0EE608A90ED000B35F01F
:10AF9000060017D053EC182B51EC100B04F0F8FE00
:10AFA00041EC100B6D1E04EBC50090ED001B51EC45
:10AFB000100B53EC112B04F00FFC41EC100B35F08F
:10AFC0000600E7D1022D36D0042D1CD0062D1CBF63
:10AFD000BDEC028B70BD53EC182B51EC100B04F040
:10AFE000D7FE94ED0A1B53EC112B04F0F5FB53EC48
:10AFF000182B04F0CDFE94ED081B53EC112B04F03C
:10B00000EBFB41EC100B53EC182B51EC100B04F044
:10B01000BFFE94ED061B53EC112B04F0DDFB53EC4B
:10B02000182B04F0B5FE94ED040B53EC102B04F038
:10B03000D3FB41EC100B53EC182B51EC100B04F02C
:10B04000A7FE94ED021B53EC112B04F0C5FB53EC4F
:10B05000182B04F09DFE94ED001B53EC112B04F013
:10B06000BBFBBDEC028B41EC100B70BD000000007F
:10B070009FED070B10B553EC102B9FED070B51EC18
:10B08000100B04F05DFC41EC100B10BD0000000043
:10B090000000000000000000000000000000F03F81
:10B0A00010B553EC102B51EC100B04F095FB41EC58
:10B0B000100B10BD000000009FED050B10B553EC08
:10B0C000102B51EC100B04F03BFC41EC100B10BDAD
:10B0D00000000000000000007047000010B50024D0
:10B0E00006480078012806D10548006880470020FE
:10B0F0000249087000E00624204610BD9A00002096
:10B10000A00000202DE9F04705460C464FF0000A4C
:10B110002088042832D168784FEA0028A87840EACD
:10B12000080808F101001FFA80F8EE78012E22DBF2
:10B13000802E20DC2F4600202080662007F8010B9F
:10B140002088401C208007F8016B2088401C20804C
:10B15000002332464146384600F0A0FC8146B9F152
:10B16000000F04D0484602F0A5F8824608E0208887
:10B170003044208004E04FF0030A01E04FF0030A5E
:10B180005046BDE8F0872DE9F05F06460D464FF0CA
:10B19000000B2888052848D170784FEA0029B0783C
:10B1A00040EA090909F101001FFA80F9F078040268
:10B1B00030790443012C35DBB4F5FA6F32DA3746C7
:10B1C00000202880012007F8010B2888401C2880D7
:10B1D00004F0070040B12046E11704EB5171C9109B
:10B1E000491C01F0FF0805E02046E11704EB51710E
:10B1F000C1F3C70807F8018B2888401C288000236A
:10B2000022464946384600F07BFC8246BAF1000FE0
:10B2100004D0504602F04EF8834608E028884044A7
:10B22000288004E04FF0030B01E04FF0030B584679
:10B23000BDE8F09F2DE9F05F06460D464FF0000B8C
:10B240002888052847D170784FEA0029B07840EA6D
:10B25000090909F101001FFA80F9F0780402307938
:10B260000443012C34DBB4F5FA6F31DA37460020A1
:10B270002880022007F8010B2888401C288004F051
:10B28000070040B12046E11704EB5171C910491C79
:10B2900001F0FF0805E02046E11704EB5171C1F30E
:10B2A000C70807F8018B2888401C28802246494699
:10B2B000384600F0BDFC8246BAF1000F04D050467B
:10B2C00001F0F8FF834608E028884044288004E025
:10B2D0004FF0030B01E04FF0030B5846BDE8F09F21
:10B2E0002DE9F04705460C464FF0000A2088052856
:10B2F00037D168784FEA0028A87840EA080808F1B2
:10B3000001001FFA80F8E87806022E79012E25DB6D
:10B310007D2E23DC2F4600202080032007F8010B20
:10B320002088401C20807006000E07F8010B208842
:10B33000401C2080002332464146384600F0CAFCBB
:10B340008146B9F1000F04D0484601F0B3FF8246B0
:10B3500009E0208800EB4600208004E04FF0030A5B
:10B3600001E04FF0030A5046BDE8F0872DE9F047B1
:10B3700005460C464FF0000A2088052837D168782A
:10B380004FEA0028A87840EA080808F101001FFAEF
:10B3900080F8E878060228790643012E24DB7D2E0A
:10B3A00022DA2F4600202080042007F8010B208895
:10B3B000401C20807006000E07F8010B2088401CFE
:10B3C000208032464146384600F0D8FC8146B9F12B
:10B3D000000F04D0484601F06DFF824609E0208846
:10B3E00000EB4600208004E04FF0030A01E04FF03C
:10B3F000030A5046BDE8F0872DE9FC5F04460D4680
:10B400000020009028880A2855DB60784FEA002A3F
:10B41000A07840EA0A0AE0780602207906436079BB
:10B420004FEA002BA07940EA0B0BE0790702207A63
:10B430000743607A0190012E3BDB7D2E39DC012F22
:10B4400037DB792F35DC79000198814231D1012336
:10B450003A46594604F10A0000F03CFC8146B9F135
:10B46000000F1ED1A04600202880172008F8010BED
:10B470002888401C28807006000E08F8010B2888D8
:10B48000401C2880002332465146404600F022FCF2
:10B490008146B9F1000F04D12888022101FB060082
:10B4A0002880B9F1000F06D0484601F003FF009054
:10B4B00001E0032000900098BDE8FC9F70B50546B0
:10B4C0000C46064802880649681CF5F74FF8034801
:10B4D0000088401C2080002070BD000088000020F3
:10B4E0004C4C00202DE9F04704460D464FF0000972
:10B4F0002888042817DB60780602A0780643701CB1
:10B5000086B294F80380012342463146201D00F0A4
:10B51000C5FA074627B1384601F0CCFE814604E063
:10B520000420288001E04FF003094846BDE8F08779
:10B530002DE9F84304460F464FF0000838880528E7
:10B5400029D160780502A0780543681C85B220796E
:10B55000F0B9E078FF2801D0E078C8B900208DF874
:10B560000100E078FF2803D101208DF8000002E0FF
:10B5700000208DF8000001231A462946684600F095
:10B58000BFFA06464EB1304601F094FE804604E014
:10B590004FF0030801E04FF003084046BDE8F88390
:10B5A0002DE9F04104460F464FF000083888052881
:10B5B00012D160780502A0780543681C85B201238A
:10B5C0001A462946E01C00F085FB064636B1304697
:10B5D00001F070FE804601E04FF003084046BDE8F0
:10B5E000F0812DE9F05F05460E464FF0000B3088E4
:10B5F000052839DD68780702A8780743781C87B2E8
:10B60000E87804022879044395F805A004F00700BF
:10B6100040B12046E11704EB5171C910491C01F0FB
:10B62000FF0805E02046E11704EB5171C1F3C7089C
:10B63000012C16DBB4F5F66F13DCD04511D10123D4
:10B6400022463946A81D00F05BFA8146B9F1000F89
:10B6500004D0484601F02EFE834607E005203080E6
:10B6600004E04FF0030B01E04FF0030B5846BDE838
:10B67000F09F2DE9F04704460E464FF0000A30884F
:10B68000062828DB60780702A0780743781C87B279
:10B69000E07805022079054394F80590012D17DB29
:10B6A000782D15DC6806000E484511D101232A4685
:10B6B0003946A01D00F00EFB8046B8F1000F04D003
:10B6C000404601F0F7FD824607E00520308004E0A7
:10B6D0004FF0030A01E04FF0030A5046BDE8F0873F
:10B6E0002DE9F04705460C4616461F46DDF820902A
:10B6F0004FF000081CB1012C01DBF72C02DD4FF0EC
:10B70000020835E01C48047005BB1C481C49086051
:10B710001C481D4908601D481D4908601D481E49F8
:10B72000086000201D4908601D481E4908601E4829
:10B730001E4908601E481F4908604B463A4631467C
:10B740000D48007800F0E4F8804602E04FF002086F
:10B7500000BF00BFB8F1000F0AD102F079FA10B9AA
:10B760004FF0030804E014480570012013490870E5
:10B770004046BDE8F08700009800002061BA040848
:10B78000A000002085BA0408A4000020D1B9040854
:10B790009C00002069B90408A8000020AC0000202B
:10B7A000FDDD0408B0000020C5DE0408B400002060
:10B7B00085DE0408B8000020990000209A000020CF
:10B7C00038B500254848007808B1062038BD6846DD
:10B7D00002F02CFA012876D19DF8000030B1012842
:10B7E00005D002281CD003287AD178E078E03F4ABF
:10B7F0003F494048404B1B68984705467DB93D4846
:10B8000000783E490978884206D03A48007818B155
:10B8100038480078FF2802D1022002F021FA5FE0C8
:10B8200033480068007836490870012035490870AF
:10B83000002417E0344810F8340000B914E032480E
:10B8400010F834002E49097888420AD12E4800EBBE
:10B85000C400264942682648006890472949087074
:10B8600002E0641C102CE5DB00BF2248007848B3DE
:10B8700024480078C8B100201C490880204800787E
:10B8800040F08001194802880088401C174B18803E
:10B890001748006881541B480178184602880088C0
:10B8A000401C188012480068815412480078FF2814
:10B8B0000AD10E4802880E480168FF20134B1B680E
:10B8C000984705460AE00CE00848028808480168E5
:10B8D0000A4800780D4B1B689847054600E000BFFA
:10B8E00000BF002072E700009A0000204A010020FB
:10B8F0004401002048010020A800002098000020FA
:10B90000490100204C010020C40000209C000020C0
:10B910002DE9F04781460E4614461F464FF00008B9
:10B92000F6F750FA3B4608222146304602F0B6F9B7
:10B93000012802D04FF003080FE0B4F5964F01D96B
:10B94000232503E060000749B1FBF0F5A8B202F03F
:10B9500033FA012801D04FF00308F6F7E7FB404621
:10B96000BDE8F08740FCEA002DE9F04105460E46AF
:10B9700014460027F6F726FA1248008804281BDB35
:10B9800010480188104801F099FDA8B90E480078C8
:10B9900028700C480088C01E2080002005E00A4A5C
:10B9A000411C525C094B5A54401C21888142F6DCF0
:10B9B0000648401C306000E00527F6F7B7FB384624
:10B9C000BDE8F081960000206C4C00206C4D0020FA
:10B9D0002DE9F04105460E4617464FF00008F6F7F0
:10B9E000F1F91B48007801282BD1701E1949086015
:10B9F000012019490880174800680570084600882A
:10BA000038440880084601881248006801F056FD55
:10BA1000044611490888411C0F4B19800D490968DB
:10BA20000C54221219460888411C198009490968DA
:10BA30000A540120094908700121002001F0BCFDD1
:10BA400001E04FF00508F6F771FB4046BDE8F081D4
:10BA50008D00002090000020940000208C00002029
:10BA600010B5F6F7AFF90020054908700021012054
:10BA700001F0A2FD01F0DEFDF6F758FB10BD00005D
:10BA80008D00002010B5F6F79DF90021084601F061
:10BA900093FD01F0B9FDF6F749FB10BDF0B5044682
:10BAA0001E4600200023012924DB082922DC124F36
:10BAB0003F88CD1B16B1012E1BD10CE008E00F4FC3
:10BAC00007EBC517FF5C04F8017B5B1C571EFAB23D
:10BAD000002AF4DC0DE00AE014F8017BDFF81CC05A
:10BAE0000CEBC51C0CF803705B1C571EFAB2002A45
:10BAF000F2DC00E00120F0BD560100206C4E002079
:10BB00002DE9F05F05460E4614469A464FF0000BAD
:10BB10002046E11704EB5171C91001F10109012E12
:10BB200078DB3019412875DC3D490988701AC11746
:10BB300000EB5171CF103A490988701AC11700EB18
:10BB40005171C910A0EBC108BAF1000F03D0BAF1CE
:10BB5000010F5DD125E00DE01FFA88F13A467F1C08
:10BB6000304B1B68D018082202F0E4F905F8010BED
:10BB7000A9F10109B9F1000FEEDC6D1E2046E117B5
:10BB800004EB5171C910A4EBC1018CB22878C4F147
:10BB90000801884028702878C4F1080108412870FD
:10BBA00036E010E015F8013B1FFA88F13A467F1C99
:10BBB000DFF870C0DCF800C002EB0C00082202F0D5
:10BBC000CEF9A9F10109B9F1010FEBDC2046E1172B
:10BBD00004EB5171C910A4EBC1018CB215F8013B03
:10BBE000E2B21FFA88F1BC467F1CDFF838E0DEF8CD
:10BBF00000E00CEB0E0002F0B2F90B48007838B907
:10BC000001200949087002210848006800F064FC1E
:10BC100002E0FFE74FF0010B5846BDE8F09F00003F
:10BC200050010020E8010020A80200203403002079
:10BC30002DE9F04705460E4614464FF0000A20460F
:10BC4000E11704EB5171C91001F10109012E38DB34
:10BC50003019212835DC1D490988701AC11700EBFD
:10BC60005171CF1019490988701AC11700EB517131
:10BC7000C910A0EBC1080DE01FFA88F13A467F1CFD
:10BC8000134B1B68D018082202F054F905F8010B79
:10BC9000A9F10109B9F1000FEEDC6D1E2046E11794
:10BCA00004EB5171C910A4EBC1018CB22878C4F126
:10BCB0000801884028702878C4F1080108412870DC
:10BCC00001E04FF0010A5046BDE8F0874E01002028
:10BCD000E4010020F0B504460D460020012D45DBAF
:10BCE000AE18812E42DC224E3688A91B13B1012BDF
:10BCF0003BD113E00FE01F4E366836F81160361264
:10BD000004F8016B1B4E366816F8116004F8016BDD
:10BD1000491C561EB2B2002AEDDC26E023E014F8DE
:10BD2000017B3E02134F3F6827F8116014F8016B46
:10BD3000104F3F6837F811703E430E4F3F6827F8A9
:10BD4000116019B901260C4F3E7009E0002907DD8A
:10BD50000A2905DA074F3F6839800126064F3E70F1
:10BD6000491C561EB2B2002AD9DC00E00120F0BD09
:10BD700054010020EC0100209C02002030B5034655
:10BD80000020012919DB8D18412D16DC0C4D2D8862
:10BD90004C1B0FE00B4D2D6835F814502D1203F895
:10BDA000015B084D2D6815F8145003F8015B641C05
:10BDB000551EAAB2002AEDDC00E0012030BD0000D3
:10BDC00052010020F00100202DE9F0412DED028B01
:10BDD00005460E4614467F490E8000207E490870B5
:10BDE0007E4908807E4908807E4908607E49087047
:10BDF0007E4908601E27601E84B224B97C480088F2
:10BE00007C49088004E001247B4800887949088047
:10BE10007A480068B0F856007649098848434FF4DC
:10BE20007A7190FBF1F07649088074480068B0F8A8
:10BE300058007049098848434FF47A7190FBF1F03B
:10BE4000704908806D480068B0F85A00694909884F
:10BE500048434FF47A7190FBF1F06B4908804FF43E
:10BE60007A7000F023F900BF0A2000F01FF967483C
:10BE700000681C3030F81400654908805948006893
:10BE8000401C584908605848007810B1012875D105
:10BE90001BE000EE105AB8EE400AF2EE040A80EE03
:10BEA000201AB0EE418AB0EE480A4A48008800B233
:10BEB000FDF724FC01204C49087000204849088007
:10BEC000544908804949086059E0514800884D4963
:10BED0000988884221DB4F480088002804DD0020C3
:10BEE0004C490880414908603D480088401C3C4955
:10BEF00008803E4800684649098808443B49086074
:10BF000037480088B84237DB322000F0CFF8FDF721
:10BF10004BFE0120304908702EE03D48008838492A
:10BF20000988884221DC3B480088401C3949088048
:10BF30002B480088002804DD0020294908802B496F
:10BF400008602A480068324909880844274908607F
:10BF500030480088B8420FDB322000F0A7F8FDF728
:10BF600023FE01201C49087006E000201C490880BF
:10BF7000284908801D49086001E0FFE700BF00BFB5
:10BF800023480088244908802448007820B91248B2
:10BF9000007800283FF468AF2048007870B1FDF7C2
:10BFA00015FE1F48006800F009FC4FF4FA7000F01D
:10BFB0007DF80120BDEC028BBDE8F08106480078D9
:10BFC00028B14FF4FA7000F071F80020F2E7002079
:10BFD000F0E700002002002019020020FE010020EE
:10BFE0000002002014020020100200201C02002089
:10BFF0001E0300200402002020030020F401002082
:10C000000C0200200A0200200E020020F80100208D
:10C01000060200200202002008020020FC0100208D
:10C0200040030020F6F75CFCFDF7E0FEF8F740FE69
:10C03000F8F730FFF8F7E2FCF8F7F6FDF9F79AFAAF
:10C04000F9F784FBF9F702FBF9F7B4F8F9F79EF971
:10C05000F9F72AFBF9F752F9F9F7FEF8F9F700FAC0
:10C06000F9F70AF8F9F7E6FBF8F722FEF9F7E4FC2E
:10C07000F8F7E6FF0A48016841F08071016009485D
:10C08000F8F7F2FA012211020748F6F711FCF7F768
:10C0900017FA00F01BF8F8F779FE00F02DF8FEE72C
:10C0A00074380240001001400008024070B5054697
:10C0B000FEF770FD10B16FF0050404E0002415B127
:10C0C000284601F023FC204670BD000010B5FEF7A5
:10C0D00061FD10B16FF0050409E00648006820B961
:10C0E000012004490860002401E04FF0FF3420469D
:10C0F00010BD00005000002070B5FEF74BFD10B1E0
:10C100006FF005041FE011480068012819D100BF35
:10C11000801F0021002804DB0A07130E0C4A135469
:10C1200006E00A07150E0B4A00F00F031B1FD5543B
:10C1300000BF00BF02200549086001F0CBFC0024CD
:10C1400001E04FF0FF34204670BD00005000002099
:10C1500000E400E018ED00E02DE9F04104460D4652
:10C1600024F0010604F001080027FEF713FD08B1D2
:10C17000BF1F1FE016B96FF003071BE0B8F1000FF7
:10C180000CD02946304602F035FD012812D015B1F9
:10C190006FF001070EE06FF002070BE02946304612
:10C1A00002F04CFC012805D015B16FF0010701E049
:10C1B0006FF002073846BDE8F0812DE9F0470446EC
:10C1C0000026FEF7E7FC00284DD10CB1676800E0BF
:10C1D000002707F0010008B1012500E0002507F065
:10C1E000080008283FD04FF0FF3874B1A06828B18C
:10C1F000E068502802D34FF0010808E0A06830B989
:10C20000E06820B94FF0000801E04FF00008B8F1F5
:10C21000010F0CD12DB10420A16802F010F80646E0
:10C2200012E00120A16802F00AF806460CE0B8F11D
:10C23000000F09D125B1042001F0F0FF064603E00C
:10C24000012001F0EBFF06464EB114B1D4F8009086
:10C2500001E04FF000094946304601F0E9FA16B115
:10C260000DB146F001063046BDE8F0872DE9F041FA
:10C27000044624F0010504F001070026FEF78AFCBD
:10C2800008B1B61F16E015B96FF0030612E03FB112
:10C29000284602F095FA01280CD06FF0020609E05A
:10C2A00000231A461946284602F0C8F8012801D092
:10C2B0006FF002063046BDE8F0810000F8B5044694
:10C2C0000D46264600270EB93F1F29E0FEF762FC07
:10C2D000D0B115B16FF0030722E0002000906A464C
:10C2E0000021304602F044FB012802D06FF0020723
:10C2F00016E00098A0B14FF080500A490860BFF3E3
:10C300004F8FBFF36F8F0BE02946304602F096FB4C
:10C31000012805D015B16FF0010701E06FF00207A9
:10C320003846F8BD04ED00E02DE9F84305460F4618
:10C3300014464FF00008FEF72DFC002857D1002DC1
:10C3400055D0AF4253D8461E64B1A06820B1E06812
:10C35000502801D3012606E0A06820B9E06810B992
:10C36000002600E00026701C002840D0012D23D1BB
:10C37000012E09D103200090002211460120A3685C
:10C3800001F09FFF804605E003220021012001F01B
:10C390006BFF8046B8F1000F1CD0DFB100231A46B6
:10C3A0001946404602F04AF8012813D0404601F0F1
:10C3B00055FA4FF000080DE0012E06D13946284607
:10C3C000A26801F0F9FE804604E03946284601F0F3
:10C3D000C5FE8046B8F1000F09D014B1D4F8009022
:10C3E00001E04FF000094946404601F021FA40467D
:10C3F000BDE8F883F8B50446254600260DB9361F7A
:10C4000022E0FEF7C7FBA8B100200090694628464D
:10C4100002F066F9012802D06FF0020614E00098DD
:10C4200090B14FF0805009490860BFF34F8FBFF3C0
:10C430006F8F09E000231A461946284601F0FEFFD7
:10C44000012801D06FF002063046F8BD04ED00E08F
:10C45000F8B50546FEF79EFB10B16FF0050421E02C
:10C4600005F0004010B16FF003041BE002F006FE7F
:10C4700006466B4600221146304602F0B9FC012800
:10C480000ED1009C0098A843009000230322304660
:10C49000009902F0ADFC012804D04FF0FF3401E018
:10C4A0004FF0FF342046F8BD38B5FEF773FB18B1E6
:10C4B0006FF0050000900DE002F0E0FD04466B46D1
:10C4C00000221146204602F093FC012802D04FF0D2
:10C4D000FF300090009838BDFEB504460D46264654
:10C4E00016B105F0004018B16FF0030002902EE085
:10C4F0004FF0FF300290FEF74DFBE0B100200190BD
:10C5000001A80023012229460090304602F004FDD4
:10C51000002002AB024601460090304602F0FCFCCF
:10C520000198A0B14FF080500A490860BFF34F8FC7
:10C53000BFF36F8F0BE0002301222946304602F043
:10C5400057FC02AB00221146304602F051FC029823
:10C55000FEBD000004ED00E02DE9FC5F05468946C4
:10C560001646FEF717FB10B16FF005044AE005F020
:10C57000004010B16FF0030444E009F0020002280B
:10C5800002D14FF0000A00E0AA460024374602F02C
:10C590008BFD009000BF3B4601AA5146002002F0EF
:10C5A0002BFE8046B8F1010F22D12C4001980443A4
:10C5B00009F0010040B105EA0400A84200D120E0E2
:10C5C00056B96FF002041CE005EA040000B118E05F
:10C5D00016B96FF0020414E002F066FD0099A0EBBA
:10C5E000010BBB4501D9002708E0A7EB0B0705E0CD
:10C5F00016B96FF0020401E06FF00104B8F1000F0A
:10C60000C9D100BF2046BDE8FC9F2DE9FF47804609
:10C610008946144600200390FEF7BCFA00284ED14C
:10C62000B8F1000F4BD0802618258246471E44B330
:10C63000206808B1D4F800A0A06900B1A5692DB1A7
:10C64000382D03D8207900F0010018B1002004B083
:10C65000BDE8F087606908B160698608A06840B1EC
:10C66000E0685C2805D3206918B1606908B101272A
:10C6700008E0A06830B9E06820B9206910B9002747
:10C6800000E00027012F0CD12169A0684B463246FB
:10C69000CDE9005102905146404602F04BFB039019
:10C6A0000DE067B903A8B2B24B465146CDE9005040
:10C6B000404602F00DFB012801D0002003900398B2
:10C6C000C5E700002DE9FE4F0646894692461C4606
:10C6D00000200290FEF75EFA00284BD1002E49D0D0
:10C6E000082000F009FE0546002D43D02E60C5F855
:10C6F00004A0B9F1000F01D1002700E001274FF09D
:10C70000FF384FF0000B94B1206808B1D4F800B0A6
:10C71000A06828B1E0682C2802D34FF0010808E097
:10C72000A06830B9E06820B94FF0000801E04FF090
:10C730000008B8F1010F0BD11049A0682B463A460A
:10C74000CDE900100121584602F033FF02900BE0C2
:10C75000B8F1000F08D109482B463A460121009054
:10C76000584602F00BFF0290029818B915B12846FE
:10C7700000F0BCFF0298BDE8FE8F000049A6040847
:10C78000F8B505460E462F46FEF704FA10B16FF0D5
:10C79000050411E017B96FF003040DE00020034613
:10C7A000324604210090384602F078FF012801D17A
:10C7B000002401E06FF002042046F8BDF8B50546FC
:10C7C0002E46FEF7E7F910B16FF0050418E016B930
:10C7D0006FF0030414E0304602F0A2FF10B96FF0CE
:10C7E00002040DE00020034602460321009030467B
:10C7F00002F054FF012801D1002401E04FF0FF3482
:10C800002046F8BD2DE9F04105460E46164807685A
:10C8100016480068001D00F06DFE681C38B936B17E
:10C8200012480168091D124800F0BAFE1AE07C198E
:10C830000E4800684460BC4207D20C480168091DDC
:10C840000C48006800F092FE0CE008480168091DE1
:10C850000948006800F08AFE08480068844201D256
:10C8600006480460BDE8F0811400002000000020AC
:10C87000680800200800002004000020300000208C
:10C8800010B5044600F0EAFE24480068401C234925
:10C8900008602348006840B92148046008460068E1
:10C8A00001280DD100F042FA0AE01E48006838B9AC
:10C8B0001B480068C06AE16A884201D818480460D1
:10C8C00019480068401C1849086008460068606400
:10C8D0001649E06A0968884202D91449E06A08608A
:10C8E000E16A01EB8101124A02EB8100211D00F097
:10C8F00057FE00F0DDFE0B48006868B1084800688C
:10C90000C06AE16A884207D24FF080500949086046
:10C91000BFF34F8FBFF36F8F10BD000010000020DA
:10C92000000000201C0000202C0000201800002027
:10C93000B803002004ED00E008B500F08FFE1248B7
:10C940000068E8B9114800F001FE114800F0FEFD52
:10C950000E48104908600E480F49086000200F4B30
:10C960000F4A102100900A2001F0ABFC0649086034
:10C970000846006820B10BA10348006800F058FF8A
:10C9800000F096FE08BD0000440000207C08002056
:10C99000900800203C00002040000020A408002057
:10C9A000F4080020546D72510000000010B516E02C
:10C9B00000F054FE0C48C068C468201D00F09AFDC9
:10C9C0000A480068401E0949086009480068401E7E
:10C9D0000749086000F06CFE204600F05FF804484C
:10C9E00000680028E4D110BD540800201000002089
:10C9F0000C00002070B504460D46206C70B1216C0F
:10CA0000E0680144E160D4E90210884201D3216862
:10CA1000E1602846226CE168F3F7A8FD70BD2DE9BE
:10CA2000F04104460F4615464FF00008A66B206CF7
:10CA300048B9206800282CD1A06802F02DFC80465F
:10CA40000020A06025E07DB93946226C6068F3F7CC
:10CA50008DFD216C606808446060D4E90101884262
:10CA600017D32068606014E03946226CE068F3F761
:10CA70007DFD216CE068411AE1602168E068884230
:10CA800003D2216CA068411AE160022D01D106B1E8
:10CA9000761E701CA0634046BDE8F08110B50446C8
:10CAA00094F8590030B9206B00F020FE204600F0C9
:10CAB0001DFE1AE094F85900012803D1204600F029
:10CAC00015FE12E094F85900022801D1012000E07F
:10CAD000002050B900BF502080F31188BFF34F8F62
:10CAE000BFF36F8F00BF00BFFEE710BD01464A6A6B
:10CAF00022B10A6B1268C2F1380000E000207047D2
:10CB00000146084A126812680AB9012200E00022B0
:10CB10000A600A6822B9034A1268D268106800E005
:10CB2000002070473C00002030B54FF47053174888
:10CB300000F007042CB1C01D20F00700134C041BAB
:10CB40001B1B0246124C22600024114D6C60D01851
:10CB5000083820F007000F4C206000240D4D2D6890
:10CB60006C600C4D2D682C601146441A4C60094CC9
:10CB700024680C60084D4C682C60084D4C682C6093
:10CB80004FF00044064D2C6030BD00004C100020DA
:10CB9000540000205C0000206400002060000020A1
:10CBA0007000002000BFFFF701FF06480068012861
:10CBB000F9D94FF0805004490860BFF34F8FBFF39D
:10CBC0006F8FF0E7B803002004ED00E010B50446D5
:10CBD00054B10020A06020600021E16000231A46CB
:10CBE0001946204601F02AFC10BD2DE9F041064609
:10CBF0000D4617469846069C0DB9246000E0276054
:10CC0000E66325640121204601F0CCFB84F84C80CA
:10CC1000BDE8F0812DE9F05F82460E4690469B46C6
:10CC20000A9F0C9C4FEA8801A522206BF3F715FDA3
:10CC3000A8F10100216B01EB800929F0070909F037
:10CC4000070008B9012000E0002050B900BF5020C3
:10CC500080F31188BFF34F8FBFF36F8F00BF00BF0A
:10CC6000FEE786B1002507E0715D04F1340041550F
:10CC7000705D00B902E06D1C102DF5D300BF0021DE
:10CC80004320015502E0002084F83400382F00D3FF
:10CC90003727E762E76400202065201D00F063FC71
:10CCA00004F1180000F05FFC2461C7F13800A061B6
:10CCB00064620020606584F858005A465146484630
:10CCC00000F0E6FB20600B9808B10B980460BDE80B
:10CCD000F09F2DE9F04706460D4617469846DDE9D8
:10CCE00008940DB1012000E0002050B900BF502091
:10CCF00080F31188BFF34F8FBFF36F8F00BF00BF6A
:10CD0000FEE78CB1FFF718FE2660A561C4F81C8011
:10CD1000C4F82090201D00F026FC2FB194F82800C4
:10CD200040F0040084F82800BDE8F08710B5002426
:10CD300007E004EB84010F4A02EB810000F006FCDF
:10CD4000641C382CF5D30C4800F000FC0B4800F0B4
:10CD5000FDFB0B4800F0FAFB0A4800F0F7FB0A481D
:10CD600000F0F4FB044809490860044808490860D9
:10CD700010BD0000B8030020180800202C08002077
:10CD8000400800205408002068080020040000200B
:10CD90000800002010B50146164800E0006803684E
:10CDA0008B42FBD30246436813448B4204D1436851
:10CDB0004C682344436001460A464B6813440468A8
:10CDC000A34211D10C4C03682468A34208D04B68DD
:10CDD0000468646823444B6003681B680B6005E0CB
:10CDE000054B1B680B6001E003680B60884200D0B4
:10CDF000016010BD540000205C0000202DE9F041CE
:10CE000004460D4616461F464FF000086560246133
:10CE1000B5420CD8F01BA169884202D34FF001083B
:10CE200011E0211D0948006800F0A0FB0BE0BE42A4
:10CE300004D2BD4202D34FF0010804E0211D044892
:10CE4000006800F093FB4046BDE8F0814000002000
:10CE50003C00002070B5054600F000FCA86B08B946
:10CE6000012400E0002400F023FC204670BD70B5D2
:10CE7000054600F0F3FBA86BE96B884201D1012461
:10CE800000E0002400F014FC204670BDF8B5054613
:10CE90000F461A480068C068C468201D00F02AFBCD
:10CEA00094F8280000F00400E8B1A06941192B466D
:10CEB0003A462046FFF7A2FFD8B1002003462A4693
:10CEC00001460090204602F0E9FB064656B900BF35
:10CED000502080F31188BFF34F8FBFF36F8F00BFD7
:10CEE00000BFFEE705E094F8280020F0010084F878
:10CEF00028002046216A8847F8BD00003C00002039
:10CF0000F0B587B0A0E00398002811DA04AE56B956
:10CF100000BF502080F31188BFF34F8FBFF36F8F96
:10CF200000BF00BFFEE7D6E90020B168904700BF10
:10CF300003980028E6DB059C606908B9012000E041
:10CF4000002010B9201D00F0D5FA02A800F0DEF88C
:10CF5000054603980A2875D2DFE800F0090507396D
:10CF6000416306083A4200BF00BF00BF00BF94F80B
:10CF7000280040F0010084F828000498A269811874
:10CF800003462A462046FFF739FFF8B12046216ABA
:10CF9000884794F8280000F00400B8B10020009001
:10CFA0000498A169421800231946204602F076FB36
:10CFB000074657B900BF502080F31188BFF34F8F49
:10CFC000BFF36F8F00BF00BFFEE700BF3BE000BFB5
:10CFD00094F8280020F0010084F8280033E000BF16
:10CFE00094F8280040F0010084F828000498A0611B
:10CFF000A06908B1012000E0002050B900BF502016
:10D0000080F31188BFF34F8FBFF36F8F00BF00BF56
:10D01000FEE7A06941192B462A462046FFF7EEFE9F
:10D0200011E094F8280000F0020018B9204600F042
:10D030005DFB05E094F8280020F0010084F828004A
:10D0400001E0FFE700BF00BF002203A90448006819
:10D0500001F0DAFB00287FF456AF07B0F0BD000006
:10D0600044000020F8B505460C4600F08FFD6846E8
:10D0700000F04CF80646009820BB44B9B54206D8EB
:10D0800002F0FAF931462846FFF700FF1CE03CB1F8
:10D090000E480068006808B9012000E0002004463E
:10D0A000A91B22460A48006800F00AFC02F0E4F9D5
:10D0B00050B94FF0805007490860BFF34F8FBFF35E
:10D0C0006F8F01E002F0D8F9F8BD000040000020A9
:10D0D0004400002004ED00E00A490968096809B924
:10D0E000012100E0002121B14FF0FF31064A11601B
:10D0F00006E004490968C968C868034A41681160C4
:10D1000070470000040000203000002070B5044685
:10D1100001F0CAFF054607480068854204D200F0C6
:10D120000BF80120206001E000202060014805602C
:10D13000284670BD4C0000202DE9F84334E0254816
:10D140000068C068056823480068C068C468201D7E
:10D1500000F0D0F92046216A884794F8280000F0B2
:10D16000040008B3A0694619AE4207D9666024617D
:10D17000211D1848006800F0F9F915E00020034669
:10D180002A4601460090204602F088FA074657B921
:10D1900000BF502080F31188BFF34F8FBFF36F8F14
:10D1A00000BF00BFFEE700BF0A480068006808B97A
:10D1B000012000E000200028C1D00648D0F80080FF
:10D1C00005480068034908600348C0F80080BDE8CE
:10D1D000F88300003C000020400000200E4800685A
:10D1E000401C08B9012000E0002050B900BF5020C9
:10D1F00080F31188BFF34F8FBFF36F8F00BF00BF65
:10D20000FEE700BF502080F31188BFF34F8FBFF3BC
:10D210006F8F00BF00BFFEE77400002008B500BF9D
:10D220006846FFF76DFC044620460099FFF71AFF99
:10D23000FFF766FEF4E770B5044600F00FFA94F9C4
:10D24000455010E0606A08B9012000E0002038B9BC
:10D2500004F1240002F0C4F818B100F091FB00E0E2
:10D2600003E0681E45B2002DECDC00BFFF2084F80F
:10D27000450000F01DFA00F0F1F994F9445010E077
:10D28000206908B9012000E0002048B904F110002D
:10D2900002F0A6F808B100F073FB681E45B200E08A
:10D2A00001E0002DECDC00BFFF2084F8440000F01A
:10D2B000FFF970BD014621B1012904D0072906D12B
:10D2C00003E0002005E0022003E0062001E0042046
:10D2D00000BF00BF7047000010B5024800688047DB
:10D2E00010BD0000B000002010B502480068804763
:10D2F00010BD0000B40000202DE9F04104464FF0BD
:10D30000000800F043FC4948006808B9FFF70CFC2E
:10D31000474800682040002870D1D4B1083404F098
:10D320000700B0B104F00700C0F10800044404F0A5
:10D33000070008B9012000E0002050B900BF5020CC
:10D3400080F31188BFF34F8FBFF36F8F00BF00BF13
:10D35000FEE7002C52D03748006884424ED8364E43
:10D360003046056801E02E462D686868A04202D26A
:10D3700028680028F7D12D48006885423ED03068E3
:10D3800000F10808286830606868001B102819D967
:10D390002F1907F0070008B9012000E0002050B95C
:10D3A00000BF502080F31188BFF34F8FBFF36F8F02
:10D3B00000BF00BFFEE76868001B78606C603846FD
:10D3C000FFF7E8FC1B4968680968081A19490860F2
:10D3D0000846006819490968884203D21548006860
:10D3E00016490860124968680968084368600020A7
:10D3F000286013480068401C1149086002F03CF89E
:10D4000008F0070008B9012000E0002050B900BF73
:10D41000502080F31188BFF34F8FBFF36F8F00BF91
:10D4200000BFFEE74046BDE8F08100005C00002040
:10D4300070000020600000205400002064000020E4
:10D44000680000200648006830B10549096801F10C
:10D450005000096D491C01600148006870470000D8
:10D460000000002070B50446254654B900BF502086
:10D4700080F31188BFF34F8FBFF36F8F00BF00BFE2
:10D48000FEE700F0EBF8EE6900F012F9304670BDEF
:10D49000001F4FF080730360001F21F00103036041
:10D4A000001F054B036014380260001F6FF0020379
:10D4B0000360203870470000DDD1040870B50246D3
:10D4C0000C46FF25FF2309E012F8010B80EA030157
:10D4D0000648405C80EA05030548455C201EA4F12F
:10D4E0000106B4B2F0D143EA052070BDDA020508A6
:10D4F000DA03050801460A69D1E901309860D1E9EB
:10D50000010358605068884201D18868506000204B
:10D5100008611068401E106010687047034B03607C
:10D52000034B0B60802313607047000094090020B8
:10D53000F0090020034B0360034B0B604FF4807332
:10D5400013607047F00B00204C0C002000F1080124
:10D5500041604FF0FF31816000F10801C16001615D
:10D5600000210160704700210161704710B502463B
:10D570000B685C1C0CB9106907E002F1080000E0C0
:10D580004068446824689C42FAD944684C604C68FE
:10D59000A160886041600A611468641C146010BD59
:10D5A00042684A6093688B60936859609160086133
:10D5B00003685B1C0360704770B504460D4624B1D8
:10D5C00010480068F7F7C6F803E00E480068F7F760
:10D5D000A1F895B10B49086800BF00BF00BF00F17A
:10D5E0000C0252E8002F42F0800100F10C0242E8E8
:10D5F0000013002BF3D100BF03E002480068F7F7E7
:10D6000099F870BD8400002010B500210848F7F794
:10D6100029F800BF0648006820F0010004490860AE
:10D6200000BF00BF6FF00100086100BF10BD000027
:10D630000048014010B500BF6FF0010006490861C5
:10D6400000BF00210448F7F70DF80348F6F704FF80
:10D650000148F6F7F7FE10BD0048014000BF50201A
:10D6600080F31188BFF34F8FBFF36F8F00BF0E4859
:10D670000068401C0C49086008460068012812D167
:10D680000A480068C0B208B9012000E0002050B983
:10D6900000BF502080F31188BFF34F8FBFF36F8F0F
:10D6A00000BF00BFFEE770477400002004ED00E0FB
:10D6B0000D48006850B900BF502080F31188BFF3B7
:10D6C0004F8FBFF36F8F00BF00BFFEE706480068B3
:10D6D000401E054908600846006820B9002080F314
:10D6E000118800BF00BF70477400002070B5064667
:10D6F0003546002E44D0083D2C4622496068096812
:10D70000084008B1012000E0002050B900BF5020BF
:10D7100080F31188BFF34F8FBFF36F8F00BF00BF3F
:10D72000FEE7206808B9012000E0002050B900BFE2
:10D73000502080F31188BFF34F8FBFF36F8F00BF6E
:10D7400000BFFEE70F49606809680840C0B1206863
:10D75000B0B90C49606809688843606000F016FA47
:10D760000949606809680844074908602046FFF7CE
:10D7700011FB06480068401C0449086001F07CFE6B
:10D7800070BD000070000020600000206C000020D0
:10D7900000204FF0E02108618861064800684FF4DE
:10D7A0007A71B0FBF1F0401E4FF0E0214861072094
:10D7B000086170476803002070B5F2F7B5FD0446B4
:10D7C000102C16D304F1E02090F8F053154800789F
:10D7D000854201DB012000E0002050B900BF50204D
:10D7E00080F31188BFF34F8FBFF36F8F00BF00BF6F
:10D7F000FEE70D48006800F4E0600C4909688842C3
:10D8000001D8012000E0002050B900BF502080F373
:10D810001188BFF34F8FBFF36F8F00BF00BFFEE7CC
:10D8200070BD0000780000200CED00E07C000020BE
:10D83000024600200BE0084B53F8303033B9064B5A
:10D8400043F8301003EBC0035A6002E0401C082884
:10D85000F1D300BF704700007803002070B5044684
:10D86000254655B900BF502080F31188BFF34F8F74
:10D87000BFF36F8F00BF00BFFEE7284600F008F837
:10D8800095F8460010B92846FFF730FF70BD00003C
:10D89000014600200EE0094A02EBC00252688A42AB
:10D8A00007D10022054B43F8302003EBC0035A6038
:10D8B00002E0401C0828EED300BF70477803002028
:10D8C0002DE9F04105460E4617462C46FFF7C6FEE9
:10D8D00094F94400401C10B9002084F8440094F9E5
:10D8E0004500401C10B9002084F84500FFF7E0FE19
:10D8F000A06B28B93A46314604F1240000F062F8E2
:10D900002046FFF798FCBDE8F081000070B50446A2
:10D910000025D4B11248006808B9012000E00020B9
:10D9200050B900BF502080F31188BFF34F8FBFF371
:10D930006F8F00BF00BFFEE700F028F900212046EE
:10D94000FEF760FF01F098FD05463DB94FF08050AD
:10D9500004490860BFF34F8FBFF36F8F70BD0000A5
:10D960003800002004ED00E0034909680160034924
:10D970000968416070470000280000201400002062
:10D9800001200149086070472400002070B504465A
:10D990000D4654B900BF502080F31188BFF34F8F5C
:10D9A000BFF36F8F00BF00BFFEE705480168183165
:10D9B0002046FFF7DBFD01212846FEF723FF70BD5F
:10D9C0000000002070B505460E46144655B900BF4C
:10D9D000502080F31188BFF34F8FBFF36F8F00BFCC
:10D9E00000BFFEE70648016818312846FFF7D8FD5A
:10D9F0000CB14FF0FF3621463046FEF703FF70BDF5
:10DA0000000000202DE9F04706460F4634464FF04F
:10DA10000109002E55D0206D50B900BF502080F371
:10DA20001188BFF34F8FBFF36F8F00BF00BFFEE7BA
:10DA3000E06CB84201D23D4600E0E56CE06AA842E5
:10DA40003FD0206D01283CD11F480068844201D09E
:10DA5000012000E0002050B900BF502080F3118861
:10DA6000BFF34F8FBFF36F8F00BF00BFFEE7D4F847
:10DA70002C80E562A06900F0004010B9C5F13800C3
:10DA8000A06108EB8801114A02EB810160698842BC
:10DA900001D1012000E0002098B1201DFFF72AFDF0
:10DAA0000B49E06A0968884202D90949E06A0860BE
:10DAB000E16A01EB8101054A02EB8100211DFFF7BC
:10DAC0006FFDBDE8F087000000000020B8030020D3
:10DAD0001800002010B586B000200590049003AA1D
:10DAE00004A905A8FFF71AFD0022DDE9041013467A
:10DAF000CDE9002102901EA11F48039A01F01AF9F6
:10DB00001E4908600846006808B1012400E00024AE
:10DB1000012C02D101F086FD0446012C15D100BF75
:10DB2000502080F31188BFF34F8FBFF36F8F00BF7A
:10DB30004FF0FF30124908600120124908600020B0
:10DB40001149086000F03CFA10E0601C08B10120A7
:10DB500000E0002050B900BF502080F31188BFF3CF
:10DB60004F8FBFF36F8F00BF00BFFEE706B010BD41
:10DB700049444C4500000000A5CB040834000020B7
:10DB8000300000201C000020140000200248006823
:10DB9000401C014908607047380000201E4800689A
:10DBA00018B101201D49086034E000201B490860BD
:10DBB0001B4801680CE051B900BF502080F3118868
:10DBC000BFF34F8FBFF36F8F00BF00BFFEE7491E4B
:10DBD00001EB8100134A52F8200008B9012000E04F
:10DBE00000200028E7D101EB81020E4B03EB8200FD
:10DBF00042685268426000F108024368934202D1D1
:10DC00004268526842604268D268074B1A60044812
:10DC1000016000BF70470000380000202400002091
:10DC200018000020B803002000000020014600205A
:10DC3000054A127832B1054A12780A700022024B66
:10DC40001A70012070470000810000208000002031
:10DC50000020024908700120704700008100002068
:10DC600010B5044605480068FEF7C4FB01200449CE
:10DC7000087004480470012010BD00005403002007
:10DC800081000020800000200146034800684068B1
:10DC9000087001207047000084000020F0B58FB0AC
:10DCA00006460C4617461D461C2108A8F2F7FFFC45
:10DCB000182102A8F2F7FBFC102031490968014342
:10DCC0002F4A1160114609680140019100BF00BF51
:10DCD00001202B49143909680143294A143A11607B
:10DCE000114609680140019100BF00BF4FF4C060B8
:10DCF00002900220039003200490002005900690DB
:10DD00000720079002A91F48F6F7B8F808940020EA
:10DD100009900A900B9025B1012D05D0022D0BD151
:10DD200006E000200B9007E04FF4C0600B9003E08A
:10DD30004FF480600B9000BF00BF0C200C900020BF
:10DD40000D900E9008A910480068F6F713FD0E49D3
:10DD50000868016921F490410161416921F02A01BB
:10DD6000416100BF08490868C16841F40051C160C1
:10DD700000BF05480068F6F7EDFC01200FB0F0BDCC
:10DD80004438024000000240840000200146C1F3F4
:10DD90000800024A12685060012070478400002089
:10DDA00000BF044908680168C1F380110029F8D058
:10DDB000012070478400002010B586B0044614216D
:10DDC00001A8F2F774FC40F2AF40ADF80400002067
:10DDD00002903220604303900020049001A906487D
:10DDE000F6F740FB0448F6F737FB0348F6F72AFB43
:10DDF000012006B010BD00000048014038B50024E5
:10DE00006846FFF741FF1C48007830B101280AD06E
:10DE1000022819D003282BD102E0FFF70BFC27E0E2
:10DE2000FFF708FC24E00020144908809DF800203A
:10DE30000888411C114B198011490A5402200E49CF
:10DE40000870FFF7F7FB13E00C480088FF2809DC97
:10DE50009DF8002009490888411C084B1980084991
:10DE60000A5402E0032004490870FFF7E3FB00BFF7
:10DE700000BF204638BD00008D0000209600002025
:10DE80006C4C002010B500240D48007820B1022809
:10DE900007D003280BD109E00020FFF7E1FE04467C
:10DEA00006E00120FFF7DCFE044601E000E000BFD1
:10DEB00000BFFFF7A9FB012001490870204610BDF3
:10DEC0008D00002010B500241748007810B10128FB
:10DED00026D104E000210120FFF76EFB20E013486B
:10DEE000008878B1124909680878FFF74FFF104899
:10DEF0000068401C0E4908600C480088401E0B4911
:10DF000008800CE00320FFF7ABFE0446FFF748FF54
:10DF100000210120FFF750FB00200349087000BFDB
:10DF200000BF204610BD00008C000020940000209F
:10DF300090000020F0B503460C461546E208A4EB1D
:10DF4000C20087B20120A840401E86B2995C501CD6
:10DF5000185C41EA002139413140C8B2F0BD2DE9D9
:10DF6000F043044615461F46C808A1EBC0081FFA37
:10DF700088FC07FA0CF81FFA88F74FF0010808FA36
:10DF800005F8A8F101081FFA88F6A1EBC00806FA07
:10DF900008F81FFA88F6225C00F1010814F80880DE
:10DFA00042EA082222EA060848EA070222544FEA17
:10DFB000222900F1010804F80890BDE8F083000070
:10DFC0001CB5524800685249884201D0012000E047
:10DFD000002050B900BF502080F31188BFF34F8F4D
:10DFE000BFF36F8F00BF00BFFEE748480068484995
:10DFF000491E884201D0012000E0002050B900BF36
:10E00000502080F31188BFF34F8FBFF36F8F00BF95
:10E0100000BFFEE73F49084600780190FF200A460E
:10E0200010700846007800909DF8000000F0F000A5
:10E030009DF80020904201D1012000E0002050B95D
:10E0400000BF502080F31188BFF34F8FBFF36F8F55
:10E0500000BF00BFFEE79DF8000000F050002E4A10
:10E06000107007202D4A106009E02C480068401EFF
:10E070002A4A10609DF800004006000E00909DF8AE
:10E08000000000F080008028EFD024480068C0F134
:10E090000700042801D1012000E0002050B900BF92
:10E0A000502080F31188BFF34F8FBFF36F8F00BFF5
:10E0B00000BFFEE7194800680002184A10601046C9
:10E0C000008800F4E0601060124A019810700F4858
:10E0D0002030006840F470000C4920310860084688
:10E0E000006840F070400860FFF752FB00200C49C8
:10E0F0000860F2F7E1F80B48006840F04040094939
:10E100000860F2F7C5F800201CBD000000ED00E03B
:10E1100071C20F4100E400E0780000207C00002084
:10E120007400002034EF00E010B500BF502080F3F1
:10E130001188BFF34F8FBFF36F8F00BF00F0BAFF9E
:10E1400018B14FF080500449086000BF002080F3F0
:10E15000118800BF10BD000004ED00E070B5054659
:10E160000E460DB1012000E0002050B900BF502044
:10E1700080F31188BFF34F8FBFF36F8F00BF00BFD5
:10E18000FEE7AE4201D8012000E0002050B900BFF8
:10E19000502080F31188BFF34F8FBFF36F8F00BF04
:10E1A00000BFFEE702220021284600F05DF8044689
:10E1B00004B1A663204670BDF8B505460E46174665
:10E1C0000DB1012000E0002050B900BF502080F3C5
:10E1D0001188BFF34F8FBFF36F8F00BF00BFFEE703
:10E1E000AE4201D8012000E0002050B900BF50200D
:10E1F00080F31188BFF34F8FBFF36F8F00BF00BF55
:10E20000FEE702203B46002211460090284600F01F
:10E2100058F8044604B1A6632046F8BD2DE9F04144
:10E2200004460126002722460021012000F01CF8A8
:10E2300005462846FEF7CAFC2846BDE8F0812DE9D0
:10E24000F84304460D4601274FF000082B460022F4
:10E2500011460120009400F034F806463046FEF7DF
:10E26000B5FC3046BDE8F8832DE9F84305460E4677
:10E2700017460DB1012000E0002050B900BF50202A
:10E2800080F31188BFF34F8FBFF36F8F00BF00BFC4
:10E29000FEE705FB06F808F15000FFF72DF80446ED
:10E2A00064B1A14609F15009002084F846003B46BC
:10E2B0004A46314628460094FEF797FC2046BDE8C2
:10E2C000F8832DE9F84380460E4617461D46DDF8D3
:10E2D0002090B8F1000F01D0012000E0002050B9DB
:10E2E00000BF502080F31188BFF34F8FBFF36F8FB3
:10E2F00000BF00BFFEE70DB1012000E0002050B9D3
:10E3000000BF502080F31188BFF34F8FBFF36F8F92
:10E3100000BF00BFFEE707B10EB1012000E0002002
:10E3200050B900BF502080F31188BFF34F8FBFF367
:10E330006F8F00BF00BFFEE707B90EB9012000E0F4
:10E34000002050B900BF502080F31188BFF34F8FD9
:10E35000BFF36F8F00BF00BFFEE750200090009812
:10E36000502801D1012000E0002050B900BF50200A
:10E3700080F31188BFF34F8FBFF36F8F00BF00BFD3
:10E38000FEE700BF2C464CB1012084F846004B4606
:10E390003A46314640460094FEF727FC2046BDE849
:10E3A000F883000070B505460E462C4654B900BFF0
:10E3B000502080F31188BFF34F8FBFF36F8F00BFE2
:10E3C00000BFFEE7FFF74AF9D4E90F12206801FB0E
:10E3D0000200A0600020A06320686060E06B401E27
:10E3E000226C216800FB0211E160FF2084F84400E8
:10E3F00084F845009EB9206908B9012000E000209A
:10E40000A8B904F1100000F0EBFF80B14FF080508C
:10E4100009490860BFF34F8FBFF36F8F07E004F126
:10E420001000FFF793F804F12400FFF78FF8FFF7CF
:10E430003FF9012070BD000004ED00E02DE9FF432D
:10E4400083B0064688461D464FF00009344654B94D
:10E4500000BF502080F31188BFF34F8FBFF36F8F41
:10E4600000BF00BFFEE7B8F1000F01D1206C08B972
:10E47000012000E0002050B900BF502080F3118837
:10E48000BFF34F8FBFF36F8F00BF00BFFEE7022DBA
:10E4900002D1E06B012801D1012000E0002050B939
:10E4A00000BF502080F31188BFF34F8FBFF36F8FF1
:10E4B00000BF00BFFEE700F0E7FD08B9059808B906
:10E4C000012000E0002050B900BF502080F31188E7
:10E4D000BFF34F8FBFF36F8F00BF00BFFEE700BFDA
:10E4E000FFF7BCF8A06BE16B884201D3022D28D165
:10E4F0002A4641462046FEF792FA0746606A08B966
:10E50000012000E0002068B904F1240000F068FF59
:10E5100088B14FF0805032490860BFF34F8FBFF38E
:10E520006F8F08E03FB14FF080502D490860BFF376
:10E530004F8FBFF36F8FFFF7BBF8012007B0BDE827
:10E54000F083059818B9FFF7B3F80020F6E7B9F1A2
:10E55000000F04D101A8FFF707FA4FF00109FFF7F8
:10E56000A7F8FFF713FBFFF779F894F94400401C74
:10E5700010B9002084F8440094F94500401C10B9FB
:10E58000002084F84500FFF793F805A901A800F0E2
:10E5900059FBF0B92046FEF76AFCA0B104F1100067
:10E5A0000599FFF7F3F92046FEF745FE00F064FFFA
:10E5B000002895D14FF0805009490860BFF34F8F74
:10E5C000BFF36F8F8CE72046FEF735FE00F054FF57
:10E5D00086E72046FEF72FFE00F04EFF0020ADE755
:10E5E00004ED00E02DE9F84F07468A4690461E46A6
:10E5F0003C4654B900BF502080F31188BFF34F8FC1
:10E60000BFF36F8F00BF00BFFEE7BAF1000F01D16B
:10E61000206C08B9012000E0002050B900BF502054
:10E6200080F31188BFF34F8FBFF36F8F00BF00BF20
:10E63000FEE7022E02D1E06B012801D1012000E0AB
:10E64000002050B900BF502080F31188BFF34F8FD6
:10E65000BFF36F8F00BF00BFFEE7FFF7ADF800BF4D
:10E660005021EFF3118081F31188BFF34F8FBFF377
:10E670006F8F00BF0546A06BE16B884201D3022E6D
:10E6800025D194F945B0A06B009032465146204602
:10E69000FEF7C5F90BF1010088B9606A08B90120DD
:10E6A00000E0002050B904F1240000F099FE28B1E8
:10E6B000B8F1000F02D00120C8F8000004E00BF10F
:10E6C000010040B284F845004FF0010901E04FF02D
:10E6D000000900BF85F3118800BF4846BDE8F88FE8
:10E6E0002DE9F04706460F46344654B900BF502086
:10E6F00080F31188BFF34F8FBFF36F8F00BF00BF50
:10E70000FEE7206C08B9012000E0002050B900BFEE
:10E71000502080F31188BFF34F8FBFF36F8F00BF7E
:10E7200000BFFEE7206808B9A06808B9012000E032
:10E73000002050B900BF502080F31188BFF34F8FE5
:10E74000BFF36F8F00BF00BFFEE7FFF735F800BFD4
:10E750005021EFF3118081F31188BFF34F8FBFF386
:10E760006F8F00BF0546D4F83890E06B48451ED93E
:10E7700094F945A009F10100A0630AF1010070B904
:10E78000606A08B9012000E0002068B904F12400A3
:10E7900000F026FE40B13FB10120386004E00AF1EC
:10E7A000010040B284F845004FF0010801E04FF04D
:10E7B000000800BF85F3118800BF4046BDE8F08720
:10E7C00070B505462C4654B900BF502080F311881F
:10E7D000BFF34F8FBFF36F8F00BF00BFFEE700F0A6
:10E7E0004DFCA16888420CD1E068401EE060E06802
:10E7F00028B900231A4619462046FFF71FFE0126B6
:10E8000000E00026304670BD2DE9F74183B0054693
:10E810000E464FF000082C4654B900BF502080F33C
:10E820001188BFF34F8FBFF36F8F00BF00BFFEE7AC
:10E830000EB9206C08B9012000E0002050B900BFDB
:10E84000502080F31188BFF34F8FBFF36F8F00BF4D
:10E8500000BFFEE700F018FC08B9059808B90120D0
:10E8600000E0002050B900BF502080F31188BFF3B2
:10E870004F8FBFF36F8F00BF00BFFEE700BFFEF7F3
:10E88000EDFEA76BF7B131462046FEF7B3F8781ED0
:10E89000A063206908B9012000E0002060B904F1FC
:10E8A000100000F09DFD38B14FF080502F490860F6
:10E8B000BFF34F8FBFF36F8FFEF7FAFE012006B054
:10E8C000BDE8F081059818B9FEF7F2FE0020F6E7E2
:10E8D000B8F1000F04D101A8FFF746F84FF0010886
:10E8E000FEF7E6FEFFF752F9FEF7B8FE94F9440092
:10E8F000401C10B9002084F8440094F94500401CE5
:10E9000010B9002084F84500FEF7D2FE05A901A841
:10E9100000F098F9F0B92046FEF79CFAA0B104F196
:10E9200024000599FFF732F82046FEF784FC00F03A
:10E93000A3FD0028A3D14FF080500C490860BFF31D
:10E940004F8FBFF36F8F9AE72046FEF774FC00F0FD
:10E9500093FD94E72046FEF76EFC00F08DFD204607
:10E96000FEF778FA00288AD00020A8E704ED00E03E
:10E970002DE9F05F064689461746344654B900BF74
:10E98000502080F31188BFF34F8FBFF36F8F00BF0C
:10E9900000BFFEE7B9F1000F01D1206C08B90120DA
:10E9A00000E0002050B900BF502080F31188BFF371
:10E9B0004F8FBFF36F8F00BF00BFFEE7FEF7FCFE77
:10E9C00000BF5021EFF3118081F31188BFF34F8F07
:10E9D000BFF36F8F00BF0546D4F838A0BAF1000F1F
:10E9E00022D094F944B049462046FEF703F8AAF134
:10E9F0000100A0630BF1010070B9206908B9012082
:10EA000000E0002068B904F1100000F0E9FC40B11A
:10EA10003FB10120386004E00BF1010040B284F8FE
:10EA200044004FF0010801E04FF0000800BF85F3FB
:10EA3000118800BF4046BDE8F09F00002DE9F3417A
:10EA400082B005464FF000082C46002654B900BF9E
:10EA5000502080F31188BFF34F8FBFF36F8F00BF3B
:10EA600000BFFEE7206C08B9012000E0002050B98B
:10EA700000BF502080F31188BFF34F8FBFF36F8F1B
:10EA800000BF00BFFEE700F0FFFA08B9039808B91D
:10EA9000012000E0002050B900BF502080F3118811
:10EAA000BFF34F8FBFF36F8F00BF00BFFEE700BF04
:10EAB000FEF7D4FDA76BFFB1781EA063206810B9E4
:10EAC000FEF7C0FCA060206908B9012000E000202A
:10EAD00060B904F1100000F083FC38B14FF08050B1
:10EAE00043490860BFF34F8FBFF36F8FFEF7E0FD20
:10EAF000012004B0BDE8F081039898B90EB9012057
:10EB000000E0002050B900BF502080F31188BFF30F
:10EB10004F8FBFF36F8F00BF00BFFEE7FEF7C8FD4A
:10EB20000020E6E7B8F1000F04D16846FEF71CFFAD
:10EB30004FF00108FEF7BCFDFFF728F8FEF78EFD49
:10EB400094F94400401C10B9002084F8440094F962
:10EB50004500401C10B9002084F84500FEF7A8FDD0
:10EB600003A9684600F06EF840BB2046FEF772F934
:10EB7000F0B1206838B9FEF771FDA06800F0DEFB47
:10EB80000646FEF795FD04F124000399FEF7FEFE0C
:10EB90002046FEF750FB00F06FFC002888D14FF0B4
:10EBA000805013490860BFF34F8FBFF36F8F7FE72B
:10EBB0002046FEF740FB00F05FFC79E72046FEF7B9
:10EBC0003AFB00F059FC2046FEF744F90028EED04D
:10EBD0005EB1FEF743FD2046FDF788FF0746394644
:10EBE000A068FEF70FFFFEF763FD002081E700003D
:10EBF00004ED00E02DE9F04106460F46344654B9D5
:10EC000000BF502080F31188BFF34F8FBFF36F8F89
:10EC100000BF00BFFEE700F031FAA168884204D1CE
:10EC2000E068401CE060012508E039462046FFF717
:10EC300005FF054615B1E068401CE0602846BDE8C8
:10EC4000F081000070B505460C4655B900BF502054
:10EC500080F31188BFF34F8FBFF36F8F00BF00BFEA
:10EC6000FEE754B900BF502080F31188BFF34F8FE7
:10EC7000BFF36F8F00BF00BFFEE7FEF7EFFC124847
:10EC800002686868131A2068401C08B9002617E05B
:10EC90000E4928680968884204D06868904201D803
:10ECA00001260DE02068984207D92068C01A20602C
:10ECB0002846FEF759FE002602E0002020600126CB
:10ECC000FEF7F6FC304670BD14000020280000203E
:10ECD0002DE9FF4F85B0804689461746DDE912AB26
:10ECE000B800FEF709FB064656B15C20FEF704FBB0
:10ECF00004460CB1266304E03046FEF7F7FC00E062
:10ED000000248CB1002084F85900CDE900ABCDE996
:10ED100002403A4649464046089BFDF77BFF2046A5
:10ED2000FDF7AEFD012501E04FF0FF35284609B0A3
:10ED3000BDE8F08F2DE9F04F85B007468846914633
:10ED40009A46DDE90EB6109C0EB1012000E00020CD
:10ED500050B900BF502080F31188BFF34F8FBFF32D
:10ED60006F8F00BF00BFFEE70CB1012000E0002064
:10ED700050B900BF502080F31188BFF34F8FBFF30D
:10ED80006F8F00BF00BFFEE75C20039003985C28F4
:10ED900001D1012000E0002050B900BF502080F3D5
:10EDA0001188BFF34F8FBFF36F8F00BF00BFFEE727
:10EDB00000BFB4B1AEB125462C462E63022085F8C3
:10EDC0005900002004A953464A46CDE900B1CDE9D7
:10EDD000025041463846FDF71DFF2846FDF750FD1D
:10EDE00001E000200490049805B0BDE8F08F000019
:10EDF0002DE9F04706460D46174698464FF0010AA2
:10EE000056B900BF502080F31188BFF34F8FBFF376
:10EE10006F8F00BF00BFFEE73446FEF71FFCB8F15E
:10EE2000000F02D0606DC8F8000094F858900220DE
:10EE300084F85800052F17D2DFE807F01503070BF9
:10EE40000D00606D2843606521E0606D401C6065C9
:10EE50001DE065651BE0B9F1020F01D0656501E0B9
:10EE60004FF0000A13E012E0606D401C08B9012069
:10EE700000E0002050B900BF502080F31188BFF39C
:10EE80004F8FBFF36F8F00BF00BFFEE700BF00BF13
:10EE9000B9F1010F32D1201DFEF72CFB1A49E06AAF
:10EEA0000968884202D91849E06A0860E16A01EB02
:10EEB0008101164A02EB8100211DFEF771FBA06A59
:10EEC00008B9012000E0002050B900BF502080F3B5
:10EED0001188BFF34F8FBFF36F8F00BF00BFFEE7F6
:10EEE0000B49E06A0968C96A884207D94FF0805027
:10EEF00008490860BFF34F8FBFF36F8FFEF7D8FB51
:10EF00005046BDE8F087000018000020B80300203C
:10EF10000000002004ED00E02DE9F84F07460E4602
:10EF200090469946DDF828B00120009057B900BFFF
:10EF3000502080F31188BFF34F8FBFF36F8F00BF56
:10EF400000BFFEE7FEF738FC3C4600BF5021EFF360
:10EF5000118081F31188BFF34F8FBFF36F8F00BF14
:10EF60000546B9F1000F02D0606DC9F8000094F8B1
:10EF700058A0022084F85800B8F1050F17D2DFE836
:10EF800008F01503070B0D00606D3043606521E04C
:10EF9000606D401C60651DE066651BE0BAF1020F04
:10EFA00001D0666501E00020009013E012E0606D82
:10EFB000401C08B9012000E0002050B900BF5020DB
:10EFC00080F31188BFF34F8FBFF36F8F00BF00BF77
:10EFD000FEE700BF00BFBAF1010F3CD1A06A08B93B
:10EFE000012000E0002050B900BF502080F31188BC
:10EFF000BFF34F8FBFF36F8F00BF00BFFEE719480D
:10F000000068A0B9201DFEF775FA1749E06A096883
:10F01000884202D91449E06A0860E16A01EB810183
:10F02000124A02EB8100211DFEF7BAFA04E004F156
:10F0300018010F48FEF7B4FA0E49E06A0968C96A78
:10F04000884208D9BBF1000F02D00120CBF80000A4
:10F0500001200949086000BF85F3118800BF0098AE
:10F06000BDE8F88F3800002018000020B803002009
:10F07000400800200000002024000020014908680A
:10F0800070470000000000200549096809B9012007
:10F0900005E00449096809B9022000E00020704732
:10F0A0001C0000203800002001490868704700005B
:10F0B000140000202DE9F0414FF00008434800689B
:10F0C00000287BD142480068451C4148056015BBBB
:10F0D00040480068006808B9012000E0002050B9ED
:10F0E00000BF502080F31188BFF34F8FBFF36F8FA5
:10F0F00000BF00BFFEE7374807683748006835495A
:10F1000008603548076035480068401C334908608E
:10F11000FDF7E2FF00BF3248006885423BD300BFE5
:10F120002C480068006808B9012000E0002020B1E8
:10F130004FF0FF302A4908602CE026480068C0687C
:10F14000C4686668B54202D22548066022E0201DE8
:10F15000FEF7D0F9A06A18B104F11800FEF7CAF959
:10F160002049E06A0968884202D91E49E06A0860BD
:10F17000E16A01EB81011C4A02EB8100211DFEF7CF
:10F180000FFA1A49E06A0968C96A8842C8D34FF081
:10F190000108C5E700BF15480068C06A00EB8000A1
:10F1A000114951F82000012801D94FF001081048F9
:10F1B000006808B14FF0010805E0FFE70D4800685E
:10F1C000401C0C4908604046BDE8F0813800002032
:10F1D0001400002004000020080000202800002067
:10F1E0003000002018000020B8030020000000209C
:10F1F00024000020200000202DE9F0410746884629
:10F2000014461D46FEF72AFA2148006890F8580077
:10F21000022818D01E49096801F15400496DB9430C
:10F22000016001201A49096881F858005DB1012187
:10F230002846FDF7E7FA4FF0805016490860BFF303
:10F240004F8FBFF36F8FFEF733FAFEF707FA1CB14B
:10F250000F480068406D20600D48006890F8580025
:10F26000022801D0002608E00949096801F154008C
:10F27000496D21EA0801016001260020044909685E
:10F2800081F85800FEF714FA3046BDE8F08100001E
:10F290000000002004ED00E070B505462C46002675
:10F2A000002D43D022480068844201D1012000E0B3
:10F2B000002050B900BF502080F31188BFF34F8F5A
:10F2C000BFF36F8F00BF00BFFEE7206D50B900BFD6
:10F2D000502080F31188BFF34F8FBFF36F8F00BFB3
:10F2E00000BFFEE7206D401E2065E16CE06A8842A9
:10F2F0001CD0206DD0B9201DFEF7FCF8E06CE06258
:10F30000E06AC0F13800A0610A49E06A09688842F1
:10F3100002D90849E06A0860E16A01EB8101064A06
:10F3200002EB8100211DFEF73BF90126304670BD3E
:10F330000000002018000020B803002070B505462A
:10F340002C460026002D42D02249E06A0968C96A8D
:10F35000884235D2A06900F0004028B91D480068F5
:10F36000C06AC0F13800A061E16A01EB81011A4A6C
:10F3700002EB81016069884201D1012000E0002098
:10F38000C0B1201DFEF7B6F812480068C06AE062FE
:10F390001249E06A0968884202D91049E06A0860A7
:10F3A000E16A01EB81010C4A02EB8100211DFEF7AD
:10F3B000F7F803E007480068C06AE062012606E04B
:10F3C0000449E06C0968C96A884200D201263046C7
:10F3D00070BD000000000020B803002018000020CD
:10F3E00070B50646F068C46854B900BF502080F379
:10F3F0001188BFF34F8FBFF36F8F00BF00BFFEE7D1
:10F4000004F11800FEF776F815480068A0B9201D31
:10F41000FEF770F81349E06A0968884202D9114979
:10F42000E06A0860E16A01EB81010F4A02EB8100AA
:10F43000211DFEF7B5F804E004F118010B48FEF7B2
:10F44000AFF80B49E06A0968C96A884204D9012506
:10F4500001200849086000E00025284670BD000032
:10F460003800002018000020B803002040080020C9
:10F47000000000202400002070B50024002636483B
:10F48000006850B900BF502080F31188BFF34F8F40
:10F49000BFF36F8F00BF00BFFEE7FEF7DFF82E4817
:10F4A0000068401E2C4908600846006800284ED1BC
:10F4B0002A48006800284AD023E02948C068C46868
:10F4C00004F11800FEF716F8201DFEF713F8254981
:10F4D000E06A0968884202D92249E06A0860E16A64
:10F4E00001EB8101204A02EB8100211DFEF758F853
:10F4F0001E49E06A0968C96A884202D301201C4992
:10F5000008601748006808B9012000E000200028C2
:10F51000D3D00CB1FDF7E0FD1648056865B100BF1A
:10F52000FFF7C8FD10B10120114908606D1E002DC4
:10F53000F6D100200F4908600D48006838B1012657
:10F5400030070D490860BFF34F8FBFF36F8FFEF791
:10F55000AFF8304670BD00003800002010000020D9
:10F560004008002018000020B80300200000002000
:10F57000240000202000002004ED00E02DE9FC47DD
:10F5800005460E4617469846DDF828902C20FDF7D4
:10F59000B3FE044654B1002084F8280043463A469E
:10F5A00031462846CDE90094FDF793FB2046BDE89F
:10F5B000FC872DE9FC4706460F4690469946DDE953
:10F5C0000AA52C20019001982C2801D1012000E0EF
:10F5D000002050B900BF502080F31188BFF34F8F37
:10F5E000BFF36F8F00BF00BFFEE700BF55B900BF7C
:10F5F000502080F31188BFF34F8FBFF36F8F00BF90
:10F6000000BFFEE72C4654B1022084F828004B4688
:10F61000424639463046CDE900A4FDF75AFB204664
:10F62000BDE8FC8710B586B00024FDF785F91648C3
:10F630000068D0B100200590049003AA04A905A891
:10F64000FDF778FF0222DDE904100023CDE9002157
:10F6500002900EA10F48039AFFF76CFB0E49086059
:10F660000846006800B1012400BF54B900BF502013
:10F6700080F31188BFF34F8FBFF36F8F00BF00BFC0
:10F68000FEE7204606B010BD44000020546D7220F5
:10F69000537663001DD20408480000202DE9FF477F
:10F6A00004460D4616461F46DDF830804FF000092F
:10F6B00054B900BF502080F31188BFF34F8FBFF3C0
:10F6C0006F8F00BF00BFFEE71448006810B30095BD
:10F6D00001960294062D15DAFFF7D6FC022808D110
:10F6E0000023424669460D480068FEF7A7FE8146A2
:10F6F00010E000231A46694608480068FEF79EFE9F
:10F70000814607E000233A46694604480068FEF750
:10F7100069FF8146484604B0BDE8F08744000020F8
:10F7200070B50446264654B900BF502080F31188B6
:10F73000BFF34F8FBFF36F8F00BF00BFFEE7FDF732
:10F740008DFF96F8280000F0010008B9002500E0C0
:10F750000125FDF7ADFF284670BD81F000417047DF
:10F7600080F00040704721F00041704720F00040D9
:10F770007047000021F00042A2F16052B2F5801FF4
:10F7800001F0004328BFD2F17F6C0BD95FEA001C67
:10F7900043EAC20242EB507018BF704728BF20F006
:10F7A00001007047B2F5801FBCBF184670474FEA92
:10F7B000410C1CF5001F02D2084600F089BD70B54F
:10F7C00000F090FB00000089FFF7F6BF4FF000400B
:10F7D000A0F580007047000010B591EA030F48BF04
:10F7E00083F0004300F11C84841A71EB030C05D2F2
:10F7F000121943EB0C03001B61EB0C01DFF824E151
:10F800004FEA1154A4EB135C1EEA430F18BF9EEAA3
:10F81000445F73D023EA0E03DCF1200E21EA045189
:10F8200043F4801332D322FA0CFE10EB0E0023FABD
:10F830000CFE41EB0E01CCF1200E03FA0EFE10EB94
:10F840000E0051F10001B1F5801FCCF1200E32D233
:10F8500001EB045112FA0EF2BDE8104058BF704798
:10F86000401C38BF5FEA420218BF7047002814BF2F
:10F8700020F0010041F100014FEA410313F5001FA0
:10F8800038BF7047A1F1C04100F07ABB012A43EBB9
:10F890000302ACF1200CDCF11F0E32BF4FF0000E62
:10F8A00023FA0CF310EB030041EB0451B4EB115FAE
:10F8B000D0D0A1EB045101F5801149085FEA300076
:10F8C00001EB04510ED350F1000038BF12FA0EFEC6
:10F8D00008D1BDE81040C9E7401C38BF5FEA4202CA
:10F8E000CAD1C3E7BDE810404FEA410313F5001F3A
:10F8F00038BF7047A1F1C04100F042BB9EEA445FAF
:10F9000008D011EA5E0FBDE8104004BF01F00041CD
:10F9100000207047BDE8104070B500F0E3FA00BF6A
:10F9200064FBBE3E0000E0FF491058BFC1F14041FA
:10F930005B1058BFC3F140438B42EFF30080704728
:10F940002DE9C04130B4DFF8A0C23CEA111418BF61
:10F950003CEA131400F0EC8081EA03051CEA111460
:10F9600044EAD57418BF1CEA131500F0C780A4EB55
:10F9700005044FF0004545EAC12145EAC32341EAA9
:10F98000505143EA525304F17F74994204F5003414
:10F990004FEAC0204FEAC22208BF904200F09C808C
:10F9A0004FEA13650FF24016765D4FEA134506FBEA
:10F9B00005F7C7F1807706FB07F74FEAD737A7FBB4
:10F9C00003687642C8F58038A7FB06CE38BFA8F199
:10F9D000010807FB08E64FF0000EA6FB028CE6FBD1
:10F9E00003CEDCF1000CCEF1004E38BFAEF1010EBB
:10F9F000A6FB0C584FF000074FF00005E6FB0E8702
:10FA0000A1FB08C6A0FB07CE16EB0E0645F10005CC
:10FA1000E1FB076515F1E04E7EBFA4F580345FEA97
:10FA200046066D4116F1800745F100054FEA17279C
:10FA30004FEA066647EA0567A6F1DE46B6F1805F43
:10FA40004FEA15251FD9384624F0010C05EBC47187
:10FA5000BCF1FE6F01EB0C1102D8F0BCBDE80081D7
:10FA600024425CBF01F5801E9EEAC47F02D4F0BC34
:10FA7000BDE80081244238D4F0BCA1F1C041BDE80A
:10FA8000004100F07DBA4FEAD22242EA43524FEAE7
:10FA9000D323A7FB02864FEAD02040EA415007FB60
:10FAA00003661EEA0E0F4FEAD12105FB026658BF1E
:10FAB000A6EB0056B6EB00564FEA520E4EEAC37E56
:10FAC00018EB0E0E56EB530EBDD518EB02085E4137
:10FAD0007F1C55F10005B6E74FF480154FF0000785
:10FAE0004FF000064FF00008ADE7F0BC4FF000000B
:10FAF00001F1C04101F00041BDE8008111EA0C1F95
:10FB00000CEA131500D00CE013EA0C1F00F025805E
:10FB10004FF00000F0BC81EA030101F00041BDE8B4
:10FB20000081F0BCBDE8004181EA030100F028BA81
:10FB3000F0BCBDE8004170B500F0D4F9097EFC3E90
:10FB400000F007B881EA03014FF0000001F0004126
:10FB5000704781EA030100F013BAF0BCBDE8004130
:10FB60004FF0000021497047FFFDFBF9F7F5F4F273
:10FB7000F0EEEDEBE9E8E6E4E3E1E0DEDDDBDAD848
:10FB8000D7D5D4D3D1D0CFCDCCCBCAC8C7C6C5C4A6
:10FB9000C2C1C0BFBEBDBCBBBAB9B8B7B6B5B4B3BD
:10FBA000B2B1B0AFAEADACABAAA9A8A8A7A6A5A4A8
:10FBB000A3A3A2A1A09F9F9E9D9C9C9B9A9999986C
:10FBC0009797969595949393929191908F8F8E8E0F
:10FBD0008D8C8C8B8B8A898988888787868585849C
:10FBE00084838382828181800000FF070000F87F88
:10FBF00051EA030C17D41CF5801F58BFBCF5801FB9
:10FC000000F10680994218BF704708BF90427047C4
:10FC100007D711F5801F58BF13F5801F19D49942DB
:10FC20007047894270471CF5801F08D5BCF5801FBE
:10FC3000F7D58B4218BF704708BF824270474FF418
:10FC4000001C1CEB410F38BF1CEB430F01D28B4251
:10FC5000704770B500F046F9922449004FF000510A
:10FC60004FF08053FFF760BE4FEA1153A3F5806356
:10FC7000D3F11E03A8BFD3F1200C08DB4FF00042E4
:10FC800042EAC12252EA505232FA03F07047094266
:10FC90000BD4102BC4BF0020704703F5787CBCF157
:10FCA000FF3F05D04FF0FF3070474FF00000704726
:10FCB00070B500F017F900BF49922480002070470A
:10FCC000F0E710F0004248BF4042B0FA80F310FA6B
:10FCD00003F10AD0C3F11D0303F580634FEA4150DD
:10FCE00002EB035202EBD12170474FF00000704746
:10FCF000B0FA80F310FA03F10AD0C3F11D0303F543
:10FD000080634FEA41504FEA035202EBD121704722
:10FD10004FF000007047000051EA030C17D41CF5A7
:10FD2000801F58BFBCF5801F00F10680994218BFA4
:10FD3000704708BF9042704707D711F5801F58BF22
:10FD400013F5801F19D499427047894270471CF5FA
:10FD5000801F08D5BCF5801FF7D58B4218BF7047B0
:10FD600008BF824270474FF4001C1CEB410F38BFA4
:10FD70001CEB430F01D28B42704770B500F0B2F814
:10FD8000922449004FF000514FF08053FFF7CCBD53
:10FD9000DFF848C170B51CEA111E1EBF1CEA13151E
:10FDA0009EEA0C0F95EA0C0F00F06F8081EA0304C5
:10FDB00023EA4C134EEAD47E21EA4C1141F480111F
:10FDC00043F48013AE44A1FB024CA0FB0365AEF1EB
:10FDD0007F7E361955EB0C05A1FB034C4CF100035B
:10FDE000A0FB021C16EB0C06654153F1000309420F
:10FDF00018BF46F0010613F4007F0BD14FEA033120
:10FE00004FEA0530340341EA155140EA16506FF0CD
:10FE100003020AE04FEAC3214FEAC520F40241EA97
:10FE2000555140EA56506FF0020202EB2E4201EBB0
:10FE3000025585EACE710AD05FEA440C18BF24F05F
:10FE4000004450F1000041F1000120EAD47040F27A
:10FE5000FE7C624500D270BDA84214BF4FF08044C2
:10FE60004FF04044002E08BF0024BEF1806FA8BFB1
:10FE7000A1F1C041BDE8704080F282804FF00000E7
:10FE800001F1C04101F0004170479EEA0C0F0CEAFD
:10FE9000131518BF95EA0C0F06D04FF0000081EA49
:10FEA000030E0EF0004170BD00F01CF88900013E09
:10FEB00000F007B800F009B84FEA430C5FEA5C5C59
:10FEC00008D081EA030100F05BB84FEA410C5FEA19
:10FED0005C5CF6D14FF00000014970470000FF075D
:10FEE0000000F87F0EF1020E2EF0030E5EF8046B98
:10FEF000364205D4012A43EB030515F5001F12D83D
:10FF0000012841EB010C1CF5001F0CD80ED14FEA63
:10FF1000D17C15F5001F0CEB4C0C0CF1020C08BF4A
:10FF20004CEBD37C04E04FF0080C01E04FEAD37CAB
:10FF30000CEB4C0526FA05F606F00706B6F1040CA4
:10FF400006D20EEB860CBDE870404CF0010C604709
:10FF5000DFE80CF0090B02024FF000414FF0000007
:10FF6000A1F5002170BD19461046012851EB01048E
:10FF700018BFD4F5001484BF002001F0004170BD0B
:10FF80000808A0F500114FEA3101704753EA010C4F
:10FF900017D41CF5801F58BFBCF5801F00F10680E8
:10FFA0008B4218BF704708BF8242704707D713F5CE
:10FFB000801F58BF11F5801F19D48B4270479B4298
:10FFC00070471CF5801F08D5BCF5801FF7D59942F6
:10FFD00018BF704708BF904270474FF4001C1CEBDD
:10FFE000430F38BF1CEB410F01D2994270470FB449
:10FFF0000CBC03BCFFF7C1BE91EA030F10B581F042
:020000040805ED
:1000000000413FF5F1AB83F0004300F009B8000078
:1000100010B591EA030F48BF83F000433FF5E4AB0E
:10002000841A71EB030C07D212198CF0004C43EBCD
:100030000C03001B61EB0C01DFF8A4E14FEA115443
:10004000A4EB135C1EEA430F18BF9EEA445F00F066
:10005000B08023EA6E03524221EA0451C3EB6E03DF
:1000600038BF5B1EDCF1200E25D322FA0CFE10EB0C
:100070000E0043FA0CFE41EB0E01CCF1200E03FA08
:100080000EFE10EB0E0051F10001CCF1200E29D430
:1000900012FA0EF201EB0451BDE8104058BF704750
:1000A000401C1CBFB2F1004F704700280CBF491C18
:1000B00020F00100704712EB020E43EB030218BF61
:1000C0004FF0010E4EEA4202ACF1200CDCF11E0EA4
:1000D00054D943FA0CFE10EB0E0051F1FF31CCF174
:1000E0001E0ED5D50EF1010E12FA0EFE404141EB67
:1000F000010101EB445C5FEA5C5C10D910EBDE703F
:1001000001EB045138BFBEF1004FBDE8104018BFED
:10011000704700280CBF491C20F00100704730D206
:100120004FEAD42C11F5001124F400641BD0B1FA6D
:1001300081F20B3AA41AA41ED2F12003914030FAA6
:1001400003F31943904001EBCC71002C01EB0451F7
:10015000BDE81040A8BF704701F1C0414FF000005A
:1001600001F000417047B0FA80F310FA03F100D1BA
:1001700010BDE41A173C4805C90AE4E701EB045135
:1001800010BD491001EB0451BDE810404FEA3000AA
:1001900002E04FF0000170474A0008BF0042F8D06B
:1001A000B2F5001F28BF704701F000414FF000007A
:1001B00070479EEA445F07D011EA5E0FBDE8104029
:1001C00004BF002100207047BDE8104070B5FFF764
:1001D00089FE00BF40DFF63E83F0004110467047C5
:1001E0000000E0FF43004FEAD30C4FEA3C0C4340D1
:1001F0001FBF40070CF1605113F0FE4F70471CF019
:10020000006F03D100200CF0004170470CF0004358
:1002100043EA507010B540EACC0000F00EF800BF81
:10022000000000924FEA0001FFF7AABE4FF0004124
:100230004FF00000A1F5002170470EF1020E2EF0E4
:10024000030E5EF8044B244204D44FEA4102B2F19B
:100250007F4F11D84FEA4003B3F17F4F0CD80ED136
:100260004FEAD07CB2F17F4F0CEB4C0C0CF1020C3E
:1002700008BF4CEBD17C04E04FF0080C01E04FEAE2
:10028000D17C0CEB4C0324FA03F404F00704B4F122
:10029000040C06D20EEB840CBDE810404CF0010CAF
:1002A0006047DFE80CF0070802024FF00040A0F5BD
:1002B000800010BD0846420018BFD2F1807288BF8E
:1002C00000F0004010BD4FF04070E1EE100A7047A2
:1002D000FF2141EAD050C005704700C1814001C0F4
:1002E000804101C0804100C1814001C0804100C106
:1002F000814000C1814001C0804101C0804100C1F6
:10030000814000C1814001C0804100C1814001C0E5
:10031000804101C0804100C1814001C0804100C1D5
:10032000814000C1814001C0804100C1814001C0C5
:10033000804101C0804100C1814000C1814001C0B5
:10034000804101C0804100C1814001C0804100C1A5
:10035000814000C1814001C0804101C0804100C195
:10036000814000C1814001C0804100C1814001C085
:10037000804101C0804100C1814000C1814001C075
:10038000804101C0804100C1814001C0804100C165
:10039000814000C1814001C0804100C1814001C055
:1003A000804101C0804100C1814001C0804100C145
:1003B000814000C1814001C0804101C0804100C135
:1003C000814000C1814001C0804100C1814001C025
:1003D000804101C0804100C1814000C0C101C30310
:1003E00002C2C60607C705C5C404CC0C0DCD0FCF8D
:1003F000CE0E0ACACB0BC90908C8D81819D91BDBFD
:10040000DA1A1EDEDF1FDD1D1CDC14D4D515D7174C
:1004100016D6D21213D311D1D010F03031F133F3FC
:10042000F23236F6F737F53534F43CFCFD3DFF3F4C
:100430003EFEFA3A3BFB39F9F83828E8E929EB2B7C
:100440002AEAEE2E2FEF2DEDEC2CE42425E527E70C
:10045000E62622E2E323E12120E0A06061A163A37C
:10046000A26266A6A767A56564A46CACAD6DAF6F0C
:100470006EAEAA6A6BAB69A9A86878B8B979BB7B7C
:100480007ABABE7E7FBF7DBDBC7CB47475B577B7CC
:10049000B67672B2B373B17170B0509091519353FC
:1004A000529296565797559594549C5C5D9D5F9FCC
:1004B0009E5E5A9A9B5B99595898884849894B8BFC
:1004C0008A4A4E8E8F4F8D4D4C8C4484854587478C
:1004D000468682424383418180401028405870887C
:1004E000A0B8000000000404040000080000000898
:1004F0000000080000000800020406080A0C0001C1
:100500000203040506102840587088A0B8000000B7
:1005100000040404000008000000080000080000B7
:10052000000800020406080A0C0001020304050684
:10053000102840587088A0B800000000040404008F
:100540000008000000080000080000000800020485
:1005500006080A0C00010203040506001028405892
:100560007088A0B800000000040404000008000027
:1005700000080000080000000800020406080A0C39
:100580000001020304050600000000000000000056
:100590000000000000005802580258025802580299
:1005A000C8005802580258025802900158025802D6
:1005B0005802580258029001580258025802580234
:1005C000580258020000000000000000580200001D
:1005D000000000000000000000000000000000001B
:1005E0000000000000000000000000005802580257
:1005F0005802580258025802580258025802200362
:1006000058025802580258025802580200000000CE
:10061000000000000700000004000000D7A6040846
:10062000000000000800000080000000D7A60408B9
:10063000000000000900000008000000D7A6040820
:10064000000000000B00000010000000D7A6040806
:10065000000000000A00000020000000D7A60408E7
:10066000000000000C00000040000000D7A60408B5
:10067000000000002200000001000000D7A60408CE
:10068000000000000500000000020000D7A60408DA
:10069000000000000200000000050000D7A60408CA
:1006A000000000000300000002000000D7A60408BC
:1006B000000000000400000002100000D7A604089B
:1006C000000000000600000000400000D7A604085B
:1006D000000000002400000000200000D7A604084D
:1006E000000000000000000000000000000000000A
:1006F00000000000000000000000000000000000FA
:1007000000000000000000000000000000000000E9
:1007100000000000000000000000000000000000D9
:1007200000000000000000000000000000000000C9
:1007300000000000000000000000000000000000B9
:1007400000000000000000000000000000000000A9
:10075000000000000700000004000000D7A6040805
:100760007C0100000800000080000000D7A60408FB
:100770007C0100000900000008000000D7A6040862
:100780007C0100000B00000010000000D7A6040848
:10079000C80000000A00000020000000D7A60408DE
:1007A0007C0100000C00000040000000D7A60408F7
:1007B000640000002200000001000000D7A6040829
:1007C000F40100000500000000020000D7A60408A4
:1007D000F40100000200000000050000D7A6040894
:1007E000F40100000300000002000000D7A6040886
:1007F0007C0100000400000002100000D7A60408DD
:100800007C0100000600000000400000D7A604089C
:10081000F40100002400000000200000D7A6040816
:10082000F4010000000000000000000000000000D3
:1008300000000000000000000000000000000000B8
:1008400000000000000000000000000000000000A8
:100850000000000000000000000000000000000098
:100860000000000000000000000000000000000088
:100870000000000000000000000000000000000078
:100880000000000000000000000000000000000068
:10089000000000000700000004000000D7A60408C4
:1008A000000000000800000080000000D7A6040837
:1008B000000000000900000008000000D7A604089E
:1008C000000000000B00000010000000D7A6040884
:1008D000000000000A00000020000000D7A6040865
:1008E000000000000C00000040000000D7A6040833
:1008F000000000002200000001000000D7A604084C
:10090000000000000500000000020000D7A6040857
:10091000000000000200000000050000D7A6040847
:10092000000000000300000002000000D7A6040839
:10093000000000000400000002100000D7A6040818
:10094000000000000600000000400000D7A60408D8
:10095000000000002400000000200000D7A60408CA
:100960000000000000000000000000000000000087
:100970000000000000000000000000000000000077
:100980000000000000000000000000000000000067
:100990000000000000000000000000000000000057
:1009A0000000000000000000000000000000000047
:1009B0000000000000000000000000000000000037
:1009C0000000000000000000000000000000000027
:1009D000000000000700000004000000D7A6040883
:1009E000000000000800000080000000D7A60408F6
:1009F000000000000900000008000000D7A604085D
:100A0000000000001600000010000000D7A6040837
:100A10000000000017000000010000005FA60408AD
:100A2000000000000F00000020000000D7A604080E
:100A3000000000002000000001000000D7A604080C
:100A4000000000001A00000060000000D7A60408A3
:100A5000000000001F000000020000005FA6040864
:100A6000000000000200000000010000D7A60408FA
:100A7000000000000300000002000000D7A60408E8
:100A8000000000000400000002100000D7A60408C7
:100A9000000000000600000000400000D7A6040887
:100AA000000000002400000000200000D7A6040879
:100AB0000000000000000000000000000000000036
:100AC0000000000000000000000000000000000026
:100AD0000000000000000000000000000000000016
:100AE0000000000000000000000000000000000006
:100AF00000000000000000000000000000000000F6
:100B000000000000000000000000000000000000E5
:100B1000000000000700000004000000D7A6040841
:100B2000000000000800000080000000D7A60408B4
:100B3000000000000900000008000000D7A604081B
:100B4000000000001700000010000000D7A60408F5
:100B5000000000001900000020000000D7A60408D3
:100B6000000000001100000040000000D7A60408AB
:100B7000000000000200000000050000D7A60408E5
:100B8000000000002200000001000000D7A60408B9
:100B9000000000000500000000020000D7A60408C5
:100BA000000000000300000002000000D7A60408B7
:100BB000000000000400000002100000D7A6040896
:100BC000000000000600000000400000D7A6040856
:100BD000000000002400000000200000D7A6040848
:100BE0000000000000000000000000000000000005
:100BF00000000000000000000000000000000000F5
:100C000000000000000000000000000000000000E4
:100C100000000000000000000000000000000000D4
:100C200000000000000000000000000000000000C4
:100C300000000000000000000000000000000000B4
:100C400000000000000000000000000000000000A4
:100C5000000000000700000004000000D7A6040800
:100C6000000000000800000080000000D7A6040873
:100C7000000000000900000008000000D7A60408DA
:100C8000000000001700000010000000D7A60408B4
:100C9000000000001900000020000000D7A6040892
:100CA000000000001100000040000000D7A604086A
:100CB000000000000100000001000000D7A60408A9
:100CC000000000000200000000010000D7A6040898
:100CD000000000000500000000020000D7A6040884
:100CE000000000000300000002000000D7A6040876
:100CF000000000000400000002080000D7A604085D
:100D0000000000000600000000400000D7A6040814
:100D100000000000000000000000000000000000D3
:100D200000000000000000000000000000000000C3
:100D300000000000000000000000000000000000B3
:100D400000000000000000000000000000000000A3
:100D50000000000000000000000000000000000093
:100D60000000000000000000000000000000000083
:100D70000000000000000000000000000000000073
:100D80000000000000000000000000000000000063
:100D9000000000000700000002000000D7A60408C1
:100DA000000000000800000010000000D7A60408A2
:100DB000000000000900000080000000D7A6040821
:100DC000000000003D00000004000000D7A6040859
:100DD000000000003E00000020000000D7A604082C
:100DE000000000003F00000040000000D7A60408FB
:100DF000000000004000000000800000D7A60408AA
:100E0000000000004100000000000100D7A6040817
:100E1000000000002200000000200000D7A6040807
:100E2000000000000200000008030000D7A604082C
:100E3000000000000300000001000000D7A6040825
:100E4000000000000400000000100000D7A6040805
:100E5000000000000600000000400000D7A60408C3
:100E6000000000002400000000080000D7A60408CD
:100E7000000000000500000000040000D7A60408E0
:100E80000000000000000000000000000000000062
:100E90000000000000000000000000000000000052
:100EA0000000000000000000000000000000000042
:100EB0000000000000000000000000000000000032
:100EC0000000000000000000000000000000000022
:100ED000000000000700000004000000D7A604087E
:100EE000000000000800000080000000D7A60408F1
:100EF000000000000900000008000000D7A6040858
:100F0000000000001800000010000000D7A6040830
:100F1000000000001000000020000000D7A6040818
:100F2000000000001400000040000000D7A60408E4
:100F3000000000000100000001000000D7A6040826
:100F4000000000000200000000010000D7A6040815
:100F5000000000000300000002000000D7A6040803
:100F6000000000000400000002100000D7A60408E2
:100F7000000000000600000000000200D7A60408E0
:100F80000000000000000000000000000000000061
:100F90000000000000000000000000000000000051
:100FA0000000000000000000000000000000000041
:100FB0000000000000000000000000000000000031
:100FC0000000000000000000000000000000000021
:100FD0000000000000000000000000000000000011
:100FE0000000000000000000000000000000000001
:100FF00000000000000000000000000000000000F1
:1010000000000000000000000000000000000000E0
:10101000000000000700000004000000D7A604083C
:10102000000000000800000080000000D7A60408AF
:10103000000000000900000008000000D7A6040816
:10104000000000001600000010000000D7A60408F1
:10105000000000001700000020000000D7A60408D0
:10106000000000000F00000040000000D7A60408A8
:10107000000000002200000001000000D7A60408C4
:10108000000000000200000000050000D7A60408D0
:10109000000000000500000000020000D7A60408C0
:1010A000000000000300000002000000D7A60408B2
:1010B000000000000400000002100000D7A6040891
:1010C000000000000600000000400000D7A6040851
:1010D000000000002400000000000200D7A6040861
:1010E0000000000000000000000000000000000000
:1010F00000000000000000000000000000000000F0
:1011000000000000000000000000000000000000DF
:1011100000000000000000000000000000000000CF
:1011200000000000000000000000000000000000BF
:1011300000000000000000000000000000000000AF
:10114000000000000000000000000000000000009F
:10115000000000000700000004000000D7A60408FB
:10116000000000000800000080000000D7A604086E
:10117000000000000900000008000000D7A60408D5
:10118000000000001700000010000000D7A60408AF
:10119000000000001100000020000000D7A6040895
:1011A000000000000C00000040000000D7A604086A
:1011B000000000002200000001000000D7A6040883
:1011C000000000000200000000050000D7A604088F
:1011D000000000000500000000020000D7A604087F
:1011E000000000000300000002000000D7A6040871
:1011F000000000000400000002100000D7A6040850
:10120000000000000600000000400000D7A604080F
:10121000000000002400000000200000D7A6040801
:1012200000000000000000000000000000000000BE
:1012300000000000000000000000000000000000AE
:10124000000000000000000000000000000000009E
:10125000000000000000000000000000000000008E
:10126000000000000000000000000000000000007E
:10127000000000000000000000000000000000006E
:10128000000000000000000000000000000000005E
:1012900000000000C014050800000000000000006D
:1012A0000000000000000000000200001800000024
:1012B0000000000000000000A81405080000000065
:1012C000000000000000000000000000000400001A
:1012D0001800000000000000000000008C14050849
:1012E00000000000000000000000000000000000FE
:1012F00000040000200000000000000000000000CA
:10130000B414050800000000000000000000000008
:101310000000000000040000300000000000000099
:101320000000000098140508000000000000000004
:1013300000000000000000000002000008000000A3
:101340000000000000000000F0140508000000008C
:101350000000000000000000D0140508000000009C
:101360000000000000000000E0140508000000007C
:101370000000000000000000041505080000000047
:10138000000000000000000010150508000000002B
:101390000000000000000000FC1405080000000030
:1013A00000000000000000007014050800000000AC
:1013B0000000000000000000781405080000000094
:1013C0000000000000000000841405080000000078
:1013D0000000000000000000102840587088A0B8ED
:1013E00000000000040404000008000000081028A9
:1013F00040587088A0B80000102840587088A0B8E5
:1014000000000000000000000000000000000000DC
:1014100000000000000000000000000000000000CC
:10142000010203040607080900000000010203048A
:1014300004FA97999999D93FAF788E1DC571CC3F21
:101440009FC678D0099AC33F935555555555E53FEA
:10145000599322942449D23FDE03CB966446C73F7A
:1014600044523EDF12F1C23F0000000000000000C5
:101470005556646174610000486F73744D62646115
:1014800074610000486F744D7367000050726F63A1
:101490005461736B00000000537469724374726C82
:1014A0005461736B0000000054656D705461736B80
:1014B00000000000734D6F646275735461736B00BC
:1014C00044617461436F6C6C6563745461736B0049
:1014D000486F74486F6C6454696D65720000000059
:1014E0005265706F72745374657054696D657200E3
:1014F0004D6F746F7254696D65720000436F6D6D4E
:10150000335278006F734144534D75746578000011
:1015100054656D70446174614D75746578000000A8
:10152000401505080000002078030000C4010408ED
:101530001016050878030020089D0000200204080A
:1015400001741AAA01D104121001400229023211B9
:1015500036BDB4040804366DB304080336E1B204A2
:1015600008103673B604080636A1B50408171AF930
:101570002032013687B10408051A3118320F1AE3F8
:101580000829721A353832661A052032671AE5586A
:10159000012A8A010216459EB358011B20949D29F9
:1015A0007012AA1A0F0845D00788130312C8AF0398
:1015B00016803F093618237A442B20400813F46321
:1015C0001B20EC041B6C62049908013C9B60090C15
:1015D0000212EA134C021B204D041A4E041A4F0447
:1015E000198C12411248199019A2041590A0B03B11
:1015F000140120610370B80B0516B18A040819BCE8
:101600003904013613FC6F12205324F432103201D6
:040000050804018961
:00000001FF
