:020000040804EE
:1000000088A000203103040847600408552F040825
:10001000256004086F0C0408B5AC0408000000005B
:100020000000000000000000000000007102040851
:10003000C916040800000000CD020408B19F04089E
:100040004B030408296804084B0304084B03040805
:100050004B0304084B0304084B0304084B03040838
:100060004B0304084B0304084B0304084B03040828
:10007000511204084B030408C11204084B0304087E
:100080004B0304084B0304084B0304084B03040808
:100090004B0304084B0304084B0304084B030408F8
:1000A0004B0304084B030408F5A004084B030408A1
:1000B0004B0304084B0304084B0304084B030408D8
:1000C0004B0304084B0304084B0304084B030408C8
:1000D0004B030408F1A904084B03040831AA0408DF
:1000E0004B0304084B0304084B0304084B030408A8
:1000F0004B030408FDA004084B0304084B03040849
:100100004B0304084B0304084B0304084B03040887
:100110004B0304084B0304084B030408F9A004082C
:100120005D1304089D1404084B0304084B030408E2
:100130004B0304084B0304084B0304084B03040857
:100140004B0304084B0304084B0304084B03040847
:100150004B0304080D1504084B03040891AA040876
:100160004B0304084B0304084B0304084B03040827
:100170004B0304084B0304084B0304080000000071
:100180004B0304084B03040800F002F800F061F888
:100190000AA090E8000C82448344AAF10107DA45E2
:1001A00001D100F056F8AFF2090EBAE80F0013F0D3
:1001B000010F18BFFB1A43F0010318476415010033
:1001C000841501000A444FF0000C10F8013B13F0B5
:1001D000070408BF10F8014B1D1108BF10F8015BA0
:1001E000641E05D010F8016B641E01F8016BF9D193
:1001F00013F0080F1EBF10F8014BAD1C0C1B09D1EA
:100200006D1E58BF01F801CBFAD505E014F8016B5B
:1002100001F8016B6D1EF9D59142D6D370470000ED
:100220000023002400250026103A28BF78C1FBD8FF
:10023000520728BF30C148BF0B607047642900F0E7
:100240002581002070471FB510F033F91FBD10B590
:1002500010BD00F049FB1146FFF7F5FF0BF0D8FF8A
:1002600000F067FB03B4FFF7F2FF03BC0BF02BF8C1
:100270002C4B19680868B0E8F04F80F30988BFF389
:100280006F8F4FF0000080F311887047000000006E
:1002900008480068006880F308884FF0000080F389
:1002A000148862B661B6BFF34F8FBFF36F8F00DF64
:1002B00000BF00BF08ED00E0DFF80C00016841F46A
:1002C00070010160704700BF88ED00E0EFF3098026
:1002D000BFF36F8F134B1A681EF0100F08BF20ED8D
:1002E000108A20E9F04F106009B44FF0500080F3FD
:1002F0001188BFF34F8FBFF36F8F0DF045FD4FF0A7
:10030000000080F3118809BC19680868B0E8F04F54
:100310001EF0100F08BFB0EC108A80F30988BFF3FD
:100320006F8F704700000020EFF3058070470000DA
:100330000948804709480047FEE7FEE7FEE7FEE779
:10034000FEE7FEE7FEE7FEE7FEE7FEE704480549B5
:10035000054A064B70470000D5A00408890104082F
:100360008878002088A000208898002088980020A5
:1003700053EA020C00F069802DE9F04B4FF00006C3
:10038000002B1FBFB3FA83F503FA05F424FA05F630
:100390005E4012BF1643B2FA82F502FA05F4C5F1C7
:1003A00020051EBF22FA05FC44EA0C04203556EA5B
:1003B000044C4FEA144418BF641C4FF000084FF07F
:1003C0000009904271EB030C39D3002919BFB1FA2F
:1003D00081F701FA07F6B0FA80F700FA07F6C7F1DD
:1003E00020071EBF20FA07FC46EA0C062037B6FBA2
:1003F000F4FCA7EB0507103F07F01F0BCBF120061D
:100400000CFA0BFB2CFA06F644BFB3460026202F4D
:10041000A4BF5E464FF0000B5BEA060C08BF4FF02E
:10042000010B19EB0B09ABFB027C48EB0608C01B68
:1004300006FB02CC0BFB03CC71EB0C01C1E70B46B6
:10044000024641464846BDE8F08B13B54FF0000028
:100450004FF00001AFF30080BDE81C407047000082
:100460000FB41CB5084B06AA7B446946009005985A
:1004700000F019FA04460020694600F027FA2046E9
:100480001CBC5DF814FB0000610400002DE9F04184
:100490000646002410687529314616A510D0AFF322
:1004A0000080002802DA404213A507E031688A077D
:1004B00001D512A502E0490704D511A5012401E0E8
:1004C000AFF3008000210A2206F1240709E0B0FB07
:1004D000F2FCB0FBF2F302FB1C00303078541846FB
:1004E000491C0028F3D123462A463046BDE8F04196
:1004F00000F07AB9000000002D0000002B00000081
:10050000200000002DE9F05F894604464FF0000A04
:10051000DFF824B1FB44C0F820A02046E1688847FA
:1005200000287DD0252806D0D4E901219047206AF3
:10053000401C2062F1E700255F462046E1688847BD
:100540002028064607DB312E05D2B81910F8200CFA
:1005500008B10543F1E7A80701D525F00405C4F863
:100560001CA00027C4F818A02A2E09D030460AF093
:10057000A3FE38B304EB8708303EC8F8186019E0D2
:1005800059F8041B204604EB87029161E168884713
:10059000012F064618D1E069002820DA25F0200551
:1005A0001DE0D8F8180000EB800006EB4000303862
:1005B000C8F818002046E168884706460AF07CFE25
:1005C0000028EED1012F0AD02E2E08D12046E16856
:1005D00088477F1C0646022F45F02005C4DBA06932
:1005E000002803DA404245F00105A061E80701D088
:1005F00025F01005A6B1A6F14100192802D8203631
:1006000045F400654A463146204625604D46FFF7D1
:1006100015FE60B1012807D0ED1D25F0070000E0B0
:1006200007E000F1080978E705F1040975E73046AD
:100630007AE7206ABDE8F09F04110100032A40F226
:10064000308010F0030C00F0158011F8013BBCF174
:10065000020F624498BF11F801CB00F8013B38BF8C
:1006600011F8013BA2F1040298BF00F801CB38BF9A
:1006700000F8013B11F0030300F02580083AC0F0B8
:10068000088051F8043B083A51F804CBA0E8081060
:10069000F5E7121D5CBF51F8043B40F8043BAFF393
:1006A0000080D20724BF11F8013B11F801CB48BFED
:1006B00011F8012B24BF00F8013B00F801CB48BF23
:1006C00000F8012B704710B5203AC0F00B80B1E85C
:1006D0001850203AA0E81850B1E81850A0E8185077
:1006E000BFF4F5AF5FEA027C24BFB1E81850A0E880
:1006F000185044BF18C918C0BDE810405FEA827C9A
:1007000024BF51F8043B40F8043B08BF7047D207B0
:1007100028BF31F8023B48BF11F8012B28BF20F851
:10072000023B48BF00F8012B704702F0FF0343EA89
:10073000032242EA024200F002B84FF0000204290C
:10074000C0F0128010F0030C00F01B80CCF1040C00
:10075000BCF1020F18BF00F8012BA8BF20F8022B34
:10076000A1EB0C0100F00DB85FEAC17C24BF00F8DA
:10077000012B00F8012B48BF00F8012B70474FF008
:10078000000200B5134694469646203922BFA0E8E1
:100790000C50A0E80C50B1F12001BFF4F7AF0907ED
:1007A00028BFA0E80C5048BF0CC05DF804EB8900DE
:1007B00028BF40F8042B08BF704748BF20F8022B21
:1007C00011F0804F18BF00F8012B70477047704739
:1007D000704710B500F080F8006810BD10B50446F1
:1007E00000F07AF8046010BD2DE9F0470D469946F7
:1007F0009246044600F124080168880604D5E069A1
:1008000021F01001216000E00120A84201DD471B1A
:1008100000E00027A1697A1902EB0900081AA0611B
:100820002078C00602D42046AFF30080002608E0FE
:10083000D4E901211AF806009047206A401C761C72
:1008400020624E45F4DB2078C0060AD52046AFF37F
:10085000008006E0D4E9012130209047206A401C46
:100860002062381EA7F10107F4DC07E0D4E901217A
:1008700018F805009047206A401C2062281EA5F148
:100880000105F3DC2046AFF300802078000602D596
:100890000220BDE8F0870120FBE7000001694A1C47
:1008A00002610878704700B58FB0CDE901310021B1
:1008B000059105497944CDE9031011466846FFF7D3
:1008C00021FE0FB000BD0000E5FFFFFF0A6802F83F
:1008D000010B0A607047000000487047287800202C
:1008E00000487047287800207546FFF7F9FFAE46AC
:1008F00005006946534620F00700854618B020B52C
:10090000FFF724FDBDE820404FF000064FF0000740
:100910004FF000084FF0000B21F00701AC46ACE8A7
:10092000C009ACE8C009ACE8C009ACE8C0098D4614
:10093000704710B50446AFF300802046BDE8104074
:10094000FFF790BC30B14FF480510A04054B9A6117
:1009500000BF05E04FF48051024A916100BF00BF23
:10096000704700000004024008B500200090B1204C
:1009700000906A460121002000F00DF9002000904F
:100980006A46012100F042F800200090C420009047
:100990006A460121084600F0FEF8002000906A46F1
:1009A0000121084600F032F800200090202000903D
:1009B0006A460121022000F0EEF8002000906A460D
:1009C0000121022000F022F800F0D0F808BD10B597
:1009D0000120FFF7B7FF102000F082F8FF2000F0A1
:1009E00037F80446FF2000F033F840EA0424FF20E3
:1009F00000F02EF840EA042404F4000008B144F0AA
:100A00007F440020FFF79EFF204610BD2DE9F041F6
:100A100006460C4615460120FFF794FF0C2101EA1B
:100A20008601621E02F00302114341F0200000F033
:100A30000FF8002704E0FF2000F00AF801C57F1C32
:100A4000A742F8DB0020FFF77DFFBDE8F081000042
:100A500010B5044600201E4908800CE01C480088A0
:100A6000401C1B4908800846008844F620618842E3
:100A700001DD002010BD174803F091FD0028EDD0E6
:100A800013480088144908802146124803F08CFD61
:100A900000200F4908800CE00D480088401C0C49DC
:100AA00008800846008844F62061884201DD002065
:100AB000E0E7084803F06EFD0028EDD00448008808
:100AC0000649088000BF0348007B00BFD2E7000052
:100AD00080020020003800408602002088020020AA
:100AE00010B5044600201D4908800BE01B48008813
:100AF000401C1A4908800846008844F62061884254
:100B000000DD10BD164803F04AFD0028EED0134862
:100B10000088144908802146114803F045FD002053
:100B20000E4908800BE00D480088401C0B490880E6
:100B30000846008844F62061884200DDE1E7084865
:100B400003F028FD0028EED00448008806490880FC
:100B500000BF0348007B00BFD3E7000080020020F5
:100B600000380040820200208402002010B50120DD
:100B7000FFF7E8FE0820FFF7B3FF0020FFF7E2FED3
:100B800010BD38B5044600946A460121002000F0EB
:100B900002F8002038BD2DE9F04106460C46154606
:100BA0000120FFF7CFFE0C2101EA8601621E02F050
:100BB0000302114341F04000FFF792FF002704E0D9
:100BC00015F8040BFFF78CFF7F1CA742F8DB002011
:100BD000FFF7B8FEBDE8F0812DE9FC4707460C465B
:100BE00015461E464FF00009094830F814A0534638
:100BF0001A2221463846CDE9005609F05AFE8146B0
:100C00002146484601F065F980464046BDE8FC872C
:100C1000740705082DE9FC5F81460E461746984685
:100C20004FF0000A104830F81650B5F57A7F01DC15
:100C3000C82D00DAC8253146484601F0EBFC0446D1
:100C400044B12B46022231464846CDE90078A04700
:100C5000824601E04FF0090A3146504601F039F969
:100C600083465846BDE8FC9F740705087047FEE7B9
:100C700010B500240020A2490880A2490880A2489B
:100C800090ED000A08F0A6FA6FE04FF4FA700BF04E
:100C900003FB9E480068808B9949088008460088BD
:100CA000B0F5966F2EDA984890ED000ADFED980ABD
:100CB000B4EEE00AF1EE10FA01DD042010BD022CC2
:100CC00000D153E0904890ED000ADFED920A30EE3B
:100CD000200A80ED000AD0ED000AB2EE041AB6EE4A
:100CE000000A00EE810ABCEEC00A10EE100A8A4922
:100CF0000968A1F85200844890ED000A08F06AFAE9
:100D0000012432E07E480088B0F5AF6F2CDD7E48CC
:100D100090ED000AB5EEC00AF1EE10FA01D20420FF
:100D2000CCE7012C00D121E0774890ED000ADFEDFF
:100D3000790A30EE600A80ED000AD0ED000AB2EECA
:100D4000041AB6EE000A00EE810ABCEEC00A10EEEC
:100D5000100A71490968A1F852006B4890ED000A29
:100D600008F038FA022400E000E08EE700BF4FF4FC
:100D7000FA700BF091FA65480068808B6049088032
:100D80000846008865490880084600885F49096868
:100D900008845D48D0ED000AB2EE041AB6EE000AEF
:100DA00000EE810ABCEEC00A10EE100A5A4909682A
:100DB000A1F852005A4890ED000A08F057FA0024B2
:100DC0006FE04FF4FA700BF067FA50480068C08B80
:100DD0004C49088008460088B0F5966F2EDA5048D6
:100DE00090ED000ADFED4A0AB4EEE00AF1EE10FAE7
:100DF00001DD052062E7022C00D153E0484890ED68
:100E0000000ADFED440A30EE200A80ED000AD0ED42
:100E1000000AB2EE041AB6EE000A00EE810ABCEE39
:100E2000C00A10EE100A3C490968A1F854003C4879
:100E300090ED000A08F01AFA012432E031480088E7
:100E4000B0F5AF6F2CDD364890ED000AB5EEC00A64
:100E5000F1EE10FA01D2052030E7012C00D121E09B
:100E60002F4890ED000ADFED2B0A30EE600A80ED8E
:100E7000000AD0ED000AB2EE041AB6EE000A00EE47
:100E8000810ABCEEC00A10EE100A23490968A1F8D5
:100E90005400234890ED000A08F0E8F9022400E02D
:100EA00000E08EE700BF4FF4FA700BF0F5F9174839
:100EB0000068C08B134908800846008819490880DB
:100EC000104800881149096848841548D0ED000A87
:100ED000B2EE041AB6EE000A00EE810ABCEEC00AB9
:100EE00010EE100A0C490968A1F85400064890ED6C
:100EF000000A08F06FF908F0B3F80020DEE6000001
:100F00001A0300201C03002024030020F801002005
:100F100000000442CDCCCC3DF40100201E03002093
:100F200028030020200300209FED020A80ED0A0A1A
:100F3000704700000000000000B59FED020A08F0B5
:100F4000BBF800BD0000000010B50020284909686A
:100F500008602021274803F006F91021254803F0F6
:100F600002F90821234803F0FEF80421214803F088
:100F7000FAF802211F4803F0F6F801211D4803F09A
:100F8000F2F84FF400711C4803F0EDF84FF4807153
:100F9000194803F0E8F88021174803F0E4F84021ED
:100FA000154803F0E0F82021134803F0DCF8102185
:100FB000114803F0D8F808210F4803F0D4F8802135
:100FC0000E4803F0D0F840210C4803F0CCF8202163
:100FD0000A4803F0C8F81021084803F0C4F80821B3
:100FE000064803F0C0F80421044803F0BCF810BD23
:100FF000E80100200010024000040240000C024002
:1010000010B50C480068B0F84000132805DC09480A
:101010000068B0F84000012804DA1020054909688A
:10102000A1F840000349096891F8400000F046F833
:1010300010BD0000F401002070B506460C462146A4
:10104000304601F035FB0546002009490968A1F842
:101050007000642C03D1FFF777FF012070BD0DB93C
:101060000020FBE7284600F0D9F80120F6E7000051
:10107000F401002010B500220B21012000F0B8FF80
:1010800010BD000010B50C480068B0F842001328ED
:1010900005DC09480068B0F84200012804DA122093
:1010A00005490968A1F842000349096891F842001E
:1010B00000F004F810BD0000F401002010B5044653
:1010C0002E2C6FD2DFE804F094171C21262B30352C
:1010D0003B41464B50555A5F64696F7494949494A5
:1010E00094797D8185898D94949494949494949426
:1010F00094949494949120213F4803F034F878E03C
:1011000010213D4803F02FF873E008213A4803F01E
:101110002AF86EE00421384803F025F869E002213E
:10112000354803F020F864E00121334803F01BF850
:101130005FE04FF40071314803F015F859E04FF4C7
:1011400080712E4803F00FF853E080212B4803F004
:101150000AF84EE04021294803F005F849E0202133
:10116000264803F000F844E01021244802F0FBFF79
:101170003FE00821214802F0F6FF3AE080212048B4
:1011800002F0F1FF35E040211D4802F0ECFF30E0B5
:1011900020211B4802F0E7FF2BE01021184802F045
:1011A000E2FF26E024E00821154802F0DCFF20E001
:1011B0000421134802F0D7FF1BE0002011490870FA
:1011C00017E000201049087013E000200F49087054
:1011D0000FE000200E4908700BE000200D49087058
:1011E00007E000200C49087003E0FFF7A5FE00E0CF
:1011F00000BF00BF10BD000000100240000402400C
:10120000000C02404C0200204D0200204E02002043
:101210004F020020500200205102002070B5044609
:1012200001250A4800680068A04308490968086069
:1012300008E004F0010010B1E8B2FFF73FFF6408D6
:10124000681C85B2202DF4DD70BD0000E80100208F
:1012500070B5184C2068C0F3C020174D002807D087
:10126000E014A06068782058697840F00100605070
:101270002068C0F3402000281BD0104E00224FF4FD
:101280008051304601F0C0FB7015A060687820588E
:10129000697820F00400605068782058697820F060
:1012A000010060503046BDE870400122110301F09A
:1012B000ABBB70BD00600240E4150508000C0240A5
:1012C00070B5224C2068C0F3C060214D002819D0B1
:1012D0004FF00060A060E8782058E97820F0100016
:1012E0006050E8782058E97820F0010060501948F3
:1012F00000680C3050E8001F41F0400140E8001247
:10130000002AF7D12068C0F3406000281CD0124E9C
:1013100000224FF48051304601F076FB4FF0007010
:10132000A060E8782058E97820F004006050E87860
:101330002058E97820F0010060503046BDE8704048
:101340000122110301F060BB70BD0000006002408B
:10135000E41505086C020020000C024070B487B050
:1013600046490868C0F3401000287DD020208860DE
:1013700043480078085800F40020424B00287AD0F7
:10138000414818603E48D0F810C085694469C26879
:101390008168C069009105903C49CDF808C004956A
:1013A00003940192059E0098C1F808C04E610D613A
:1013B000CC604A60086000221B6802EB4200D1F852
:1013C00000C033F82040A444C1F800C003EB800003
:1013D000D1F804C04488A444C1F804C08488D1F87A
:1013E00008C0A444C1F808C0C488D1F80CC0A44403
:1013F000C1F80CC00489D1F810C0A444C1F810C0D1
:101400004089D1F814C060444861501CC2B2202AFF
:10141000D3D3086800F110020A60486800F1100593
:101420004D60886800F110048C60C86800F11003FA
:10143000CB60086910300861D1F814C00CF1100CB1
:10144000C1F814C0124E52093280690971806109D5
:10145000B1805B09F380400930814FEA5C107081F4
:101460000C480068C28201E002E004E08183C3838B
:1014700007B070BC70470848186083E700640240FA
:10148000E415050864030020FC6F00209C77002011
:10149000D86F0020F80100207C71002070B5184C36
:1014A0002068C0F3C020174D002807D0E014A060CA
:1014B00068782058697840F0010060502068C0F3D7
:1014C000402000281BD0104E00224FF4805130469F
:1014D00001F09AFA7015A06068782058697820F0B9
:1014E0000400605068782058697820F0010060504E
:1014F0003046BDE870400122110301F085BA70BD8D
:1015000000640240E4150508000C024070B5224C4E
:101510006068C0F34050214D002819D04FF40010EE
:10152000E060A8792058A97920F010006050A879CF
:101530002058A97920F001006050194800680C304B
:1015400050E8001F41F0400140E80012002AF7D1A6
:101550006068C0F3C04000281CD0124E00224FF437
:101560008051304601F050FA4FF40020E060A87935
:101570002058A97920F004006050A8792058A97952
:1015800020F0010060503046BDE870400122110398
:1015900001F03ABA70BD000000640240E41505088D
:1015A0008C020020000C024010B52DED068B84B09B
:1015B00004462068019060680290A068039020892A
:1015C00000EE100AB8EE400AB0EE408A18EE100A9B
:1015D0000EF0FEFE41EC1A0B9FED330B53EC102B7B
:1015E0000EF0CCFC41EC190B0EF0BAF908EE100A23
:1015F0009FED2F0AC8EE000AB0EE608A18EE100ABE
:101600000EF0E6FE41EC1A0B9FED2A0B53EC102B6B
:101610000EF0F4FD41EC190B0EF0A2F908EE100AE1
:1016200018EE100A0EF0D4FE41EC1A0B9FED230BBE
:1016300053EC102B0EF07AFA41EC190B0EF090F9E6
:1016400008EE100AB3EE090A38EE000AB0EE408A3E
:101650001C48006880ED1B8A6089400000EE100A7B
:10166000B8EEC00AB0EE408A18EE100A0EF0B0FED6
:1016700041EC1A0B9FED0C0B53EC102B0EF07EFC83
:1016800041EC190B0EF06CF908EE100A9FED080AF8
:10169000C8EE000AB0EE608A0A48006880ED1A8A37
:1016A00004B0BDEC068B10BD6666666666660A40D1
:1016B00000F07F4552B81E85EB51E83F7B14AE47E2
:1016C000E17A643FF8010020704700002DE9F04105
:1016D0002DED028B05460E46144662490E80002011
:1016E0006149087061490880614908806149086062
:1016F00061490870614908601E27601E84B224B9E0
:101700005F4800885F49088004E001245E48008843
:101710005C4908805D480068B0F85600594909885E
:1017200048434FF47A7190FBF1F0594908805748CB
:101730000068B0F858005349098848434FF47A715B
:1017400090FBF1F05349088050480068B0F85A0007
:101750004C49098848434FF47A7190FBF1F04E49A7
:1017600008804FF47A700AF097FD00BF0A200AF053
:1017700093FD4A4800681C3030F81400484908803E
:101780003C480068401C3B4908603B4800780728FB
:101790003ED2DFE800F0041C38393A3B3C00002020
:1017A0003349088000EE105AB8EE400AF2EE040AFF
:1017B00080EE201AB0EE418AB0EE480A294800882F
:1017C00000B208F081F801202B49087021E034486C
:1017D000008831490988884205DC012022490870C7
:1017E00008F0D0FA0EE02E4800882949098888427E
:1017F00005DB2B48008827490988884202DD002044
:101800001B49088005E004E003E002E001E000E09D
:1018100000BF00BF22480088224908802248007883
:1018200018B9114800780028A0D01F48007870B17E
:1018300008F0BAFA1D4800680BF0B6F84FF4FA70D9
:101840000AF02AFD0220BDEC028BBDE8F0810648BB
:10185000007828B14FF4FA700AF01EFD0020F2E77C
:101860000020F0E72002002019020020FE010020E5
:101870000002002014020020100200201C020020A0
:101880001E0300200402002020030020F401002099
:101890000C0200200A0200200E020020F8010020A5
:1018A0000602002008020020FC0100204003002066
:1018B0002DE9F0412DED028B05460E461446654993
:1018C0000E800020644908706449088064490880DB
:1018D0006449086064490870644908601E27601EF6
:1018E00084B224B9624800886249088004E0012477
:1018F000614800885F49088060480068B0F8560079
:101900005C49098848434FF47A7190FBF1F05C49D7
:1019100008805A480068B0F858005649098848437A
:101920004FF47A7190FBF1F05649088053480068F3
:10193000B0F85A004F49098848434FF47A7190FB38
:10194000F1F0514908804FF47A700AF0A5FC00BF0D
:101950000A200AF0A1FC4D4800681C3030F8140041
:101960004B4908803F480068401C3E4908603E489B
:101970000078072844D2DFE800F0041C3E3F4041D5
:10198000420000203649088000EE105AB8EE400AA6
:10199000F2EE040A80EE201AB0EE418AB0EE480A58
:1019A0002C48008800B207F08FFF01202E490870F4
:1019B00027E03748008834490988884205DD3448E3
:1019C000008830490988884205DB012022490870D7
:1019D00008F0D8F90EE02E48008829490988884285
:1019E00005DB2B48008827490988884202DD002052
:1019F0001B49088005E004E003E002E001E000E0AC
:101A000000BF00BF22480088224908802248007891
:101A100018B91148007800289AD01F48007870B192
:101A200008F0C2F91D4800680AF0BEFF4FF4FA70D2
:101A30000AF032FC0320BDEC028BBDE8F0810648C1
:101A4000007828B14FF4FA700AF026FC0020F2E783
:101A50000020F0E72002002019020020FE010020F3
:101A60000002002014020020100200201C020020AE
:101A70001E0300200402002020030020F4010020A7
:101A80000C0200200A0200200E020020F8010020B3
:101A90000602002008020020FC0100204003002074
:101AA0002DE9F05F82468B4614461E460A9F4FF092
:101AB0001209E34804800020E2490870E2490880E6
:101AC000E2490880E2490860E2490870E24908609A
:101AD0008FB100EE104AF8EE400A9FEDE01A81EE59
:101AE000200AF2EE040A80EE201ABCEEC10A10EEC3
:101AF000100A85B200E01E25012E06D14FF0000825
:101B0000D7480088D749088005E04FF00108D6483B
:101B10000088D4490880D5480068B0F85600D149FB
:101B2000098848434FF47A7190FBF1F0D04908805E
:101B3000CE480068B0F85800CA49098848434FF4B5
:101B40007A7190FBF1F0CB490880C8480068B0F882
:101B50005A00C449098848434FF47A7190FBF1F068
:101B6000C54908805946504604F016FC4FF47A7077
:101B70000AF092FB00BF0A200AF08EFBBF48006803
:101B80001C3030F81800BE490880B1480068401C7D
:101B9000AF490860AF480078072871D2DFE800F04D
:101BA00004167999CBEBF80009F0FF02A4480188EC
:101BB000012007F0E3FE0120A64908700020A34998
:101BC0000880B0490880A4490860FBE0AC48008860
:101BD000A8490988884226DBAA480088002804DD35
:101BE0000020A84908809C49086098480088401C4B
:101BF0009649088098480068A14909880844964990
:101C0000086092480088A84242DB32200AF044FB78
:101C100008F0B8F81FB106208E49087038E001209E
:101C20008849087034E096480088914909888842BC
:101C300027DC94480088401C92490880834800882B
:101C4000002804DD0020814908808349086082481B
:101C500000688B49098808447F49086089480088E2
:101C6000A84215DB32200AF017FB08F08BF81FB1F1
:101C70000620784908700BE001207249087007E0DF
:101C80009FE00020714908807E4908807249086001
:101C900098E040F2DC500AF0FFFA694800886428B6
:101CA00003DA0A206649088006E0654800880A21B0
:101CB00090FBF1F062490880002064490880052209
:101CC0005F480188002007F059FE03206149087031
:101CD00078E06B48008868490988884205DC012063
:101CE0005849087008F04EF824E0654800886049BB
:101CF000098888421BDB624800885E49098888425F
:101D000015DC52480088401C50490880084600886D
:101D1000A8420FDB08F036F84FEA690900204A496B
:101D200008804748048000204A49087002E00020EB
:101D30004649088046E040F2DC500AF0ADFA4048DF
:101D40000088642803DA0A203D49088006E03C4800
:101D500000880A2190FBF1F03949088000203B49B6
:101D60000880052236480188002007F007FE05207C
:101D70003849087026E0424800883F49098888426F
:101D800004DD01202F49087007F0FCFF1AE0FFE78F
:101D90002E4800883B49098808442F49096891FB6F
:101DA000F0F037490880084600883349098888429E
:101DB00003DD02202749087002E00420254908704D
:101DC00000E000BF00BF2E4800882F4908802F4840
:101DD000007820B91B48007800283FF4CCAE2B488F
:101DE0000078E8B107F0E0FF294800680AF0DCFD60
:101DF0004FF47A700AF050FA59465046FFF71CF932
:101E00004FF4FA700AF048FA12480078032805D116
:101E1000032E01D1BDE8F09F0220FBE70120F9E786
:101E20000848007848B159465046FFF705F94FF485
:101E3000FA700AF031FA0020ECE70720EAE7000028
:101E40002002002019020020FE01002000020020D4
:101E500014020020100200201C02002000606A48CA
:101E60001E0300200402002020030020F4010020B3
:101E70000C0200200A0200200E020020F8010020BF
:101E8000060200200202002008020020FC010020BF
:101E9000400300203EB503464D200290592001909A
:101EA000002011E00C5C9DF808506C401C541C5C38
:101EB0009DF804506C4000949DF8044002949DF8F5
:101EC00000400194441CA0B29042EBDB3EBD72B6D0
:101ED000704702460C2A15D2DFE802F006080A0C09
:101EE0000E14141414141012002070470846FCE756
:101EF0000320FAE70420F8E70846F6E72620F4E78F
:101F00002720F2E70020F0E772B6FEE72DE9F04760
:101F10000746884615461E4600242046641C314963
:101F20000F5403222046641C0A544FEA182220460C
:101F3000641C0A542046641C01F800802A0A2046CA
:101F4000641C0A542046641C0D54062125480BF0DD
:101F5000ABFB81462046641C224901F800904FEA01
:101F600019222046641C0A5461011F48FEF7E5FB54
:101F700021461C4800F014F94FF4FA711B48006820
:101F80000AF092FA50BB18480078B84224D116489B
:101F9000C01C30F815906800C01C81B212480BF0CC
:101FA00083FB484515D1002010E04100C91C0E4AB2
:101FB000515C090226F8101036F810204100091D66
:101FC000094B595C114426F81010401CA842ECDB68
:101FD00006E00020BDE8F0870020FBE70020F9E7DD
:101FE00000BFF7E7406E0020406D0020580300203E
:101FF0002DE9F04105460E46174600242046641C94
:102000001E490D5406222046641C0A54320A2046FA
:10201000641C0A542046641C0E543A0A2046641C70
:102020000A542046641C0F54214614480BF03CFB14
:1020300080462046641C114901F800804FEA1822AE
:102040002046641C0A5461010D48FEF776FB2146C8
:102050000A4800F0A5F84FF4FA710A4800680AF03F
:1020600023FA40B906480078A84202D10120BDE811
:10207000F0810020FBE70020F9E70000406E00201F
:10208000406D00205803002010B52549086800BFA6
:1020900000BF00BF00F10C0252E8002F42F0100117
:1020A00000F10C0242E80013002BF3D100BF00BF87
:1020B0001B49086800BF00BF00BF00F1140252E8CE
:1020C000002F42F0400100F1140242E80013002BFF
:1020D000F3D100BF00BF12480268121D0121114850
:1020E00001F088FF104A01210E4801F073FF4FF400
:1020F000807201210B4801F055FF0121094801F0D0
:1021000005FF0121074801F019FF0121054801F0F1
:102110002DFF6421054800680AF0C6F910BD0000D3
:102120008C02002000640240406D00205803002013
:1021300008B516480121164A525C825822F0010265
:10214000134B5B5CC25000BF00BF114A525C02449B
:10215000526892B2C2F580700E4908800E4800683D
:102160000AF03EFA4FF480720121084801F01AFF8C
:102170000A4908680168009100BF4168009100BFEA
:1021800000BF0121014801F0F1FE08BD00640240DA
:10219000F106050890020020580300208C02002060
:1021A00070B504460D46224606211A4801F012FF7A
:1021B00019480268121D0621164801F01BFF2A4625
:1021C0000621144801F0EEFE1349086800BF00BF65
:1021D00000BF00F1140252E8002F42F0800100F12C
:1021E000140242E80013002BF3D100BF00BF00BF70
:1021F00020200849C86000BF0621064801F086FE7D
:102200000621044801F09AFE0621024801F0AEFEC4
:1022100070BD0000006402408C02002062B670476E
:1022200010B5002201B909E0012901D10A0205E037
:10223000022901D10A0201E04FF440720E4B1B68E3
:1022400023F440730C4C236023461B681343236024
:1022500023461B6823F0F803236023461B680224EF
:1022600044EAC0042343044C236023461B6843F420
:102270008033236010BD0000103C02401C48006801
:1022800000F40070B0B11A48006820F400701849DA
:10229000086000BF0846006840F400600860084617
:1022A000006820F40060086000BF0846006840F441
:1022B000007008600E48006800F48060B0B10C48FF
:1022C000006820F480600A49086000BF0846006882
:1022D00040F4805008600846006820F48050086090
:1022E00000BF0846006840F4806008607047000046
:1022F000003C02400A4A126822F44072084B1A60FD
:102300001A46126842F004021A601A4612684FF424
:10231000803343EA00231A43014B1A6070470000E0
:10232000103C0240074A126822F44072054B1A60C2
:102330001A4612681A601A46126842F001021A60C0
:1023400001707047103C024010B50D49096821F436
:1023500040710B4C21602146096841F440712160B5
:102360002146096841F001012160026000BF00BF01
:1023700000BFBFF36F8F00BF00BF00BF436010BD41
:10238000103C0240084A126822F44072064B1A6060
:102390001A46126842F480721A601A46126842F0B5
:1023A00001021A6001807047103C0240084A12681E
:1023B00022F44072064B1A601A46126842F4007208
:1023C0001A601A46126842F001021A6001607047F2
:1023D000103C02402348006800F0100040B1224841
:1023E000C06940F010002049C86110201D490860F4
:1023F0001C48006800F0200040B11B48C06940F054
:1024000008001949C861202016490860154800686D
:1024100000F0400040B11448C06940F00400124987
:10242000C86140200F4908600E48006800F0800035
:1024300040B10D48C06940F002000B49C8618020DE
:10244000084908600748006800F0020040B10648EB
:10245000C06940F020000449C861022001490860B9
:10246000704700000C3C0240FC77002070B5044629
:10247000002500201449C86100F0CCFA054609E0A7
:10248000601C38B124B100F0C5FA401BA04201D94C
:10249000032070BD0D48006800F480300028EFD1A3
:1024A0000A48006800F0010010B1012007490860E7
:1024B0000648006800F0F20018B1FFF78BFF01201A
:1024C000E7E70020E5E70000FC7700200C3C024035
:1024D0007CB505460024002001214FF496730322A9
:1024E000CDE900101A21284608F0E3F9044600203F
:1024F00001214FF496730322CDE900101A212846DA
:1025000008F0D7F904461CB90321284604F097F9CE
:102510003B212046FFF7DDFC064630467CBD00002F
:102520002DE9F84380460E4617461D4600241548FF
:1025300030F816903B464A46314640460095FFF734
:10254000AFFA0446C4B109234FF448720321404650
:1025500006F09AFD3B464A46314640460095FFF755
:102560009FFA0446022C01D0032C00D101241CB197
:102570004FF4967009F090FE31462046FFF7A9FC13
:10258000BDE8F8837407050870B505460E46144685
:10259000642009F081FE4FF4FA711B48006809F0CD
:1025A000D1FE80B90020194948608860084604803F
:1025B0001548006809F050FF50B115480068401CEC
:1025C0001349086004E012480068401C1049086084
:1025D00002E0642009F060FE0C4800880028F8DC66
:1025E000204604EBD071094A526802EB6101B1FB4D
:1025F000F4F1298004EBD071044A926802EB610186
:10260000B1FBF4F1318070BD4C030020F06F00206D
:10261000D402002030B502460B460A4850F822404A
:1026200000210BE004EB01100088984204D104EB78
:1026300001108568284630BD481CC1B21429F1DB61
:102640000020F8E7FC76002000B515480068401C23
:1026500050B913484068401C30B911488068401C8C
:1026600010B94FF0FF3000BD0C220E490E48FFF7A5
:1026700011FC0D4800680D49096888420DD10A48CF
:1026800040680A494968884207D107488068074975
:102690008968884201D10020E5E70120E3E70000D6
:1026A000E878FF1F107AFF1F1C780020C0FF010888
:1026B00030B502460B460A4850F8224000210BE094
:1026C00004EB01100088984204D104EB0110456826
:1026D000284630BD481CC1B21429F1DB0020F8E7C0
:1026E000FC76002030B502460B460B4850F82240DD
:1026F00000210CE004EB01100088984205D104EBA6
:102700000110808885B2284630BD481CC1B214290A
:10271000F0DB0020F8E70000FC76002010B52DED7E
:10272000068B04469FED460BB0EE408AF0EE608AC1
:1027300024B1012C5ED0022C69D15CE042480068D3
:10274000C08A00EE100AB8EE400A10EE101A0846D1
:102750000DF03EFE41EC180B3B490968C88A0DF0AC
:10276000BDFB41EC190B38490968C88A0DF0B6FB6E
:1027700041EC1A0B53EC192B0DF000FC41EC180B3B
:102780009FED320B53EC102B51EC180B0DF0F6FBB8
:1027900041EC180B2C490968C88A0DF09FFB41ECED
:1027A0001A0B9FED2C0B53EC102B0DF0E7FB41ECBB
:1027B000190B53EC182B0DF005F941EC180B9FED9C
:1027C000270B53EC102B51EC180B0DF0FBF841ECE0
:1027D000180B51EC180B0DF0C3F822490968C1F829
:1027E000840051EC180B0DF0BBF81E490968C1F8C4
:1027F00088001BE01AE01448006890ED1B0A10EEF8
:10280000101A08460DF0E4FD41EC180B0EE00E48DE
:102810000068C08A00EE100AB8EE400A10EE101AE6
:1028200008460DF0D5FD41EC180B00BF00BF51EC80
:10283000180B0DF095F800EE100ABDEC068B10BDDC
:102840000000000000000000F801002000000080EF
:102850005CEEB63EFA035C0E3FF1A73FD8F50B766F
:10286000C3B6C93FF40100202DE9F04104460E46ED
:102870000127002500BF2548007E012802D1022043
:10288000BDE8F08101202149087600BF4CF25030AC
:10289000FFF7ECFD0746002F31D1401E3060206865
:1028A00001280FD1207C6168FFF724FD4CF25030E5
:1028B000FFF7DCFD07461648006820F004001449C5
:1028C00008601AE0A56812E0217C2846FFF7A8FC02
:1028D0004CF25030FFF7CAFD07460D48006820F063
:1028E000FA000B4908600FB1356005E06D1CD4E9B2
:1028F00002100844A842E7D800BFFFF7BFFC00BFA2
:1029000000200249087600BF3846B9E7FC7700206E
:10291000103C02400348006840F000400149086054
:1029200000207047103C02402DE9F04106460F465A
:1029300014461D464FF0010800BF1F48007E0128C5
:1029400002D10220BDE8F08101201B49087600BFBA
:102950004CF25030FFF78AFD8046B8F1000F23D1CA
:1029600026B9E1B23846FFF7DDFC12E0012E04D1B2
:10297000A1B23846FFF706FD0BE0022E04D1214636
:102980003846FFF713FD04E022462B463846FFF792
:10299000DBFC4CF25030FFF769FD804607480068C9
:1029A00020F001000549086000BF002002490876B8
:1029B00000BF4046C6E70000FC770020103C024004
:1029C00000200949096801F0004159B10749064A48
:1029D0000C3A1160064911600349096801F0004191
:1029E00001B1012070470000103C024023016745FF
:1029F000AB89EFCD10B5426921EA020302EA010476
:102A000043EA0443836110BD0AB1816101E00B0414
:102A10008361704701480068704700006C03002024
:102A20000348006803490978084401490860704771
:102A30006C0300207403002010B50D48006840F4BA
:102A400000700B4908600846006840F48060086028
:102A50000846006840F480700860032000F0BAF86F
:102A60000F2000F007F800F041F8002010BD000032
:102A7000003C024010B588B0014600222D2000F035
:102A80006BF82D2000F058F800241448016841F438
:102A900080710160006800F48070019002A903A8B1
:102AA00000F0BEF800F0E4F840000D49B0FBF1F092
:102AB000411E0D480B4A026040F2E732C26041609D
:102AC0000461846000F0E6F810B108B0012010BD88
:102AD000054800F013F908B010BD0000403802406E
:102AE00040420F0000200040B477002008B5104895
:102AF000016841F480410160006800F4804000906A
:102B00000C48016841F080510160006800F080507D
:102B1000009000220F21901E00F01EF800220521D7
:102B2000012000F019F8BDE80840012000F004B8C9
:102B3000443802404038024001460846002809DB7C
:102B400000F01F0301229A4043099B0003F1E02398
:102B5000C3F8002100BF70472DE9F05F80460D46A5
:102B60001646002708F0E8F8074639462A46334655
:102B700001F00700C0F1070ABAF1040F02D94FF0C3
:102B8000040A01E0C0F1070AD14600F1040ABAF1D3
:102B9000070F02D24FF0000A01E0A0F1030AD44669
:102BA0004FF0010A0AFA09FAAAF1010A0AEA020A2E
:102BB0000AFA0CFA4FF0010B0BFA0CFBABF1010B0C
:102BC0000BEA030B4AEA0B042146404608F0BCF826
:102BD000BDE8F09F00BF00F00702064B19684FF6F2
:102BE000FF031940044B0B4343EA0221014B1960D8
:102BF00000BF70470CED00E00000FA0570470000D0
:102C000010B50648006800F4803028B1FFF7F6FFE1
:102C10004FF480300149086010BD0000143C0140B1
:102C20000F2202600D4A126802F0030242600B4A52
:102C3000126802F0F0028260084A126802F4E05260
:102C4000C260064A126802F46042D2080261044A75
:102C5000126802F007020A6070470000083802405C
:102C6000003C0240014800687047000068030020F3
:102C700000B5FFF7F7FF04490968C1F38221034A51
:102C8000515CC84000BD0000083802401416050819
:102C90007047704710B504460CB9012010BD94F878
:102CA0003D0028B9002084F83C00204600F025F8BB
:102CB000022084F83D00211D206807F02DFA012034
:102CC00084F8460000BF84F83E0001213F200155F2
:102CD000402001554120015500BF00BF012084F86C
:102CE000420043200155442001554520015500BFB5
:102CF000012084F83D000020D0E77047014691F89C
:102D00003D00012801D001207047022081F83D00DC
:102D10000868C06840F001000B68D8601A4B08686A
:102D200098421BD00868B0F1804F17D0174B086845
:102D3000984213D0164B086898420FD0154B08687C
:102D400098420BD0144B0868984207D0134B086880
:102D5000984203D0124B086898420CD108688068EA
:102D600000F00702062A0CD00868006840F0010055
:102D70000B68186005E00868006840F001000B6807
:102D800018600020C0E7000000000140000400407F
:102D900000080040000C00400004014000400140D9
:102DA00000180040704710B5044620680069C0F361
:102DB0004000D8B12068C068C0F34000B0B16FF0E7
:102DC000020021680861012020772068806900F0F6
:102DD000030018B12046FFF7E5FF05E0204600F0AC
:102DE000ADF8204600F0ABF800202077206800699D
:102DF000C0F38000D8B12068C068C0F38000B0B1D3
:102E00006FF0040021680861022020772068806943
:102E100000F4407018B12046FFF7C4FF05E02046DB
:102E200000F08CF8204600F08AF800202077206817
:102E30000069C0F3C000D8B12068C068C0F3C0000A
:102E4000B0B16FF008002168086104202077206885
:102E5000C06900F0030018B12046FFF7A3FF05E0AA
:102E6000204600F06BF8204600F069F8002020773B
:102E700020680069C0F30010D8B12068C068C0F3B2
:102E80000010B0B16FF010002168086108202077B1
:102E90002068C06900F4407018B12046FFF782FF37
:102EA00005E0204600F04AF8204600F048F80020EF
:102EB00020772068006900F0010058B12068C068E0
:102EC00000F0010030B16FF0010021680861204678
:102ED00000F036F820680069C0F3C01058B12068CF
:102EE000C068C0F3C01030B16FF080002168086185
:102EF0002046FFF7CDFE20680069C0F3801058B16E
:102F00002068C068C0F3801030B16FF040002168C5
:102F10000861204600F01DF820680069C0F34010E9
:102F200058B12068C068C0F3401030B16FF0200085
:102F3000216808612046FFF7ACFE10BD704770475E
:102F40000068A0F18041B1F5005101D1FFF768BDE3
:102F500070477047FEE7000010B52DED028BBD48AD
:102F6000006804880B20BB490968A1F87800172C79
:102F70007ED00FDCA4F1030014287AD2DFE800F041
:102F8000E5E8797979797928323C657F9AB0C2D4BD
:102F9000DCDDEBEE1F2C6DD009DCA4F11800072856
:102FA000EBD2DFE800F0E1F5F8FEF1F0EF00232CC2
:102FB0007BD006DC202C79D0212C78D0222C58D143
:102FC0002BE16C2C74D06D2C73D06E2CF7D136E1C4
:102FD000A0490968486C03F025FB00209D49096859
:102FE00008802EE19B490968486CFEF717F900201C
:102FF00098490968088024E106F0C4FE4FF49670F1
:1030000009F04AF993480068B0F8720000EE100A1F
:10301000B8EE400AF2EE040A80EE201AB0EE418AC1
:103020008C490968B1F95C00B0EE480A06F04CFC26
:1030300002E0322009F030F9874800780028F8D003
:103040000020844909680880FBE0824B1B68B3F8C4
:103050006220804B1B68B3F95C107E4B1B68B3F891
:10306000720008F0A7FF7D4909688880002002E00F
:1030700077E0E5E0ACE0774909680880E1E0754B6E
:103080001B68B3F86220734B1B68B3F95C10714B7B
:103090001B68B3F87200FEF719FB70490968888055
:1030A00000206C4909680880CBE083E09CE0A7E041
:1030B000BEE0C3E0674B1B68B3F86220654B1B683A
:1030C000B3F95C10634B1B68B3F87200FEF7F0FBBA
:1030D00062490968888000205E4909680880B0E07C
:1030E0005C480068B0F86E0003B25A48006890F877
:1030F0006C200021084605F0ADF90020554909680B
:1031000008809EE053480068B0F86E0003B2514852
:10311000006890F86C200021084605F0B7F90020FF
:103120004C49096808808CE0002006F057FE00201A
:1031300048490968088084E000BF0A2004F0AAFC1E
:1031400000204449096808807BE006F015F878E023
:1031500006F026F875E003F085F972E0FDF78AFFC6
:103160006FE006F051FC6CE03D4805F07BFE3C480A
:1031700000883849096848873948408835490968CE
:1031800008875EE020E01BE011E00AE003E0FFE7D3
:1031900005F0B6FE55E02F490968C86A02F043FF02
:1031A0004FE02C490968086B02F045FF49E006F042
:1031B0005DFE46E005F040FE28490968886040E071
:1031C0000120284908703CE000202649087038E0BA
:1031D0000020254909680870244909680870012001
:1031E0002349096808702CE001201F49096808700C
:1031F00000201E49096808701D490968087020E010
:1032000000201949096808700120184909680870E8
:10321000002017490968087013E000201249096866
:10322000087012490968087011490968087008E0B7
:10323000FDF71EFD09490968888002E001E000E011
:1032400000BF00BF0020034909680880BDEC028B65
:1032500010BD0000F4010020FC010020F801002056
:10326000B0020020FC0200205C020020600200206E
:103270005802002070B504460D464FF480601C498A
:10328000886100BF224603211A4800F09BFE1A48BD
:103290000268121D0321174800F0A4FE2A460321EC
:1032A000144800F06FFE1449086800BF00BF00BF5B
:1032B00000F1140252E8002F42F0800100F11402E4
:1032C00042E80013002BF3D100BF00BF00BF202055
:1032D0000849C86000BF0321064800F00BFE032127
:1032E000044800F01FFE0321024800F033FE70BDC9
:1032F000000C0240006002406C0200200121014AE3
:1033000011817047286F0020084809490860094862
:1033100048600948886009484861094808610948C7
:10332000C860094888610948C8617047B9840408C1
:103330004C7700203F6B0408216904082D720408B3
:103340003D7B0408D9800408316E04087F7E0408A0
:1033500010B500242F222046641C10490A54312243
:103360002046641C0A5457222046641C0A54342206
:103370002046641C0A5452222046641C0A540D2222
:103380002046641C0A5400BF4FF4FA7008F084FF12
:1033900005F0BEFA0028F7D110BD0000A06E002095
:1033A00000B587B00020049005900690029003902D
:1033B0000190674A012002F1500101EB80010B6886
:1033C00043F2F220834273D062A04178303961A089
:1033D0000078202801D1002002E05EA0007830387B
:1033E00000EB800001EB4000C0B28DF80C0059A04A
:1033F0000179303957A0C078202801D1002002E09F
:1034000054A0C078303800EB800001EB4000C0B21F
:103410008DF80D004FA0C17930394EA08079202859
:1034200001D1002002E04BA08079303800EB800011
:1034300001EB4000C0B28DF80E0002AA0021444802
:1034400000F0DAFF46A080786E2801D101203DE02F
:1034500043A08078622801D1022037E040A0807824
:10346000722807D13EA000784D2801D103202DE01D
:1034700004202BE03AA08078792801D1052025E0AE
:1034800037A080786E2801D106201FE034A0807814
:103490006C2801D1072019E031A08078672801D17C
:1034A000082013E02EA08078702802D109200DE0BA
:1034B0004CE02BA08078742801D10A2006E028A0D7
:1034C0008078762801D10B2000E00C208DF80500D3
:1034D00023A0007A303822A1C979303901EB81016B
:1034E00000EB410000EB80011DA0407A303800EB7A
:1034F000410000EB80011AA0807A303800EB4100D7
:10350000A0F5FA60C0B28DF8070015A041793039F6
:1035100013A00079202801D1002002E010A000793A
:10352000303800EB800001EB4000C0B28DF806009F
:1035300000208DF8040001AA0021054800F05CFE7F
:1035400043F2F2220121024800F02AFE07B000BD3A
:103550000028004032333A32383A34380000000054
:103560004A616E20323720323032330070B5044663
:103570000D4600200D49096808850C4800684485FF
:103580000A480068808D0A4908604FF47A706843E1
:10359000084908600BF07EFE07490860054801688D
:1035A0000648006809F0E2F970BD0000F80100204B
:1035B00038020020440200203C0200204803002082
:1035C00010B540F6C41005F045FF0E2005F014FFBD
:1035D00041F27070084908800846008805F0AEFE88
:1035E000FFF7B6FE40F6B830034908800846008869
:1035F00005F0A4FE10BD00009A02002010B5802046
:10360000FE4908604001086041F29412FC49FD48FF
:10361000FDF759F8FC48FD490860A0F5C070FC4969
:10362000086000F58070FB490860A0F58070FA49D9
:10363000086000F58070F94908600020F6490968C3
:103640000880F748D0F88C0145F2AA5188427DD015
:10365000B0EE080AF34880ED000AB0EE080AF2481E
:1036600080ED000A9FEDF10AF14880ED000A4FF469
:103670009660F0490880F0490880EE480088E749E4
:1036800009680884EC480088E44909684884E548EA
:1036900090ED000AF2EE040A20EE200ABCEEC00A09
:1036A00010EE100ADC490968A1F85200DE4890EDDE
:1036B000000AF2EE040A20EE200ABCEEC00A10EE68
:1036C000100AD5490968A1F85400D94890ED000ABC
:1036D000F2EE040A20EE200ABCEEC00A10EE100A38
:1036E000CD490968A1F850003220CB490968A1F8FA
:1036F0005A004FF42F70C8490968A1F8560040F2EB
:103700001450C5490968A1F8580040F6B830C349BB
:10371000096888854FF41670BF490968A1F85C00F4
:103720004FF49060BC49096848800120BA49096893
:1037300088809FEDC20AB848006880ED240A9FED9A
:10374000C00AB548006880ED250A00E024E09FED3E
:10375000BB0AB148006880ED260A4CF25030AE49F1
:103760000968C8849FEDB70AAB48006880ED340A49
:103770001020A9490968A1F840001220A64909684B
:10378000A1F84200002004E00021A04A1268115470
:10379000401C0828F8DBF0E09F480068B0F85200B1
:1037A00000EE100AB8EE400A9E4880ED000A90ED47
:1037B000000AF2EE040A80EE201A80ED001A90ED65
:1037C000000ADFEDA10AB4EEE00AF1EE10FA06DC21
:1037D00090ED000AB5EEC00AF1EE10FA04D2B0EE98
:1037E000080A904880ED000A8B480068B0F8540041
:1037F00000EE100AB8EE400A8B4880ED000A90ED0A
:10380000000AF2EE040A80EE201A80ED001A90ED14
:10381000000ADFED8D0AB4EEE00AF1EE10FA06DCE4
:1038200090ED000AB5EEC00AF1EE10FA04D2B0EE47
:10383000080A7D4880ED000A77480068B0F850001B
:1038400000EE100AB8EE400A794880ED000A90EDCB
:10385000000AF2EE040A80EE201A80ED001A6F488A
:103860000068008C73490880084600884FF6FF7195
:10387000884202D06F48008818B942F6E0606D496E
:10388000088066480068408C6B49088008460088BC
:103890004FF6FF71884202D06748008818B942F697
:1038A000E060654908805C4800684088B0F5906F2A
:1038B00005DD4FF4906058490968488009E0564892
:1038C000006840885C2804DA4FF490605249096827
:1038D0004880514800688088802803DC4E48006892
:1038E000808818B901204C49096888804B480068D5
:1038F000808D40F6B831884203DD084647490968A3
:1039000088854548006890ED340AF7EE000AB4EE69
:10391000E00AF1EE10FA08DC3F48006890ED340A46
:10392000B5EEC00AF1EE10FA05D29FED460A3A480C
:10393000006880ED340A38480068B0F84000132869
:1039400005DC35480068B0F84000012804DA102092
:1039500031490968A1F840002F480068B0F84200DA
:10396000132805DC2C480068B0F84200012804DA6E
:10397000122029490968A1F8420027480068B0F8D8
:103980005C0030B124480068B0F95C00B0F57A7F83
:1039900005DD4FF4167020490968A1F85C0000208D
:1039A0001E490968488500F039F900201B4909685B
:1039B000C8800120194909688881002013490968D5
:1039C00008701249096848701049096888700F48E2
:1039D0000068C07800F0FE000C490968C8700B4808
:1039E000006807F047F919A0007A303817A1C979A3
:1039F000303901EB810100EB41002DE06001002036
:103A0000000002086C520020EC630020E801002056
:103A1000EC010020F0010020F4010020F80100205A
:103A20006C62002024030020280300203333F33F7E
:103A3000680200201E0300202003002000007A44BA
:103A400000001644000000000000044246656220A9
:103A5000203520323032330000EB8001AFF2140009
:103A6000407A303800EB410000EB8001AFF22400D7
:103A7000807A303800EB410062490968A1F85C00A7
:103A8000AFF2380080786E2801D1012046E0AFF215
:103A900044008078622801D102203FE0AFF2540058
:103AA0008078722808D1AFF25C0000784D2801D1EF
:103AB000032033E0042031E0AFF2700080787928F1
:103AC00001D105202AE0AFF27C0080786E2801D178
:103AD000062023E0AFF28C0080786C2801D107200B
:103AE0001CE0AFF298008078672801D1082015E02B
:103AF000AFF2A8008078702801D109200EE0AFF263
:103B0000B4008078742801D10A2007E0AFF2C40025
:103B10008078762801D10B2000E00C203949096813
:103B2000A1F85E00AFF2DC0041793039AFF2E40079
:103B30000079202801D1002003E0AFF2F0000079E5
:103B4000303800EB800001EB40002E490968A1F8F5
:103B500060002DA0417830392BA00078202801D1B9
:103B6000002002E028A00078303800EB800001EB54
:103B7000400024490968A1F8620023A00179303986
:103B800021A0C078202801D1002002E01EA0C0782A
:103B9000303800EB800001EB40001A490968A1F8B9
:103BA000640019A0C179303917A08079202801D18B
:103BB000002002E014A08079303800EB800001EB97
:103BC000400010490968A1F8660000200D49096805
:103BD000C8810C49096808820E490968C8620D4904
:103BE000096808634BF680300A49096888624FF417
:103BF000E16008490968888600200749096808705B
:103C000010BD0000F801002031353A31333A323925
:103C100000000000F4010020E401002008480949E8
:103C200008600948486009488860094848610948AF
:103C300008610948C8600948C86109488861704737
:103C400000080508FC76002040090508800A0508E0
:103C5000800F050800120508000D0508401305082F
:103C6000C00B05082DE9F04105460C4600266068AA
:103C700000B100BF134800F049F80746124800F0B1
:103C800045F80743114800F041F80743AFB96068B1
:103C900060B1D4E900010843A1680843E168084322
:103CA00069680B4A11400843686007E06868084982
:103CB000084021680843686000E001263046BDE8FE
:103CC000F08100000020014000210140002201405D
:103CD000E010FCFF70B504460D460026204600F0BB
:103CE00015F870B9A968286808436168064A114048
:103CF00008436060A06820F4006069680843A06021
:103D000000E00126304670BDFFFEFFFC01468868DA
:103D100000F001007047000070B504460D46002613
:103D2000686800B100BF2046FFF7F0FF00BB68687D
:103D300030B1606820F46840A9680843606003E01F
:103D4000606820F468406060286800F07060E9688E
:103D5000084329690843A168074A11400843A06045
:103D60006868E16A21F470010143E16200BF00E08C
:103D70000126304670BD0000FDFCFFC04FF4407CC2
:103D80009CFAACFC01F44073BCFA8CFC23FA0CF3F3
:103D900000EB8300C36A01F01F014FF01F0C0CFA07
:103DA00001FC02F01F0223EA0C0302FA01F119439D
:103DB000C162704730B44FF0007C9CFAACFC01F05B
:103DC0000073BCFA8CFC23FA0CF300EB8300D0F8F0
:103DD0000CC04FF0F87393FAA3F401F0F871B4FA41
:103DE00084F421FA04F4072505FA04F493FAA3F302
:103DF000B3FA83F3D9402CEA040C02FA01F14CEA3D
:103E00000101C16030BC7047024909680143014AA1
:103E10001160704720380240024909688143014A15
:103E20001160704720380240024909680143014A85
:103E30001160704724380240024909688143014AF1
:103E4000116070472438024030B500F10804C1F316
:103E5000034504EB85031C686FF30B0414431C60DB
:103E600030BD10B5026801F010040123A3401A43CD
:103E7000026010BDF0B503460024506800B100BFD9
:103E800008461D6800F010070126BE40354000F0CE
:103E900010070126BE40B54201D1012500E00025F2
:103EA00025BB506898B1186801F0100640F6FA7505
:103EB000B540A843D2E90056354396683543D668E5
:103EC000354301F01006B540284318600FE018682C
:103ED00001F01006FA25B540A843D66815683543A9
:103EE00001F01006B5402843186000E00124204688
:103EF000F0BD0000044A525C825842F01002024BAE
:103F00005B5CC25070470000C6060508044A525C5C
:103F1000825842F01002024B5B5CC25070470000B6
:103F2000F1060508044A525C825842F00402024B32
:103F30005B5CC25070470000C6060508044A525C2C
:103F4000825842F00402024B5B5CC2507047000092
:103F5000F1060508044A525C825842F00102024B05
:103F60005B5CC25070470000C6060508044A525CFC
:103F7000825842F00102024B5B5CC2507047000065
:103F8000F106050810B5064B5B5C03445B686FF3F4
:103F90000F031343024C645C0444636010BD0000D3
:103FA000C606050810B5064B5B5C03445B686FF3FF
:103FB0000F031343024C645C0444636010BD0000B3
:103FC000F1060508024B5B5C0344DA6070470000B1
:103FD000C6060508024B5B5C0344DA6070470000CC
:103FE000F1060508024B5B5C03449A6070470000D1
:103FF000C6060508024B5B5C03449A6070470000EC
:10400000F1060508F0B502460B46002400211868A9
:1040100090FAA0F0B0FA80F48AE00125A540186873
:1040200000EA050100297DD05868012802D05868AF
:1040300002281CD19868956891FAA1F6B6FA86F61E
:1040400077000326BE40B54391FAA1F6B6FA86F68C
:10405000760000FA06F63543956000BFD8685568CB
:104060008D4301FB00F63543556000BF00BF186962
:10407000D56891FAA1F6B6FA86F677000326BE4017
:10408000B54391FAA1F6B6FA86F6760000FA06F67E
:104090003543D56000BF5868022831D191FAA1F0AC
:1040A000B0FA80F0082814D25869156A91FAA1F67E
:1040B000B6FA86F6B7000F26BE40B54391FAA1F6D0
:1040C000B6FA86F6B60000FA06F63543156200BF6A
:1040D00016E05869556A0E0A96FAA6F6B6FA86F6FA
:1040E000B7000F26BE40B5430E0A96FAA6F6B6FAFA
:1040F00086F6B60000FA06F63543556200BF00BFEB
:104100005868156891FAA1F6B6FA86F67700032684
:10411000BE40B54391FAA1F6B6FA86F6760000FAEB
:1041200006F600E003E03543156000BF00BF641CE5
:104130001868E04000287FF470AFF0BD02461069B7
:104140000840884201D1012070470020FCE7024668
:1041500010690840884201D1012070470020FCE727
:104160000A04826170478161704710B5044604F00B
:1041700027FC2060206804F0EFFB6060606804F0BA
:10418000FBFBA060606804F009FCE06010BD00006B
:1041900002480068C0F388107047000004380240ED
:1041A00010B500F1500303EB81031A6010BD00004D
:1041B000F0B5059C04F0F006360404F00F0746EA5B
:1041C000074646EA413603F0F0073F0203F00F0CC2
:1041D00047EA0C273E4302F0F00702F00F0C47EAD3
:1041E0000C0746EA07054668024F3E402E434660EC
:1041F000F0BD0000C00000FF2DE9F84F06460D4657
:10420000144601274DB9607800F01000102804D141
:10421000607800F0EF000A30607005B900E000BF80
:10422000304600F058F8304600F05DF8012848D0DC
:1042300045B1E07800906378A27821783046FFF7A6
:10424000B7FF31E0E0780A21B0FBF1F201FB120088
:10425000E1780A22B1FBF2F140EA011000F0FF0818
:1042600060781146B0FBF1F201FB120061780A227E
:10427000B1FBF2F140EA011000F0FF09A07811460D
:10428000B0FBF1F201FB1200A1780A22B1FBF2F1BE
:1042900040EA011000F0FF0ACDF8008021784B467B
:1042A00052463046FFF784FF304600F010F83046A3
:1042B00000F07BF820B9304600F00EF9074600E028
:1042C0000027304600F00CF83846BDE8F88F6FF054
:1042D0008001C1607047CA21416253214162704729
:1042E000FF2141627047F8B504464FF47A700090A0
:1042F00000250026204600F04EF8D0B900BF681E09
:10430000E06000BF204600F046F806460DE000F0F1
:104310004DF9012802D10098401E0090204600F07F
:104320003AF80646009800B90125009808B1012E18
:10433000EDD12846F8BD0146886800F0400070477E
:1043400070B504460D4601262046FFF7C4FF2046FF
:10435000FFF7C9FF012819D02868A16821F04001A2
:104360000143A16000BFA86821696FF30E010143FA
:10437000216100BF6868216921F4FE0141EA004122
:10438000216100BF2046FFF7A2FF00262046FFF76D
:10439000A7FF304670BD0146C868C0F38010704763
:1043A0000146C868C0F34010704701468868C0F3F2
:1043B00040107047F0B5059C02F0F006360402F09C
:1043C0000F0746EA07460E4303F0F0073F0203F0EB
:1043D0000F0C47EA0C273E4304F0F00704F00F0CE3
:1043E00047EA0C0746EA07050668024F3E402E439F
:1043F0000660F0BD808080FF2DE9F84F06460D462F
:104400001446012745B93046FFF795FF00B102E099
:104410000020206000BF08E03046FFF78CFF00B1AD
:1044200002E00020206000BF00BF3046FFF753FFCE
:104430003046FFF758FF012848D045B1A0790090D9
:104440006379227930462168FFF7B4FF31E0A07923
:104450000A21B0FBF1F201FB1200A1790A22B1FBA3
:10446000F2F140EA011000F0FF0860791146B0FB5C
:10447000F1F201FB120061790A22B1FBF2F140EA8C
:10448000011000F0FF0920791146B0FBF1F201FBA9
:10449000120021790A22B1FBF2F140EA011000F08A
:1044A000FF0ACDF800804B46524630462168FFF7A0
:1044B00081FF3046FFF70BFF3046FFF776FF20B94C
:1044C000304600F009F8074600E000273046FFF7C5
:1044D00007FF3846BDE8F88FF8B504464FF47A7008
:1044E00000900025002600BFE06800F0800060F02A
:1044F000A000E06000BF2046FFF752FF06460DE037
:1045000000F054F8012802D10098401E0090204687
:10451000FFF746FF0646009800B90125009808B14C
:10452000012EEDD12846F8BD30B50246012300BF6B
:104530001068C0F3801038BBD1E9000420438C68B8
:104540002043CC6820430C6920434C6920438C698C
:104550002043CC6920430C6A204314684FF6BF7592
:10456000AC4320431060506820F004004C6940EADE
:1045700014405060086AB0F5005F04D1486A84B204
:10458000146100BF00BF0023D06920F40060D06137
:10459000184630BD0146886800F0010070470146AA
:1045A0008868C0F340007047017370474FF0E02007
:1045B0000069C0F30040704701490860704700007F
:1045C00068030020026A0A4302627047016841F0F2
:1045D000010101607047016841F00101016070470D
:1045E000C16841F00101C1607047000010B502468A
:1045F00013682C4882420ED0B2F1804F0BD02A486B
:10460000824208D02948824205D02948824202D0FD
:104610002848824204D123F070004C6840EA040329
:104620002048824220D0B2F1804F1DD01E488242E5
:104630001AD01E48824217D01D48824214D01D480D
:10464000824211D01C4882420ED01C4882420BD0BC
:104650001B48824208D01B48824205D01A48824239
:1046600002D01A48824204D123F44070CC6840EA58
:10467000040313608868D06200BF0888906200BF9E
:104680000848824202D00B48824203D10869106375
:1046900000BF00BF00BF506940F00100506100BF83
:1046A000002010BD00000140000400400008004050
:1046B000000C004000040140004001400044014063
:1046C0000048014000180040001C0040002000404D
:1046D00001291AD004291AD010291AD040291AD039
:1046E000B1F5807F19D0B1F5806F18D006210D4A41
:1046F0001830525C104402680B4B595C042303FAD7
:1047000001F122EA0101016070470021EFE7012178
:10471000EDE70221EBE70321E9E70421E7E70521C3
:10472000E5E70000CC150508D3150508012919D0C7
:10473000042919D0102919D0402919D0B1F5807F4A
:1047400018D0B1F5806F17D006210C4A1830525C92
:10475000104402680A4B595C082303FA01F1114323
:10476000016070470021F0E70121EEE70221ECE74C
:104770000321EAE70421E8E70521E6E7CC1505086F
:10478000D31505082DE9F04106460C4615460127CC
:10479000012C08D0102C0CD0B4F5807F0FD0B4F5CC
:1047A000805F18D111E02946304601F069FC0746C8
:1047B00012E02946304601F0A3FC07460CE02946EA
:1047C000304601F0E3FC074606E02946304601F09A
:1047D0001DFD074600E000BF00BF3846BDE8F08180
:1047E0004163704781637047C1637047416270479E
:1047F00070B5044600252348844206D11020FFF7F7
:1048000013FB1020FFF718FB3AE01F48844208D141
:104810004FF40030FFF7F8FA4FF40030FFF7FCFADE
:104820002EE01A48844208D14FF48020FFF7ECFABA
:104830004FF48020FFF7F0FA22E01548844206D1B9
:104840002020FFF7F1FA2020FFF7F6FA18E01148D0
:10485000844208D14FF40020FFF7D6FA4FF400202D
:10486000FFF7DAFA0CE00C48844208D14FF48010CC
:10487000FFF7CAFA4FF48010FFF7CEFA00E00125E7
:10488000284670BD00100140004400400048004030
:1048900000140140004C00400050004000BF00BF29
:1048A00000F10C0252E8002F22F0200100F10C026E
:1048B00042E80013002BF3D100BF704700BF00BFD8
:1048C00000F10C0252E8002F22F0800100F10C02EE
:1048D00042E80013002BF3D100BF704700BF00BFB8
:1048E00000F10C0252E8002F42F0200100F10C020E
:1048F00042E80013002BF3D100BF70472DE9FF41C0
:1049000004460D4601270026204600F059F80028ED
:1049100045D1E9686868084329690843A9690843DB
:10492000E16849F20C6291430843E060A86821699C
:1049300021F440510143216100BF6869616921F49C
:1049400040710143616100BF6846FFF70EFC1648E5
:10495000844201D1039E17E01448844201D1029E93
:1049600012E01348844201D1029E0DE011488442B6
:1049700001D1039E08E01048844201D1029E03E069
:104980000E48844200D1029E4EB1286838B10027FB
:10499000314620462B68AA6900F017F800BF384658
:1049A00004B0BDE8F0810000001001400044004068
:1049B0000048004000140140004C004000500040FE
:1049C0000146C868C0F3403070472DE9FC5F0646D9
:1049D0000C4691461D46B9F5004F68D10220A0FB58
:1049E000057003461920A4FB00A001463A46504634
:1049F000FBF7BEFC6421B0FBF1F04FEA001A022085
:104A0000A0FB05710B461920A4FB00B13A4658469D
:104A1000FBF7AEFC83460220A0FB0570034619207D
:104A2000A4FB00013A46CDE90001FBF7A1FC64219B
:104A3000B0FBF1F000EBC00101EB0010ABEB80002C
:104A4000322101EBC0006421B0FBF1F000F0F8006E
:104A50000AEB400A0220A0FB057003461920A4FBC4
:104A600000B13A465846FBF783FC83460220A0FB80
:104A7000057003461920A4FB00013A46CDE9000168
:104A8000FBF776FC6421B0FBF1F000EBC00101EB19
:104A90000010ABEB8000322101EBC0006421B0FBC1
:104AA000F1F000F00700504480B2B06067E00420ED
:104AB000A0FB057003461920A4FB00A001463A465E
:104AC0005046FBF755FC82460420A0FB05711920D7
:104AD000A4FB00B084463A460B4658466146FBF7B5
:104AE00047FC6421B0FBF1F000EBC00101EB0010CA
:104AF000AAEB8000322101EB00106421B0FBF1F041
:104B000000F0F00A0420A0FB057003461920A4FB66
:104B100000B001463A465846FBF72AFC6421B0FB38
:104B2000F1F00AEB001A0420A0FB057003461920DF
:104B3000A4FB00B13A465846FBF71AFC8346042012
:104B4000A0FB057003461920A4FB00013A46CDE9FD
:104B50000001FBF70DFC6421B0FBF1F000EBC0019C
:104B600001EB0010ABEB8000322101EB001064215F
:104B7000B0FBF1F000F00F00504480B2B060BDE82F
:104B8000FC9F000070B594B000241194129413940B
:104B90000C940D940E940F941094089409940A9414
:104BA0000B9404940594069407947348016841F4A7
:104BB00080710160006800F4807001906F480168A6
:104BC00041F001010160016801F0010101910168FA
:104BD00041F002010160006800F0020001908320B2
:104BE00002900325039502A96548FFF70BFA0226F8
:104BF00002960395069402A96248FFF703FA6249F8
:104C0000624802788A58037822F06062CA500278BB
:104C10008A58037822F0C002CA5002788A58037872
:104C200022F44032CA5002788A58037822F49072F3
:104C300042F48072CA5002788A58037822F40072D3
:104C4000CA5002788A58037842F48062CA500278C7
:104C50008A58037822F4C05242F40062CA500278A3
:104C60008A58037822F4C04242F40052CA500278B3
:104C700047495258007822F004024250119412948D
:104C800088151390434D11A92846FFF723F80C947B
:104C90004FF4A0000D900E940F964FF440701090BA
:104CA0000CA92846FFF738F8A86820F48060A860AF
:104CB0004FF4403008900994374C08A92046FEF77D
:104CC000D1FF320611142846FFF758F807223106A3
:104CD0002846FFF76FF8314E40F20521324628464C
:104CE000FFF74CF8072231462846FFF763F82C4EB1
:104CF00040F20A2132462846FFF740F807223146A3
:104D00002846FFF757F8274E40F20F213246284633
:104D1000FFF734F8072231462846FFF74BF8224EBA
:104D20004FF4057132462846FFF728F8072231462E
:104D30002846FFF73FF8606820F4400040F4000088
:104D400060601A4E40F2192132462846FFF716F8E5
:104D5000072231462846FFF72DF8606820F440000E
:104D600040F480006060D5F8040340F44000C5F8CA
:104D7000040314B070BD00004438024030380240D3
:104D8000000002400004024000640240C41505080F
:104D90001464024000200140002301400100300261
:104DA000070050030900B003100020811200808129
:104DB00010B58CB00024089409940A940B940494C0
:104DC0000594069407941648016841F0005101606B
:104DD000006800F0005001901248016841F00101A4
:104DE0000160006800F00100019030200290032073
:104DF000039002A90C48FFF705F9382008900994A0
:104E000002200B900A4C08AA08492046FFF732F806
:104E100008AA08492046FFF72DF80CB010BD000085
:104E200040380240303802400000024001001002C9
:104E3000007400401200431538B52D48016841F454
:104E400080010160016801F480010091016841F472
:104E500000110160006800F400100090254C2068EB
:104E6000C0F302200022052101F0EEF822490001E2
:104E70000870224D4FF4805028602068C0F3022053
:104E80000022052101F0E0F81D49000181F800042D
:104E90004FF4804028602068C0F3022000220521E2
:104EA00001F0D2F81749000181F800042D1D4FF0E0
:104EB000807028602068C0F302200022052101F0E4
:104EC000C3F81149000181F800044FF00070286018
:104ED0002068C0F302200022052101F0B5F80B493B
:104EE000000181F800040A492020C1F8000138BD02
:104EF000303802400CED00E00CE400E000E100E09E
:104F00000EE000E038E000E039E000E045E000E0DD
:104F100008E000E010B52A4807F045FA294C206265
:104F2000294807F040FA60620121284A084607F044
:104F3000F1FAA0620121264A084607F0EBFAE06286
:104F40000121244A084607F0E5FA20630121224A9C
:104F5000084607F0DFFA60630022204B1146204824
:104F600007F0A6FC606100221E4B11461E4807F0A8
:104F70009FFCA0611D4B002201211D4807F098FCF9
:104F8000E0611C4A00211C4807F035FC20601B4AE8
:104F900000211B4807F02FFC60601A4A00211A48C4
:104FA00007F029FCA060194A0021194807F023FCEA
:104FB000E060184A0021184807F01DFC206110BD70
:104FC000641505082C0300207415050884150508D0
:104FD00094150508A4150508B41505083415050829
:104FE000A988040844150508FD320408541505086D
:104FF000958E040880140508CD950408A4140508AE
:10500000F1A10408C8140508A5870408EC140508D4
:10501000F1AB040810150508899A04082DE9F0473A
:1050200088B000240494069407946048016841F015
:1050300010010160016801F010010191016841F067
:1050400004010160016801F004010191016841F06F
:1050500080010160016801F080010191016841F067
:1050600001010160016801F001010191016841F055
:1050700002010160016801F002010191016841F043
:1050800008010160006800F0080001903F21484ECF
:10509000B16141F6FC01474FB9614FF47E71DFF811
:1050A0001881C8F818100807B0614FF0E050C8F830
:1050B00018004248B861DFF808910002C9F81800EA
:1050C000DFF800A14FF08070CAF818003720029076
:1050D00001250395059502A93046FEF793FF48F296
:1050E00008000290039504940594069402A93046A2
:1050F000FEF788FF402002900394069402A93046F0
:10510000FEF780FF680302900394069402A94846C4
:10511000FEF778FFA80302900394069502A9304693
:10512000FEF770FF4FF4E05002900395049405944D
:10513000069402A94046FEF765FF4CF21F4002901C
:10514000039504940594069402A93846FEF75AFF85
:105150004FF4C7500290039504940595069402A954
:105160003846FEF74FFF4FF44070029003950494C9
:105170000594069402A94846FEF744FF28020290CF
:10518000039504940594069402A95046FEF73AFF4D
:105190004FF47E700290039504940595069402A93D
:1051A0004046FEF72FFF08B0BDE8F08730380240D8
:1051B00000100240000C024000040240000003C442
:1051C00000080240000002400C494CF6CC40086048
:1051D00045F2555008600620486040F6FF70886030
:1051E000C86810F0030F06D000200128F8D14AF655
:1051F000AA20086070470120F7E700000030004057
:1052000070B588B000240494059406940294039425
:1052100001944548016801F44071B1F5807F47D0A1
:1052200000234FF08051DFF804C1DCF800209143E7
:1052300014D0002101290BD0DCF8001041F080517E
:10524000CCF80010DCF8001001F08051009101232F
:1052500037490A68C2F3002212B10AE00121E9E7E6
:105260000A6842F480720A600A68C2F30022002AC7
:10527000FAD0016841F480310160016821F4803185
:105280000160016841F0010101600168C1F3400162
:105290000029FAD0016821F4407141F48071016065
:1052A000012B05D1DCF8001021F08051CCF8001062
:1052B000016841F40041016004947F200590FF20C3
:1052C00006901C4E04A935462846FFF739F8286990
:1052D00040F4FE00286128696FF30E0040F0FF00E3
:1052E0002861154D2868A0F54851F2391AD08DF87B
:1052F0000C408DF80D408DF80E4002AA0121304679
:10530000FFF77AF801218DF804108DF805108DF85B
:1053100006108DF8074001AA3046FEF76DFF43F2F4
:10532000F220286008B070BD70380240403802405A
:1053300000700040002800405028004010B592B096
:105340000024089409940A940B940C940D940E94E0
:105350000F9410941194059406941D48016841F42B
:1053600080410160006800F48040019019480168A4
:1053700041F002010160006800F0020001904FF46A
:1053800060400290022003900320049005200790C3
:1053900002A91148FEF736FE08944FF48270099076
:1053A0000A940B9401200C9040020D9010200E9056
:1053B0000F9410940A201190084C08A92046FFF77A
:1053C000B3F8616821F01001616012B010BD0000F7
:1053D00040380240303802400004024000380040AB
:1053E00030B593B00024089409940A940B940C945B
:1053F0000D940E940F9410941194059406941D48E6
:10540000016841F400410160006800F4004001902F
:105410001948016841F004010160006800F00400CF
:1054200001904FF4E0500290022503950320049070
:105430000620079002A91148FEF7E4FD08944FF4F6
:10544000827009900A940B9501200C9040020D90F7
:1054500018200E900F9410940A201190084C08A95F
:105460002046FFF761F8616821F01001616013B018
:1054700030BD000040380240303802400008024091
:10548000003C004010B586B00020019002900390CF
:10549000049005901B48016841F480210160006878
:1054A00000F48020009018480068C0F30220C0F18A
:1054B0000701042900D90421021D072A01D2002076
:1054C00000E0C01E012202FA01F1491E01F00501AF
:1054D00001FA00F00D49000108704FF0E02190063C
:1054E000C1F80001A720ADF8040032200390084C59
:1054F00001A92046FFF77AF8216821F08001216098
:1055000006B010BD443802400CED00E01AE400E0A3
:105510000048014070B596B0002410941194139483
:105520001494089409940A940B940C940D940E947A
:105530000F940294039404940594069407942748C6
:10554000016841F001010160006800F00100019074
:1055500040F65F10ADF840004EF66020129010A9A2
:105560004FF08040FFF742F84FF08045286820F068
:105570008000286001218807FFF7D8F86020089094
:1055800009940A940B9402260C96012108AA880714
:10559000FFF7F8F801218807FFF79AF8686820F00C
:1055A00070006860A86820F08000A8600C4801685E
:1055B00041F001010160006800F001000190E81372
:1055C000029003960494059406940120079002A982
:1055D0000448FEF717FD16B070BD000040380240C9
:1055E000303802400000024030B595B000241094DD
:1055F000119413941494089409940A940B940C94A1
:105600000D940E940F9402940394049405940694BC
:1056100007943548016841F002010160006800F01C
:1056200002000190ADF8404041F2707012902F4D91
:1056300010A92846FEF7DAFF286820F080002860CD
:1056400001212846FFF772F86020089009940A9417
:1056500040F6B8300B900C9408AA01212846FFF7B9
:1056600091F801212846FFF733F8A9152846FFF7DE
:105670005DF808AAA9152846FFF784F8A915284659
:10568000FFF726F8686820F070006860A86820F0CE
:105690008000A8601648016841F0010101600168BE
:1056A00001F001010191016841F00201016000680F
:1056B00000F002000190402002900225039504941E
:1056C00005940694079502A90A48FEF79BFC012061
:1056D00002900395049405940694079502A9064840
:1056E000FEF790FC15B030BD403802400004004089
:1056F00030380240000002400004024030B595B04E
:1057000000241094119413941494089409940A9406
:105710000B940C940D940E940F940294039404949F
:105720000594069407942748016841F0040101603C
:10573000006800F0040001904520ADF8400043F6F9
:1057400098201290204D10A92846FEF74FFF286898
:1057500020F08000286010212846FEF7E7FF602037
:10576000089009940A940B940C9408AA10212846D6
:10577000FFF708F810212846FEF7AAFF686820F016
:1057800070006860A86820F08000A860286840F079
:10579000010028600D48016841F0080101600068BF
:1057A00000F0080001906814029002200390049415
:1057B00005940694079002A90548FEF723FC15B04E
:1057C00030BD000040380240000800403038024040
:1057D000000C024010B586B00020019002900490A9
:1057E00005901148016841F010010160006800F067
:1057F00010000090A820ADF804004FF47A700390D8
:105800000A4C01A92046FEF7F1FE206820F0800036
:105810002060606820F070006060A06820F0800068
:10582000A06006B010BD00004038024000100040EB
:1058300010B586B00020019002900390049005906E
:105840001F490A6842F020020A60096801F020013D
:1058500000911C490968C1F30221C1F10702042A21
:1058600000D904220B1D072B01D2002100E0C91E24
:10587000012303FA02F2521E02F0050202FA01F1BC
:10588000114A090111701149DA05C1F80021ADF87A
:1058900004004FF6FF7003900D4C01A92046FEF75F
:1058A000A5FE206820F080002060606820F0700075
:1058B0006060A06820F08000A06006B010BD00000D
:1058C000403802400CED00E037E400E004E000E086
:1058D0000014004010B590B00024089409940A9474
:1058E0000B940C940D940E94059406942C48016826
:1058F00041F010010160006800F01000019029489B
:10590000016841F001010160006800F001000190B0
:105910004FF4C060029002200390032004900720FF
:10592000079002A92048FEF76DFB20480068C0F3ED
:105930000220C0F10701042900D90421021D072A11
:1059400001D2002000E0C01E012202FA01F1491E2E
:1059500001F0050101FA00F0154900010870154930
:105960002020C1F800014FF4E130089009940A9416
:105970000B940C200C900D940E940F4C08A920460B
:10598000FEF7BCFF206920F490402061606920F0A0
:105990002A006061E06840F40050E06010B010BD83
:1059A0004438024030380240000002400CED00E074
:1059B00025E400E004E000E00010014010B590B0E4
:1059C0000024089409940A940B940C940D940E945A
:1059D000059406947048016841F4802101600068D4
:1059E00000F4802001906D48016841F008010160D9
:1059F000006800F0080001904FF44070029002200F
:105A00000390032004900720079002A96448FEF742
:105A1000F9FA6449644842788A58437822F060620F
:105A200042F00062CA5042788A58437822F0C0029D
:105A3000CA5042788A58437822F44032CA50427899
:105A40008A58437822F49072CA5042788A58437830
:105A500022F40072CA5042788A58437842F4806235
:105A6000CA5042788A58437822F4C052CA504278C9
:105A70008A58437822F4C042CA5043784B4A9B5814
:105A800090F801C023F004034CF80230C378CB58DF
:105A900090F803C023F0606343F0006341F80C30DA
:105AA000C378CB5890F803C023F0C00343F0400301
:105AB00041F80C30C378CB5890F803C023F440333E
:105AC00041F80C30C378CB5890F803C023F490739E
:105AD00041F80C30C378CB5890F803C023F400731E
:105AE00041F80C30C378CB5890F803C043F480637E
:105AF00041F80C30C378CB5890F803C023F4C0535E
:105B000041F80C30C378CB5890F803C023F4C0435D
:105B100041F80C30C1788958C07821F004018150D7
:105B200023480068C0F30220C0F10701042900D90E
:105B30000421021D072A01D2002000E0C01E01221C
:105B400002FA01F1491E01F0050101FA00F01949BC
:105B50000001087018498020C1F800014FF4E130BD
:105B6000089009940A940B940C200C900D940E94B8
:105B7000124C08A92046FEF7C1FE206920F490408F
:105B80002061606920F02A006061E06840F4005004
:105B9000E06010B010BD00004038024030380240D4
:105BA000000C024000600240DA1505081460024053
:105BB0000CED00E027E400E004E000E000480040D5
:105BC00010B590B00024089409940A940B940C9496
:105BD0000D940E94059406946F48016841F02001DD
:105BE0000160006800F0200001906C48016841F0FD
:105BF00004010160006800F004000190C0200290E0
:105C000002200390032004900820079002A9644812
:105C1000FEF7F8F96349644842788A58437822F0DD
:105C2000606242F02062CA5042788A58437822F07B
:105C3000C002CA5042788A58437822F44032CA508F
:105C400042788A58437822F49072CA5042788A582F
:105C5000437822F40072CA5042788A58437842F45A
:105C60008062CA5042788A58437822F4C052CA509F
:105C700042788A58437822F4C042CA5043784B4A4B
:105C80009B5890F801C023F004034CF8023083794C
:105C9000CB5890F806C023F0606343F0206341F8CE
:105CA0000C308379CB5890F806C023F0C00343F042
:105CB000400341F80C308379CB5890F806C023F4A8
:105CC000403341F80C308379CB5890F806C023F468
:105CD000907341F80C308379CB5890F806C023F4C8
:105CE000007341F80C308379CB5890F806C043F428
:105CF000806341F80C308379CB5890F806C023F4C8
:105D0000C05341F80C308379CB5890F806C023F487
:105D1000C04341F80C3081798958807921F0040121
:105D2000815023480068C0F30220C0F10701042914
:105D300000D90421021D072A01D2002000E0C01E64
:105D4000012202FA01F1491E01F0050101FA00F0F9
:105D500018490001087018498020C1F800014FF46B
:105D6000E130089009940A940B940C200C900D9447
:105D70000E94124C08A92046FEF7C0FD206920F4BD
:105D800090402061606920F02A006061E06840F482
:105D90000050E06010B010BD44380240303802407E
:105DA0000008024000640240DA150508146402404D
:105DB0000CED00E047E400E008E000E000140140E2
:105DC0002DE9F05F0746884615461E460024A34687
:105DD0002046641C33490F5404222046641C0A5494
:105DE0004FEA18222046641C0A542046641C01F81D
:105DF00000802A0A2046641C0A542046641C0D5464
:105E00000621284807F050FC81462046641C25499D
:105E100001F800904FEA19222046641C0A548021A0
:105E20002148FAF78AFC21461E48FDF723FA4FF471
:105E3000FA711E48006806F037FB68BB1A48007804
:105E4000B84226D11848C01C30F815906800C01C14
:105E500081B2154807F028FC8246D14515D10020B3
:105E600010E04100C91C104A515C090226F81010CC
:105E700036F810204100091D0B4B595C114426F8DF
:105E80001010401CA842ECDB09E04FF0FF30BDE8E9
:105E9000F09F6FF00100FAE76FF00200F7E700BF34
:105EA000F5E7000080640020006400205C0300200F
:105EB0002DE9F04105460E46174600242046641C95
:105EC0001E490D5406222046641C0A54320A2046FC
:105ED000641C0A542046641C0E543A0A2046641C72
:105EE0000A542046641C0F542146144807F0DCFB7A
:105EF00080462046641C114901F800804FEA1822B0
:105F00002046641C0A5480210D48FAF716FC2146ED
:105F10000A48FDF7AFF94FF4FA710A48006806F035
:105F2000C3FA40B906480078A84202D10120BDE872
:105F3000F0810020FBE70020F9E7000080640020EA
:105F4000006400205C0300202DE9F04707468846E6
:105F5000154699460024A2462146641C2E48475403
:105F600010222146641C42544FEA28222146641C18
:105F700042542146641C00F801802A122146641C08
:105F800042542146641C45546806020E2146641C96
:105F900021484254002610E039F81600020A204633
:105FA000611C8CB21C490A5419F816202046611C49
:105FB0008CB219490A54701C86B2AE42ECDB214601
:105FC000154807F071FB82462046611C8CB21249CD
:105FD00001F800A04FEA2A222046611C8CB20E492B
:105FE0000A5480210D48FAF7A8FB21460A48FDF71C
:105FF00041F94FF4FA710A48006806F055FA40B9C1
:1060000006480078B84202D10120BDE8F0870020A0
:10601000FBE70020F9E70000806400200064002016
:106020005C030020FEE701B56B460222042101203B
:10603000FFF78AFF08BD01B56B4602221146012019
:10604000FFF782FF08BDFEE700F00700C0F107037D
:10605000042B00D9042300F1040CBCF1070F01D27A
:10606000002000E0C01E4FF0010C0CFA03F35B1E91
:10607000194081400CFA00F0401E10400843704760
:1060800070B50246106A20F001001062136A55686C
:10609000946924F0030424F070000E6840EA0604BA
:1060A00023F002000E6940EA060323F001004E6867
:1060B00040EA06031048824202D01048824213D1BF
:1060C00023F008004E6940EA860323F004008E683E
:1060D00040EA860325F480708E6940EA060525F4BF
:1060E0000070CE6940EA460555609461C868506307
:1060F00000BF1362002070BD000001400004014099
:106100002DE9F04104460D46206A20F0100020627F
:10611000266AD4F80480A76927F4407727F4E04082
:10612000296840EA012726F02000296940EA011683
:1061300026F01000696840EA01161248844202D035
:106140001148844213D126F08000696940EA811623
:1061500026F04000A96840EA811628F48060A96909
:1061600040EA810828F40060E96940EAC108C4F8FF
:106170000480A7612046E968FEF734FB2662002010
:10618000BDE8F081000001400004014070B5024606
:10619000106A20F480701062136A5568D46924F084
:1061A000030424F070000E6840EA060423F4007033
:1061B0000E6940EA062323F480704E6840EA062305
:1061C0001048824202D01048824213D123F400606A
:1061D0004E6940EA862323F480608E6840EA862375
:1061E00025F480508E6940EA061525F40050CE69EA
:1061F00040EA46155560D461C868D06300BF136299
:10620000002070BD000001400004014070B502464E
:10621000106A20F480501062146A5568D36923F420
:10622000407323F4E0400E6840EA062324F4005053
:106230000E6940EA063424F480504E6840EA063481
:106240000948824202D00948824204D125F48040A4
:106250008E6940EA86155560D361C868106400BF36
:106260001462002070BD00000000014000040140E5
:1062700010B50246002003E012F8014B2318D8B2F3
:106280000B1EA1F10104A1B2F6D1C0B210BD0000F5
:1062900000B5034890ED000A02F00EFF00BD0000BB
:1062A0006802002010B54FF0FF30294909680860E6
:1062B00020212848FDF754FF10212648FDF750FF04
:1062C00008212448FDF74CFF04212248FDF748FF30
:1062D00002212048FDF744FF01211E48FDF740FF41
:1062E0004FF400711C48FDF73BFF4FF480711A48D2
:1062F000FDF736FF80211848FDF732FF4021164890
:10630000FDF72EFF20211448FDF72AFF1021124827
:10631000FDF726FF08211048FDF722FF80210F48D6
:10632000FDF71EFF40210D48FDF71AFF20210B4805
:10633000FDF716FF10210948FDF712FF0821074855
:10634000FDF70EFF04210548FDF70AFF10BD000010
:10635000E80100200010024000040240000C02404E
:1063600010B50C480068B0F84000132805DC094857
:106370000068B0F84000012804DA102005490968D7
:10638000A1F840000349096891F8400000F08EF838
:1063900010BD0000F401002070B506460C462146F1
:1063A0003046FCF785F9054608480068A0F87040BB
:1063B000642C03D1FFF776FF012070BD0DB90020DA
:1063C000FBE7284600F02EF90120F6E7F401002053
:1063D00010B52DED028B1F480068B0F8520000EE9A
:1063E000100AB8EE400AF2EE040A80EE201AB0EE6F
:1063F000418A9FED190AB4EEC08AF1EE10FA03DD6E
:106400009FED150AB0EE408A144890ED000A02F0A4
:10641000E1FE10480068B0F8540000EE100AB8EE33
:10642000400AF2EE040A80EE201AB0EE418A9FED97
:106430000A0AB4EEC08AF1EE10FA03DD9FED060AF7
:10644000B0EE408A064890ED000A02F00FFFBDEC66
:10645000028B10BDF4010020000004422403002040
:106460002803002010B501220B211046FBF7C0FDC8
:1064700010BD000010B50C480068B0F842001328A9
:1064800005DC09480068B0F84200012804DA12204F
:1064900005490968A1F842000349096891F84200DA
:1064A00000F004F810BD0000F401002010B504460F
:1064B0002E2C6FD2DFE804F09C171C21262B3035E0
:1064C0003B41464B50555A5F64696F749C9C9C9C41
:1064D0009C797D8185898D91959C9C9C9C9C9C9CA4
:1064E0009C9C9C9C9C9920214348FDF739FE80E0B0
:1064F00010214148FDF734FE7BE008213E48FDF7BE
:106500002FFE76E004213C48FDF72AFE71E00221CF
:106510003948FDF725FE6CE001213748FDF720FEE4
:1065200067E04FF400713548FDF71AFE61E04FF463
:1065300080713248FDF714FE5BE080212F48FDF7A3
:106540000FFE56E040212D48FDF70AFE51E02021C4
:106550002A48FDF705FE4CE010212848FDF700FE13
:1065600047E008212548FDF7FBFD42E08021244853
:10657000FDF7F6FD3DE040212148FDF7F1FD38E053
:1065800020211F48FDF7ECFD33E010211C48FDF7EA
:10659000E7FD2EE02CE008211948FDF7E1FD28E099
:1065A00004211748FDF7DCFD23E0012015490870A0
:1065B0001FE00120144908701BE0012013490870F6
:1065C00017E001201249087013E0012011490870FA
:1065D0000FE00120104908700BE001200F490870FE
:1065E00007E001200E49087003E0FFF751FE00E0CC
:1065F00000BF00BF10BD00000010024000040240B8
:10660000000C02404C0200204D0200204E020020EF
:106610004F020020500200205102002052020020B0
:106620005302002070B5044601250A48006800683E
:10663000204308490968086008E004F0010010B12F
:10664000E8B2FFF733FF6408681C85B2202DF4DD43
:1066500070BD0000E801002010B52DED088B044648
:10666000B0EE408A84ED048A94ED050AD4ED040A64
:1066700030EE600A84ED060A94ED030A10EE101A5B
:10668000084609F0A5FE41EC190B94ED060A10EE40
:10669000101A084609F09CFE41EC1B0BB0EE4B0AA9
:1066A000F0EE6B0A04F067FBB0EE40AAF0EE60AAD1
:1066B00053EC192B51EC1A0B09F05EFD7ED294EDD0
:1066C000060AD4ED000A20EE200A84ED090A606B68
:1066D00009F004FC41EC190B94ED090A10EE101AB4
:1066E000084609F075FE41EC1B0BB0EE4B0AF0EECC
:1066F0006B0A04F040FBB0EE40AAF0EE60AA53EC47
:10670000192B51EC1A0B09F037FD06D294ED0E0A45
:10671000B8EE400A84ED0A0A3FE094ED0A0AD4ED8F
:10672000010A94ED061A00EE810A84ED0A0AD4EDFE
:106730000A0A94ED0D0AB8EE400AF4EEC00AF1EE32
:1067400010FA06DD94ED0D0AB8EE400A84ED0A0A4F
:1067500023E094ED0A0AB5EEC00AF1EE10FA11DB5F
:10676000D4ED0A0A94ED0E0AB8EE400AF4EEC00A1F
:10677000F1EE10FA06D294ED0A0ABCEEC00A84EDDE
:106780000E0A0AE094ED0A0AB5EEC00AF1EE10FA1C
:1067900003D29FED240A84ED0A0A94ED060AD4ED93
:1067A000070A30EE600A84ED080A94ED080AD4ED79
:1067B000020A20EE200A84ED0B0A00E012E094EDBC
:1067C000090AD4ED0A0A30EE200AD4ED0B0A30EEA5
:1067D000200AF6EE000A30EE200ABDEEC00A84ED73
:1067E0000C0A09E094ED0A0AF6EE000A30EE200ADF
:1067F000BDEEC00A84ED0C0A94ED060A84ED070A8A
:10680000206B002801DA00202063606B28B1D4E9F6
:106810000C01884201D9606B2063206BBDEC088BB2
:1068200010BD000000000000FCF7EAB990ED050A79
:10683000D0ED040A30EE600A80ED070A70472DE9BA
:10684000FC4106460C460025002716E000200321E7
:106850004FF448732246CDE900100221304604F07F
:1068600028F80546781CC0B207460F2805DB24200F
:1068700002F002FB0820BDE8FC81002DE6D01223C7
:106880004FF448722146304602F0FEFB2846F2E7FC
:106890002DE9F04105460E461746984601233A4633
:1068A00031462846FAF798F904464CB1204602F0E2
:1068B000E3FA03212846FFF7C2FF0020BDE8F0817C
:1068C0000120FBE72DE9F04105460E4617469846A4
:1068D00001233A4631462846FAF79CF904464CB162
:1068E000204602F0C9FA03212846FFF7A8FF00203E
:1068F000BDE8F0810120FBE710B504461E234FF4EC
:1069000016721A21204602F0BFFB10BD10B50446D6
:106910000B234FF416720221204602F0B5FB10BD86
:106920002DE9F84380460E4614461F46DDE90895DA
:10693000404600F063FE10B90020BDE8F883032153
:10694000404600F0B7FB322001F0FAFE5DB1322084
:1069500001F0F6FE06214046FFF71EFDC5EB0511CE
:10696000880000F08EFB012001F0EAFE012000F01B
:1069700088FB0CB9032000E0062002460CB9304623
:1069800000E007200146404601F0E6FE08B900207D
:10699000D3E70CB9032000E0062002460CB93046CC
:1069A00000E007200146404601F0D6FE08B900206D
:1069B000C3E7304601F0C4FE012000F062FB24B1C1
:1069C000012C10D0022C10D10EE0012306223146FA
:1069D0004046FFF777FF08B90020AEE73146404652
:1069E00000F046FE01E000E000BF00BF1DB106213F
:1069F0004046FAF721FB0A2001F0A2FE012000F038
:106A000040FB012302220A214046FFF75BFF08B941
:106A1000002092E74046FFF779FF0321404600F04F
:106A200087FB0B2001F08CFE012000F02AFB0123E4
:106A30001A460B214046FFF745FF08B900207CE7C6
:106A40004046FFF763FF0321404600F071FB0C2036
:106A500001F076FE012000F014FB01231A460C2100
:106A60004046FFF72FFF08B9002066E7012000F03D
:106A700008FB012303220C214046FFF723FF08B93E
:106A800000205AE74046FFF741FF4046FFF73EFF30
:106A90004046FFF73BFF282001F052FE012000F0A6
:106AA000F0FA4B463A460021012001F0D3FC2F209A
:106AB00001F046FE012000F0E4FA4B465A22002184
:106AC000012001F0C7FC2E2001F03AFE012000F069
:106AD000D8FA0A2000F08AFE00F0CAFA022000F07C
:106AE000D0FA042001F02CFE012000F0CAFA0620A2
:106AF0000346052204210090404600F049FB042192
:106B0000404600F0D7FA042001F01AFE012000F000
:106B1000B8FA002301220821404600F022FB03219D
:106B2000404600F005FB09220821404601F014FE12
:106B300000F0FCFF0A2000F0A4FA0120FDE62DE998
:106B4000F84380460D4616461F46DDE90894404648
:106B500000F054FD10B90020BDE8F8832421404620
:106B6000FFF71AFC0321404600F0A4FA012001F0CF
:106B7000E7FD44B106214046FFF70EFCC4EB0411CB
:106B8000880000F07EFA012000F07BFA09222946F5
:106B9000404601F0E1FD08B90020DDE700230C22AA
:106BA00008214046FFF78EFE08B90020D4E72D20CB
:106BB00001F0C6FD0A2000F067FD022000F061FA36
:106BC0000321404600F076FA00230322294640467E
:106BD00001F0D6FD284601F0B3FD012000F051FA86
:106BE00026B1012E1AD0022E66D13EE001230622E4
:106BF00029464046FFF766FE08B90020ACE70321AE
:106C0000404600F095FA2946404600F031FD002349
:106C100003220821404601F0B3FD4DE00123032289
:106C200029464046FFF74EFE08B9002094E70321AD
:106C3000404600F07DFA2946404600F019FD002349
:106C400003220821404601F09BFD00230322082176
:106C5000404601F095FD0123032208214046FFF73D
:106C600031FE08B9002077E726E001231A462946BD
:106C70004046FFF727FE08B900206DE70321404694
:106C800000F056FA2946404600F0F2FC00230122AB
:106C90000821404601F074FD0023032208214046EC
:106CA00001F06EFD0123052208214046FFF70AFE90
:106CB00008B9002050E700BF00BF1CB106214046C4
:106CC000FAF7BAF90A2001F03BFD012000F0D9F9EA
:106CD00001231A460A214046FFF7F4FD08B90020B7
:106CE0003AE74046FFF712FE0321404600F020FA43
:106CF0000B2001F025FD012000F0C3F90023012243
:106D00000B21404601F03CFD012302220B214046AD
:106D1000FFF7D8FD08B900201EE74046FFF7F6FD53
:106D20000321404600F004FA0C2001F009FD012087
:106D300000F0A7F9012305220C214046FFF7C2FD10
:106D400008B9002008E74046FFF7E0FD4046FFF79E
:106D5000DDFD4046FFF7DAFD002301220821404611
:106D600001F00EFD282001F0EBFC012000F089F974
:106D70004B463A460021012001F06CFB2F2001F028
:106D8000DFFC012000F07DF9002346221946012096
:106D900001F060FB4046FFF7B9FD4046FFF7B6FD46
:106DA000022346220021012001F054FB2E2001F095
:106DB000C7FC012000F065F90A2000F017FD00F083
:106DC00057F9042001F0BCFC012000F05AF906201C
:106DD0000346052204210090404600F0D9F9042121
:106DE000404600F067F9042001F0AAFC012000F001
:106DF00048F9002301220821404600F0B2F903219E
:106E0000404600F095F903220821404601F0A4FC19
:106E10000C220821404601F09FFC00F087FE012073
:106E200000F02FF924214046FAF706F9012093E6F5
:106E30002DE9F04780460D4616461F46DDE90894C9
:106E4000FCF7BEFB404600F0D9FB10B90020BDE8BE
:106E5000F0871E220421404600F05AF9322001F04A
:106E60006FFC5CB1322001F06BFC06214046FFF75D
:106E700093FAC4EB0411880000F003F9012000F03C
:106E800000F9002078490968C8847749096888842E
:106E9000284601F055FC012000F0F3F826B1012E40
:106EA00010D0022E10D10EE00123152229464046B3
:106EB000FFF708FD08B90020C9E72946404600F061
:106EC000D7FB01E000E000BF00BF1CB10621404637
:106ED000FAF7B2F8162001F033FC012000F0D1F8E7
:106EE0000123032216214046FFF7ECFC08B90020DD
:106EF000ADE720214046FFF74FFA052000F0C1F82A
:106F000020214046FAF798F8002303220821404642
:106F100001F036FC002303220821404601F030FC3A
:106F2000172001F00DFC012000F0ABF820214046B5
:106F3000FFF732FA0A2000F0A4F8012340F6AC5221
:106F400017214046FFF7BEFC08B900207FE7282044
:106F500001F0F6FB012000F094F84B463A46002180
:106F6000012001F077FA2F2001F0EAFB012000F068
:106F700088F8002350221946012001F06BFA0F20F7
:106F800001F0DEFB012000F07CF8012303220F2139
:106F90004046FFF797FC08B9002058E7282001F089
:106FA000CFFB002346221946012001F06FFA0A2088
:106FB00000F067F820214046FFF7EEF9302001F09D
:106FC000BFFB032000F05DF828480068B0F86810A7
:106FD000404601F0D3FA08B9002038E700F090FDF0
:106FE000022000F04EF800F093FD022000F049F876
:106FF00000F03EF8022000F044F8042001F0A0FB6D
:10700000012000F03EF81E220421404600F080F8E6
:1070100020214046FFF7C0F901231B2208214046EA
:10702000FFF750FC08B9002011E728220421404650
:1070300000F06EF801231B2208214046FFF742FCB6
:1070400008B9002003E728220421404600F060F838
:1070500020214046F9F7F0FF00F068FD0A2000F01B
:1070600010F80120F3E60000F8010020F4010020F0
:107070007047704710B5044606212046F9F7DCFF3B
:1070800010BD10B504464FF47A7104FB01F005F011
:1070900003F910BD7CB506460C46154601204FF499
:1070A000487322460221CDE90050304603F001FC2E
:1070B0007CBD000070B504460D460321204600F05B
:1070C00037F80020FBF72AFBDFED100AB4EEE00AE8
:1070D000F1EE10FA14DD002355221946012001F0CB
:1070E000B9F903E041F2883005F0D6F80020FBF74B
:1070F00015FBDFED060AB4EEE00AF1EE10FAF1DC62
:1071000029462046FFF79BFB70BD00000000AA4205
:1071100070B505460E46144631462846FFF73CF941
:107120002046FFF7AEFF31462846F9F785FF70BDD0
:1071300070B504460D4612234FF448722946204686
:1071400001F0A2FF70BD70B505462846FBF7C0F9F7
:10715000044624B1204601F08FFE002070BD0120BE
:10716000FCE72DE9F04105460E4617469846434692
:107170003A4631462846FBF7D3F904462CB120465F
:1071800001F07AFE0020BDE8F0810120FBE700005D
:107190002DE9F04705460E4617469846DDF8209043
:1071A000002425E002212846FFF7F6F84FF4FA7094
:1071B00005F072F83A464FF44871012002F0DEFB08
:1071C00002E00A2005F068F80B4800780028F8D0A3
:1071D00002212846F9F730FF4FF4FA7005F05CF809
:1071E00043464FF448723146284601F04DFF641C77
:1071F0004C45D7DBBDE8F087FC01002010B5044604
:10720000224603490348FBF7BFF90148008810BD37
:10721000180300201603002070B506460C461546DC
:1072200029462046FCF7A2F970BD00002DE9F8437D
:1072300080460D4616461F46DDE90894404600F09C
:10724000DDF910B90020BDE8F88303214046FFF7BF
:1072500031FF322001F074FA44B106214046FFF7B5
:107260009BF8C4EB04118800FFF70BFF012001F02D
:1072700067FA002303222946404601F081FA284696
:1072800001F05EFA0120FFF7FCFE36B1012E2ED090
:10729000022E56D0032E76D192E0012306222946F3
:1072A0004046FFF70FFB08B90020CCE729464046CF
:1072B00000F0DEF9002301220821404601F060FAC7
:1072C000002303220821404601F05AFA01231A46FE
:1072D00008214046FFF7F6FA08B90020B3E7404618
:1072E000FFF714FB03214046FFF722FFB8E001231C
:1072F0001A4629464046FFF7E5FA08B90020A2E7FA
:107300002946404600F0B4F90023012208214046F6
:1073100001F036FA002303220821404601F030FA3A
:107320000123062208214046FFF7CCFA08B90020C5
:1073300089E74046FFF7EAFA03214046FFF7F8FEE7
:107340008EE00123022229464046FFF7BBFA08B926
:10735000002078E72946404600F08AF90023012200
:107360000821404601F00CFA002303220821404680
:1073700001F006FA0123062208214046FFF7A2FA8F
:1073800010B900205FE76AE04046FFF7BFFA4046C9
:10739000FFF7BCFA03214046FFF7CAFE4046FFF75D
:1073A000D2FE09220821404601F0D6F94046FFF7F7
:1073B000A3FA0123092208214046FFF769FA4FE0AA
:1073C0000123062229464046FFF762FA08B9002049
:1073D00039E72946404600F04BF9012303220821F2
:1073E0004046FFF755FA08B900202CE74046FFF762
:1073F00083FA0A20FFF745FE03214046FFF798FE77
:107400004046FFF7A0FE09220821404601F0A4F9FA
:107410004046FFF771FA0123092208214046FFF791
:1074200037FA08B900200EE74046FFF765FA0A2050
:10743000FFF727FE4046FFF786FE09220821404657
:1074400001F08AF94046FFF757FA01230922082183
:107450004046FFF71DFA08B90020F4E600E000BF3F
:1074600000BF14B14046FFF705FE03214046FFF779
:107470005FFE112001F064F90120FFF702FE0120F8
:107480005449087001231A463D21404600F0A4F8F3
:1074900004214046FFF74CFE04214046FFF748FE1A
:1074A00001231A463D214046FFF70CFA08B9002097
:1074B000C9E60020474908704046FFF727FA002335
:1074C00001220821404600F087F80023012208210C
:1074D000404600F081F82D2001F032F90A2000F03A
:1074E000BDFA0A20FFF7CDFD172001F029F9012090
:1074F000FFF7C7FD01203749087001231A463E21D6
:10750000404600F069F801231A463E214046FFF745
:10751000D9F908B9002096E600202E4908704046A7
:10752000FFF7F4F9002301220821404600F054F847
:10753000002301220821404600F04EF8292001F0E6
:10754000FFF80120FFF79DFD4B463A460021012040
:1075500000F080FF4046FFF7D9F91E20FFF791FDAC
:107560002E2001F0EDF80A2000F05CFA0520FFF76C
:1075700088FD0520FFF785FD042001F0E1F80220D9
:10758000FFF77FFD062003460522042100904046B8
:10759000FFF7FEFD04214046FFF78CFD0120FFF7B9
:1075A00070FD0123092208214046FFF78BF90321D2
:1075B0004046FFF77FFD0123092208214046FFF7DF
:1075C00081F90A2000F012FAFFF753FD00F0AEFA3D
:1075D000012038E6180200202DE9F04104460D464E
:1075E00016461F463B46324629462046FFF7B9FD60
:1075F00004212046FFF79CFDBDE8F08170B50546EB
:107600000024002018490968A1F84C0016490968AF
:10761000A1F84A001549096888801348006890ED70
:10762000210A1148006880ED220AF9F78DFC00213B
:107630000520F9F71BFB3C2200212846FFF7ECFD53
:1076400003212846FFF774FD03212846FFF770FD4C
:1076500044B1204601F010FC00211220F9F706FB8E
:10766000002070BD0120FCE7F4010020F80100209B
:1076700070B504460D460A234FF41672294620467B
:1076800001F002FD70BD000010B52DED088B044621
:1076900022461F480168663100686430FAF774FFBB
:1076A0001B490968B1F8660008F018FC41EC1A0B98
:1076B00017490968B1F8640008F010FC41EC1B0B95
:1076C00053EC1A2B08F032FA41EC190BB0EE490AD0
:1076D000F0EE690A03F05CFBB0EE408AF0EE608ADF
:1076E00051EC180B08F03CF909490968C1F89C00F5
:1076F0004FF47A7004F0D0FD84200649096848856B
:107700004FF47A7004F0C8FDBDEC088B10BD00008A
:10771000F4010020F80100202DE9FF41694602A88C
:107720002F4A12689047064640F6B83004F0B4FD80
:107730000DF102010DF10A00294A12689047064630
:1077400040F6B83004F0A8FD01A903A8244A126845
:1077500090470646BDF80800BDF80A10884201DCD3
:10776000012000E0002004460CB9012500E00025BE
:1077700002A830F81400BDF80C10884201DA204647
:1077800000E00220074602A830F8150002A931F8EF
:107790001710884201DD284600E03846044602A85A
:1077A00030F814000F490968A1F866003DF814008C
:1077B0000C490968A1F86400012E06D0212001F0CF
:1077C0005BFB002004B0BDE8F08184200649096815
:1077D000488540F6B83004F05FFD0120F2E7000074
:1077E0000C030020F4010020F801002010B52DED5D
:1077F000088B044622461D4801686A3100686830DB
:10780000FAF7C2FE19490968B1F86A0008F066FB88
:1078100041EC1A0B15490968B1F8680008F05EFBE5
:1078200041EC1B0B53EC1A2B08F080F941EC190BBF
:10783000B0EE490AF0EE690A03F0AAFAB0EE408A07
:10784000F0EE608A51EC180B08F08AF807490968D5
:10785000C1F8A0004FF47A7004F01EFD4FF47A7066
:1078600004F01AFDBDEC088B10BD0000F4010020EF
:10787000F0B52DED088B85B001A903A8584A126810
:107880009047064640F6B83004F006FD0DF10601BB
:107890000DF10E00524A12689047064640F6B83085
:1078A00004F0FAFC02A904A84D4A12689047064663
:1078B000BDF80C00BDF80E10884201DC012000E08C
:1078C000002004460CB9012500E0002503A830F88B
:1078D0001400BDF81010884201DA204600E00220B2
:1078E000074603A830F8150003A931F8171088429D
:1078F00001DD284600E03846044603A830F81400AD
:1079000038490968A1F86A0001A830F8140035491F
:107910000968A1F86800012E07D0212001F0ACFA17
:10792000002005B0BDEC088BF0BD2E490968B1F808
:10793000680008F0D3FA41EC190B2A490968B1F83C
:10794000640008F0CBFA41EC1B0BB0EE4B0AF0EEF2
:107950006B0A03F01DFAB0EE40AAF0EE60AA53ECF9
:10796000192B51EC1A0B08F0E1F841EC180B07F059
:10797000F7FF1C490968C1F89C001A490968B1F869
:107980006A0008F0ABFA41EC1A0B16490968B1F825
:10799000660008F0A3FA41EC1B0B53EC1A2B08F01D
:1079A000C5F841EC190BB0EE490AF0EE690A03F094
:1079B000EFF9B0EE408AF0EE608A51EC180B07F058
:1079C000CFFF08490968C1F8A00085200649096869
:1079D000488540F6B83004F05FFC0120A1E70000C4
:1079E0000C030020F4010020F801002010B504462B
:1079F00022460A4801686A3100686430FAF7C4FD1B
:107A00004FF47A7004F048FC8420054909684885E1
:107A10004FF47A7004F040FC10BD0000F401002027
:107A2000F801002010B5044622460A480168683172
:107A300000686430FAF7A8FD4FF47A7004F02CFC6B
:107A400084200549096848854FF47A7004F024FCC5
:107A500010BD0000F4010020F801002010B504461C
:107A600022460A480168663100686430FAF78CFDE6
:107A70004FF47A7004F010FC8420054909684885A9
:107A80004FF47A7004F008FC10BD0000F4010020EF
:107A9000F801002010B5044622460A480168663104
:107AA00000686430FAF770FD4FF47A7004F0F4FB6C
:107AB00084200549096848854FF47A7004F0ECFB8E
:107AC00010BD0000F4010020F801002010B50021D5
:107AD0000620F9F7CBF802F05FF910BD1CB5694636
:107AE00001A8064A126890470446012C04D02120C0
:107AF00001F0C2F900201CBD0120FCE70C030020AE
:107B0000842002490968488570470000F801002078
:107B1000852002490968488570470000F801002067
:107B200010B50446204602F00FF910BD10B5002133
:107B30000620F9F79BF802F06BF910BD2DE9F84328
:107B400080460D4616461F46DDE908944046FFF77D
:107B500055FD10B90020BDE8F88303214046FFF72A
:107B6000A9FA322000F0ECFD44B106214046FEF7B0
:107B700013FCC4EB04118800FFF783FAFFF7AEFF94
:107B800008B90020E7E7042000F0DAFD0120FFF744
:107B900078FA0C220821404600F0DEFD08B90020EA
:107BA000D9E701230C2208214046FEF78BFE08B9D5
:107BB0000020D0E72D2000F0C3FDFFF7ADFD08B990
:107BC0000020C8E703214046FFF774FA284600F07A
:107BD000B7FD0120FFF755FA26B1012E2BD0022E5A
:107BE00028D157E0002303222946404600F0C8FD73
:107BF000002303222946404600F0C2FD012304224F
:107C000029464046FEF75EFE08B90020A3E7294654
:107C10004046FFF72DFD002303220821404600F0D7
:107C2000AFFD0123062208214046FEF74BFE08B9AE
:107C3000002090E777E0002303222946404600F029
:107C40009FFD002303222946404600F099FD0123B1
:107C50001A4629464046FEF735FE08B900207AE765
:107C600029464046FFF704FD002301220821404633
:107C700000F086FD002303220821404600F080FD2D
:107C80000123092208214046FEF71CFE08B9002006
:107C900061E748E0002303222946404600F070FDDA
:107CA000002303222946404600F06AFD01231A46BC
:107CB00029464046FEF706FE08B900204BE7294654
:107CC0004046FFF7D5FC002301220821404600F082
:107CD00057FD002303220821404600F051FD0123F7
:107CE0000C2208214046FEF7EDFD08B9002032E7DE
:107CF0000A2203214046FFF7CDF900230122082183
:107D0000404600F03DFD002303220821404600F0DC
:107D100037FD0123072208214046FEF7D3FD08B9AD
:107D2000002018E700BF00BF1CB106214046F9F74C
:107D300083F903214046FFF7FBF9172000F000FD0F
:107D40000120FFF79EF901231A4617214046FEF74E
:107D5000B9FD08B90020FEE60023012208214046B3
:107D600000F00EFD002301220821404600F008FD2E
:107D7000162000F0E5FC0120FFF783F901231A46E5
:107D800016214046FEF79EFD08B90020E3E6404676
:107D9000FEF7BCFD002301220821404600F0F0FC64
:107DA000282000F0CDFC0120FFF76BF94B463A4646
:107DB0000021012000F04EFB2F2000F0C1FC01202B
:107DC000FFF75FF9002332221946012000F042FB41
:107DD0000F2000F0B5FC0120FFF753F901231A46EC
:107DE0000F214046FEF76EFD08B90020B3E640467D
:107DF000FEF78CFD2F2000F0A3FC0120FFF741F9D6
:107E00002E2000F09DFC0220FFF73BF9FFF730FD2C
:107E1000FFF72EF9042000F093FC0120FFF731F961
:107E2000062003460522042100904046FFF7B0F9E2
:107E300003214046FFF73EF90120FFF722F9002316
:107E400003220821404600F09BFC002301220F2161
:107E50004046FEF737FD08B900207CE60D220821D8
:107E6000404600F079FC0F220821404600F074FCE7
:107E7000FFF75CFE0A20FFF704F901206BE62DE90D
:107E8000F04780460D4616461F46DDE908944046F9
:107E9000FFF7B4FB10B90020BDE8F087032140468E
:107EA000FFF708F9322000F04BFC44B106214046B0
:107EB000FEF772FAC4EB04118800FFF7E2F8042021
:107EC00000F03EFC0120FFF7DCF8012000F038FC58
:107ED0000120FFF7D6F809222946404600F03CFC75
:107EE00008B90020D8E701230C2208214046FEF7FC
:107EF000E9FC08B90020CFE703214046FFF7DAF894
:107F0000002303222946404600F03AFC284600F0B0
:107F100017FC0120FFF7B5F816B1012E2BD10DE0AB
:107F20000123032229464046FEF7CCFC08B9002075
:107F3000B2E729464046FFF79BFB1DE001231A46A6
:107F400029464046FEF7BEFC08B90020A4E72946B2
:107F50004046FFF78DFB002301220821404600F038
:107F60000FFC0123032208214046FEF7ABFC08B9B1
:107F7000002091E700E000BF00BF1CB10621404691
:107F8000F9F75AF8172000F0DBFB0120FFF779F82A
:107F90000023012217214046FFF71EFB01231A464A
:107FA00017214046FEF78EFC08B9002074E74046D2
:107FB000FEF7ACFC002301220821404600F0E0FB64
:107FC000282000F0BDFB0120FFF75BF84B463A4646
:107FD0000021012000F03EFA2F2000F0B1FB01202B
:107FE000FFF74FF8002332221946012000F032FA41
:107FF0000C2000F0A5FB002301220821404600F0E0
:10800000BFFB012306220C214046FEF75BFC08B9AA
:10801000002041E74046FEF779FC4046FEF776FC3B
:10802000282000F08DFB052346220021012000F0CE
:1080300011FA2D2000F084FB1E20FFF722F80A2001
:10804000FFF722FB112000F07BFB0120FFF719F85E
:108050000023012211214046FFF7BEFA012302222C
:1080600011214046FEF72EFC08B9002014E7282015
:1080700000F066FB032346220021012000F0EAF90C
:108080002E2000F05DFB1420FEF7FBFF0A20FFF717
:10809000ADFBFEF7EDFF0220FEF7F3FF042000F03A
:1080A0004FFB0120FEF7EDFF04214046FFF702F8E9
:1080B0000120FEF7E6FF03220821404600F04CFBBA
:1080C0000C220821404600F047FBFFF72FFD0A2055
:1080D000FEF7D7FF0120DFE62DE9F84380460D4685
:1080E00016461F46DDE908944046FFF787FA10B9A7
:1080F0000020BDE8F88303214046FEF7DBFF322075
:1081000000F01EFB5CB1322000F01AFB0621404655
:10811000FEF742F9C4EB04118800FEF7B2FF01201C
:1081200000F00EFB0120FEF7ACFF09222946404675
:1081300000F012FB08B90020DBE70C2208214046C2
:1081400000F00AFB08B90020D3E7284600F0F8FA4F
:108150000120FEF796FF36B1012E16D0022E3BD03D
:10816000032E7CD15FE00123092229464046FEF719
:10817000A9FB08B90020BCE729464046FFF778FA7A
:1081800003214046FEF7D4FF91E001230322294654
:108190004046FEF797FB08B90020AAE703214046B6
:1081A000FEF7C6FF29464046FFF762FA0023012288
:1081B0000821404600F0E4FA00230322082140464B
:1081C00000F0DEFA0123082211464046FEF77AFB52
:1081D00008B900208DE76AE00123022229464046C3
:1081E000FEF770FB08B9002083E729464046FFF7F9
:1081F0003FFA03214046FEF79BFF0023012208219E
:10820000404600F0BDFA002303220821404600F05A
:10821000B7FA0123092208214046FEF753FB08B9AB
:10822000002066E743E00123022229464046FEF78C
:1082300049FB08B900205CE729464046FFF718FAD9
:1082400003214046FEF774FF002301220821404627
:1082500000F096FA002303220821404600E025E0C2
:1082600000F08EFA0123092208214046FEF72AFB7E
:1082700008B900203DE7082203214046FEF70AFF27
:10828000002303220821404600F07AFA002303224B
:108290000821404600F074FA0123092208214046D3
:1082A000FEF710FB08B9002023E700E000BF00BF85
:1082B0001CB106214046F8F7BFFE172000F040FA37
:1082C0000120FEF7DEFE03214046FEF731FF0321C9
:1082D0004046FEF72DFF0023012217214046FFF7FD
:1082E0007BF901231A4617214046FEF7EBFA08B93D
:1082F0000020FEE64046FEF709FB03214046FEF75C
:1083000017FF282000F01CFA0120FEF7BAFE4B46AA
:108310003A460021012000F09DF82F2000F010FACD
:108320000120FEF7AEFE002346221946012000F090
:1083300091F8192000F004FA0120FEF7A2FE0321B3
:108340004046FEF7F5FE03214046FEF7F1FE00230E
:10835000012219214046FFF73FF901231A4619214E
:108360004046FEF7AFFA08B90020C2E64046FEF7E5
:10837000CDFA4046FEF7CAFA03214046FEF7D8FE82
:10838000282000F0DDF9012346220021184600F0E4
:1083900061F82D2000F0D4F90A20FFF775F91120BB
:1083A00000F0CEF903214046FEF7C2FE032140460D
:1083B000FEF7BEFE0023012211214046FFF70CF913
:1083C00001231A4611214046FEF77CFA08B9002025
:1083D0008FE64046FEF79AFA282000F0B1F9032311
:1083E00048220021012000F035F82E2000F0A8F9E5
:1083F0001420FEF746FE0A20FFF7F8F9FEF738FED4
:108400000220FEF73EFE042000F09AF90120FEF75C
:1084100038FE062003460522042100904046FEF760
:10842000B7FE04214046FEF745FE0120FEF729FE77
:10843000002303220821404600F0A2F90C22082163
:10844000404600F089F9FFF771FB0A20FEF719FE9C
:1084500001204EE62DE9F04180460C4615461E46A9
:10846000012002F029FC074632462946204601F049
:1084700003FA1E2002F020FC07462FB1384600F018
:10848000FBFC0020BDE8F0810120FBE72DE9F04175
:1084900007460C46154698464FF0FF3229462046BF
:1084A00001F0EAF91E2002F007FC064616B1002092
:1084B000BDE8F0810120FBE72DE9F04705460C46B9
:1084C00090469946DDE908670320FEF7DAFD284665
:1084D000FFF794F810B90020BDE8F0870321284683
:1084E000FEF7E8FD0120FEF7CCFD322000F028F970
:1084F0000120FEF7C6FD012000F022F90120FEF761
:10850000C0FD204600F01CF90120FEF7BAFD0A204C
:1085100000F016F90120FEF7B4FD0B2000F010F971
:108520000120FEF7AEFD0C2000F00AF90120FEF755
:10853000A8FD282000F004F90120FEF7A2FD2F205D
:1085400000F0FEF80120FEF79CFD2E2000F0F8F868
:108550000120FEF796FD0A20FFF748F9FEF788FD97
:108560000220FEF78EFD042000F0EAF8FFF7AEFAD5
:108570000120FEF786FD0120AEE700002DE9F84F4F
:1085800083460D46002000900027824680464FF02B
:1085900005091721584600F0FDFE01F0A5FC40F644
:1085A000C41A4FF4FA7003F077FE1F21584600F00A
:1085B000F1FE4FF6FF705F490968C8840A20FEF794
:1085C0001DFE5D490968A1F868005B480068B0F8C5
:1085D0006850ADE0BAF1000F0FD11721584600F0F6
:1085E000D9FE01F081FC40F6C41A4FF4FA7003F092
:1085F00053FE1F21584600F0CDFE484601F0A2FC74
:1086000008EB09001FFA80F8AAEB09001FFA80FAAC
:1086100049480068A0F86480009803F03DFE0120FE
:10862000FEF7ECFD044644480068A0F86A40AC42FE
:1086300001DD601B00E0281B86B2B6F5FA7F06DB81
:10864000B6F57A7F03DAFA200090002760E0B6F5ED
:108650007A7F08DB40F2DC50864204DA0090002783
:108660004FF0050954E040F2DC5086424BDB3148C4
:108670000068C48400BF0120FEF7C0FD04462E48F8
:108680000068A0F86A40AC4201DD601B00E0281BD6
:1086900086B240F2DC50864207DB781C87B2012F9D
:1086A00009D124480068C48405E0002021490968F4
:1086B000C884002701E0032FDDDB00BF781C80B2F7
:1086C0000746032824DB4FF6FF701A490968C8845F
:1086D0001A48D0ED000AB2EE041AB6EE000A00EE17
:1086E000810ABCEEC00A10EE100A13490968A1F80D
:1086F000660020215846F8F79FFC0020FFF710FA8B
:108700000120BDE8F88F0020009000274FF00509F8
:1087100041F64C5080450BDD20215846F8F78CFC83
:108720000020FFF7FDF9252000F0A6FB0020E8E778
:1087300050E70000F8010020F4010020BC020020F6
:1087400010B504460348006844850120FEF799FCF3
:1087500010BD0000F80100202DE9F04105460E464D
:1087600017463A463146284602F0BBFA04462CB179
:10877000204600F081FB0020BDE8F0810120FBE7EE
:108780002DE9F04104460D4616461F463B4632464B
:1087900029462046FEF7E5FC03212046FEF7C8FCEB
:1087A000BDE8F0810024FAF7AFFD0122D10337487C
:1087B000FAF72AF902F090F9F9F766FC4FF47A70AB
:1087C00003F06AFDF9F740FF054625B322E00122D8
:1087D00011022F48FAF718F9322003F05DFD00224C
:1087E0004FF480712A48FAF70FF9642003F054FD22
:1087F000012211022648FAF707F9322003F04CFD56
:1088000000224FF480712248FAF7FEF84FF44870C6
:1088100003F042FDDBE700BF1E48007870B91E4838
:10882000007858B14FF47A7003F036FD1B480168A8
:108830002431006826301A4A12689047322003F02B
:108840002BFD03F027FF04464FF4FA7202210320A8
:1088500003F078FF044604F00040B0F1004FDBD095
:1088600004F0010028B101200C490968C880FAF71A
:1088700073FB04F0020010B10A4802F0FBF9032078
:1088800003F0DCFE002003490870C5E7000C02403D
:1088900000080240A8020020A9020020F8010020E0
:1088A0000C030020EC63002010B5044601F07CFAB4
:1088B0000348006804F078F801200249087010BDF0
:1088C00040030020FC0100202DE9F04106460F4640
:1088D00014461D4639463046FDF75EFD2A462146C0
:1088E000002001F04BF802E0322003F0D5FC0748ED
:1088F00000780028F8D04FF4FA7003F0CDFC394628
:108900003046F8F799FBBDE8F0810000FC0100203B
:1089100000212F230846491C0D4A135431230846D1
:10892000491C13543F230846491C13540D23084681
:10893000491C135407488078602801D100207047F3
:1089400004488078402801D10120F8E70120F6E7AB
:10895000A06E0020606E0020014600BF0448006841
:1089600000F0F0000009034A125C21FA02F070479F
:108970000838024004160508014600BF0548006893
:1089800000F4E050044A02EB9020027821FA02F051
:10899000704700000838024014160508014600BF61
:1089A0000548006800F46040044A02EB5030027849
:1089B00021FA02F07047000008380240141605083A
:1089C00010B5002400BF0C48006800F00C0020B176
:1089D000042804D0082809D103E0084C08E0084C1A
:1089E00006E0082000F00EF8044601E0034C00BF4A
:1089F00000BF204610BD0000083802400024F400EB
:108A000000127A002DE9F0410446002500260027D7
:108A100000BF1548006800F4800006461EB1B6F598
:108A2000800F04D101E0114D03E0114D01E00F4D25
:108A300000BF00BF082C14D100BF0B48006800F035
:108A40003F00B5FBF0F8FBF7A3FB08FB00F8064876
:108A5000006800F44030012101EB10404000B8FBF9
:108A6000F0F73846BDE8F081043802400024F400F5
:108A700000127A0010B5052041490968A1F8780074
:108A80003F4800680088FC2827D006DC01280BD06E
:108A900002280AD0122859D115E0FD280AD0FE2854
:108AA0004DD0FF2852D11FE000BF00203449096893
:108AB000088062E001F066F93248F8F7AFFB002069
:108AC00001F08CF900BF002001F088F900202C494A
:108AD000096808802C4908704FE000F0C1FA0020B6
:108AE00027490968088048E000202549096808806E
:108AF000FE210846F8F7BAF800F04AFB00F0B0FA99
:108B000072B600BF00BF00BF00BF00BFBFF34F8FF2
:108B100000BF00BF00BF1D48006800F4E0601C49B2
:108B20000843001D1949086000BF00BF00BFBFF324
:108B30004F8F00BF00BF00BF00BF00BFFDE7002098
:108B40000F490968088000F08BFA16E00E4800789B
:108B500068B906200A490968A1F8780001200A4985
:108B6000087001210B48006803F0ACFD04E0072009
:108B700003490968A1F8780000BF00BF10BD0000DC
:108B8000F4010020FFFF0300A80200200CED00E02C
:108B90000000FA05340300202DE9F04781468A469B
:108BA0000024002500260027A046032000F0D4FA68
:108BB0004BE042F2107800BF4FF480412A48FBF7A7
:108BC000BDFA20B1B8F10000A8F10108F4DA42F2D0
:108BD0001070A0EB080025490860F7F7F8FE07467B
:108BE000022000F0B9FA3E4421482249096840F8C1
:108BF000217042F2107800BF4FF480411A48FBF711
:108C00009DFA20B1B8F10000A8F10108F4DA42F2AF
:108C10001070A0EB080015490860F7F7D8FE07466A
:108C2000032000F099FA3D44124801680068401C96
:108C3000104A1060104840F821701046007800F08B
:108C40007F0011460860601C84B25445B1DB95FB7F
:108C5000F4F596FBF4F62D123612A9F80250A9F895
:108C60000060BDE8F087000000100240780200209C
:108C7000C06A00207C020020C068002070B5044655
:108C80000D4629462046FFF787FF70BD2DE9FF41BD
:108C900006460F460024002502A903A800F066F846
:108CA000A0460CE03222694601A800F01FF8BDF88A
:108CB00004000444BDF80000054408F10108B8F1BF
:108CC0000A0FEFDB641D6D1D0A20B4FBF0F0BDF848
:108CD0000C10401A30800A20B5FBF0F0BDF80810E7
:108CE000401A3880012004B0BDE8F0812DE9F04140
:108CF00006460F469046404600F08AFD4FF47A71D2
:108D00001848006803F0D0FB48BB174C0A2522E046
:108D100002E0641C681EC5B22078552801D0002DE1
:108D2000F7D115B90020BDE8F0810721601CFDF7DF
:108D30009FFA217A88420BD16079217900EB0120DA
:108D40003080E079A17900EB012038800120EAE74A
:108D5000641C681EC5B2002DDAD10020E3E70020B4
:108D6000E1E7000058030020C06C00202DE9FC4121
:108D700006460F4600240025A0460CE06422694602
:108D800001A800F019F8BDF804000444BDF8000083
:108D9000054408F10108B8F10A0FEFDB641D6D1DF1
:108DA0000A20B4FBF0F030800A20B5FBF0F03880E8
:108DB0000120BDE8FC8100002DE9F04106460F4688
:108DC0009046404600F03EFD4FF47A711848006826
:108DD00003F06AFB48BB174C0A2522E002E0641C42
:108DE000681EC5B22078552801D0002DF7D115B9DD
:108DF0000020BDE8F0810721601CFDF739FA217AD7
:108E000088420BD16079217900EB01203080E07934
:108E1000A17900EB012038800120EAE7641C681E7C
:108E2000C5B2002DDAD10020E3E70020E1E7000021
:108E300058030020C06C002010B555200849088058
:108E4000AA2048800B46022200210120FCF7B8FF2F
:108E50000446002C02DB0248006810BD2046FCE7F7
:108E60009202002010B5044623460422202101204E
:108E7000F9F74CF810BD000010B504462146072054
:108E8000F7F7F4FE024800688480012010BD00005E
:108E9000F801002010B5044606F0FCF914490860FA
:108EA0000846006813490968401A114908600846D5
:108EB000008811490968A1F858000D4800680A2186
:108EC000B0FBF1F00A490860084600680B490968E0
:108ED000B0FBF1F00649086008460068642801D933
:108EE000642008600248008803490968088510BDAD
:108EF000400200203C020020F8010020380200203F
:108F000010B5152200210120FCF7D2FF10BD000092
:108F100010B52DED068B47480068007860B140F62B
:108F2000D27245494548FAF78FFF43494348FAF75B
:108F300098FFBDEC068B10BD41480068007848B131
:108F400064223D493D48FAF77FFF3B493B48FAF729
:108F500088FFEEE73B480068007820B13A48006897
:108F600090ED318A03E03848006890ED308A364849
:108F70000068B0F8600000EE100AF8EE408A88EE53
:108F8000280AB0EE408AB3EE000A28EE000AB0EEDE
:108F9000408A2D48006890ED330AF1EE000A30EE69
:108FA000C00A30EE080AB0EE408A9FED280A28EE8B
:108FB000000AB0EE408A2448006890ED320A224848
:108FC0000068D0ED330A30EE600AC8EE000AB0EE59
:108FD000608A9FED1F0A38EE000AB0EE408AB5EEB7
:108FE000C08AF1EE10FA03D29FED1A0AB0EE408A61
:108FF00018EE100A07F0ECF941EC1A0B9FED160B76
:1090000053EC102B06F0DEFC41EC190B06F022FFAE
:1090100084B2B4F5805F01DB40F6FF742246064956
:109020000648FAF711FF04490448FAF71AFF00BF8F
:109030007FE700005C020020010010020074004085
:109040006002002058020020F401002000E0764574
:109050000000C84200000000000000000000E03FE7
:1090600010B540F265420549054800F013FE45F28F
:10907000AA510448C0F88C1110BD00006C520020A9
:10908000000002086C6200202DE9F04104460D4604
:1090900016461F463B46324629462046FFF714FC3B
:1090A000BDE8F08110B504460248006803F098FA64
:1090B00010BD00006003002030B5DFED220AB4EEE1
:1090C000E00AF1EE10FA03DDDFED1E0AB0EE600AF1
:1090D000B5EEC00AF1EE10FA03D2DFED1B0AB0EED6
:1090E000600ADFED1A0A60EE200AB0EE600ADFEDDA
:1090F000150A80EE201AB0EE410AF6EE000A70EE74
:10910000200AB0EE600AFCEEC00A10EE901A88B297
:109110000F49104A01F10804C2F3034504EB85032B
:109120001C686FF30B0404431C6000BF1146084A1F
:10913000126801F010040123A3401A43044B1A6083
:1091400000BF30BD000004420000000000F07F4579
:10915000007400401200431570B504460025032C2E
:1091600000DD00240348005D40F001052846F7F7C4
:1091700008FD70BD7402002010B504480068C28864
:1091800005210120F8F734FF10BD0000F401002094
:109190000821024880F89011704700006C6200209E
:1091A00070B50B48006800894FF47A7100FB01F438
:1091B0004FF6FF7000EA2445A6B22A46032101209B
:1091C000F8F716FF324604210120F8F711FF70BDB1
:1091D000F401002010B52DED028BB0EE408A9FED1A
:1091E0001F0AB4EEC08AF1EE10FA03DD9FED1B0AF0
:1091F000B0EE408AB5EEC08AF1EE10FA03D29FEDD0
:10920000180AB0EE408A9FED170A28EE000AB0EE69
:10921000408A9FED120AC8EE000AB0EE608AB6EEF0
:10922000000A38EE000AB0EE408ABCEEC80A10EE22
:10923000100A84B224B921460B48FBF7D1FA0AE0A0
:1092400021460948FBF7CCFA01210748FBF7BAF998
:109250000548FBF7C0F9BDEC028B10BD00000442CD
:10926000000000000080BB450004004010B52DED5B
:10927000028BB0EE408A9FED200AB4EEC08AF1EE78
:1092800010FA03DD9FED1C0AB0EE408AB5EEC08AED
:10929000F1EE10FA03D29FED190AB0EE408A9FED6D
:1092A000180A28EE000AB0EE408A9FED130AC8EEB5
:1092B000000AB0EE608AB6EE000A38EE000AB0EEA0
:1092C000408ABCEEC80A10EE100A84B224B92146C6
:1092D0000C48FBF789FA0BE021460A48FBF784FAB1
:1092E0004FF480710748FBF76DF90648FBF773F9F7
:1092F000BDEC028B10BD0000000004420000000025
:109300000080BB450004004080ED0A0A70474163BD
:10931000704780ED000AC0ED010A80ED021AC0ED31
:10932000031A7047816390ED0E0AB8EE400A80ED93
:109330000A0A704780ED040A7047000070B50546C0
:1093400000242F222046641C10490A543122204652
:10935000641C0A5456222046641C0A54052095FBBE
:10936000F0F6081932460AA1F7F77AF804440D22FC
:109370002046641C05490A5400BF4FF4FA7002F0FD
:109380008BFFFFF7C5FA0028F7D170BDA06E002053
:10939000256400002DE9F04105460E463146284679
:1093A000F9F7A0F9C7B200242F222046641C114906
:1093B0000A5431222046641C0A546F222046641C41
:1093C0000A5407F13000C2B22046641C0A545222EB
:1093D0002046641C0A540D222046641C0A5400BF17
:1093E0004FF4FA7002F058FFFFF792FA0028F7D115
:1093F000BDE8F081A06E002070B5054600242F2244
:109400002046641C11490A5431222046641C0A5427
:109410007E222046641C0A5456222046641C0A54AC
:1094200008192A460AA1F7F71BF804440D22204622
:10943000641C06490A5400BF4FF4FA7002F02CFF76
:10944000FFF766FA0028F7D170BD0000A06E00207B
:109450002564000070B5054600242F222046641CB8
:1094600019490A5431222046641C0A547A222046A3
:10947000641C0A5423222046641C0A5440222046BD
:10948000641C0A5432222046641C0A5439222046A5
:10949000641C0A543D222046641C0A5408192A46BA
:1094A0000AA1F6F7DDFF04440D222046641C06499C
:1094B0000A5400BF4FF4FA7002F0EEFEFFF728FAEC
:1094C0000028F7D170BD0000A06E002025640000C8
:1094D00080ED050A7047000070B536480021C022B3
:1094E000354B5B5C03445B686FF30F031343324CF3
:1094F000645C0444636000BF304B0C46002514B923
:1095000003F14C0500E02E4D2A4600BF2A4B5B5C60
:1095100003449A6000BF274800212A4A264B5B5C1F
:109520000344DA6000BF284A234B5B5C03441B6999
:10953000214C645C0444226100BF00BF1E4A525C9F
:10954000825842F480221C4B5B5CC25000BF00BFBB
:10955000194A525C825842F00102174B5B5CC250C0
:1095600000BF00BF20201349886000BF08460021CB
:10957000114A525C825842F010020F4B5B5CC250A1
:1095800000BF00BF0D48806840F001000B498860B3
:1095900000BF00BF0846806840F08040886000BF80
:1095A0004FF44070896821F440710143034A91608F
:1095B00000BF70BD006402401C0705080020014088
:1095C00008230140FC6F00207C7100202DED088BEA
:1095D0000024FCF7FDFEFCF75BFEF9F7E1FE32200C
:1095E00002F05AFE00224FF480717648F9F70CFA27
:1095F000FFF772FF00BF7448006840F040007249F6
:10960000086000BFF7F7B0F900BF0A2002F044FE7F
:1096100004216E48FFF732FB6D48007800287DD0AA
:109620006A4800886B490880684840886A49088011
:10963000F7F782FC012211036848F9F7E5F90020E9
:10964000634908706348008865490988401A65497C
:1096500009680844634908605F48008862490988CE
:10966000401A62490968084460490860601C84B275
:109670000A2CCAD101205E49096808835B4800684A
:10968000401D0A2190FBF1F05949096848830120E7
:1096900057490968888457480068401D0A21B0FB73
:1096A000F1F053490968C8845348008800282ADD2E
:1096B0004FF4FA715148006802F044FEF0B94E4888
:1096C00040684B490968C98C08444B4948600846C2
:1096D000806847490968498B0844474988600846BB
:1096E0000088401E08804548006802F0B5FE50B171
:1096F00043480068401C4249086004E04048006854
:10970000401C3F4908603A490968488B06F0E6FB6F
:1097100041EC1A0B36490968088B00E030E006F08E
:10972000DDFB41EC1B0B53EC1A2B06F0FFF941EC6F
:10973000190BB0EE490AF0EE690A01F029FBB0EE10
:10974000408AF0EE608A51EC180B06F009F92D49B9
:109750000968C1F880004FF400612048F9F74AF920
:10976000002400201F49086020490860264908603D
:1097700020490860FFF7CCFB2448F7F715FF44E7C2
:109780001248008816490880104840881649088009
:109790001D4800681249098808441B49086015489B
:1097A000006811490988084412490860FCF770FDF7
:1097B00000224FF480510948F9F726F901200449A5
:1097C000087022E70008024000380040E46F0020E3
:1097D000D8020020DE020020E0020020000C02403F
:1097E000DA020020E4020020DC020020E80200206F
:1097F000F8010020F0020020F06F00204C03002050
:10980000D4020020F4010020EC020020D86F0020D8
:1098100010B50446AA200A49087055204870002057
:1098200088700620C8701E200871200A48718C714B
:1098300005210348801CFCF71BFD0149C87110BDC0
:10984000006D002010B50446AA200A490870552072
:109850004870002088700620C8702F200871200AE8
:1098600048718C7105210348801CFCF701FD0149FA
:10987000C87110BD006D00202DE9F04106460D466F
:10988000174606EB460000EBC6000D4901EB00143D
:109890000C48F7F749FB0B48FCF7C8FF00EE105ADD
:1098A000B8EE400A84ED040AC7EB0710800001B24D
:1098B000A18201206080A0802080BDE8F0810000AE
:1098C000286F0020E06E002070B52DED028B04465D
:1098D000B0EE408AB5EEC08AF1EE10FA02D8BDECC7
:1098E000028B70BD1F4800680482002C01DD012539
:1098F00004E0002C02DA0025604204B29FED1A0A4F
:1099000028EE000ADFED190A60EE200A00EE104A88
:10991000B8EEC00A80EE801ABCEEC10A10EE106AE2
:1099200000224FF400411248F9F76EF80020114967
:1099300008702DB9012291030D48F9F765F806E08A
:10994000012D04D10022A9030948F9F75DF8A0B25E
:1099500000F062F831460848006803F007F800BFDD
:10996000BDE70000F80100200000164400007A4422
:10997000000C0240FC010020400300202DE9F041D2
:1099800005460C461646002E01DCBDE8F08125B1E7
:1099900020B219490968088204E0604200B2164901
:1099A000096808824FF4167106FB01F04FF47A71D2
:1099B000484390FBF4F700224FF400410F48F9F7B9
:1099C00023F800200E4908702DB9012291030B489D
:1099D000F9F71AF806E0012D04D10022A90307487F
:1099E000F9F712F8204600F017F8394605480068E4
:1099F00002F0BCFF00BFC8E7F8010020000C0240E5
:109A0000FC0100204003002010B5062200210120A7
:109A1000F8F7EEFA10BD000010B586B00446142128
:109A200001A8F6F7ACFE1E2C00DA1E2441F270707D
:109A3000844200DB04464520ADF80400002002907B
:109A40000F4890FBF4F003900020049001A90D480A
:109A5000FAF7CCFD039948080A49886300BF102033
:109A6000096A0143074A116200BF00BF104600683F
:109A700040F001001146086000BF06B010BD0000B4
:109A8000E86E03000008004000BF0A2002F004FC5A
:109A90004A4800884FF6FF7101EA400047490880B4
:109AA00040214748FAF753FB444909880843434992
:109AB00008800846007800F00300032808D14148D8
:109AC0000068007840F001003E49096808700CE029
:109AD0003A48007800F0030038B93A480068007846
:109AE00000F0FE00374909680870374800884FF6D3
:109AF000FF7101EA4000344908804FF400513348B7
:109B0000FAF725FB3049098808432F4908800846A1
:109B1000007800F00300032808D12A480068007884
:109B200040F002002749096808700CE026480078D8
:109B300000F0030038B923480068007800F0FD0009
:109B40002049096808702248007800289DD02148E3
:109B50000068C08F1F490968898F08440A2190FB5B
:109B6000F1F01D4908601D4800680A301B49086073
:109B700018480068C08F0A2190FBF1F01749096866
:109B8000884202D9F7F77EFA7FE712480068C08F53
:109B90000A2190FBF1F011490968884202D8FCF7CC
:109BA00069FC72E70D4800680B4909688842EBD3ED
:109BB00000200A490860F7F765FA66E70803002005
:109BC00000100240E40100200A03002000080240C7
:109BD000FC020020F4010020000300200403002008
:109BE00001461F48814201D2002070471D48814232
:109BF00001D20120F9E71C48814201D20220F4E79A
:109C00001A48814201D20320EFE71948814201D26C
:109C10000420EAE71748814201D20520E5E716480B
:109C2000814201D20620E0E71448814201D2072098
:109C3000DBE71348814201D20820D6E71148814270
:109C400001D20920D1E71048814201D20A20CCE795
:109C5000B1F1016F01D20B20C7E700BFC5E70000DB
:109C6000004000080080000800C000080000010853
:109C700000000208000004080000060800000808B0
:109C800000000A0800000C0800000E0801460868E1
:109C9000704700002DE9F04387B004460E46174692
:109CA0004FF000090020019000258046B4F1006FBC
:109CB00002D304F0030018B1022007B0BDE8F0831E
:109CC000F8F77EFE254604EB87081E4885421DD224
:109CD00019E02846FFF7DAFF401C78B10020029017
:109CE0002846FFF77DFF0490012005900220069092
:109CF00001A902A8F8F7B8FD08B106E02D1D4CF245
:109D00005030F8F7B3FB4545E3D300BF4CF2503079
:109D1000F8F7ACFB8146B9F1000F0FD10CE0D6F893
:109D200000C06246002321460220F8F7FDFD08B17D
:109D30000120C2E7241D361D4445F0D3F8F7EAFDA3
:109D40000020BAE70000FF1F70B5054605EB45008F
:109D500000EBC5000A4901EB0014A08800EB80016C
:109D600004F1100000EB8100A0F114060020F08146
:109D700020800021284600F033FBF7F741F970BD41
:109D8000286F002010B500F00FF80248006802F0BC
:109D90000BFE10BD4003002010B50248006802F021
:109DA00003FE10BD4803002010B50122D10309486D
:109DB000F8F72AFE10200849096A8143064A116211
:109DC00000BF00BF1046006820F001001146086087
:109DD00000BF10BD000C02400008004070B50546F1
:109DE00005EB450000EBC500074901EB00142846D0
:109DF000FFF7AAFF0548F7F797F800206080A080DA
:109E00002080FFF74FF970BD286F0020E06E002022
:109E100010B51248006802F0C7FD05F03BFA104982
:109E20000860084600680F490968401A0C49086034
:109E30000846006800F5FA700860084600684FF4AC
:109E40007A71B0FBF1F006490860084600880649BF
:109E500009688885FFF704F910BD00004803002059
:109E6000380200203C020020F801002010B5142226
:109E700000210120FCF71CF810BD000070B505465C
:109E800000242F222046641C15490A543122204602
:109E9000641C0A5441222046641C0A5442F6E060C5
:109EA000684340F6C41190FBF1F60D49081932469B
:109EB0000CA1F6F7D5FA044452222046641C084946
:109EC0000A540D222046641C0A5400BF4FF4FA7055
:109ED00002F0E2F9FEF71CFD0028F7D170BD00008A
:109EE000A06E00202564000010B500242F2220461B
:109EF000641C12490A5431222046641C0A5441222F
:109F00002046641C0A54081942F6E0620CA1F6F7D8
:109F1000A7FA044452222046641C08490A540D2220
:109F20002046641C0A5400BF4FF4FA7002F0B4F9E2
:109F3000FEF7EEFC0028F7D110BD0000A06E002057
:109F40002564000070B5054600242F222046641CBD
:109F500015490A5431222046641C0A5444222046E2
:109F6000641C0A5442F6E060684340F6C41190FB5A
:109F7000F1F60D49081932460CA1F6F771FA0444BE
:109F800052222046641C08490A540D222046641CB3
:109F90000A5400BF4FF4FA7002F07EF9FEF7B8FCE5
:109FA0000028F7D170BD0000A06E002025640000DD
:109FB00010B54FF0E020006905F05CF9012801D0F0
:109FC00004F0A8F910BD000010B53848016821F070
:109FD000070141F005010160016801F00701052951
:109FE000FAD1334B186840F480401860314801685A
:109FF00041F4803101600168C1F340410029FAD089
:10A000002D490A6842F001020A600A68C2F3400260
:10A01000002AFAD0196841F48071196027490A684A
:10A0200042F001020A600A68C2F34002002AFAD034
:10A030002449234A0B68DFF890C003EA0C031A4353
:10A040000A600A6822F440320A60016841F08071B7
:10A0500001600168C1F340610029FAD01B48016822
:10A0600021F0F0010160016821F4E05141F4A051B8
:10A070000160016821F4604141F400410160016820
:10A0800021F0030141F002010160016801F00C01BF
:10A090000829FAD10E48FAF78FFA0F20F8F7EAFCF0
:10A0A000002801D0F7F730FF10BD0000003C02404F
:10A0B000007000400038024074380240703802409E
:10A0C00008544000043802400080BFFF08380240B6
:10A0D000007A030A0448016841F4700101600449F0
:10A0E000024808607047000088ED00E000000408A6
:10A0F00008ED00E000F008B8704700000148F8F7EC
:10A1000052BE0000B477002010B5024800688047B6
:10A1100010BD0000B800002010B50268294B98421D
:10A120000ED0B0F1804F0BD0274B984208D0274B70
:10A13000984205D0264B984202D0264B984203D134
:10A1400022F070024B681A431E4B984220D0B0F1A7
:10A15000804F1DD01C4B98421AD01C4B984217D0F0
:10A160001B4B984214D01B4B984211D01A4B98426B
:10A170000ED01A4B98420BD0194B984208D0194B6D
:10A18000984205D0184B984202D0184B984203D100
:10A1900022F44072CB681A4322F080034C6943EAF0
:10A1A000040202608B68C3620B688362054B9842AD
:10A1B00002D0084B984201D10B690363012343612C
:10A1C00010BD0000000001400004004000080040F5
:10A1D000000C0040000401400040014000440140E8
:10A1E0000048014000180040001C004000200040D2
:10A1F0002B480068D0ED261AB0EE611A2848006896
:10A20000D0ED251AF0EE610A25480068D0ED241A39
:10A21000B0EE610ADFED231A2348FFF77AF82048F1
:10A220000068C18C2048FFF772F800211E48FFF734
:10A2300079F89FED1C0A1C48FFF74AF99FED190AAF
:10A240001948FFF761F89FED170A1748FFF772F8F2
:10A250001548FCF7EBFA0021084600F0C1F8002091
:10A260000BE01249096800EB400202EBC002104B00
:10A2700003EB0212D160411CC8B20128F1DB00BF20
:10A28000642002F009F80020F8F748FA094880ED48
:10A29000000A90ED000A002000F00EF8F0E7000040
:10A2A000F401002000000000E06E002044030020C4
:10A2B000286F0020BC0200202DE9F0412DED028B1B
:10A2C0000746B0EE408A07EB470000EBC7003F4966
:10A2D00001EB0014208820B1012803D0022870D19E
:10A2E0003EE06FE03A480068D0ED261AB0EE611A01
:10A2F00037480068D0ED251AF0EE610A344800684E
:10A30000D0ED241AB0EE610ADFED321A3248FFF7C1
:10A3100000F86088082802DC6088002805DC00203E
:10A320002080BDEC028BBDE8F081A0886188884266
:10A3300002DCA088002802DC00202080F1E7022057
:10A340002080A08800EB800104F1100000EB810068
:10A35000A0F114060120F08120490968488231E00B
:10A36000B0EE480A2146384600F05EF80546D5B9F9
:10A37000A088401C80B2A080618888420EDCA08842
:10A3800000EB800104F1100000EB8100A0F1140645
:10A390000120F08111490968488210E000202080E6
:10A3A000FEF780FE0BE0FF2D00D1BAE7FE2D03D1B2
:10A3B0000020FEF777FE02E0E5800020208001E02B
:10A3C000FFE700BF00BF00BFABE70000286F002021
:10A3D000F401002000000000E06E0020F8010020E1
:10A3E00010B510B1012819D117E00E4A1268D181B9
:10A3F00000BF4FF08042516300BF012293071B6AE8
:10A4000013439407236200BF00BF9207126842F013
:10A41000010223461A6000BF01E000E000BF00BF58
:10A4200010BD0000F801002070B52DED028B06462E
:10A430000D46B0EE408AA88800EB800105F11000BF
:10A4400000EB8100A0F11404E08907287ED2DFE848
:10A4500000F0040537CCFCFBFA008EE1BCEEC80A24
:10A4600010EE100A6081BCEEC80A10EE100AC44952
:10A470000968A1F8480004F00DFF206194ED000A7E
:10A48000F3EE090AB4EEE00AF1EE10FA03D8012067
:10A49000BDEC028B70BD94ED000AB4EEC80AF1EE7B
:10A4A00010FA07D2FBF75CFF0320E081B549096889
:10A4B000488204E00220E081B249096848825CE1F8
:10A4C000B1EE040A38EE000AD4ED000AB4EEE00A58
:10A4D000F1EE10FA40DBF6F793FDB4F90400002822
:10A4E0001CDD00202881A2884FF47A7312FB03F14F
:10A4F000E86802F03BFA0620E081A2490968488238
:10A5000004F0C8FE206194ED000AF0EE400AB0EEBF
:10A51000480A304600F040F9FF20B9E7A08820B98A
:10A520003046FFF711FC0020B2E70020288106200A
:10A53000E08194490968488204F0ACFE206194ED02
:10A54000000AF0EE400AB0EE480A00E014E130469E
:10A5500000F022F9FE209BE794ED000AF0EE400A9D
:10A56000B0EE480A304600F017F904F093FE864931
:10A57000086020690968081A83490860084600686D
:10A580004FF47A71B0FBF1F07F490860084600880B
:10A590002081084600887A490968A1F84A007A486B
:10A5A0000068782820D3D4ED000A608900EE100AF4
:10A5B000B8EE400A30EEC00ADFED740A60EE200A01
:10A5C00000EE100AB8EE400A38EE400AF4EEC00A77
:10A5D000F1EE10FA08DD3046FFF7B6FB1E206949A0
:10A5E00009688880012053E7C7E094ED000ADFED99
:10A5F000680A78EE600AB4EEE00AF1EE10FA41DB88
:10A60000F6F7FEFCB4F9040000281FDD00202881C5
:10A61000A2884FF47A7312FB03F1E86802F0A6F9FE
:10A620000620E08157490968488204F033FE206122
:10A6300094ED000AF0EE400AB0EE480A304600F011
:10A64000ABF8FF2024E75EE05CE05AE0A08820B988
:10A650003046FFF779FB00201AE70020288106200A
:10A66000E08148490968488204F014FE206194EDB5
:10A67000000AF0EE400AB0EE480A304600F08CF8CE
:10A68000FE2005E704F006FE3F49086020690968DE
:10A69000081A3D490860084600684FF47A71B0FB1B
:10A6A000F1F0394908600846008820810846008892
:10A6B00033490968A1F84A003348006878281FD355
:10A6C000608900EE100AB8EE400AD4ED000A30EEC0
:10A6D000600ADFED2E0A60EE200A00EE100AB8EEE6
:10A6E000400A30EE480AF4EEC00AF1EE10FA07DD37
:10A6F000F6F786FC20202349096888800220C7E6F7
:10A700003BE03AE039E094ED000AF0EE400AB0EEAA
:10A71000480A304600F040F804F0BCFD1A490860D1
:10A7200020690968081A18490860084600684FF44B
:10A730007A71B0FBF1F01449086008460088E080A7
:10A74000084600880E490968A1F84C0028890128AC
:10A7500011D110480088A0810E4800880849096876
:10A76000A1F84E003046FFF7EFFA0020E0810549DE
:10A77000096848828CE600E000BF00BFFF2087E642
:10A78000F4010020F8010020D0020020CDCC4C3E86
:10A7900000000000C002002010B52DED028B044621
:10A7A000B0EE408AF0EE608A9FED1A0AB4EEC08ADD
:10A7B000F1EE10FA04DCB5EEC08AF1EE10FA03D225
:10A7C00000212046FFF70CFE134890ED050AB4EE79
:10A7D000680AF1EE10FA03D0C0ED058AFCF726F8FE
:10A7E0000E4890ED000A0C48FBF736FF0C49088034
:10A7F000084600884EF66021884202DD0846084976
:10A800000880074801882046FFF7EAFDBDEC028B6F
:10A8100010BD000000007A43E06E0020BC02002062
:10A82000C002002070B50546284602F011FF04461C
:10A8300014B1D4E90010884770BD2DE9F05F0546DA
:10A840000E4692469B46DDE90A4940F6C41094FB49
:10A85000F0F087B240F6C41094FBF0F100FB114019
:10A860001FFA80F80FE031462846FEF793FD40F6C8
:10A87000C410FFF703FB1F212846FEF78BFD40F6AF
:10A88000C410FFF75FFB381EA7F101018FB2EAD1B8
:10A8900031462846FEF77EFD4046FFF7EFFA1F21BE
:10A8A0002846FEF777FD4046FFF74CFB0020BDE849
:10A8B000F09F2DE9FF4F81B0814616461F46DDE926
:10A8C0000E850024032098FBF0F000F0FF0A03201F
:10A8D00098FBF0F100FB118000F0FF0B3CE001223F
:10A8E0004FF44871484600F0F9F910B92920FEF7F5
:10A8F000C3FA01233A46009548460299F7F7D0F883
:10A90000044654B94FF47A7001F0C6FC12233A465B
:10A9100031464846FDF7D8FF1EE009234FF4487240
:10A9200003214846FEF7B0FB01233A46009548460E
:10A930000299F7F7B5F8044654B94FF47A7001F06C
:10A94000ABFC12233A4631464846FDF7BDFF03E013
:10A95000204605B0BDE8F08FBBF10000ABF101016E
:10A9600001F0FF0BBBD13AE003224FF44871484697
:10A9700000F0B4F910B92A20FEF77EFA03233A4614
:10A98000009548460299F7F78BF8044654B94FF4FE
:10A990007A7001F081FC12233A4631464846FDF7B1
:10A9A00093FF1CE009234FF4487203214846FEF749
:10A9B0006BFB03233A46009548460299F7F770F877
:10A9C000044654B94FF47A7001F066FC12233A46FB
:10A9D00031464846FDF778FF01E02046B9E7BAF175
:10A9E0000000AAF1010101F0FF0ABDD12046B0E745
:10A9F00010B50E4C20680168C1F34011002904D045
:10AA00006FF02001016002F05DFD2068C168C1F3B4
:10AA1000C011002908D00068C0F3C010002803D07E
:10AA2000BDE8104002F056BD10BD000084000020BB
:10AA300038B5154C20680168C1F30011002905D014
:10AA4000016800914068009000F09AF82068016861
:10AA5000C1F3C011002915D001680091416800912F
:10AA60000C3050E8001F21F0400140E80012002A9D
:10AA7000F7D1064C012211032046F7F7C5FF4FF02E
:10AA80008061A16138BD00006C020020000C024012
:10AA900038B5104C20680168C1F30011002905D0B9
:10AAA0000168009140680090F7F742FB2068016858
:10AAB000C1F3C01100290CD00168009141680091D8
:10AAC0000C3050E8001F21F0400140E80012002A3D
:10AAD000F7D138BD8C02002010B52549086800BFA9
:10AAE00000BF00BF00F10C0252E8002F42F010013D
:10AAF00000F10C0242E80013002BF3D100BF00BFAD
:10AB00001B49086800BF00BF00BF00F1140252E8F3
:10AB1000002F42F0400100F1140242E80013002B24
:10AB2000F3D100BF00BF12480268121D0121114875
:10AB3000F9F758FA104A01210E48F9F743FA4FF491
:10AB4000807201210B48F9F71DFA01210948F9F734
:10AB5000D1F901210748F9F7E5F901210548F9F78D
:10AB6000F9F964210548006801F09EFC10BD000061
:10AB70006C02002000600240006400205C030020A2
:10AB800008B516480121164A525C825822F001028B
:10AB9000134B5B5CC25000BF00BF114A525C0244C1
:10ABA000526892B2C2F580700E4908800E48006863
:10ABB00001F016FD4FF4807201210848F9F7E2F91F
:10ABC0000A4908680168009100BF4168009100BF10
:10ABD00000BF01210148F9F7BDF908BD006002403E
:10ABE000C6060508700200205C0300206C020020ED
:10ABF00008B54FF4CB7019490968488000200090CF
:10AC0000174800684088642200FB02F3144800687B
:10AC100001790322002000F059FE00224FF48071D8
:10AC20001048F7F7F1FE00F04FFB00BF4FF4FA7148
:10AC30000D48006801F038FC48B900F0B7FE0B4839
:10AC4000007820B1FDF716FF00200849087000BF0A
:10AC50004AF6AA200649086000BFE7E7F80100208D
:10AC6000F401002000080240540300209C02002050
:10AC7000003000402DE9F04105460027012415E091
:10AC8000002715F8016B0DE006F0010018B1E0B2E5
:10AC9000FBF70CFC02E0E0B2F6F710FA7610641C49
:10ACA000781CC7B2402C01D8082FEDDB402CE7D927
:10ACB000BDE8F081FEE7000070B504464EF6602066
:10ACC00004FB00F10448006801F0EEFB05460DB9F5
:10ACD000002070BD2820FCE760030020034601200F
:10ACE00070472DE9F04105460E4617460024002323
:10ACF0003A4631462846F5F78DFF04465CB90623EF
:10AD00004FF4487202212846FEF7BEF90321284677
:10AD1000FBF795FD0DE02046FEF7AEF803234FF458
:10AD2000167219462846FEF7AFF903212846FBF7AD
:10AD300086FD2046BDE8F08102480068C0F302208D
:10AD4000704700000CED00E010B5002804DB0A0796
:10AD5000130E054A135406E00A07140E034A00F0C6
:10AD60000F031B1FD45410BD00E400E018ED00E0F9
:10AD7000EFF3058070472DED020B019820F00040A5
:10AD800001909DED000B02B0704700000000000034
:10AD900070B5D94B00242DED020B2DED108BDDE9A4
:10ADA0001010984205DA20F000429A4201D809D1E9
:10ADB00041B19DED100BBDEC108B02B0BDE87040B1
:10ADC00000F05EBAB0F5801F26DA11430BD00028E0
:10ADD00013DA0120F5F702FDBDEC108B02B0BDE8DF
:10ADE000704000F059BA0220F5F7F8FC00F030FA94
:10ADF00051EC100B04F0A7FD9EE06FF035049FEDC1
:10AE0000C00B53EC102B9DED100B51EC100B05F00B
:10AE1000B5F8CDE91001084604EB2051C0F3130446
:10AE2000B948A1F2FF31204400F4801080F07F6225
:10AE300082F04052224301EB20559FEDB50B119259
:10AE400053EC102B9DED100B51EC100B05F0D6F9C7
:10AE500041EC180BA01CC0F313009FEDAFDB9FED7E
:10AE6000B0EBB14E7E4403286CD296ED000B51EC52
:10AE7000180B53EC102B04F0B1FF1DD1002D01BFB6
:10AE800096ED000BBDEC108B02B070BD284605F0AE
:10AE90000EF841EC180B53EC1D2B05F06FF841EC4C
:10AEA000190B53EC1E2B51EC180B05F067F853EC03
:10AEB000192B04F087FD3FE09FED9D0B51EC180B23
:10AEC00053EC102B05F05AF89FED9B1B53EC112B04
:10AED00005F088F941EC190B53EC182B51EC180BC9
:10AEE00005F04CF853EC192B05F048F841EC190B20
:10AEF000002D04BF53EC192B51EC180B1AD0284627
:10AF000004F0D5FF41EC1A0B53EC1D2B05F036F87D
:10AF100053EC192B05F066F953EC182B05F06EF97C
:10AF200041EC180B53EC1E2B51EC1A0B05F026F8D4
:10AF300053EC182B05F062F9BDEC108B02B041EC1C
:10AF4000100B70BD9FED7E0B51EC180B53EC102BCA
:10AF500004F038FD41EC100B51EC180B53EC102BA6
:10AF600004F0E4FD41EC190B284604F0A0FF41EC8D
:10AF70001B0B53EC192B51EC190B04F0FFFF41ECA8
:10AF80001A0B714853EC1A2B261851EC1A0B04F0CB
:10AF9000F5FF41EC1F0B6D48C4F1510404F5D724B3
:10AFA000B0EE4F0AF0EE6F0A0321784400F0D2F8B9
:10AFB00053EC1F2B51EC100B04F0E0FF41EC1C0B89
:10AFC0006348B0EE4F0AF0EE6F0A0421784400F0B7
:10AFD000C1F853EC1A2B51EC100B04F0CFFF3443A3
:10AFE00053EC1C2B04F0EEFC41EC1C0B002C4CDD54
:10AFF0009FED510B51EC180B53EC102B04F0BEFFDE
:10B0000053EC182B04F0BAFF41EC1A0B55B353EC78
:10B010001D2B51EC1B0B04F0B1FF41EC1D0B53EC4D
:10B020001C2B51EC1A0B04F0CDFC53EC192B04F043
:10B03000A5FF53EC1D2B04F0C5FC53EC1A2B05F0B7
:10B04000D1F853EC182B05F0D9F841EC180B53EC60
:10B050001E2B51EC1B0B04F091FF53EC182B05F049
:10B06000CDF869E753EC1C2B51EC1A0B04F0AAFC49
:10B0700053EC192B04F082FF53EC1A2B05F0B2F8B5
:10B0800053EC182B05F0AEF856E735B353EC1D2BF7
:10B0900051EC1B0B04F072FF41EC1A0B53EC1C2B10
:10B0A00051EC180B05F0AAF853EC192B04F066FFCD
:10B0B00053EC1A2B05F0A2F853EC182B05F09EF870
:10B0C00041EC180B53EC1E2B51EC1B0B04F056FFFC
:10B0D00053EC182B05F092F82EE753EC1C2B51EC97
:10B0E000180B05F08BF853EC192B04F047FF53ECC9
:10B0F000182B05F077F81FE70000F07F0000000034
:10B100000000000000005043645F090000000000E0
:10B11000000000000000F03F763C7935EF39EA3D51
:10B120000000E0FE422EE63F006800000000000044
:10B13000555555555555D53F000000000000E03FDE
:10B14000000000000000004086EBF9FF826600006E
:10B150007866000070B504462DED028B4D1E00EBA5
:10B16000C500B0EE408AF0EE608A90ED000B35F03D
:10B17000060017D053EC182B51EC100B04F0FEFE18
:10B1800041EC100B6D1E04EBC50090ED001B51EC63
:10B19000100B53EC112B04F015FC41EC100B35F0A7
:10B1A0000600E7D1022D36D0042D1CD0062D1CBF81
:10B1B000BDEC028B70BD53EC182B51EC100B04F05E
:10B1C000DDFE94ED0A1B53EC112B04F0FBFB53EC5A
:10B1D000182B04F0D3FE94ED081B53EC112B04F054
:10B1E000F1FB41EC100B53EC182B51EC100B04F05D
:10B1F000C5FE94ED061B53EC112B04F0E3FB53EC5E
:10B20000182B04F0BBFE94ED040B53EC102B04F050
:10B21000D9FB41EC100B53EC182B51EC100B04F044
:10B22000ADFE94ED021B53EC112B04F0CBFB53EC61
:10B23000182B04F0A3FE94ED001B53EC112B04F02B
:10B24000C1FBBDEC028B41EC100B70BD0000000097
:10B250009FED070B10B553EC102B9FED070B51EC36
:10B26000100B04F063FC41EC100B10BD000000005B
:10B270000000000000000000000000000000F03F9F
:10B2800010B553EC102B51EC100B04F09BFB41EC70
:10B29000100B10BD000000009FED050B10B553EC26
:10B2A000102B51EC100B04F041FC41EC100B10BDC5
:10B2B000000000000000000030380A2801D2012000
:10B2C000704700207047704710B50024064800788A
:10B2D000012806D10548006880470020024908700F
:10B2E00000E00624204610BD9A000020A0000020A7
:10B2F0002DE9F04705460C464FF0000A2088042847
:10B3000032D168784FEA0028A87840EA080808F1A6
:10B3100001001FFA80F8EE78012E22DB802E20DC5F
:10B320002F4600202080662007F8010B2088401C53
:10B33000208007F8016B2088401C208000233246C3
:10B340004146384600F0A0FC8146B9F1000F04D018
:10B35000484602F0A5F8824608E020883044208064
:10B3600004E04FF0030A01E04FF0030A5046BDE845
:10B37000F0872DE9F05F06460D464FF0000B288858
:10B38000052848D170784FEA0029B07840EA0909C9
:10B3900009F101001FFA80F9F078040230790443C2
:10B3A000012C35DBB4F5FA6F32DA374600202880FD
:10B3B000012007F8010B2888401C288004F00700B2
:10B3C00040B12046E11704EB5171C910491C01F04E
:10B3D000FF0805E02046E11704EB5171C1F3C708EF
:10B3E00007F8018B2888401C288000232246494604
:10B3F000384600F07BFC8246BAF1000F04D050467C
:10B4000002F04EF8834608E028884044288004E093
:10B410004FF0030B01E04FF0030B5846BDE8F09FDF
:10B420002DE9F05F06460D464FF0000B28880528F1
:10B4300047D170784FEA0029B07840EA090909F14C
:10B4400001001FFA80F9F078040230790443012CDE
:10B4500034DBB4F5FA6F31DA374600202880022059
:10B4600007F8010B2888401C288004F0070040B131
:10B470002046E11704EB5171C910491C01F0FF0887
:10B4800005E02046E11704EB5171C1F3C70807F846
:10B49000018B2888401C288022464946384600F007
:10B4A000BDFC8246BAF1000F04D0504601F0F8FF0F
:10B4B000834608E028884044288004E04FF0030BCE
:10B4C00001E04FF0030B5846BDE8F09F2DE9F0472F
:10B4D00005460C464FF0000A2088052837D16878C9
:10B4E0004FEA0028A87840EA080808F101001FFA8E
:10B4F00080F8E87806022E79012E25DB7D2E23DCEC
:10B500002F4600202080032007F8010B2088401CD4
:10B5100020807006000E07F8010B2088401C208058
:10B52000002332464146384600F0CAFC8146B9F154
:10B53000000F04D0484601F0B3FF824609E020889E
:10B5400000EB4600208004E04FF0030A01E04FF0DA
:10B55000030A5046BDE8F0872DE9F04705460C4642
:10B560004FF0000A2088052837D168784FEA002874
:10B57000A87840EA080808F101001FFA80F8E87886
:10B58000060228790643012E24DB7D2E22DA2F467F
:10B5900000202080042007F8010B2088401C208018
:10B5A0007006000E07F8010B2088401C20803246F0
:10B5B0004146384600F0D8FC8146B9F1000F04D06E
:10B5C000484601F06DFF824609E0208800EB460006
:10B5D000208004E04FF0030A01E04FF0030A5046D8
:10B5E000BDE8F0872DE9FC5F04460D460020009081
:10B5F00028880A2855DB60784FEA002AA07840EABC
:10B600000A0AE07806022079064360794FEA002BA7
:10B61000A07940EA0B0BE0790702207A0743607AB1
:10B620000190012E3BDB7D2E39DC012F37DB792F9A
:10B6300035DC79000198814231D101233A465946DF
:10B6400004F10A0000F03CFC8146B9F1000F1ED164
:10B65000A04600202880172008F8010B2888401CED
:10B6600028807006000E08F8010B2888401C2880EE
:10B67000002332465146404600F022FC8146B9F193
:10B68000000F04D12888022101FB06002880B9F1AF
:10B69000000F06D0484601F003FF009001E00320B0
:10B6A00000900098BDE8FC9F70B505460C46064822
:10B6B00002880649681CF4F7C1FF03480088401C53
:10B6C0002080002070BD0000880000204C4C00202D
:10B6D0002DE9F04704460D464FF00009288804285C
:10B6E00017DB60780602A0780643701C86B294F8D7
:10B6F0000380012342463146201D00F0C5FA07466B
:10B7000027B1384601F0CCFE814604E004202880B1
:10B7100001E04FF003094846BDE8F0872DE9F84302
:10B7200004460F464FF000083888052829D1607874
:10B730000502A0780543681C85B22079F0B9E0784D
:10B74000FF2801D0E078C8B900208DF80100E0782A
:10B75000FF2803D101208DF8000002E000208DF8C1
:10B76000000001231A462946684600F0BFFA064643
:10B770004EB1304601F094FE804604E04FF00308DD
:10B7800001E04FF003084046BDE8F8832DE9F041A1
:10B7900004460F464FF000083888052812D160781B
:10B7A0000502A0780543681C85B201231A46294684
:10B7B000E01C00F085FB064636B1304601F070FE15
:10B7C000804601E04FF003084046BDE8F0812DE9D6
:10B7D000F05F05460E464FF0000B3088052839DD36
:10B7E00068780702A8780743781C87B2E8780402D3
:10B7F0002879044395F805A004F0070040B12046DD
:10B80000E11704EB5171C910491C01F0FF0805E074
:10B810002046E11704EB5171C1F3C708012C16DB78
:10B82000B4F5F66F13DCD04511D101232246394619
:10B83000A81D00F05BFA8146B9F1000F04D048461C
:10B8400001F02EFE834607E00520308004E04FF033
:10B85000030B01E04FF0030B5846BDE8F09F2DE9C4
:10B86000F04704460E464FF0000A3088062828DBD1
:10B8700060780702A0780743781C87B2E078050259
:10B880002079054394F80590012D17DB782D15DC00
:10B890006806000E484511D101232A463946A01DED
:10B8A00000F00EFB8046B8F1000F04D0404601F0D6
:10B8B000F7FD824607E00520308004E04FF0030AE0
:10B8C00001E04FF0030A5046BDE8F0872DE9F0474C
:10B8D00005460C4616461F46DDF820904FF000083E
:10B8E0001CB1012C01DBF72C02DD4FF0020835E022
:10B8F0001C48047005BB1C481C4908601C481D49B5
:10B9000008601D481D4908601D481E490860002048
:10B910001D4908601D481E4908601E481E490860F0
:10B920001E481F4908604B463A4631460D4800788C
:10B9300000F0E4F8804602E04FF0020800BF00BFCC
:10B94000B8F1000F0AD102F079FA10B94FF00308EC
:10B9500004E0144805700120134908704046BDE812
:10B96000F0870000980000204DBC0408A0000020D3
:10B9700071BC0408A4000020BDBB04089C0000208A
:10B9800055BB0408A8000020AC000020E9DF040833
:10B99000B0000020B1E00408B400002071E0040809
:10B9A000B8000020990000209A00002038B500253A
:10B9B0004848007808B1062038BD684602F02CFAE5
:10B9C000012876D19DF8000030B1012805D0022869
:10B9D0001CD003287AD178E078E03F4A3F494048BC
:10B9E000404B1B68984705467DB93D4800783E4965
:10B9F0000978884206D03A48007818B1384800786B
:10BA0000FF2802D1022002F021FA5FE033480068EB
:10BA1000007836490870012035490870002417E085
:10BA2000344810F8340000B914E0324810F83400FB
:10BA30002E49097888420AD12E4800EBC4002649D5
:10BA400042682648006890472949087002E0641C53
:10BA5000102CE5DB00BF2248007848B3244800786A
:10BA6000C8B100201C4908802048007840F08001BF
:10BA7000194802880088401C174B18801748006836
:10BA800081541B480178184602880088401C1880A1
:10BA900012480068815412480078FF280AD10E48E5
:10BAA00002880E480168FF20134B1B689847054623
:10BAB0000AE00CE008480288084801680A48007853
:10BAC0000D4B1B689847054600E000BF00BF0020F3
:10BAD00072E700009A0000204A0100204401002083
:10BAE00048010020A8000020980000204901002003
:10BAF0004C010020C40000209C0000202DE9F047EC
:10BB000081460E4614461F464FF00008F6F7DFF94F
:10BB10003B4608222146304602F0B6F9012802D001
:10BB20004FF003080FE0B4F5964F01D9232503E049
:10BB300060000749B1FBF0F5A8B202F033FA012822
:10BB400001D04FF00308F6F769FB4046BDE8F087E7
:10BB500040FCEA002DE9F04105460E461446002758
:10BB6000F6F7B5F91248008804281BDB1048018855
:10BB7000104801F099FDA8B90E48007828700C48CB
:10BB80000088C01E2080002005E00A4A411C525C4B
:10BB9000094B5A54401C21888142F6DC0648401C5F
:10BBA000306000E00527F6F739FB3846BDE8F08144
:10BBB000960000206C4C00206C4D00202DE9F041D7
:10BBC00005460E4617464FF00008F6F780F91B4869
:10BBD000007801282BD1701E1949086001201949ED
:10BBE00008801748006805700846008838440880B7
:10BBF000084601881248006801F056FD04461149C4
:10BC00000888411C0F4B19800D4909680C542212F9
:10BC100019460888411C1980094909680A540120FD
:10BC2000094908700121002001F0BCFD01E04FF03E
:10BC30000508F6F7F3FA4046BDE8F0818D000020D4
:10BC400090000020940000208C00002010B5F6F732
:10BC50003EF90020054908700021012001F0A2FDF5
:10BC600001F0DEFDF6F7DAFA10BD00008D000020CD
:10BC700010B5F6F72CF90021084601F093FD01F00C
:10BC8000B9FDF6F7CBFA10BDF0B504461E4600200C
:10BC90000023012924DB082922DC124F3F88CD1B19
:10BCA00016B1012E1BD10CE008E00F4F07EBC517B2
:10BCB000FF5C04F8017B5B1C571EFAB2002AF4DC1F
:10BCC0000DE00AE014F8017BDFF81CC00CEBC51C8A
:10BCD0000CF803705B1C571EFAB2002AF2DC00E07D
:10BCE0000120F0BD560100206C4E00202DE9F05FD0
:10BCF00005460E4614469A464FF0000B2046E117C3
:10BD000004EB5171C91001F10109012E78DB3019E2
:10BD1000412875DC3D490988701AC11700EB517143
:10BD2000CF103A490988701AC11700EB5171C91038
:10BD3000A0EBC108BAF1000F03D0BAF1010F5DD139
:10BD400025E00DE01FFA88F13A467F1C304B1B6856
:10BD5000D018082202F0E4F905F8010BA9F1010955
:10BD6000B9F1000FEEDC6D1E2046E11704EB5171B6
:10BD7000C910A4EBC1018CB22878C4F10801884035
:10BD800028702878C4F108010841287036E010E0D6
:10BD900015F8013B1FFA88F13A467F1CDFF870C0A6
:10BDA000DCF800C002EB0C00082202F0CEF9A9F189
:10BDB0000109B9F1010FEBDC2046E11704EB5171E9
:10BDC000C910A4EBC1018CB215F8013BE2B21FFA15
:10BDD00088F1BC467F1CDFF838E0DEF800E00CEBB1
:10BDE0000E0002F0B2F90B48007838B90120094979
:10BDF000087002210848006800F064FC02E0FFE7D8
:10BE00004FF0010B5846BDE8F09F000050010020A4
:10BE1000E8010020A8020020340300202DE9F047AB
:10BE200005460E4614464FF0000A2046E11704EB83
:10BE30005171C91001F10109012E38DB3019212897
:10BE400035DC1D490988701AC11700EB5171CF10FC
:10BE500019490988701AC11700EB5171C910A0EB7C
:10BE6000C1080DE01FFA88F13A467F1C134B1B688E
:10BE7000D018082202F054F905F8010BA9F10109C4
:10BE8000B9F1000FEEDC6D1E2046E11704EB517195
:10BE9000C910A4EBC1018CB22878C4F10801884014
:10BEA00028702878C4F108010841287001E04FF09B
:10BEB000010A5046BDE8F0874E010020E401002051
:10BEC000F0B504460D460020012D45DBAE18812E4D
:10BED00042DC224E3688A91B13B1012B3BD113E063
:10BEE0000FE01F4E366836F81160361204F8016B09
:10BEF0001B4E366816F8116004F8016B491C561E7B
:10BF0000B2B2002AEDDC26E023E014F8017B3E0209
:10BF1000134F3F6827F8116014F8016B104F3F680A
:10BF200037F811703E430E4F3F6827F8116019B97A
:10BF300001260C4F3E7009E0002907DD0A2905DAC9
:10BF4000074F3F6839800126064F3E70491C561E38
:10BF5000B2B2002AD9DC00E00120F0BD540100207B
:10BF6000EC0100209C02002030B50346002001298E
:10BF700019DB8D18412D16DC0C4D2D884C1B0FE064
:10BF80000B4D2D6835F814502D1203F8015B084D48
:10BF90002D6815F8145003F8015B641C551EAAB2F5
:10BFA000002AEDDC00E0012030BD0000520100203D
:10BFB000F00100202DE9F0412DED028B05460E46E3
:10BFC00014467F490E8000207E4908707E49088013
:10BFD0007E4908807E4908607E4908707E49086075
:10BFE0001E27601E84B224B97C4800887C490880E2
:10BFF00004E001247B480088794908807A48006879
:10C00000B0F856007649098848434FF47A7190FB9E
:10C01000F1F07649088074480068B0F8580070491B
:10C02000098848434FF47A7190FBF1F07049088019
:10C030006D480068B0F85A006949098848434FF4D0
:10C040007A7190FBF1F06B4908804FF47A7000F040
:10C0500023F900BF0A2000F01FF9674800681C3070
:10C0600030F814006549088059480068401C584958
:10C0700008605848007810B1012875D11BE000EE27
:10C08000105AB8EE400AF2EE040A80EE201AB0EE22
:10C09000418AB0EE480A4A48008800B2FDF714FC15
:10C0A00001204C4908700020484908805449088004
:10C0B0004949086059E0514800884D49098888423B
:10C0C00021DB4F480088002804DD00204C4908800F
:10C0D000414908603D480088401C3C4908803E4872
:10C0E00000684649098808443B4908603748008889
:10C0F000B84237DB322000F0CFF8FDF743FE0120D5
:10C10000304908702EE03D48008838490988884247
:10C1100021DC3B480088401C394908802B480088B6
:10C12000002804DD0020294908802B4908602A489E
:10C130000068324909880844274908603048008867
:10C14000B8420FDB322000F0A7F8FDF71BFE0120FC
:10C150001C49087006E000201C4908802849088016
:10C160001D49086001E0FFE700BF00BF23480088C9
:10C17000244908802448007820B912480078002813
:10C180003FF468AF2048007870B1FDF70DFE1F48FE
:10C19000006800F009FC4FF4FA7000F07DF801200F
:10C1A000BDEC028BBDE8F0810648007828B14FF461
:10C1B000FA7000F071F80020F2E70020F0E70000CC
:10C1C0002002002019020020FE01002000020020B1
:10C1D00014020020100200201C0200201E03002078
:10C1E0000402002020030020F40100200C020020A3
:10C1F0000A0200200E020020F801002006020020A2
:10C200000202002008020020FC0100204003002060
:10C21000F6F712FCFDF7D8FEF8F70EFEF8F7FEFE73
:10C22000F8F7B0FCF8F7C4FDF9F768FAF9F752FB34
:10C23000F9F7D0FAF9F782F8F9F76CF9F9F7F8FAA3
:10C24000F9F720F9F9F7CCF8F9F7CEF9F8F7D8FFB4
:10C25000F9F7B4FBF8F7F0FDF9F7B2FCF8F7B4FF23
:10C260000A48016841F0807101600948F8F7C0FA96
:10C27000012211020748F6F7C7FBF7F7BFF900F0F4
:10C280001BF8F8F747FE00F02DF8FEE7743802407F
:10C29000001001400008024070B50546FEF768FD39
:10C2A00010B16FF0050404E0002415B1284601F038
:10C2B00023FC204670BD000010B5FEF759FD10B1FB
:10C2C0006FF0050409E00648006820B90120044920
:10C2D0000860002401E04FF0FF34204610BD00004C
:10C2E0005000002070B5FEF743FD10B16FF005045B
:10C2F0001FE011480068012819D100BF801F0021EC
:10C30000002804DB0A07130E0C4A135406E00A0740
:10C31000150E0B4A00F00F031B1FD55400BF00BFC2
:10C3200002200549086001F0CBFC002401E04FF039
:10C33000FF34204670BD00005000002000E400E003
:10C3400018ED00E02DE9F04104460D4624F0010609
:10C3500004F001080027FEF70BFD08B1BF1F1FE026
:10C3600016B96FF003071BE0B8F1000F0CD0294697
:10C37000304602F035FD012812D015B16FF00107EB
:10C380000EE06FF002070BE02946304602F04CFC4D
:10C39000012805D015B16FF0010701E06FF0020729
:10C3A0003846BDE8F0812DE9F04704460026FEF747
:10C3B000DFFC00284DD10CB1676800E0002707F0D2
:10C3C000010008B1012500E0002507F00800082859
:10C3D0003FD04FF0FF3874B1A06828B1E068502812
:10C3E00002D34FF0010808E0A06830B9E06820B936
:10C3F0004FF0000801E04FF00008B8F1010F0CD138
:10C400002DB10420A16802F010F8064612E00120C8
:10C41000A16802F00AF806460CE0B8F1000F09D155
:10C4200025B1042001F0F0FF064603E0012001F0F1
:10C43000EBFF06464EB114B1D4F8009001E04FF086
:10C4400000094946304601F0E9FA16B10DB146F04F
:10C4500001063046BDE8F0872DE9F041044624F09E
:10C46000010504F001070026FEF782FC08B1B61FA3
:10C4700016E015B96FF0030612E03FB1284602F04E
:10C4800095FA01280CD06FF0020609E000231A4645
:10C490001946284602F0C8F8012801D06FF00206BC
:10C4A0003046BDE8F0810000F8B504460D4626464A
:10C4B00000270EB93F1F29E0FEF75AFCD0B115B195
:10C4C0006FF0030722E0002000906A46002130460A
:10C4D00002F044FB012802D06FF0020716E000983A
:10C4E000A0B14FF080500A490860BFF34F8FBFF3EF
:10C4F0006F8F0BE02946304602F096FB012805D0ED
:10C5000015B16FF0010701E06FF002073846F8BD82
:10C5100004ED00E02DE9F84305460F4614464FF0C0
:10C520000008FEF725FC002857D1002D55D0AF425A
:10C5300053D8461E64B1A06820B1E068502801D3EA
:10C54000012606E0A06820B9E06810B9002600E0E6
:10C550000026701C002840D0012D23D1012E09D1C6
:10C5600003200090002211460120A36801F09FFFE4
:10C57000804605E003220021012001F06BFF804688
:10C58000B8F1000F1CD0DFB100231A46194640460F
:10C5900002F04AF8012813D0404601F055FA4FF056
:10C5A00000080DE0012E06D139462846A26801F0A8
:10C5B000F9FE804604E03946284601F0C5FE804673
:10C5C000B8F1000F09D014B1D4F8009001E04FF099
:10C5D00000094946404601F021FA4046BDE8F8838B
:10C5E000F8B50446254600260DB9361F22E0FEF7B1
:10C5F000BFFBA8B1002000906946284602F066F90A
:10C60000012802D06FF0020614E0009890B14FF0BC
:10C61000805009490860BFF34F8FBFF36F8F09E067
:10C6200000231A461946284601F0FEFF012801D0D2
:10C630006FF002063046F8BD04ED00E0F8B505469F
:10C64000FEF796FB10B16FF0050421E005F0004005
:10C6500010B16FF003041BE002F006FE06466B46C5
:10C6600000221146304602F0B9FC01280ED1009C90
:10C670000098A8430090002303223046009902F05E
:10C68000ADFC012804D04FF0FF3401E04FF0FF343F
:10C690002046F8BD38B5FEF76BFB18B16FF005000A
:10C6A00000900DE002F0E0FD04466B4600221146CA
:10C6B000204602F093FC012802D04FF0FF3000909A
:10C6C000009838BDFEB504460D46264616B105F065
:10C6D000004018B16FF0030002902EE04FF0FF30E1
:10C6E0000290FEF745FBE0B10020019001A8002375
:10C6F000012229460090304602F004FD002002ABE2
:10C70000024601460090304602F0FCFC0198A0B1C0
:10C710004FF080500A490860BFF34F8FBFF36F8F0F
:10C720000BE0002301222946304602F057FC02AB01
:10C7300000221146304602F051FC0298FEBD000076
:10C7400004ED00E02DE9FC5F054689461646FEF73C
:10C750000FFB10B16FF005044AE005F0004010B186
:10C760006FF0030444E009F00200022802D14FF008
:10C77000000A00E0AA460024374602F08BFD009034
:10C7800000BF3B4601AA5146002002F02BFE804626
:10C79000B8F1010F22D12C400198044309F00100A7
:10C7A00040B105EA0400A84200D120E056B96FF07C
:10C7B00002041CE005EA040000B118E016B96FF0AD
:10C7C000020414E002F066FD0099A0EB010BBB45EA
:10C7D00001D9002708E0A7EB0B0705E016B96FF0B9
:10C7E000020401E06FF00104B8F1000FC9D100BFED
:10C7F0002046BDE8FC9F2DE9FF4780468946144648
:10C8000000200390FEF7B4FA00284ED1B8F1000FD3
:10C810004BD0802618258246471E44B3206808B1B5
:10C82000D4F800A0A06900B1A5692DB1382D03D8B6
:10C83000207900F0010018B1002004B0BDE8F087B5
:10C84000606908B160698608A06840B1E0685C284A
:10C8500005D3206918B1606908B1012708E0A06814
:10C8600030B9E06820B9206910B9002700E000273E
:10C87000012F0CD12169A0684B463246CDE9005109
:10C8800002905146404602F04BFB03900DE067B921
:10C8900003A8B2B24B465146CDE90050404602F0E3
:10C8A0000DFB012801D0002003900398C5E700008C
:10C8B0002DE9FE4F0646894692461C46002002900E
:10C8C000FEF756FA00284BD1002E49D0082000F080
:10C8D00009FE0546002D43D02E60C5F804A0B9F12D
:10C8E000000F01D1002700E001274FF0FF384FF083
:10C8F000000B94B1206808B1D4F800B0A06828B14A
:10C90000E0682C2802D34FF0010808E0A06830B995
:10C91000E06820B94FF0000801E04FF00008B8F1DE
:10C92000010F0BD11049A0682B463A46CDE9001003
:10C930000121584602F033FF02900BE0B8F1000FDE
:10C9400008D109482B463A4601210090584602F08A
:10C950000BFF0290029818B915B1284600F0BCFFF1
:10C960000298BDE8FE8F000025A80408F8B505462A
:10C970000E462F46FEF7FCF910B16FF0050411E0EA
:10C9800017B96FF003040DE000200346324604217E
:10C990000090384602F078FF012801D1002401E020
:10C9A0006FF002042046F8BDF8B505462E46FEF7A6
:10C9B000DFF910B16FF0050418E016B96FF0030449
:10C9C00014E0304602F0A2FF10B96FF002040DE04F
:10C9D00000200346024603210090304602F054FF37
:10C9E000012801D1002401E04FF0FF342046F8BDBA
:10C9F0002DE9F04105460E461648076816480068BE
:10CA0000001D00F06DFE681C38B936B1124801688F
:10CA1000091D124800F0BAFE1AE07C190E480068A1
:10CA20004460BC4207D20C480168091D0C480068EC
:10CA300000F092FE0CE008480168091D09480068F2
:10CA400000F08AFE08480068844201D2064804606B
:10CA5000BDE8F081140000200000002068080020DC
:10CA600008000020040000203000002010B504461B
:10CA700000F0EAFE24480068401C2349086023486F
:10CA8000006840B9214804600846006801280DD1BB
:10CA900000F042FA0AE01E48006838B91B480068F6
:10CAA000C06AE16A884201D81848046019480068E1
:10CAB000401C184908600846006860641649E06A2E
:10CAC0000968884202D91449E06A0860E16A01EB0A
:10CAD0008101124A02EB8100211D00F057FE00F097
:10CAE000DDFE0B48006868B108480068C06AE16A6A
:10CAF000884207D24FF0805009490860BFF34F8F3A
:10CB0000BFF36F8F10BD0000100000200000002058
:10CB10001C0000202C00002018000020B80300207A
:10CB200004ED00E008B500F08FFE12480068E8B997
:10CB3000114800F001FE114800F0FEFD0E481049BA
:10CB400008600E480F49086000200F4B0F4A102163
:10CB500000900A2001F0ABFC064908600846006816
:10CB600020B10BA10348006800F058FF00F096FECA
:10CB700008BD0000440000207C0800209008002030
:10CB80003C00002040000020A4080020F408002001
:10CB9000546D72510000000010B516E000F054FE14
:10CBA0000C48C068C468201D00F09AFD0A4800685F
:10CBB000401E0949086009480068401E074908608E
:10CBC00000F06CFE204600F05FF804480068002882
:10CBD000E4D110BD54080020100000200C000020FB
:10CBE00070B504460D46206C70B1216CE0680144BC
:10CBF000E160D4E90210884201D32168E16028464F
:10CC0000226CE168F3F71AFD70BD2DE9F04104468E
:10CC10000F4615464FF00008A66B206C48B92068F7
:10CC200000282CD1A06802F02DFC80460020A060D6
:10CC300025E07DB93946226C6068F3F7FFFC216C72
:10CC4000606808446060D4E90101884217D3206815
:10CC5000606014E03946226CE068F3F7EFFC216C69
:10CC6000E068411AE1602168E068884203D2216CE3
:10CC7000A068411AE160022D01D106B1761E701C38
:10CC8000A0634046BDE8F08110B5044694F8590011
:10CC900030B9206B00F020FE204600F01DFE1AE0A7
:10CCA00094F85900012803D1204600F015FE12E047
:10CCB00094F85900022801D1012000E0002050B969
:10CCC00000BF502080F31188BFF34F8FBFF36F8FE9
:10CCD00000BF00BFFEE710BD01464A6A22B10A6BE1
:10CCE0001268C2F1380000E0002070470146084A8F
:10CCF000126812680AB9012200E000220A600A687C
:10CD000022B9034A1268D268106800E00020704718
:10CD10003C00002030B54FF47053174800F0070472
:10CD20002CB1C01D20F00700134C041B1B1B024636
:10CD3000124C22600024114D6C60D018083820F08D
:10CD400007000F4C206000240D4D2D686C600C4DC9
:10CD50002D682C601146441A4C60094C24680C6004
:10CD6000084D4C682C60084D4C682C604FF0004416
:10CD7000064D2C6030BD00004C10002054000020F7
:10CD80005C00002064000020600000207000002093
:10CD900000BFFFF701FF064800680128F9D94FF0EE
:10CDA000805004490860BFF34F8FBFF36F8FF0E7E7
:10CDB000B803002004ED00E010B5044654B1002093
:10CDC000A06020600021E16000231A461946204639
:10CDD00001F02AFC10BD2DE9F04106460D4617462C
:10CDE0009846069C0DB9246000E02760E663256440
:10CDF0000121204601F0CCFB84F84C80BDE8F08195
:10CE00002DE9F05F82460E4690469B460A9F0C9C99
:10CE10004FEA8801A522206BF3F787FCA8F10100F7
:10CE2000216B01EB800929F0070909F0070008B917
:10CE3000012000E0002050B900BF502080F311888D
:10CE4000BFF34F8FBFF36F8F00BF00BFFEE786B108
:10CE5000002507E0715D04F134004155705D00B9B3
:10CE600002E06D1C102DF5D300BF002143200155B9
:10CE700002E0002084F83400382F00D33727E7621F
:10CE8000E76400202065201D00F063FC04F1180019
:10CE900000F05FFC2461C7F13800A06164620020EB
:10CEA000606584F858005A465146484600F0E6FB53
:10CEB00020600B9808B10B980460BDE8F09F2DE945
:10CEC000F04706460D4617469846DDE908940DB131
:10CED000012000E0002050B900BF502080F31188ED
:10CEE000BFF34F8FBFF36F8F00BF00BFFEE78CB162
:10CEF000FFF718FE2660A561C4F81C80C4F82090D6
:10CF0000201D00F026FC2FB194F8280040F004000A
:10CF100084F82800BDE8F08710B5002407E004EB92
:10CF200084010F4A02EB810000F006FC641C382CDF
:10CF3000F5D30C4800F000FC0B4800F0FDFB0B485B
:10CF400000F0FAFB0A4800F0F7FB0A4800F0F4FB97
:10CF500004480949086004480849086010BD0000F9
:10CF6000B8030020180800202C08002040080020EA
:10CF70005408002068080020040000200800002059
:10CF800010B50146164800E0006803688B42FBD3E9
:10CF90000246436813448B4204D143684C682344DF
:10CFA000436001460A464B6813440468A34211D10A
:10CFB0000C4C03682468A34208D04B68046864687A
:10CFC00023444B6003681B680B6005E0054B1B683E
:10CFD0000B6001E003680B60884200D0016010BD67
:10CFE000540000205C0000202DE9F04104460D466D
:10CFF00016461F464FF0000865602461B5420CD804
:10D00000F01BA169884202D34FF0010811E0211DF5
:10D010000948006800F0A0FB0BE0BE4204D2BD420C
:10D0200002D34FF0010804E0211D0448006800F01D
:10D0300093FB4046BDE8F081400000203C0000200A
:10D0400070B5054600F000FCA86B08B9012400E0AB
:10D05000002400F023FC204670BD70B5054600F0AA
:10D06000F3FBA86BE96B884201D1012400E00024A6
:10D0700000F014FC204670BDF8B505460F461A486E
:10D080000068C068C468201D00F02AFB94F82800DE
:10D0900000F00400E8B1A06941192B463A46204649
:10D0A000FFF7A2FFD8B1002003462A4601460090B0
:10D0B000204602F0E9FB064656B900BF502080F337
:10D0C0001188BFF34F8FBFF36F8F00BF00BFFEE724
:10D0D00005E094F8280020F0010084F8280020469C
:10D0E000216A8847F8BD00003C000020F0B587B0F9
:10D0F000A0E00398002811DA04AE56B900BF502012
:10D1000080F31188BFF34F8FBFF36F8F00BF00BF55
:10D11000FEE7D6E90020B168904700BF03980028D9
:10D12000E6DB059C606908B9012000E0002010B929
:10D13000201D00F0D5FA02A800F0DEF8054603989D
:10D140000A2875D2DFE800F00905073941630608AF
:10D150003A4200BF00BF00BF00BF94F8280040F073
:10D16000010084F828000498A269811803462A4621
:10D170002046FFF739FFF8B12046216A884794F826
:10D18000280000F00400B8B1002000900498A169C4
:10D19000421800231946204602F076FB074657B98D
:10D1A00000BF502080F31188BFF34F8FBFF36F8F04
:10D1B00000BF00BFFEE700BF3BE000BF94F82800BF
:10D1C00020F0010084F8280033E000BF94F8280024
:10D1D00040F0010084F828000498A061A06908B11B
:10D1E000012000E0002050B900BF502080F31188DA
:10D1F000BFF34F8FBFF36F8F00BF00BFFEE7A06983
:10D2000041192B462A462046FFF7EEFE11E094F81E
:10D21000280000F0020018B9204600F05DFB05E090
:10D2200094F8280020F0010084F8280001E0FFE7CE
:10D2300000BF00BF002203A90448006801F0DAFB28
:10D2400000287FF456AF07B0F0BD00004400002076
:10D25000F8B505460C4600F08FFD684600F04CF826
:10D260000646009820BB44B9B54206D802F0FAF948
:10D2700031462846FFF700FF1CE03CB10E4800682D
:10D28000006808B9012000E000200446A91B2246DE
:10D290000A48006800F00AFC02F0E4F950B94FF0C7
:10D2A000805007490860BFF34F8FBFF36F8F01E0D5
:10D2B00002F0D8F9F8BD0000400000204400002032
:10D2C00004ED00E00A490968096809B9012100E094
:10D2D000002121B14FF0FF31064A116006E00449F8
:10D2E0000968C968C868034A41681160704700004E
:10D2F000040000203000002070B5044601F0CAFF91
:10D30000054607480068854204D200F00BF801206A
:10D31000206001E00020206001480560284670BDC3
:10D320004C0000202DE9F84334E025480068C0682F
:10D33000056823480068C068C468201D00F0D0F963
:10D340002046216A884794F8280000F0040008B3BA
:10D35000A0694619AE4207D966602461211D1848AC
:10D36000006800F0F9F915E0002003462A4601465E
:10D370000090204602F088FA074657B900BF5020B7
:10D3800080F31188BFF34F8FBFF36F8F00BF00BFD3
:10D39000FEE700BF0A480068006808B9012000E005
:10D3A00000200028C1D00648D0F800800548006859
:10D3B000034908600348C0F80080BDE8F883000016
:10D3C0003C000020400000200E480068401C08B9C6
:10D3D000012000E0002050B900BF502080F31188E8
:10D3E000BFF34F8FBFF36F8F00BF00BFFEE700BFDB
:10D3F000502080F31188BFF34F8FBFF36F8F00BFB2
:10D4000000BFFEE77400002008B500BF6846FFF7C4
:10D410006DFC044620460099FFF71AFFFFF766FEF1
:10D42000F4E770B5044600F00FFA94F9455010E0A7
:10D43000606A08B9012000E0002038B904F1240036
:10D4400002F0C4F818B100F091FB00E003E0681EA0
:10D4500045B2002DECDC00BFFF2084F8450000F051
:10D460001DFA00F0F1F994F9445010E0206908B970
:10D47000012000E0002048B904F1100002F0A6F8F5
:10D4800008B100F073FB681E45B200E001E0002D1A
:10D49000ECDC00BFFF2084F8440000F0FFF970BD11
:10D4A000014621B1012904D0072906D103E000205B
:10D4B00005E0022003E0062001E0042000BF00BFD9
:10D4C0007047000010B502480068804710BD00009A
:10D4D000B000002010B502480068804710BD000071
:10D4E000B40000202DE9F04104464FF0000800F0A0
:10D4F00043FC4948006808B9FFF70CFC474800683E
:10D500002040002870D1D4B1083404F00700B0B135
:10D5100004F00700C0F10800044404F0070008B953
:10D52000012000E0002050B900BF502080F3118896
:10D53000BFF34F8FBFF36F8F00BF00BFFEE7002C1C
:10D5400052D03748006884424ED8364E304605687F
:10D5500001E02E462D686868A04202D228680028A3
:10D56000F7D12D48006885423ED0306800F10808A8
:10D57000286830606868001B102819D92F1907F037
:10D58000070008B9012000E0002050B900BF50207A
:10D5900080F31188BFF34F8FBFF36F8F00BF00BFC1
:10D5A000FEE76868001B78606C603846FFF7E8FCAF
:10D5B0001B4968680968081A194908600846006824
:10D5C00019490968884203D215480068164908605D
:10D5D0001249686809680843686000202860134899
:10D5E0000068401C1149086002F03CF808F0070090
:10D5F00008B9012000E0002050B900BF502080F39E
:10D600001188BFF34F8FBFF36F8F00BF00BFFEE7DE
:10D610004046BDE8F08100005C0000207000002062
:10D6200060000020540000206400002068000020FA
:10D630000648006830B10549096801F15000096DDC
:10D64000491C01600148006870470000000000208C
:10D6500070B50446254654B900BF502080F31188A8
:10D66000BFF34F8FBFF36F8F00BF00BFFEE700F027
:10D67000EBF8EE6900F012F9304670BD001F4FF074
:10D6800080730360001F21F001030360001F054B3E
:10D69000036014380260001F6FF00203036020383B
:10D6A00070470000C9D3040870B502460C46FF2538
:10D6B000FF2309E012F8010B80EA03010648405CF1
:10D6C00080EA05030548455C201EA4F10106B4B2BA
:10D6D000F0D143EA052070BDC6040508C60505085B
:10D6E00001460A69D1E901309860D1E90103586027
:10D6F0005068884201D18868506000200861106835
:10D70000401E106010687047034B0360034B0B60B2
:10D71000802313607047000094090020F009002066
:10D72000034B0360034B0B604FF48073136070472F
:10D73000F00B00204C0C002000F1080141604FF07C
:10D74000FF31816000F10801C160016100210160C9
:10D75000704700210161704710B502460B685C1CE0
:10D760000CB9106907E002F1080000E04068446865
:10D7700024689C42FAD944684C604C68A160886077
:10D7800041600A611468641C146010BD42684A60FC
:10D7900093688B60936859609160086103685B1CB3
:10D7A0000360704770B504460D4624B11048006808
:10D7B000F7F794F803E00E480068F7F76FF895B1B3
:10D7C0000B49086800BF00BF00BF00F10C0252E81F
:10D7D000002F42F0800100F10C0242E80013002B00
:10D7E000F3D100BF03E002480068F7F767F870BDA7
:10D7F0008400002010B500210848F6F7F7FF00BFAD
:10D800000648006820F001000449086000BF00BF1E
:10D810006FF00100086100BF10BD0000004801402A
:10D8200010B500BF6FF001000649086100BF00217C
:10D830000448F6F7DBFF0348F6F7D2FE0148F6F797
:10D84000C5FE10BD0048014000BF502080F3118884
:10D85000BFF34F8FBFF36F8F00BF0E480068401CAF
:10D860000C49086008460068012812D10A4800687F
:10D87000C0B208B9012000E0002050B900BF50201C
:10D8800080F31188BFF34F8FBFF36F8F00BF00BFCE
:10D89000FEE770477400002004ED00E00D480068CA
:10D8A00050B900BF502080F31188BFF34F8FBFF3F2
:10D8B0006F8F00BF00BFFEE706480068401E0549A5
:10D8C00008600846006820B9002080F3118800BF76
:10D8D00000BF70477400002070B506463546002E24
:10D8E00044D0083D2C46224960680968084008B1C8
:10D8F000012000E0002050B900BF502080F31188C3
:10D90000BFF34F8FBFF36F8F00BF00BFFEE72068EC
:10D9100008B9012000E0002050B900BF502080F37A
:10D920001188BFF34F8FBFF36F8F00BF00BFFEE7BB
:10D930000F49606809680840C0B12068B0B90C4957
:10D94000606809688843606000F016FA09496068F9
:10D9500009680844074908602046FFF711FB06489C
:10D960000068401C0449086001F07CFE70BD0000A6
:10D9700070000020600000206C00002000204FF0AC
:10D98000E02108618861064800684FF47A71B0FBB5
:10D99000F1F0401E4FF0E021486107200861704718
:10D9A0006803002070B5F2F7BFFC0446102C16D3B4
:10D9B00004F1E02090F8F05315480078854201DB2F
:10D9C000012000E0002050B900BF502080F31188F2
:10D9D000BFF34F8FBFF36F8F00BF00BFFEE70D484F
:10D9E000006800F4E0600C490968884201D8012011
:10D9F00000E0002050B900BF502080F31188BFF331
:10DA00004F8FBFF36F8F00BF00BFFEE770BD0000F8
:10DA1000780000200CED00E07C0000200246002091
:10DA20000BE0084B53F8303033B9064B43F8301055
:10DA300003EBC0035A6002E0401C0828F1D300BF8A
:10DA4000704700007803002070B50446254655B99C
:10DA500000BF502080F31188BFF34F8FBFF36F8F4B
:10DA600000BF00BFFEE7284600F008F895F8460022
:10DA700010B92846FFF730FF70BD000001460020B6
:10DA80000EE0094A02EBC00252688A4207D1002226
:10DA9000054B43F8302003EBC0035A6002E0401C02
:10DAA0000828EED300BF7047780300202DE9F0412D
:10DAB00005460E4617462C46FFF7C6FE94F944006D
:10DAC000401C10B9002084F8440094F94500401C23
:10DAD00010B9002084F84500FFF7E0FEA06B28B9DC
:10DAE0003A46314604F1240000F062F82046FFF780
:10DAF00098FCBDE8F081000070B504460025D4B163
:10DB00001248006808B9012000E0002050B900BFA9
:10DB1000502080F31188BFF34F8FBFF36F8F00BF8A
:10DB200000BFFEE700F028F900212046FEF760FF65
:10DB300001F098FD05463DB94FF08050044908605A
:10DB4000BFF34F8FBFF36F8F70BD00003800002010
:10DB500004ED00E003490968016003490968416078
:10DB60007047000028000020140000200120014917
:10DB7000086070472400002070B504460D4654B973
:10DB800000BF502080F31188BFF34F8FBFF36F8F1A
:10DB900000BF00BFFEE70548016818312046FFF7C7
:10DBA000DBFD01212846FEF723FF70BD00000020A9
:10DBB00070B505460E46144655B900BF502080F397
:10DBC0001188BFF34F8FBFF36F8F00BF00BFFEE719
:10DBD0000648016818312846FFF7D8FD0CB14FF010
:10DBE000FF3621463046FEF703FF70BD00000020DF
:10DBF0002DE9F04706460F4634464FF00109002E46
:10DC000055D0206D50B900BF502080F31188BFF36C
:10DC10004F8FBFF36F8F00BF00BFFEE7E06CB842CD
:10DC200001D23D4600E0E56CE06AA8423FD0206D9D
:10DC300001283CD11F480068844201D0012000E047
:10DC4000002050B900BF502080F31188BFF34F8FE0
:10DC5000BFF36F8F00BF00BFFEE7D4F82C80E562F2
:10DC6000A06900F0004010B9C5F13800A06108EBD0
:10DC70008801114A02EB81016069884201D10120CB
:10DC800000E0002098B1201DFFF72AFD0B49E06A53
:10DC90000968884202D90949E06A0860E16A01EB33
:10DCA0008101054A02EB8100211DFFF76FFDBDE8F0
:10DCB000F087000000000020B803002018000020BA
:10DCC00010B586B000200590049003AA04A905A809
:10DCD000FFF71AFD0022DDE904101346CDE900210B
:10DCE00002901EA11F48039A01F01AF91E4908600C
:10DCF0000846006808B1012400E00024012C02D18C
:10DD000001F086FD0446012C15D100BF502080F3A0
:10DD10001188BFF34F8FBFF36F8F00BF4FF0FF30FD
:10DD2000124908600120124908600020114908606A
:10DD300000F03CFA10E0601C08B1012000E0002077
:10DD400050B900BF502080F31188BFF34F8FBFF34D
:10DD50006F8F00BF00BFFEE706B010BD49444C45C1
:10DD60000000000091CD04083400002030000020A5
:10DD70001C0000201400002002480068401C0149DB
:10DD800008607047380000201E48006818B1012064
:10DD90001D49086034E000201B4908601B480168E9
:10DDA0000CE051B900BF502080F31188BFF34F8FB2
:10DDB000BFF36F8F00BF00BFFEE7491E01EB81007C
:10DDC000134A52F8200008B9012000E00020002882
:10DDD000E7D101EB81020E4B03EB820042685268EF
:10DDE000426000F108024368934202D142685268DF
:10DDF00042604268D268074B1A600448016000BF65
:10DE00007047000038000020240000201800002087
:10DE1000B80300200000002001460020054A1278C7
:10DE200032B1054A12780A700022024B1A700120A2
:10DE3000704700008100002080000020002002497F
:10DE400008700120704700008100002010B50446D2
:10DE500005480068FEF7C4FB012004490870044827
:10DE60000470012010BD0000540300208100002038
:10DE700080000020014603480068406808700120C7
:10DE80007047000084000020F0B58FB006460C46B5
:10DE900017461D461C2108A8F2F771FC182102A89C
:10DEA000F2F76DFC10203149096801432F4A1160D7
:10DEB000114609680140019100BF00BF01202B49B4
:10DEC000143909680143294A143A11601146096856
:10DED0000140019100BF00BF4FF4C06002900220DA
:10DEE00003900320049000200590069007200790DF
:10DEF00002A91F48F6F786F80894002009900A90B6
:10DF00000B9025B1012D05D0022D0BD106E000208C
:10DF10000B9007E04FF4C0600B9003E04FF480607B
:10DF20000B9000BF00BF0C200C9000200D900E90B5
:10DF300008A910480068F6F7E1FC0E490868016975
:10DF400021F490410161416921F02A01416100BF42
:10DF500008490868C16841F40051C16000BF054824
:10DF60000068F6F7BBFC01200FB0F0BD443802405A
:10DF700000000240840000200146C1F30800024A6C
:10DF800012685060012070478400002000BF0449DF
:10DF900008680168C1F380110029F8D0012070479A
:10DFA0008400002010B586B00446142101A8F2F7C1
:10DFB000E6FB40F2AF40ADF80400002002903220B2
:10DFC000604303900020049001A90648F6F70EFB79
:10DFD0000448F6F705FB0348F6F7F8FA012006B007
:10DFE00010BD00000048014038B500246846FFF726
:10DFF00041FF1C48007830B101280AD0022819D00E
:10E0000003282BD102E0FFF70BFC27E0FFF708FC09
:10E0100024E00020144908809DF800200888411C55
:10E02000114B198011490A5402200E490870FFF75C
:10E03000F7FB13E00C480088FF2809DC9DF800205E
:10E0400009490888411C084B198008490A5402E014
:10E05000032004490870FFF7E3FB00BF00BF204620
:10E0600038BD00008D000020960000206C4C002080
:10E0700010B500240D48007820B1022807D00328ED
:10E080000BD109E00020FFF7E1FE044606E0012085
:10E09000FFF7DCFE044601E000E000BF00BFFFF731
:10E0A000A9FB012001490870204610BD8D00002009
:10E0B00010B500241748007810B1012826D104E0DB
:10E0C00000210120FFF76EFB20E01348008878B1A3
:10E0D000124909680878FFF74FFF10480068401C94
:10E0E0000E4908600C480088401E0B4908800CE06F
:10E0F0000320FFF7ABFE0446FFF748FF0021012095
:10E10000FFF750FB00200349087000BF00BF204606
:10E1100010BD00008C000020940000209000002022
:10E12000F0B503460C461546E208A4EBC20087B2E0
:10E130000120A840401E86B2995C501C185C41EA40
:10E14000002139413140C8B2F0BD2DE9F043044609
:10E1500015461F46C808A1EBC0081FFA88FC07FA3D
:10E160000CF81FFA88F74FF0010808FA05F8A8F133
:10E1700001081FFA88F6A1EBC00806FA08F81FFA92
:10E1800088F6225C00F1010814F8088042EA0822AF
:10E1900022EA060848EA070222544FEA222900F13F
:10E1A000010804F80890BDE8F08300001CB552484F
:10E1B00000685249884201D0012000E0002050B997
:10E1C00000BF502080F31188BFF34F8FBFF36F8FD4
:10E1D00000BF00BFFEE7484800684849491E884222
:10E1E00001D0012000E0002050B900BF502080F392
:10E1F0001188BFF34F8FBFF36F8F00BF00BFFEE7E3
:10E200003F49084600780190FF200A4610700846F2
:10E21000007800909DF8000000F0F0009DF80020CC
:10E22000904201D1012000E0002050B900BF5020F1
:10E2300080F31188BFF34F8FBFF36F8F00BF00BF14
:10E24000FEE79DF8000000F050002E4A10700720F5
:10E250002D4A106009E02C480068401E2A4A1060D0
:10E260009DF800004006000E00909DF8000000F0B0
:10E2700080008028EFD024480068C0F107000428FF
:10E2800001D1012000E0002050B900BF502080F3F0
:10E290001188BFF34F8FBFF36F8F00BF00BFFEE742
:10E2A000194800680002184A10601046008800F4FF
:10E2B000E0601060124A019810700F48203000682A
:10E2C00040F470000C49203108600846006840F0B6
:10E2D00070400860FFF752FB00200C490860F1F71E
:10E2E000EBFF0B48006840F0404009490860F1F737
:10E2F000CFFF00201CBD000000ED00E071C20F4107
:10E3000000E400E0780000207C0000207400002081
:10E3100034EF00E010B500BF502080F31188BFF348
:10E320004F8FBFF36F8F00BF00F0BAFF18B14FF0EF
:10E3300080500449086000BF002080F3118800BFAE
:10E3400010BD000004ED00E070B505460E460DB1AD
:10E35000012000E0002050B900BF502080F3118858
:10E36000BFF34F8FBFF36F8F00BF00BFFEE7AE421A
:10E3700001D8012000E0002050B900BF502080F3F8
:10E380001188BFF34F8FBFF36F8F00BF00BFFEE751
:10E3900002220021284600F05DF8044604B1A6637D
:10E3A000204670BDF8B505460E4617460DB1012052
:10E3B00000E0002050B900BF502080F31188BFF367
:10E3C0004F8FBFF36F8F00BF00BFFEE7AE4201D893
:10E3D000012000E0002050B900BF502080F31188D8
:10E3E000BFF34F8FBFF36F8F00BF00BFFEE7022068
:10E3F0003B46002211460090284600F058F804469B
:10E4000004B1A6632046F8BD2DE9F041044601267B
:10E41000002722460021012000F01CF8054628466E
:10E42000FEF7CAFC2846BDE8F0812DE9F843044612
:10E430000D4601274FF000082B460022114601200F
:10E44000009400F034F806463046FEF7B5FC30463E
:10E45000BDE8F8832DE9F84305460E4617460DB191
:10E46000012000E0002050B900BF502080F3118847
:10E47000BFF34F8FBFF36F8F00BF00BFFEE705FBF9
:10E4800006F808F15000FFF72DF8044664B1A146E4
:10E4900009F15009002084F846003B464A463146BF
:10E4A00028460094FEF797FC2046BDE8F8832DE946
:10E4B000F84380460E4617461D46DDF82090B8F119
:10E4C000000F01D0012000E0002050B900BF502013
:10E4D00080F31188BFF34F8FBFF36F8F00BF00BF72
:10E4E000FEE70DB1012000E0002050B900BF502030
:10E4F00080F31188BFF34F8FBFF36F8F00BF00BF52
:10E50000FEE707B10EB1012000E0002050B900BFC6
:10E51000502080F31188BFF34F8FBFF36F8F00BF80
:10E5200000BFFEE707B90EB9012000E0002050B996
:10E5300000BF502080F31188BFF34F8FBFF36F8F60
:10E5400000BF00BFFEE7502000900098502801D186
:10E55000012000E0002050B900BF502080F3118856
:10E56000BFF34F8FBFF36F8F00BF00BFFEE700BF49
:10E570002C464CB1012084F846004B463A463146C1
:10E5800040460094FEF727FC2046BDE8F8830000D3
:10E5900070B505460E462C4654B900BF502080F396
:10E5A0001188BFF34F8FBFF36F8F00BF00BFFEE72F
:10E5B000FFF74AF9D4E90F12206801FB0200A060BE
:10E5C0000020A06320686060E06B401E226C216820
:10E5D00000FB0211E160FF2084F8440084F845004C
:10E5E0009EB9206908B9012000E00020A8B904F113
:10E5F000100000F0EBFF80B14FF080500949086037
:10E60000BFF34F8FBFF36F8F07E004F11000FFF7E8
:10E6100093F804F12400FFF78FF8FFF73FF901208A
:10E6200070BD000004ED00E02DE9FF4383B0064615
:10E6300088461D464FF00009344654B900BF5020AB
:10E6400080F31188BFF34F8FBFF36F8F00BF00BF00
:10E65000FEE7B8F1000F01D1206C08B9012000E0FD
:10E66000002050B900BF502080F31188BFF34F8FB6
:10E67000BFF36F8F00BF00BFFEE7022D02D1E06B3A
:10E68000012801D1012000E0002050B900BF502036
:10E6900080F31188BFF34F8FBFF36F8F00BF00BFB0
:10E6A000FEE700F0E7FD08B9059808B9012000E091
:10E6B000002050B900BF502080F31188BFF34F8F66
:10E6C000BFF36F8F00BF00BFFEE700BFFFF7BCF8CE
:10E6D000A06BE16B884201D3022D28D12A46414626
:10E6E0002046FEF792FA0746606A08B9012000E06A
:10E6F000002068B904F1240000F068FF88B14FF0F1
:10E70000805032490860BFF34F8FBFF36F8F08E02E
:10E710003FB14FF080502D490860BFF34F8FBFF3DA
:10E720006F8FFFF7BBF8012007B0BDE8F0830598B5
:10E7300018B9FFF7B3F80020F6E7B9F1000F04D1DC
:10E7400001A8FFF707FA4FF00109FFF7A7F8FFF755
:10E7500013FBFFF779F894F94400401C10B900202E
:10E7600084F8440094F94500401C10B9002084F856
:10E770004500FFF793F805A901A800F059FBF0B98F
:10E780002046FEF76AFCA0B104F110000599FFF7DE
:10E79000F3F92046FEF745FE00F064FF002895D10E
:10E7A0004FF0805009490860BFF34F8FBFF36F8F60
:10E7B0008CE72046FEF735FE00F054FF86E7204642
:10E7C000FEF72FFE00F04EFF0020ADE704ED00E065
:10E7D0002DE9F84F07468A4690461E463C4654B9F6
:10E7E00000BF502080F31188BFF34F8FBFF36F8FAE
:10E7F00000BF00BFFEE7BAF1000F01D1206C08B9DD
:10E80000012000E0002050B900BF502080F31188A3
:10E81000BFF34F8FBFF36F8F00BF00BFFEE7022E25
:10E8200002D1E06B012801D1012000E0002050B9A5
:10E8300000BF502080F31188BFF34F8FBFF36F8F5D
:10E8400000BF00BFFEE7FFF7ADF800BF5021EFF3B8
:10E85000118081F31188BFF34F8FBFF36F8F00BF1B
:10E860000546A06BE16B884201D3022E25D194F9B5
:10E8700045B0A06B0090324651462046FEF7C5F9E0
:10E880000BF1010088B9606A08B9012000E000209E
:10E8900050B904F1240000F099FE28B1B8F1000F3E
:10E8A00002D00120C8F8000004E00BF1010040B2E2
:10E8B00084F845004FF0010901E04FF0000900BF66
:10E8C00085F3118800BF4846BDE8F88F2DE9F04771
:10E8D00006460F46344654B900BF502080F31188D5
:10E8E000BFF34F8FBFF36F8F00BF00BFFEE7206CF9
:10E8F00008B9012000E0002050B900BF502080F38B
:10E900001188BFF34F8FBFF36F8F00BF00BFFEE7CB
:10E91000206808B9A06808B9012000E0002050B9BB
:10E9200000BF502080F31188BFF34F8FBFF36F8F6C
:10E9300000BF00BFFEE7FFF735F800BF5021EFF33F
:10E94000118081F31188BFF34F8FBFF36F8F00BF2A
:10E950000546D4F83890E06B48451ED994F945A097
:10E9600009F10100A0630AF1010070B9606A08B9F9
:10E97000012000E0002068B904F1240000F026FE28
:10E9800040B13FB10120386004E00AF1010040B21B
:10E9900084F845004FF0010801E04FF0000800BF87
:10E9A00085F3118800BF4046BDE8F08770B5054685
:10E9B0002C4654B900BF502080F31188BFF34F8F0D
:10E9C000BFF36F8F00BF00BFFEE700F04DFCA168F2
:10E9D00088420CD1E068401EE060E06828B900235E
:10E9E0001A4619462046FFF71FFE012600E00026C2
:10E9F000304670BD2DE9F74183B005460E464FF015
:10EA000000082C4654B900BF502080F31188BFF392
:10EA10004F8FBFF36F8F00BF00BFFEE70EB9206CB2
:10EA200008B9012000E0002050B900BF502080F359
:10EA30001188BFF34F8FBFF36F8F00BF00BFFEE79A
:10EA400000F018FC08B9059808B9012000E0002082
:10EA500050B900BF502080F31188BFF34F8FBFF330
:10EA60006F8F00BF00BFFEE700BFFEF7EDFEA76B94
:10EA7000F7B131462046FEF7B3F8781EA06320694F
:10EA800008B9012000E0002060B904F1100000F096
:10EA90009DFD38B14FF080502F490860BFF34F8F74
:10EAA000BFF36F8FFEF7FAFE012006B0BDE8F081DC
:10EAB000059818B9FEF7F2FE0020F6E7B8F1000F4E
:10EAC00004D101A8FFF746F84FF00108FEF7E6FE73
:10EAD000FFF752F9FEF7B8FE94F94400401C10B954
:10EAE000002084F8440094F94500401C10B900202F
:10EAF00084F84500FEF7D2FE05A901A800F098F9B8
:10EB0000F0B92046FEF79CFAA0B104F12400059963
:10EB1000FFF732F82046FEF784FC00F0A3FD002842
:10EB2000A3D14FF080500C490860BFF34F8FBFF363
:10EB30006F8F9AE72046FEF774FC00F093FD94E790
:10EB40002046FEF76EFC00F08DFD2046FEF778FAB9
:10EB500000288AD00020A8E704ED00E02DE9F05F4E
:10EB6000064689461746344654B900BF502080F304
:10EB70001188BFF34F8FBFF36F8F00BF00BFFEE759
:10EB8000B9F1000F01D1206C08B9012000E000208C
:10EB900050B900BF502080F31188BFF34F8FBFF3EF
:10EBA0006F8F00BF00BFFEE7FEF7FCFE00BF5021E5
:10EBB000EFF3118081F31188BFF34F8FBFF36F8F95
:10EBC00000BF0546D4F838A0BAF1000F22D094F95E
:10EBD00044B049462046FEF703F8AAF10100A063BD
:10EBE0000BF1010070B9206908B9012000E0002094
:10EBF00068B904F1100000F0E9FC40B13FB1012018
:10EC0000386004E00BF1010040B284F844004FF09A
:10EC1000010801E04FF0000800BF85F3118800BF34
:10EC20004046BDE8F09F00002DE9F34182B0054663
:10EC30004FF000082C46002654B900BF502080F346
:10EC40001188BFF34F8FBFF36F8F00BF00BFFEE788
:10EC5000206C08B9012000E0002050B900BF50200E
:10EC600080F31188BFF34F8FBFF36F8F00BF00BFDA
:10EC7000FEE700F0FFFA08B9039808B9012000E0A8
:10EC8000002050B900BF502080F31188BFF34F8F90
:10EC9000BFF36F8F00BF00BFFEE700BFFEF7D4FDDC
:10ECA000A76BFFB1781EA063206810B9FEF7C0FC07
:10ECB000A060206908B9012000E0002060B904F1DB
:10ECC000100000F083FC38B14FF0805043490860D9
:10ECD000BFF34F8FBFF36F8FFEF7E0FD012004B04D
:10ECE000BDE8F081039898B90EB9012000E000203A
:10ECF00050B900BF502080F31188BFF34F8FBFF38E
:10ED00006F8F00BF00BFFEE7FEF7C8FD0020E6E7FB
:10ED1000B8F1000F04D16846FEF71CFF4FF0010860
:10ED2000FEF7BCFDFFF728F8FEF78EFD94F94400CE
:10ED3000401C10B9002084F8440094F94500401CA0
:10ED400010B9002084F84500FEF7A8FD03A9684625
:10ED500000F06EF840BB2046FEF772F9F0B1206873
:10ED600038B9FEF771FDA06800F0DEFB0646FEF73D
:10ED700095FD04F124000399FEF7FEFE2046FEF700
:10ED800050FB00F06FFC002888D14FF080501349F1
:10ED90000860BFF34F8FBFF36F8F7FE72046FEF70A
:10EDA00040FB00F05FFC79E72046FEF73AFB00F0FD
:10EDB00059FC2046FEF744F90028EED05EB1FEF77C
:10EDC00043FD2046FDF788FF07463946A068FEF759
:10EDD0000FFFFEF763FD002081E7000004ED00E077
:10EDE0002DE9F04106460F46344654B900BF502085
:10EDF00080F31188BFF34F8FBFF36F8F00BF00BF49
:10EE0000FEE700F031FAA168884204D1E068401CB6
:10EE1000E060012508E039462046FFF705FF05467A
:10EE200015B1E068401CE0602846BDE8F0810000B4
:10EE300070B505460C4655B900BF502080F31188C7
:10EE4000BFF34F8FBFF36F8F00BF00BFFEE754B912
:10EE500000BF502080F31188BFF34F8FBFF36F8F37
:10EE600000BF00BFFEE7FEF7EFFC124802686868CB
:10EE7000131A2068401C08B9002617E00E492868BC
:10EE80000968884204D06868904201D801260DE0E4
:10EE90002068984207D92068C01A20602846FEF7EB
:10EEA00059FE002602E0002020600126FEF7F6FC55
:10EEB000304670BD14000020280000202DE9FF4FCF
:10EEC00085B0804689461746DDE912ABB800FEF7EB
:10EED00009FB064656B15C20FEF704FB04460CB164
:10EEE000266304E03046FEF7F7FC00E000248CB116
:10EEF000002084F85900CDE900ABCDE902403A4644
:10EF000049464046089BFDF77BFF2046FDF7AEFDD6
:10EF1000012501E04FF0FF35284609B0BDE8F08F2C
:10EF20002DE9F04F85B00746884691469A46DDE9BF
:10EF30000EB6109C0EB1012000E0002050B900BFB9
:10EF4000502080F31188BFF34F8FBFF36F8F00BF46
:10EF500000BFFEE70CB1012000E0002050B900BF67
:10EF6000502080F31188BFF34F8FBFF36F8F00BF26
:10EF700000BFFEE75C20039003985C2801D10120CC
:10EF800000E0002050B900BF502080F31188BFF38B
:10EF90004F8FBFF36F8F00BF00BFFEE700BFB4B15C
:10EFA000AEB125462C462E63022085F8590000207C
:10EFB00004A953464A46CDE900B1CDE90250414685
:10EFC0003846FDF71DFF2846FDF750FD01E0002003
:10EFD0000490049805B0BDE8F08F00002DE9F047DB
:10EFE00006460D46174698464FF0010A56B900BF2F
:10EFF000502080F31188BFF34F8FBFF36F8F00BF96
:10F0000000BFFEE73446FEF71FFCB8F1000F02D048
:10F01000606DC8F8000094F85890022084F85800F9
:10F02000052F17D2DFE807F01503070B0D00606D01
:10F030002843606521E0606D401C60651DE06565EA
:10F040001BE0B9F1020F01D0656501E04FF0000A45
:10F0500013E012E0606D401C08B9012000E00020C0
:10F0600050B900BF502080F31188BFF34F8FBFF31A
:10F070006F8F00BF00BFFEE700BF00BFB9F1010FF7
:10F0800032D1201DFEF72CFB1A49E06A096888423C
:10F0900002D91849E06A0860E16A01EB8101164A69
:10F0A00002EB8100211DFEF771FBA06A08B9012067
:10F0B00000E0002050B900BF502080F31188BFF35A
:10F0C0004F8FBFF36F8F00BF00BFFEE70B49E06AB1
:10F0D0000968C96A884207D94FF08050084908601A
:10F0E000BFF34F8FBFF36F8FFEF7D8FB5046BDE8DD
:10F0F000F087000018000020B80300200000002066
:10F1000004ED00E02DE9F84F07460E46904699467B
:10F11000DDF828B00120009057B900BF502080F3DF
:10F120001188BFF34F8FBFF36F8F00BF00BFFEE7A3
:10F13000FEF738FC3C4600BF5021EFF3118081F30D
:10F140001188BFF34F8FBFF36F8F00BF0546B9F132
:10F15000000F02D0606DC9F8000094F858A002209A
:10F1600084F85800B8F1050F17D2DFE808F015034E
:10F17000070B0D00606D3043606521E0606D401C41
:10F1800060651DE066651BE0BAF1020F01D066659F
:10F1900001E00020009013E012E0606D401C08B90F
:10F1A000012000E0002050B900BF502080F31188FA
:10F1B000BFF34F8FBFF36F8F00BF00BFFEE700BFED
:10F1C00000BFBAF1010F3CD1A06A08B9012000E0EC
:10F1D000002050B900BF502080F31188BFF34F8F3B
:10F1E000BFF36F8F00BF00BFFEE719480068A0B9EA
:10F1F000201DFEF775FA1749E06A0968884202D9AE
:10F200001449E06A0860E16A01EB8101124A02EBED
:10F210008100211DFEF7BAFA04E004F118010F483D
:10F22000FEF7B4FA0E49E06A0968C96A884208D94B
:10F23000BBF1000F02D00120CBF8000001200949EA
:10F24000086000BF85F3118800BF0098BDE8F88F03
:10F250003800002018000020B803002040080020DB
:10F2600000000020240000200149086870470000C9
:10F27000000000200549096809B9012005E004499A
:10F28000096809B9022000E0002070471C00002036
:10F290003800002001490868704700001400002071
:10F2A0002DE9F0414FF000084348006800287BD169
:10F2B00042480068451C4148056015BB404800684D
:10F2C000006808B9012000E0002050B900BF5020BC
:10F2D00080F31188BFF34F8FBFF36F8F00BF00BF64
:10F2E000FEE7374807683748006835490860354801
:10F2F000076035480068401C33490860FDF7E2FFAD
:10F3000000BF3248006885423BD300BF2C480068EC
:10F31000006808B9012000E0002020B14FF0FF3064
:10F320002A4908602CE026480068C068C4686668FE
:10F33000B54202D22548066022E0201DFEF7D0F932
:10F34000A06A18B104F11800FEF7CAF92049E06A72
:10F350000968884202D91E49E06A0860E16A01EB47
:10F3600081011C4A02EB8100211DFEF70FFA1A49A8
:10F37000E06A0968C96A8842C8D34FF00108C5E746
:10F3800000BF15480068C06A00EB8000114951F8C1
:10F390002000012801D94FF001081048006808B189
:10F3A0004FF0010805E0FFE70D480068401C0C49DC
:10F3B00008604046BDE8F0813800002014000020BD
:10F3C0000400002008000020280000203000002059
:10F3D00018000020B80300200000002024000020B6
:10F3E000200000202DE9F0410746884614461D46BE
:10F3F000FEF72AFA2148006890F85800022818D031
:10F400001E49096801F15400496DB94301600120AA
:10F410001A49096881F858005DB101212846FDF7B5
:10F42000E7FA4FF0805016490860BFF34F8FBFF3E3
:10F430006F8FFEF733FAFEF707FA1CB10F4800682A
:10F44000406D20600D48006890F85800022801D0F7
:10F45000002608E00949096801F15400496D21EAD4
:10F4600008010160012600200449096881F858005C
:10F47000FEF714FA3046BDE8F081000000000020DD
:10F4800004ED00E070B505462C460026002D43D063
:10F4900022480068844201D1012000E0002050B9D8
:10F4A00000BF502080F31188BFF34F8FBFF36F8FE1
:10F4B00000BF00BFFEE7206D50B900BF502080F3B1
:10F4C0001188BFF34F8FBFF36F8F00BF00BFFEE700
:10F4D000206D401E2065E16CE06A88421CD0206DE2
:10F4E000D0B9201DFEF7FCF8E06CE062E06AC0F1E4
:10F4F0003800A0610A49E06A0968884202D90849CF
:10F50000E06A0860E16A01EB8101064A02EB8100D2
:10F51000211DFEF73BF90126304670BD000000209A
:10F5200018000020B803002070B505462C460026C0
:10F53000002D42D02249E06A0968C96A884235D262
:10F54000A06900F0004028B91D480068C06AC0F1F9
:10F550003800A061E16A01EB81011A4A02EB8101E6
:10F560006069884201D1012000E00020C0B1201D67
:10F57000FEF7B6F812480068C06AE0621249E06A15
:10F580000968884202D91049E06A0860E16A01EB23
:10F5900081010C4A02EB8100211DFEF7F7F803E020
:10F5A00007480068C06AE062012606E00449E06C92
:10F5B0000968C96A884200D20126304670BD000041
:10F5C00000000020B80300201800002070B5064697
:10F5D000F068C46854B900BF502080F31188BFF3AD
:10F5E0004F8FBFF36F8F00BF00BFFEE704F118001D
:10F5F000FEF776F815480068A0B9201DFEF770F8F0
:10F600001349E06A0968884202D91149E06A086032
:10F61000E16A01EB81010F4A02EB8100211DFEF737
:10F62000B5F804E004F118010B48FEF7AFF80B49F8
:10F63000E06A0968C96A884204D90125012008499D
:10F64000086000E00025284670BD0000380000205A
:10F6500018000020B803002040080020000000200F
:10F660002400002070B5002400263648006850B9F8
:10F6700000BF502080F31188BFF34F8FBFF36F8F0F
:10F6800000BF00BFFEE7FEF7DFF82E480068401E0F
:10F690002C4908600846006800284ED12A480068B6
:10F6A00000284AD023E02948C068C46804F1180043
:10F6B000FEF716F8201DFEF713F82549E06A0968E1
:10F6C000884202D92249E06A0860E16A01EB8101BF
:10F6D000204A02EB8100211DFEF758F81E49E06A1E
:10F6E0000968C96A884202D301201C49086017488A
:10F6F000006808B9012000E000200028D3D00CB138
:10F70000FDF7E0FD1648056865B100BFFFF7C8FDCD
:10F7100010B10120114908606D1E002DF6D10020A6
:10F720000F4908600D48006838B1012630070D49BF
:10F730000860BFF34F8FBFF36F8FFEF7AFF830460F
:10F7400070BD00003800002010000020400800209C
:10F7500018000020B8030020000000202400002032
:10F760002000002004ED00E02DE9FC4705460E4690
:10F7700017469846DDF828902C20FDF7B3FE044686
:10F7800054B1002084F8280043463A4631462846C2
:10F79000CDE90094FDF793FB2046BDE8FC872DE9F9
:10F7A000FC4706460F4690469946DDE90AA52C20FF
:10F7B000019001982C2801D1012000E0002050B9CF
:10F7C00000BF502080F31188BFF34F8FBFF36F8FBE
:10F7D00000BF00BFFEE700BF55B900BF502080F357
:10F7E0001188BFF34F8FBFF36F8F00BF00BFFEE7DD
:10F7F0002C4654B1022084F828004B464246394634
:10F800003046CDE900A4FDF75AFB2046BDE8FC8751
:10F8100010B586B00024FDF785F916480068D0B110
:10F8200000200590049003AA04A905A8FDF778FF1D
:10F830000222DDE904100023CDE9002102900EA18F
:10F840000F48039AFFF76CFB0E49086008460068F2
:10F8500000B1012400BF54B900BF502080F31188CB
:10F86000BFF34F8FBFF36F8F00BF00BFFEE720468F
:10F8700006B010BD44000020546D72205376630022
:10F8800009D40408480000202DE9FF4704460D462E
:10F8900016461F46DDF830804FF0000954B900BF0E
:10F8A000502080F31188BFF34F8FBFF36F8F00BFDD
:10F8B00000BFFEE71448006810B30095019602945B
:10F8C000062D15DAFFF7D6FC022808D100234246A0
:10F8D00069460D480068FEF7A7FE814610E0002348
:10F8E0001A46694608480068FEF79EFE814607E012
:10F8F00000233A46694604480068FEF769FF8146DE
:10F90000484604B0BDE8F0874400002070B50446C6
:10F91000264654B900BF502080F31188BFF34F8FA3
:10F92000BFF36F8F00BF00BFFEE7FDF78DFF96F8B6
:10F93000280000F0010008B9002500E00125FDF7CE
:10F94000ADFF284670BD81F00041704780F0004057
:10F95000704721F00041704720F0004070470000E0
:10F9600021F00042A2F16052B2F5801F01F0004385
:10F9700028BFD2F17F6C0BD95FEA001C43EAC202B8
:10F9800042EB507018BF704728BF20F0010070474D
:10F99000B2F5801FBCBF184670474FEA410C1CF5FA
:10F9A000001F02D2084600F089BD70B500F090FB40
:10F9B00000000089FFF7F6BF4FF00040A0F580007F
:10F9C0007047000010B591EA030F48BF83F0004371
:10F9D00000F11C84841A71EB030C05D2121943EB5D
:10F9E0000C03001B61EB0C01DFF824E14FEA11541A
:10F9F000A4EB135C1EEA430F18BF9EEA445F73D06A
:10FA000023EA0E03DCF1200E21EA045143F48013B3
:10FA100032D322FA0CFE10EB0E0023FA0CFE41EB5F
:10FA20000E01CCF1200E03FA0EFE10EB0E0051F188
:10FA30000001B1F5801FCCF1200E32D201EB045150
:10FA400012FA0EF2BDE8104058BF7047401C38BF94
:10FA50005FEA420218BF7047002814BF20F001007F
:10FA600041F100014FEA410313F5001F38BF704711
:10FA7000A1F1C04100F07ABB012A43EB0302ACF1D3
:10FA8000200CDCF11F0E32BF4FF0000E23FA0CF3F6
:10FA900010EB030041EB0451B4EB115FD0D0A1EBAC
:10FAA000045101F5801149085FEA300001EB04516F
:10FAB0000ED350F1000038BF12FA0EFE08D1BDE897
:10FAC0001040C9E7401C38BF5FEA4202CAD1C3E711
:10FAD000BDE810404FEA410313F5001F38BF7047DF
:10FAE000A1F1C04100F042BB9EEA445F08D011EA98
:10FAF0005E0FBDE8104004BF01F0004100207047D8
:10FB0000BDE8104070B500F0E3FA00BF64FBBE3EF4
:10FB10000000E0FF491058BFC1F140415B1058BFE1
:10FB2000C3F140438B42EFF3008070472DE9C041A1
:10FB300030B4DFF8A0C23CEA111418BF3CEA131439
:10FB400000F0EC8081EA03051CEA111444EAD57444
:10FB500018BF1CEA131500F0C780A4EB05044FF092
:10FB6000004545EAC12145EAC32341EA505143EA31
:10FB7000525304F17F74994204F500344FEAC020D7
:10FB80004FEAC22208BF904200F09C804FEA136502
:10FB90000FF24016765D4FEA134506FB05F7C7F1F5
:10FBA000807706FB07F74FEAD737A7FB0368764253
:10FBB000C8F58038A7FB06CE38BFA8F1010807FBBF
:10FBC00008E64FF0000EA6FB028CE6FB03CEDCF14C
:10FBD000000CCEF1004E38BFAEF1010EA6FB0C5862
:10FBE0004FF000074FF00005E6FB0E87A1FB08C6AB
:10FBF000A0FB07CE16EB0E0645F10005E1FB0765FD
:10FC000015F1E04E7EBFA4F580345FEA46066D41F3
:10FC100016F1800745F100054FEA17274FEA0666FF
:10FC200047EA0567A6F1DE46B6F1805F4FEA152583
:10FC30001FD9384624F0010C05EBC471BCF1FE6FEE
:10FC400001EB0C1102D8F0BCBDE8008124425CBF7E
:10FC500001F5801E9EEAC47F02D4F0BCBDE800819D
:10FC6000244238D4F0BCA1F1C041BDE8004100F00D
:10FC70007DBA4FEAD22242EA43524FEAD323A7FB8E
:10FC800002864FEAD02040EA415007FB03661EEA95
:10FC90000E0F4FEAD12105FB026658BFA6EB0056B6
:10FCA000B6EB00564FEA520E4EEAC37E18EB0E0E2C
:10FCB00056EB530EBDD518EB02085E417F1C55F183
:10FCC0000005B6E74FF480154FF000074FF000062F
:10FCD0004FF00008ADE7F0BC4FF0000001F1C0416B
:10FCE00001F00041BDE8008111EA0C1F0CEA131578
:10FCF00000D00CE013EA0C1F00F025804FF000004C
:10FD0000F0BC81EA030101F00041BDE80081F0BCD4
:10FD1000BDE8004181EA030100F028BAF0BCBDE86B
:10FD2000004170B500F0D4F9097EFC3E00F007B840
:10FD300081EA03014FF0000001F00041704781EAC1
:10FD4000030100F013BAF0BCBDE800414FF0000021
:10FD500021497047FFFDFBF9F7F5F4F2F0EEEDEB0A
:10FD6000E9E8E6E4E3E1E0DEDDDBDAD8D7D5D4D3B9
:10FD7000D1D0CFCDCCCBCAC8C7C6C5C4C2C1C0BF05
:10FD8000BEBDBCBBBAB9B8B7B6B5B4B3B2B1B0AF0B
:10FD9000AEADACABAAA9A8A8A7A6A5A4A3A3A2A1EF
:10FDA000A09F9F9E9D9C9C9B9A99999897979695AA
:10FDB00095949393929191908F8F8E8E8D8C8C8B46
:10FDC0008B8A8989888887878685858484838382CE
:10FDD000828181800000FF070000F87F51EA030C58
:10FDE00017D41CF5801F58BFBCF5801F00F106809A
:10FDF000994218BF704708BF9042704707D711F566
:10FE0000801F58BF13F5801F19D49942704789424B
:10FE100070471CF5801F08D5BCF5801FF7D58B42B5
:10FE200018BF704708BF824270474FF4001C1CEB9C
:10FE3000410F38BF1CEB430F01D28B42704770B5A6
:10FE400000F046F9922449004FF000514FF08053E2
:10FE5000FFF760BE4FEA1153A3F58063D3F11E0391
:10FE6000A8BFD3F1200C08DB4FF0004242EAC122C8
:10FE700052EA505232FA03F0704709420BD4102B69
:10FE8000C4BF0020704703F5787CBCF1FF3F05D06C
:10FE90004FF0FF3070474FF00000704770B500F032
:10FEA00017F900BF4992248000207047F0E710F056
:10FEB000004248BF4042B0FA80F310FA03F10AD082
:10FEC000C3F11D0303F580634FEA415002EB035277
:10FED00002EBD12170474FF000007047B0FA80F379
:10FEE00010FA03F10AD0C3F11D0303F580634FEA52
:10FEF00041504FEA035202EBD12170474FF000000E
:10FF00007047000051EA030C17D41CF5801F58BF3E
:10FF1000BCF5801F00F10680994218BF704708BFEA
:10FF20009042704707D711F5801F58BF13F5801F07
:10FF300019D499427047894270471CF5801F08D533
:10FF4000BCF5801FF7D58B4218BF704708BF8242AF
:10FF500070474FF4001C1CEB410F38BF1CEB430FE4
:10FF600001D28B42704770B500F0B2F8922449007C
:10FF70004FF000514FF08053FFF7CCBDDFF848C180
:10FF800070B51CEA111E1EBF1CEA13159EEA0C0F69
:10FF900095EA0C0F00F06F8081EA030423EA4C130A
:10FFA0004EEAD47E21EA4C1141F4801143F48013CF
:10FFB000AE44A1FB024CA0FB0365AEF17F7E361977
:10FFC00055EB0C05A1FB034C4CF10003A0FB021CFC
:10FFD00016EB0C06654153F10003094218BF46F0C9
:10FFE000010613F4007F0BD14FEA03314FEA0530CD
:10FFF000340341EA155140EA16506FF003020AE05B
:020000040805ED
:100000004FEAC3214FEAC520F40241EA555140EAC4
:1000100056506FF0020202EB2E4201EB025585EAC8
:10002000CE710AD05FEA440C18BF24F0004450F1AE
:10003000000041F1000120EAD47040F2FE7C6245EC
:1000400000D270BDA84214BF4FF080444FF040442E
:10005000002E08BF0024BEF1806FA8BFA1F1C041EF
:10006000BDE8704080F282804FF0000001F1C04195
:1000700001F0004170479EEA0C0F0CEA131518BFFF
:1000800095EA0C0F06D04FF0000081EA030E0EF047
:10009000004170BD00F01CF88900013E00F007B877
:1000A00000F009B84FEA430C5FEA5C5C08D081EAD3
:1000B000030100F05BB84FEA410C5FEA5C5CF6D1EB
:1000C0004FF00000014970470000FF070000F87F73
:1000D0000EF1020E2EF0030E5EF8046B364205D4CC
:1000E000012A43EB030515F5001F12D8012841EB47
:1000F000010C1CF5001F0CD80ED14FEAD17C15F570
:10010000001F0CEB4C0C0CF1020C08BF4CEBD37C29
:1001100004E04FF0080C01E04FEAD37C0CEB4C05F7
:1001200026FA05F606F00706B6F1040C06D20EEB29
:10013000860CBDE870404CF0010C6047DFE80CF025
:10014000090B02024FF000414FF00000A1F5002121
:1001500070BD19461046012851EB010418BFD4F5B3
:10016000001484BF002001F0004170BD0808A0F514
:1001700000114FEA3101704753EA010C17D41CF506
:10018000801F58BFBCF5801F00F106808B4218BF4E
:10019000704708BF8242704707D713F5801F58BFCA
:1001A00011F5801F19D48B4270479B4270471CF594
:1001B000801F08D5BCF5801FF7D5994218BF70473E
:1001C00008BF904270474FF4001C1CEB430F38BF30
:1001D0001CEB410F01D2994270470FB40CBC03BC19
:1001E000FFF7C1BE91EA030F10B581F000413FF562
:1001F000F1AB83F0004300F009B8000010B591EABC
:10020000030F48BF83F000433FF5E4AB841A71EB62
:10021000030C07D212198CF0004C43EB0C03001BAB
:1002200061EB0C01DFF8A4E14FEA1154A4EB135C7D
:100230001EEA430F18BF9EEA445F00F0B08023EA35
:100240006E03524221EA0451C3EB6E0338BF5B1EBA
:10025000DCF1200E25D322FA0CFE10EB0E0043FA3F
:100260000CFE41EB0E01CCF1200E03FA0EFE10EB5A
:100270000E0051F10001CCF1200E29D412FA0EF239
:1002800001EB0451BDE8104058BF7047401C1CBF33
:10029000B2F1004F704700280CBF491C20F001004C
:1002A000704712EB020E43EB030218BF4FF0010E32
:1002B0004EEA4202ACF1200CDCF11E0E54D943FA96
:1002C0000CFE10EB0E0051F1FF31CCF11E0ED5D516
:1002D0000EF1010E12FA0EFE404141EB010101EB5D
:1002E000445C5FEA5C5C10D910EBDE7001EB0451FA
:1002F00038BFBEF1004FBDE8104018BF704700285E
:100300000CBF491C20F00100704730D24FEAD42CBA
:1003100011F5001124F400641BD0B1FA81F20B3AFC
:10032000A41AA41ED2F12003914030FA03F319431A
:10033000904001EBCC71002C01EB0451BDE8104062
:10034000A8BF704701F1C0414FF0000001F000412B
:100350007047B0FA80F310FA03F100D110BDE41A2F
:10036000173C4805C90AE4E701EB045110BD4910E8
:1003700001EB0451BDE810404FEA300002E04FF0BD
:10038000000170474A0008BF0042F8D0B2F5001FD4
:1003900028BF704701F000414FF0000070479EEA0F
:1003A000445F07D011EA5E0FBDE8104004BF002192
:1003B00000207047BDE8104070B5FFF789FE00BF10
:1003C00040DFF63E83F00041104670470000E0FF3A
:1003D00043004FEAD30C4FEA3C0C43401FBF400799
:1003E0000CF1605113F0FE4F70471CF0006F03D109
:1003F00000200CF0004170470CF0004343EA5070BD
:1004000010B540EACC0000F00EF800BF00000092EA
:100410004FEA0001FFF7AABE4FF000414FF0000085
:10042000A1F5002170470EF1020E2EF0030E5EF8CA
:10043000044B244204D44FEA4102B2F17F4F11D859
:100440004FEA4003B3F17F4F0CD80ED14FEAD07C76
:10045000B2F17F4F0CEB4C0C0CF1020C08BF4CEBD3
:10046000D17C04E04FF0080C01E04FEAD17C0CEBAA
:100470004C0324FA03F404F00704B4F1040C06D28C
:100480000EEB840CBDE810404CF0010C6047DFE837
:100490000CF0070802024FF00040A0F5800010BDEC
:1004A0000846420018BFD2F1807288BF00F00040B9
:1004B00010BD4FF04070E1EE100A7047FF2141EA95
:1004C000D050C005704700C1814001C0804101C0CB
:1004D000804100C1814001C0804100C1814000C114
:1004E000814001C0804101C0804100C1814000C104
:1004F000814001C0804100C1814001C0804101C0F4
:10050000804100C1814001C0804100C1814000C1E3
:10051000814001C0804100C1814001C0804101C0D3
:10052000804100C1814000C1814001C0804101C0C3
:10053000804100C1814001C0804100C1814000C1B3
:10054000814001C0804101C0804100C1814000C1A3
:10055000814001C0804100C1814001C0804101C093
:10056000804100C1814000C1814001C0804101C083
:10057000804100C1814001C0804100C1814000C173
:10058000814001C0804100C1814001C0804101C063
:10059000804100C1814001C0804100C1814000C153
:1005A000814001C0804101C0804100C1814000C143
:1005B000814001C0804100C1814001C0804101C033
:1005C000804100C1814000C0C101C30302C2C60610
:1005D00007C705C5C404CC0C0DCD0FCFCE0E0ACA7B
:1005E000CB0BC90908C8D81819D91BDBDA1A1EDECB
:1005F000DF1FDD1D1CDC14D4D515D71716D6D2127B
:1006000013D311D1D010F03031F133F3F23236F68A
:10061000F737F53534F43CFCFD3DFF3F3EFEFA3A3A
:100620003BFB39F9F83828E8E929EB2B2AEAEE2ECA
:100630002FEF2DEDEC2CE42425E527E7E62622E23A
:10064000E323E12120E0A06061A163A3A26266A68A
:10065000A767A56564A46CACAD6DAF6F6EAEAA6AFA
:100660006BAB69A9A86878B8B979BB7B7ABABE7E4A
:100670007FBF7DBDBC7CB47475B577B7B67672B2FA
:10068000B373B17170B0509091519353529296568A
:100690005797559594549C5C5D9D5F9F9E5E5A9ABA
:1006A0009B5B99595898884849894B8B8A4A4E8E4A
:1006B0008F4F8D4D4C8C44848545874746868242BA
:1006C000438341818040102840587088A0B80000C2
:1006D00000000404040000080000000800000800F6
:1006E00000000800020406080A0C000102030405C9
:1006F00006102840587088A0B800000000040404C8
:1007000000000800000008000008000000080002C7
:100710000406080A0C0001020304050610284058CC
:100720007088A0B800000000040404000008000065
:1007300000080000080000000800020406080A0C77
:100740000001020304050600102840587088A0B874
:10075000000000000404040000080000000800007D
:10076000080000000800020406080A0C0001020349
:10077000040506000000000000000000000000006A
:10078000000058025802580258025802C800580285
:100790005802580258029001580258025802580252
:1007A0005802900158025802580258025802580242
:1007B00000000000000000005802000000000000DF
:1007C0000000000000000000000000000000000029
:1007D00000000000000000005802580258025802B1
:1007E0005802580258025802580220035802580270
:1007F0005802580258025802000000000000000091
:100800000700000004000000B3A804080000000076
:100810000800000080000000B3A8040800000000E9
:100820000900000008000000B3A804080000000050
:100830000B00000010000000B3A804080000000036
:100840000A00000020000000B3A804080000000017
:100850000C00000040000000B3A8040800000000E5
:100860002200000001000000B3A8040800000000FE
:100870000500000000020000B3A80408000000000A
:100880000200000000050000B3A8040800000000FA
:100890000300000002000000B3A8040800000000EC
:1008A0000400000002100000B3A8040800000000CB
:1008B0000600000000400000B3A80408000000008B
:1008C0002400000000200000B3A80408000000007D
:1008D0000000000000000000000000000000000018
:1008E0000000000000000000000000000000000008
:1008F00000000000000000000000000000000000F8
:1009000000000000000000000000000000000000E7
:1009100000000000000000000000000000000000D7
:1009200000000000000000000000000000000000C7
:1009300000000000000000000000000000000000B7
:100940000700000004000000B3A804087C010000B8
:100950000800000080000000B3A804087C0100002B
:100960000900000008000000B3A804087C01000092
:100970000B00000010000000B3A80408C80000002D
:100980000A00000020000000B3A804087C01000059
:100990000C00000040000000B3A804086400000040
:1009A0002200000001000000B3A80408F4010000C8
:1009B0000500000000020000B3A80408F4010000D4
:1009C0000200000000050000B3A80408F4010000C4
:1009D0000300000002000000B3A804087C0100002E
:1009E0000400000002100000B3A804087C0100000D
:1009F0000600000000400000B3A80408F401000055
:100A00002400000000200000B3A80408F401000046
:100A100000000000000000000000000000000000D6
:100A200000000000000000000000000000000000C6
:100A300000000000000000000000000000000000B6
:100A400000000000000000000000000000000000A6
:100A50000000000000000000000000000000000096
:100A60000000000000000000000000000000000086
:100A70000000000000000000000000000000000076
:100A80000700000004000000B3A8040800000000F4
:100A90000800000080000000B3A804080000000067
:100AA0000900000008000000B3A8040800000000CE
:100AB0000B00000010000000B3A8040800000000B4
:100AC0000A00000020000000B3A804080000000095
:100AD0000C00000040000000B3A804080000000063
:100AE0002200000001000000B3A80408000000007C
:100AF0000500000000020000B3A804080000000088
:100B00000200000000050000B3A804080000000077
:100B10000300000002000000B3A804080000000069
:100B20000400000002100000B3A804080000000048
:100B30000600000000400000B3A804080000000008
:100B40002400000000200000B3A8040800000000FA
:100B50000000000000000000000000000000000095
:100B60000000000000000000000000000000000085
:100B70000000000000000000000000000000000075
:100B80000000000000000000000000000000000065
:100B90000000000000000000000000000000000055
:100BA0000000000000000000000000000000000045
:100BB0000000000000000000000000000000000035
:100BC0000700000004000000B3A8040800000000B3
:100BD0000800000080000000B3A804080000000026
:100BE0000900000008000000B3A80408000000008D
:100BF0001600000010000000B3A804080000000068
:100C000017000000010000003BA8040800000000DD
:100C10000F00000020000000B3A80408000000003E
:100C20002000000001000000B3A80408000000003C
:100C30001A00000060000000B3A8040800000000D3
:100C40001F000000020000003BA804080000000094
:100C50000200000000010000B3A80408000000002A
:100C60000300000002000000B3A804080000000018
:100C70000400000002100000B3A8040800000000F7
:100C80000600000000400000B3A8040800000000B7
:100C90002400000000200000B3A8040800000000A9
:100CA0000000000000000000000000000000000044
:100CB0000000000000000000000000000000000034
:100CC0000000000000000000000000000000000024
:100CD0000000000000000000000000000000000014
:100CE0000000000000000000000000000000000004
:100CF00000000000000000000000000000000000F4
:100D00000700000004000000B3A804080000000071
:100D10000800000080000000B3A8040800000000E4
:100D20000900000008000000B3A80408000000004B
:100D30001700000010000000B3A804080000000025
:100D40001900000020000000B3A804080000000003
:100D50001100000040000000B3A8040800000000DB
:100D60000200000000050000B3A804080000000015
:100D70002200000001000000B3A8040800000000E9
:100D80000500000000020000B3A8040800000000F5
:100D90000300000002000000B3A8040800000000E7
:100DA0000400000002100000B3A8040800000000C6
:100DB0000600000000400000B3A804080000000086
:100DC0002400000000200000B3A804080000000078
:100DD0000000000000000000000000000000000013
:100DE0000000000000000000000000000000000003
:100DF00000000000000000000000000000000000F3
:100E000000000000000000000000000000000000E2
:100E100000000000000000000000000000000000D2
:100E200000000000000000000000000000000000C2
:100E300000000000000000000000000000000000B2
:100E40000700000004000000B3A804080000000030
:100E50000800000080000000B3A8040800000000A3
:100E60000900000008000000B3A80408000000000A
:100E70001700000010000000B3A8040800000000E4
:100E80001900000020000000B3A8040800000000C2
:100E90001100000040000000B3A80408000000009A
:100EA0000100000001000000B3A8040800000000D9
:100EB0000200000000010000B3A8040800000000C8
:100EC0000500000000020000B3A8040800000000B4
:100ED0000300000002000000B3A8040800000000A6
:100EE0000400000002080000B3A80408000000008D
:100EF0000600000000400000B3A804080000000045
:100F000000000000000000000000000000000000E1
:100F100000000000000000000000000000000000D1
:100F200000000000000000000000000000000000C1
:100F300000000000000000000000000000000000B1
:100F400000000000000000000000000000000000A1
:100F50000000000000000000000000000000000091
:100F60000000000000000000000000000000000081
:100F70000000000000000000000000000000000071
:100F80000700000002000000B3A8040800000000F1
:100F90000800000010000000B3A8040800000000D2
:100FA0000900000080000000B3A804080000000051
:100FB0003D00000004000000B3A804080000000089
:100FC0003E00000020000000B3A80408000000005C
:100FD0003F00000040000000B3A80408000000002B
:100FE0004000000000800000B3A8040800000000DA
:100FF0004100000000000100B3A804080000000048
:101000002200000000200000B3A804080000000037
:101010000200000008030000B3A80408000000005C
:101020000300000001000000B3A804080000000055
:101030000400000000100000B3A804080000000035
:101040000600000000400000B3A8040800000000F3
:101050002400000000080000B3A8040800000000FD
:101060000500000000040000B3A804080000000010
:101070000000000000000000000000000000000070
:101080000000000000000000000000000000000060
:101090000000000000000000000000000000000050
:1010A0000000000000000000000000000000000040
:1010B0000000000000000000000000000000000030
:1010C0000700000004000000B3A8040800000000AE
:1010D0000800000080000000B3A804080000000021
:1010E0000900000008000000B3A804080000000088
:1010F0001800000010000000B3A804080000000061
:101100001000000020000000B3A804080000000048
:101110001400000040000000B3A804080000000014
:101120000100000001000000B3A804080000000056
:101130000200000000010000B3A804080000000045
:101140000300000002000000B3A804080000000033
:101150000400000002100000B3A804080000000012
:101160000600000000000200B3A804080000000010
:10117000000000000000000000000000000000006F
:10118000000000000000000000000000000000005F
:10119000000000000000000000000000000000004F
:1011A000000000000000000000000000000000003F
:1011B000000000000000000000000000000000002F
:1011C000000000000000000000000000000000001F
:1011D000000000000000000000000000000000000F
:1011E00000000000000000000000000000000000FF
:1011F00000000000000000000000000000000000EF
:101200000700000004000000B3A80408000000006C
:101210000800000080000000B3A8040800000000DF
:101220000900000008000000B3A804080000000046
:101230001600000010000000B3A804080000000021
:101240001700000020000000B3A804080000000000
:101250000F00000040000000B3A8040800000000D8
:101260002200000001000000B3A8040800000000F4
:101270000200000000050000B3A804080000000000
:101280000500000000020000B3A8040800000000F0
:101290000300000002000000B3A8040800000000E2
:1012A0000400000002100000B3A8040800000000C1
:1012B0000600000000400000B3A804080000000081
:1012C0002400000000000200B3A804080000000091
:1012D000000000000000000000000000000000000E
:1012E00000000000000000000000000000000000FE
:1012F00000000000000000000000000000000000EE
:1013000000000000000000000000000000000000DD
:1013100000000000000000000000000000000000CD
:1013200000000000000000000000000000000000BD
:1013300000000000000000000000000000000000AD
:101340000700000004000000B3A80408000000002B
:101350000800000080000000B3A80408000000009E
:101360000900000008000000B3A804080000000005
:101370001700000010000000B3A8040800000000DF
:101380001100000020000000B3A8040800000000C5
:101390000C00000040000000B3A80408000000009A
:1013A0002200000001000000B3A8040800000000B3
:1013B0000200000000050000B3A8040800000000BF
:1013C0000500000000020000B3A8040800000000AF
:1013D0000300000002000000B3A8040800000000A1
:1013E0000400000002100000B3A804080000000080
:1013F0000600000000400000B3A804080000000040
:101400002400000000200000B3A804080000000031
:1014100000000000000000000000000000000000CC
:1014200000000000000000000000000000000000BC
:1014300000000000000000000000000000000000AC
:10144000000000000000000000000000000000009C
:10145000000000000000000000000000000000008C
:10146000000000000000000000000000000000007C
:10147000000000000000000000000000000000006C
:10148000C016050800000000000000000000000079
:101490000000000000020000180000000000000032
:1014A00000000000A8160508000000000000000071
:1014B0000000000000000000000400001800000010
:1014C00000000000000000008C160508000000006D
:1014D0000000000000000000000000000004000008
:1014E000200000000000000000000000B416050805
:1014F00000000000000000000000000000000000EC
:1015000000040000300000000000000000000000A7
:101510009816050800000000000000000000000010
:1015200000000000000200000800000000000000B1
:1015300000000000F0160508000000000000000098
:1015400000000000D01605080000000000000000A8
:1015500000000000E0160508000000000000000088
:101560000000000004170508000000000000000053
:101570000000000010170508000000000000000037
:1015800000000000FC16050800000000000000003C
:1015900000000000701605080000000000000000B8
:1015A00000000000781605080000000000000000A0
:1015B0000000000084160508000000000000000084
:1015C00000000000102840587088A0B800000000FB
:1015D0000404040000080000000810284058708827
:1015E000A0B80000102840587088A0B80000000083
:1015F00000000000000000000000000000000000EB
:1016000000000000000000000000000001020304D0
:101610000607080900000000010203040400000896
:1016200000000000000000020001000010000000A7
:1016300004FA97999999D93FAF788E1DC571CC3F1F
:101640009FC678D0099AC33F935555555555E53FE8
:10165000599322942449D23FDE03CB966446C73F78
:1016600044523EDF12F1C23F0000000000000000C3
:101670005556646174610000486F73744D62646113
:1016800074610000486F744D7367000050726F639F
:101690005461736B00000000537469724374726C80
:1016A0005461736B0000000054656D705461736B7E
:1016B00000000000734D6F646275735461736B00BA
:1016C00044617461436F6C6C6563745461736B0047
:1016D000486F74486F6C6454696D65720000000057
:1016E0005265706F72745374657054696D657200E1
:1016F0004D6F746F7254696D65720000436F6D6D4C
:10170000335278006F734144534D7574657800000F
:1017100054656D70446174614D75746578000000A6
:10172000401705080000002078030000C4010408E9
:101730001418050878030020109D000020020408FA
:1017400001741AAA01D104121001400229023211B7
:1017500036A9B60408043659B504080336CDB404D6
:101760000810365FB8040806368DB70408171AE566
:101770002032013673B30408051A1D18320F1ACF30
:101780000829721A2138326636F1B20408671AD174
:1017900058012A8A010216459EB358011B20949DC8
:1017A000297012AA1A0F0845D00788130312C8AF70
:1017B0000316803F093618237A442B20400813F47F
:1017C000631B20EC041B6C62049908013C9B6009BC
:1017D0000C0212EA134C021B204D041A4E041A4F3D
:1017E00004198C12411248199019A2041590A0B046
:1017F0003B140120610370B80B05168D8C04081989
:10180000BC3904013613FC6F12205324F432103219
:0418100001000000D3
:040000050804018961
:00000001FF
