:020000040804EE
:1000000068AE0020310304082FA90408C77704084C
:100010000DA90408B1280408616B05080000000060
:100020000000000000000000000000007102040851
:10003000D148040800000000CD020408F55D050861
:100040004B03040825B104084B0304084B030408C0
:100050004B0304084B0304084B0304084B03040838
:100060004B0304084B0304084B0304084B03040828
:100070008D4404084B030408FD4404084B030408A2
:100080004B0304084B0304084B0304084B03040808
:100090004B0304084B0304084B0304084B030408F8
:1000A0004B0304084B030408395F05084B0304089D
:1000B0004B0304084B0304084B0304084B030408D8
:1000C0004B0304084B0304084B0304084B030408C8
:1000D0004B030408656805084B03040845690508D7
:1000E0004B03040821E204084B0304084B030408F3
:1000F0004B030408455F05084B0304084B03040841
:100100004B0304084B0304084B0304084B03040887
:100110004B0304084B0304083D5F0508415F0508D5
:100120007D450408C14604084B0304084B0304083A
:100130004B0304084B0304084B0304084B03040857
:100140004B0304084B0304084B0304084B03040847
:100150004B030408314704084B0304082D6A0508C3
:100160004B0304084B0304084B0304084B03040827
:100170004B0304084B0304084B0304080000000071
:100180004B0304084B03040800F002F800F061F888
:100190000AA090E8000C82448344AAF10107DA45E2
:1001A00001D100F056F8AFF2090EBAE80F0013F0D3
:1001B000010F18BFFB1A43F001031847E4F40100D4
:1001C00004F501000A444FF0000C10F8013B13F055
:1001D000070408BF10F8014B1D1108BF10F8015BA0
:1001E000641E05D010F8016B641E01F8016BF9D193
:1001F00013F0080F1EBF10F8014BAD1C0C1B09D1EA
:100200006D1E58BF01F801CBFAD505E014F8016B5B
:1002100001F8016B6D1EF9D59142D6D370470000ED
:100220000023002400250026103A28BF78C1FBD8FF
:10023000520728BF30C148BF0B607047642900F0E7
:100240005981002070471FB51EF083F81FBD10B5FF
:1002500010BD00F0E1FA1146FFF7F5FF19F038FB89
:1002600000F0FFFA03B4FFF7F2FF03BC17F018FF2A
:100270002C4B19680868B0E8F04F80F30988BFF389
:100280006F8F4FF0000080F311887047000000006E
:1002900008480068006880F308884FF0000080F389
:1002A000148862B661B6BFF34F8FBFF36F8F00DF64
:1002B00000BF00BF08ED00E0DFF80C00016841F46A
:1002C00070010160704700BF88ED00E0EFF3098026
:1002D000BFF36F8F134B1A681EF0100F08BF20ED8D
:1002E000108A20E9F04F106009B44FF0500080F3FD
:1002F0001188BFF34F8FBFF36F8F1BF0E7F94FF0FB
:10030000000080F3118809BC19680868B0E8F04F54
:100310001EF0100F08BFB0EC108A80F30988BFF3FD
:100320006F8F704700000020EFF3058070470000DA
:100330000948804709480047FEE7FEE7FEE7FEE779
:10034000FEE7FEE7FEE7FEE7FEE7FEE704480549B5
:10035000054A064B70470000195F0508890104082B
:100360006886002068AE002068A6002068A60020ED
:1003700053EA020C00F069802DE9F04B4FF00006C3
:10038000002B1FBFB3FA83F503FA05F424FA05F630
:100390005E4012BF1643B2FA82F502FA05F4C5F1C7
:1003A00020051EBF22FA05FC44EA0C04203556EA5B
:1003B000044C4FEA144418BF641C4FF000084FF07F
:1003C0000009904271EB030C39D3002919BFB1FA2F
:1003D00081F701FA07F6B0FA80F700FA07F6C7F1DD
:1003E00020071EBF20FA07FC46EA0C062037B6FBA2
:1003F000F4FCA7EB0507103F07F01F0BCBF120061D
:100400000CFA0BFB2CFA06F644BFB3460026202F4D
:10041000A4BF5E464FF0000B5BEA060C08BF4FF02E
:10042000010B19EB0B09ABFB027C48EB0608C01B68
:1004300006FB02CC0BFB03CC71EB0C01C1E70B46B6
:10044000024641464846BDE8F08B13B54FF0000028
:100450004FF00001AFF30080BDE81C407047000082
:100460000FB41CB5084B06AA7B446946009005985A
:1004700000F08FF904460020694600F09DF92046FF
:100480001CBC5DF814FB00004D0300002DE9F04199
:100490000E460446002020622046E168884730B3BB
:1004A000252805D0D4E901219047206A401CF2E7B5
:1004B000E168204600278847050018D0A5F14100D3
:1004C000192802D820354FF40067324629462046C5
:1004D0002760FFF7B3FE40B1012804D0F61D26F0D7
:1004E00007060836D8E7361DD6E72846DAE7206A39
:1004F000BDE8F0812DE9F041064600241068752919
:10050000314616A510D0AFF30080002802DA404231
:1005100013A507E031688A0701D512A502E0490753
:1005200004D511A5012401E0AFF3008000210A22C7
:1005300006F1240709E0B0FBF2FCB0FBF2F302FB8A
:100540001C00303078541846491C0028F3D123464B
:100550002A463046BDE8F04100F0BCB8000000007B
:100560002D0000002B00000020000000032A40F2B4
:10057000308010F0030C00F0158011F8013BBCF145
:10058000020F624498BF11F801CB00F8013B38BF5D
:1005900011F8013BA2F1040298BF00F801CB38BF6B
:1005A00000F8013B11F0030300F02580083AC0F089
:1005B000088051F8043B083A51F804CBA0E8081031
:1005C000F5E7121D5CBF51F8043B40F8043BAFF364
:1005D0000080D20724BF11F8013B11F801CB48BFBE
:1005E00011F8012B24BF00F8013B00F801CB48BFF4
:1005F00000F8012B704710B5203AC0F00B80B1E82D
:100600001850203AA0E81850B1E81850A0E8185047
:10061000BFF4F5AF5FEA027C24BFB1E81850A0E850
:10062000185044BF18C918C0BDE810405FEA827C6A
:1006300024BF51F8043B40F8043B08BF7047D20781
:1006400028BF31F8023B48BF11F8012B28BF20F822
:10065000023B48BF00F8012B704702F0FF0343EA5A
:10066000032242EA024200F0AEB84FF0000200B5A9
:10067000134694469646203922BFA0E80C50A0E8C5
:100680000C50B1F12001BFF4F7AF090728BFA0E873
:100690000C5048BF0CC05DF804EB890028BF40F83F
:1006A000042B08BF704748BF20F8022B11F0804F81
:1006B00018BF00F8012B704770477047704710B59E
:1006C00000F0A2F8006810BD10B5044600F09CF8D8
:1006D000046010BD2DE9F0470D4699469246044648
:1006E00000F124080168880604D5E06921F01001B2
:1006F000216000E00120A84201DD471B00E0002747
:10070000A1697A1902EB0900081AA0612078C006D5
:1007100002D42046AFF30080002608E0D4E901218E
:100720001AF806009047206A401C761C20624E454D
:10073000F4DB2078C0060AD52046AFF3008006E03F
:10074000D4E9012130209047206A401C2062381EE5
:10075000A7F10107F4DC07E0D4E9012118F805004E
:100760009047206A401C2062281EA5F10105F3DC99
:100770002046AFF300802078000602D50220BDE8B5
:10078000F0870120FBE7000001694A1C026108783C
:10079000704700B58FB0CDE90131002105910549C1
:1007A0007944CDE9031011466846FFF76FFE0FB09C
:1007B00000BD0000E5FFFFFF0A6802F8010B0A60B8
:1007C00070474FF000020429C0F0128010F0030CB3
:1007D0003FF44DAFCCF1040CBCF1020F18BF00F890
:1007E000012BA8BF20F8022BA1EB0C01FFF73FBFA4
:1007F0005FEAC17C24BF00F8012B00F8012B48BF41
:1008000000F8012B70470000004870470486002064
:1008100000487047048600207546FFF7F9FFAE4692
:1008200005006946534620F00700854618B020B5FC
:10083000FFF78CFDBDE820404FF000064FF00007A9
:100840004FF000084FF0000B21F00701AC46ACE878
:10085000C009ACE8C009ACE8C009ACE8C0098D46E5
:1008600070470446AFF300802046FFF7FBFC000012
:1008700030B14FF480510A04054B9A6100BF05E086
:100880004FF48051024A916100BF00BF70470000E1
:100890000004024008B500200090B12000906A4694
:1008A0000121002000F00DF9002000906A4601218E
:1008B00000F042F800200090C42000906A46012118
:1008C000084600F0FEF8002000906A460121084624
:1008D00000F032F800200090202000906A460121AC
:1008E000022000F0EEF8002000906A46012102206C
:1008F00000F022F800F0D0F808BD10B50120FFF795
:10090000B7FF102000F082F8FF2000F037F804460F
:10091000FF2000F033F840EA0424FF2000F02EF816
:1009200040EA042404F4000008B144F07F440020AD
:10093000FFF79EFF204610BD2DE9F04106460C460C
:1009400015460120FFF794FF0C2101EA8601621E83
:1009500002F00302114341F0200000F00FF80027DD
:1009600004E0FF2000F00AF801C57F1CA742F8DB75
:100970000020FFF77DFFBDE8F081000010B50446C0
:1009800000201E4908800CE01C480088401C1B49C0
:1009900008800846008844F62061884201DD002076
:1009A00010BD174808F01FFA0028EDD01348008842
:1009B000144908802146124808F01AFA00200F490D
:1009C00008800CE00D480088401C0C49088008464F
:1009D000008844F62061884201DD0020E0E70848F5
:1009E00008F0FCF90028EDD004480088064908808A
:1009F00000BF0348007B00BFD2E70000FC020020DC
:100A000000380040020300200403002010B5044613
:100A100000201D4908800BE01B480088401C1A4933
:100A200008800846008844F62061884200DD10BD39
:100A3000164808F0D8F90028EED013480088144969
:100A400008802146114808F0D3F900200E4908809B
:100A50000BE00D480088401C0B49088008460088C0
:100A600044F62061884200DDE1E7084808F0B6F965
:100A70000028EED0044800880649088000BF0348DB
:100A8000007B00BFD3E70000FC02002000380040DC
:100A9000FE0200200003002010B50120FFF7E8FE51
:100AA0000820FFF7B3FF0020FFF7E2FE10BD38B5C6
:100AB000044600946A460121002000F002F800205C
:100AC00038BD2DE9F04106460C4615460120FFF7DA
:100AD000CFFE0C2101EA8601621E02F003021143DF
:100AE00041F04000FFF792FF002704E015F8040BE7
:100AF000FFF78CFF7F1CA742F8DB0020FFF7B8FE52
:100B0000BDE8F0812DE9FC4707460C4615461E4618
:100B10004FF00009094830F814A053461A22214624
:100B20003846CDE9005615F0FEFD8146214648467F
:100B300004F0B6FA80464046BDE8FC87C0E50508EB
:100B40002DE9FC5F81460E46174698464FF0000A95
:100B5000104830F81650B5F57A7F01DCC82D00DA60
:100B6000C8253146484604F02BFE044644B12B46C6
:100B7000022231464846CDE90078A047824601E08E
:100B80004FF0090A3146504604F08AFA8346584627
:100B9000BDE8FC9FC0E505087047000010B5094896
:100BA00007F0A5FF074807F0F3FE00BF054880687F
:100BB00020F480500349886000BF084607F0A6FF74
:100BC00010BD00000028004010B5064807F08FFF58
:100BD000044807F0E2FE034807F093FF014807F0DE
:100BE00095FF10BD0028004000B591B000200F9087
:100BF0000E9001F046BE03F045FA14F0E5FFFE4802
:100C00000068B0F82A0102280FD1FB480068B0F84C
:100C10002C01C0EB001080004FF47A71484301466C
:100C20000890F648006819F035FA83E2F448007835
:100C3000F1490968A1F8EA00142018F0C1FE03F098
:100C400021FA0120EF49096848850003EA4909684B
:100C50004864E9480068406C08900AF061F94FF474
:100C6000FA7018F0ADFE4FF65030E3490968A1F86C
:100C70005C00FA20E0490968A1F8720014F0A4FFB2
:100C80004FF4967018F09CFEDB480068B0F87200D4
:100C900000EE100AF8EE400AB2EE041A80EE810A65
:100CA0008DED080AD4480068B0F95C0007909DED0E
:100CB000080A14F039FD4FF4FA7018F081FE02E0D2
:100CC000642018F07DFED04800780028F8D000207D
:100CD000CD4908704FF4FA7018F072FE4FF480504E
:100CE000C54909684864C4480068406C089003F02E
:100CF00023FB4FF4FA7018F063FE4FF47A70BE498C
:100D00000968A1F85C009620BB490968A1F8720047
:100D100014F05AFF4FF4967018F052FEB64800686F
:100D2000B0F8720000EE100AF8EE400AB2EE041AB3
:100D300080EE810A8DED080AAF480068B0F95C00CA
:100D400007909DED080A14F0EFFC4FF4FA7018F0CC
:100D500037FE02E0642018F033FEAB48007800282C
:100D6000F8D00020A84908700820A3490968486401
:100D7000A1480068406C40F480709F49096848644D
:100D80009D480068406C40F400719B4800684164D5
:100D900099480068406C08900AF0C2F84FF4FA7065
:100DA00018F00EFE4FF47A7093490968A1F85C00C0
:100DB000962091490968A1F8720014F005FF4FF4DC
:100DC000967018F0FDFD8C480068B0F8720000EED7
:100DD000100AF8EE400AB2EE041A80EE810A8DED98
:100DE000080A85480068B0F95C0007909DED080A84
:100DF00014F09AFC4FF4FA7018F0E2FD02E064205F
:100E000018F0DEFD804800780028F8D000207E49E8
:100E10000870082078490968486477480068406C81
:100E200040F4807074490968486473480068406CF5
:100E300040F400707049096848646F480068406C6D
:100E4000089003F079FA4FF4FA7018F0B9FD6F4882
:100E50000078012811D1684909684864664800682B
:100E6000406C40F480516448006841646248006806
:100E7000406C08900AF054F80AE04FF480505E4944
:100E8000096848645C480068406C08900AF048F8BB
:100E90004FF4967018F094FD4FF65030564909689B
:100EA000A1F85C00962054490968A1F8720014F07A
:100EB0008BFE4FF4967018F083FD4F480068B0F831
:100EC000720000EE100AF8EE400AB2EE041A80EE4C
:100ED000810A8DED080A48480068B0F95C00079067
:100EE0009DED080A14F020FC4FF4FA7018F068FD2C
:100EF00002E0642018F064FD434800780028F8D030
:100F000000204149087001213B48006841643A488B
:100F10000068406C40F480513748006841643648AE
:100F20000068406C089003F007FA4FF4FA7018F06C
:100F300047FDF5E008203049096848642E480068FC
:100F4000406C40F480702C49096848642A48006865
:100F5000406C40F4007028490968486426480068DD
:100F6000406C089009F0DCFF4FF4FA7018F028FD8F
:100F70004FF47A7120480068A0F85C1096201E4952
:100F80000968A1F8720014F01FFE4FF4967018F073
:100F900017FD19480068B0F8720000EE100AF8EE6C
:100FA000400AB2EE041A80EE810A8DED080A12485A
:100FB0000068B0F95C0007909DED080A14F0B4FBDE
:100FC0004FF4FA7018F0FCFC02E0642018F0F8FC12
:100FD0000D4800780028F8D000200B490870082040
:100FE00005490968486404480068406C40F4807012
:100FF0000149096848640BE078020020540400208D
:10100000500300207C0200208002002051030020B9
:10101000FE480068406C40F40071FC480068416480
:10102000FA480068406C089003F086F94FF4FA70B3
:1010300018F0C6FCF6480078012811D1F349096878
:101040004864F2480068406C40F48050EF490968F9
:101050004864EE480068406C089009F061FF0AE0BF
:101060004FF48050E94909684864E8480068406CDA
:10107000089009F055FF4FF4967018F0A1FC4FF658
:101080005030E2490968A1F85C00FA21DF480068A5
:10109000A0F8721014F098FD4FF4967018F090FCC0
:1010A000DA480068B0F8720000EE100AF8EE400A64
:1010B000B2EE041A80EE810A8DED080AD34800686A
:1010C000B0F95C0007909DED080A14F02DFB4FF479
:1010D000FA7018F075FC02E0642018F071FCCD483D
:1010E00000780028F8D00020CA4908700120C749BC
:1010F00009684864C5480068406C40F48050C349A2
:1011000009684864C1480068406C089003F014F90D
:101110004FF4FA7018F054FC0F98401CC0B20F90B6
:101120000F980328FFF606AF00200F900220BA495F
:10113000087004E0B848007801283FF477AD00BF9C
:10114000AEE1B5480078B1490968A1F8EA00142079
:1011500018F036FC4FF6E040AC490968A1F85C0095
:101160009620AA490968A1F8720014F02DFD4FF4E9
:10117000967018F025FCA5480068B0F8720000EEE3
:10118000100AF8EE400AB2EE041A80EE810A8DEDE4
:10119000080A9E480068B0F95C0007909DED080AB7
:1011A00014F0C2FA4FF4FA7018F00AFC02E064205E
:1011B00018F006FC974800780028F8D000209549E0
:1011C0000870012191480068416490480068406CB3
:1011D00040F480508D49096848648C480068406C30
:1011E000089009F09DFE4FF4FA7018F0E9FB4FF6F5
:1011F000E04186480068A0F85C10962183480068AA
:10120000A0F8721014F0E0FC4FF4967018F0D8FBC0
:101210007E480068B0F8720000EE100AF8EE400A4E
:10122000B2EE041A80EE810A8DED080A7748006854
:10123000B0F95C0007909DED080A14F075FA4FF4C0
:10124000FA7018F0BDFB02E0642018F0B9FB714899
:1012500000780028F8D000216E48017001206B4909
:101260000968486469480068406C40F480506749E8
:101270000968486465480068406C089003F05CF8B1
:101280004FF4FA7018F09CFB60480068B0F8D80082
:1012900008282DD05D480068B0F8D800132827D062
:1012A0005A480068B0F8D800152821D0574800687F
:1012B000B0F8D80018281BD054480068B0F8D800FF
:1012C0001D2815D051480068B0F8D8001F280FD04D
:1012D0004E480068B0F8D800212809D04B48006873
:1012E000B0F8D8002A2803D004214B480170DCE074
:1012F000CCE0102145480068416444480068406CD7
:10130000089009F00DFE4FF4FA7018F059FB4FF4F5
:101310007A703E490968A1F85C004FF496713B4829
:101320000068A0F8721014F04FFC4FF4967018F09B
:1013300047FB36480068B0F8720000EE100AF8EE7D
:10134000400AB2EE041A80EE810A8DED080A2F4899
:101350000068B0F95C0007909DED080A14F0E4F90C
:101360004FF4FA7018F02CFB02E0642018F028FB10
:10137000284800780028F8D00020264908704FF44B
:10138000FA7018F01DFB10202049096848641F48B6
:101390000068406C089002F0CFFF4FF4FA7018F02C
:1013A0000FFB012019490968486418480068406C1F
:1013B00040F4805015490968486414480068406C3E
:1013C000089009F0ADFD4FF4FA7018F0F9FA4FF6F5
:1013D00050300E490968A1F85C004FF4C8700B4901
:1013E0000968A1F8720014F0EFFB4FF4967018F042
:1013F000E7FA06480068B0F8720000EE100AF8EE4E
:10140000400AB2EE041A80EE810A07E0780200205A
:101410005103002080020020500300208DED080AB7
:10142000FE480068B0F95C0007909DED080A14F0D2
:101430007BF94FF4FA7018F0C3FA02E0642018F058
:10144000BFFAF74800780028F8D00020F449087067
:101450004FF4FA7018F0B4FA0121F04800684164C2
:10146000EE480068406C40F48050EC4909684864DC
:10147000EA480068406C089002F05EFF4FF4FA7092
:1014800018F09EFA0F98401CC0B20F900F980328D6
:10149000FFF62FAF00200F900320E249087004E010
:1014A000E048007802283FF44CAE00BF6DE1DD4813
:1014B0000078DA490968A1F8EA00142018F080FAE7
:1014C0004FF65030D5490968A1F85C009621D34801
:1014D0000068A0F8721014F077FB4FF4967018F0C3
:1014E0006FFACE480068B0F8720000EE100AF8EE0D
:1014F000400AB2EE041A80EE810A8DED080AC74850
:101500000068B0F95C0007909DED080A14F00CF932
:101510004FF4FA7018F054FA02E0642018F050FA10
:10152000BF4800780028F8D00021BD4801704FF472
:10153000FA7018F045FA0121B84800684164B748CC
:101540000068406C40F48050B44909684864B3486E
:101550000068406C089009F0E3FC4FF4FA7018F052
:101560002FFA4FF65030AD490968A1F85C0096207B
:10157000AA490968A1F8720014F026FB4FF496708E
:1015800018F01EFAA5480068B0F8720000EE100AC4
:10159000F8EE400AB2EE041A80EE810A8DED080AD8
:1015A0009E480068B0F95C0007909DED080A14F0B1
:1015B000BBF84FF4FA7018F003FA02E0642018F058
:1015C000FFF9974800780028F8D000209449087067
:1015D0004FF4FA7018F0F4F9012090490968486452
:1015E0008E480068406C40F480508C49096848641B
:1015F0008A480068406C089002F09EFE4FF4FA7032
:1016000018F0DEF93CE002F001F8874909688880AB
:1016100002E0642018F0D4F983480068808800282C
:10162000F7D181480068808B0D907F480068C08B9F
:101630000C900D98B0F5966F05DB0D98B0F5AF6F77
:1016400001DC012000E000200B900C98B0F5966FB3
:1016500005DB0C98B0F5AF6F01DC012000E0002045
:101660000A900B9810B10A9800B10AE00F98401C3C
:10167000C0B20F900F98052802DB032011B000BD07
:10168000C1E700BF00200F9064490D980968A1F8D8
:10169000DA0062490C980968A1F8DC000D981CF08A
:1016A0006DFB9FED620B53EC102BCDE904019DED1A
:1016B000040B51EC100B1CF0B1FBCDE906019DEDC4
:1016C000060B51EC100B1CF015FB54490968A1F8EE
:1016D000DE000C981CF052FB9FED540B53EC102BCA
:1016E000CDE904019DED040B51EC100B1CF096FBB1
:1016F000CDE906019DED060B51EC100B1CF0FAFA3A
:1017000046490968A1F8E0000D981CF037FB9FEDF1
:10171000490B53EC102BCDE904019DED040B51EC6A
:10172000100B1CF07BFBCDE906019DED060B51EC87
:10173000100B1CF0DFFA81B238480068A0F8E21004
:101740000C981CF01BFB9FED3B0B53EC102BCDE9D1
:1017500004019DED040B51EC100B1CF05FFBCDE977
:1017600006019DED060B51EC100B1CF0C3FA2B4942
:101770000968A1F8E40013F0C1FA042029490870AF
:101780004FF4FA7018F01CF904E02648007803289A
:101790003FF48DAE00BF82E0224800781F490968FF
:1017A000A1F8EA00142018F00BF94FF480401B490F
:1017B0000968486419480068406C089009F0B0FB5B
:1017C0004FF4FA7018F0FCF8322014490968A1F8B7
:1017D0006C009FED1A0A1148006880ED240A9FED05
:1017E000180A0E48006880ED250A9FED160A0B487E
:1017F000006880ED260A09480068B0F86E0000B263
:1018000008900648006890F86C0007900246002196
:101810000846089B0BF06AFB004815E078020020A0
:1018200080020020500300207C0200203333333339
:101830003333F33F000000000000E03F0000FA43B4
:101840009A99993E0000FA440068B0F8D80001283F
:101850000ED10920FD490968A1F8E800FB4800689D
:10186000B0F8E8004FF47A714843089018F0A8F8EF
:101870004FF48041F54800684164F4480068406CCA
:10188000089002F059FD4FF4FA7018F099F805200D
:10189000EF4908704FF4FA7018F092F804E0EC4841
:1018A000007804283FF478AF00BF04E1E8480078EE
:1018B000E6490968A1F8EA00142018F081F8E34825
:1018C0000068B0F80A01012804D0022805D00328D6
:1018D00009D105E00120099007E00020099004E00B
:1018E0000020099001E00120C8E600BFC82018F0E0
:1018F00067F8D6480068B0F8D80006285DD005DC47
:1019000071D2DFE800F0CD0C17222D4F15285FD0E3
:1019100017286BD0182868D0192864D1B5E00222A6
:101920004FF4C8714FF41670099B0BF0EBFDC949D9
:101930000870B7E00E224FF4C8714FF41670099B7F
:101940000BF0E0FDC3490870ACE005224FF4C8710C
:101950004FF41670099B0BF0D5FDBE490870A1E04D
:10196000BA480068B0F8FC010E280AD10E224FF4E4
:10197000C8714FF41670099B0BF0C4FDB54908708F
:101980000FE0B2480068B0F8FC01082809D108222D
:101990004FF4C8714FF41670099B0BF0B3FDAD49BD
:1019A00008707FE002224FF4C8714FF41670099B53
:1019B0000BF0A8FDA749087074E002224FF4C8712B
:1019C0004FF41670099B0BF09DFDA249087069E069
:1019D00005224FF4C8714FF41670099B0BF092FD6D
:1019E0009C4908705EE05BE000E043E097480068D7
:1019F000B0F8FC010E280AD10E224FF4C8714FF442
:101A00001670099B0BF07EFD9249087031E08F48FB
:101A10000068B0F8FC0108280AD108224FF4C87108
:101A20004FF41670099B0BF06DFD8A49087020E099
:101A300086480068B0F8FC0105280AD105224FF459
:101A4000C8714FF41670099B0BF05CFD814908705A
:101A50000FE07E480068B0F8FC01022809D102229C
:101A60004FF4C8714FF41670099B0BF04BFD794988
:101A7000087017E005224FF4C8714FF41670099BE7
:101A80000BF040FD734908700CE008224FF4C87158
:101A90004FF41670099B0BF035FD6E49087001E09C
:101AA0000220EBE500BF0620694908704FF4FA7088
:101AB00017F086FF04E06648007805283FF4F6AE8C
:101AC00000BF31E06248007860490968A1F8EA0087
:101AD000142017F075FF002303224FF4C8714FF450
:101AE00016700BF00FFD5B4908700846007810B1C6
:101AF00008460078C2E555480068B0F82401401E49
:101B000052490968A1F8240150480068B0F824013E
:101B1000322801DC0620B1E507204D4908704FF45A
:101B2000FA7017F04DFF03E0494800780628C9D045
:101B300000BFA6E04648007844490968A1F8EA00D9
:101B4000142017F03DFF09F011F978203F4909688A
:101B5000A1F86C0005203D490968A1F86E009FEDD1
:101B60003E0A3A48006880ED240AB2EE000A37487F
:101B7000006880ED250A9FED390A3448006880ED41
:101B8000260A32480068B0F86E0000B208902F486C
:101B9000006890F86C000790024600210846089BF8
:101BA0000BF088F94FF47A7017F00AFF1EE027480F
:101BB0000068D0ED210A25480068B0F86C00401E8E
:101BC00000EE100AB8EEC00AF4EEC00AF1EE10FA08
:101BD00000DB0CE022480089012804D100212048C4
:101BE000018109204AE5C82017F0EAFEDFE700BFBF
:101BF000002014F015F802F0D3FA01210B2014F0A4
:101C0000B1FF22E01148006890ED210ADFED150ACE
:101C1000B4EEE00AF1EE10FA00D825E0002013F04F
:101C2000FFFF642017F0CCFE08480068406C40F4C9
:101C3000806006490968486404480068406C089060
:101C400009F06EF9642017F0BBFEDBE77802002094
:101C5000500300205C030020000061450000484460
:101C6000F87C00200000484200BF00210B2014F047
:101C700079FF0820F84908704FF4FA7017F0A0FEB9
:101C800004E0F548007807283FF454AF00BF26E091
:101C9000F1480078F1490968A1F8EA00142017F02A
:101CA0008FFE099808B9012000E0002003460522B4
:101CB0004FF4C87108904FF416700BF023FCE849FC
:101CC00008700846007810B108460078D6E409206C
:101CD000E14908704FF4FA7017F072FE03E0DE4835
:101CE00000780828D4D000BF32E0DB480178DB4818
:101CF0000068A0F8EA10142017F062FE0023062204
:101D00004FF4C8714FF416700BF0FCFBD449087007
:101D10000846007810B108460078AFE4CF48006864
:101D2000B0F82601401E81B2CC480068A0F8261108
:101D3000CA480068B0F82601322801DC07209DE47B
:101D40000A20C54908704FF4FA7017F039FE03E015
:101D5000C14800780928C8D000BF10E0BE4800780C
:101D6000BE490968A1F8EA00142017F029FE0B20EB
:101D7000B94908704FF4FA7017F022FE03E0B64834
:101D800000780A28EAD000BF36E0B3480078B349AB
:101D90000968A1F8EA00142017F012FE00230722B8
:101DA0004FF4C8714FF416700BF0ACFBAC490870DF
:101DB0000846007810B1084600785FE4A74800683C
:101DC000B0F82801401EA5490968A1F82801A348D8
:101DD0000068B0F82801322801DC08204EE4FA211E
:101DE00040F2DC500BF022FB0C209B4908704FF4B2
:101DF000FA7017F0E5FD03E0974800780B28C4D08F
:101E000000BF9FE09448007894490968A1F8EA006F
:101E1000142017F0D5FD002013F002FF4FF47A7064
:101E200017F0CEFD32218D480068A0F86C109FEDB0
:101E30008D0A8A48006880ED240AB1EE080A8748B6
:101E4000006880ED250A1FED7B0A8448006880ED5C
:101E5000260A82480068B0F86E0000B208907F48F9
:101E6000006890F86C000790024600210846089B25
:101E70000BF03CF84FF4FA7017F0A2FD77480068B9
:101E8000B0F86E0000B208907448006890F86C00DA
:101E90000790024600210846089B0BF027F818E03F
:101EA0006E480068D0F8840005901CF0E1F99FEDC1
:101EB0006E0B53EC102BCDE906019DED060B51EC9A
:101EC000100B1CF0A9F800D804E04FF4FA7017F0DA
:101ED00077FDE5E700BF002013F0A2FE4FF4FA7093
:101EE00017F06EFD01210B2014F03CFE4FF4FA7048
:101EF00017F066FD18E059480068D0F88400059096
:101F00001CF0B6F99FED580B53EC102BCDE90601F0
:101F10009DED060B51EC100B1BF044FF00D804E0C4
:101F20004FF4FA7017F04CFDE5E700BF00210B20DD
:101F300014F018FE0D20484908704FF4FA7017F09D
:101F40003FFD04E0444800780C283FF45BAF00BF3D
:101F500043E04148017841480068A0F8EA101420A5
:101F600017F02EFD9FED420A8DED080A9FED400A05
:101F70008DED070A0020069013E03E480068408B74
:101F800000EE100AF8EE400A9DED080A30EE800AD5
:101F90008DED080AC82017F013FD0698401CC0B24A
:101FA000069006980A28E8DB9DED080AF2EE040A7E
:101FB00080EE201A8DED071A9DED070ABCEEC00ACF
:101FC00010EE100A2B49096808860E202249087075
:101FD0004FF4FA7017F0F4FC03E01F4800780D2866
:101FE000B7D000BF7FE01C4800781C490968A1F801
:101FF000EA00142017F0E4FC0EE0FA214FF44870D8
:102000000BF040FD0122FA214FF496600BF0A6FD83
:102010000F98401CC0B20F900F980328EDDB0020F2
:102020000F9041E0C82188000BF0AAF9FA214FF483
:1020300048700BF0FBF9C82188000BF0A1F9FA21D8
:102040004FF448700BF0F2F9FA2140F2DC500BF03B
:10205000EDF90020089020E05003002078020020D5
:102060005C03002000806D450000000000C0484077
:10207000000000007C020020FA214FF448700BF0B1
:1020800001FD0122FA2188000BF068FD0F98401C29
:10209000C0B20F900898401C089008980328EBDB0A
:1020A0000F98401CC0B20F900F980228BADB002096
:1020B0000F90C82188000BF063F9FA214FF44870A3
:1020C0000BF0B4F9C82188000BF05AF9FA214FF44B
:1020D00048700BF0ABF90F20FE4908704FF4FA700E
:1020E00017F06EFC04E0FB4800780E283FF47BAF4D
:1020F00000BFB4E0F7480078F7490968A1F8EA00A2
:10210000142017F05DFC002013F08AFD4FF47A7064
:1021100017F056FC3220F0490968A1F86C001FED59
:102120002F0AED48006880ED240AB1EE080AEA485B
:10213000006880ED250A9FEDE90AE748006880ED18
:10214000260AE5480068B0F86E0000B20890E24840
:10215000006890F86C000790024600210846089B32
:102160000AF0C4FE4FF4FA7017F02AFCDA4800684F
:10217000B0F86E0000B20890D748006890F86C0084
:102180000790024600210846089B0AF0AFFE18E0BF
:10219000D1480068D0F8840005901CF069F89FEDE4
:1021A000D00B53EC102BCDE906019DED060B51EC45
:1021B000100B1BF031FF00D804E04FF4FA7017F059
:1021C000FFFBE5E700BF002013F02AFD642017F0B5
:1021D000F7FB002013F024FD01210B2014F0C2FCBA
:1021E0004FF4FA7017F0ECFB2BE0BB480068D0F816
:1021F000840005901CF03CF89FEDB90B53EC102BBC
:10220000CDE906019DED060B51EC100B1BF0CAFD4C
:1022100000D817E0002013F003FD642017F0D0FB76
:10222000AD480068406C40F48060AB490968486480
:10223000A9480068406C089008F072FE642017F00E
:10224000BFFBD2E700BF00210B2014F08BFC102055
:10225000A04908704FF4FA7017F0B2FB04E09D48F3
:1022600000780F283FF446AF00BF68E09948007837
:1022700099490968A1F8EA00142017F0A1FB1AE0B7
:1022800095480068D0F8840003901BF0F1FF1FED23
:102290008A0B53EC102BCDE904019DED040B51EC9E
:1022A000100B1BF07FFD00D806E0642017F088FBC0
:1022B000002013F0B5FCE3E700BF0A200AF02EF976
:1022C0004FF4FA7017F07CFB1FED970A8DED080AAA
:1022D0001FED990A8DED070A0020069013E0824851
:1022E0000068408B00EE100AF8EE400A9DED080AE7
:1022F00030EE800A8DED080AC82017F061FB0698C1
:10230000401CC0B2069006980A28E8DB9DED080A3A
:10231000F2EE040A80EE201A8DED071A9DED070AF1
:10232000BCEEC00A10EE100A6F49096848861120F9
:10233000684908704FF4FA7017F042FB03E06548F3
:102340000078102892D000BF43E0624800786249CC
:102350000968A1F8EA00142017F032FB1FEDBC0A4F
:102360008DED080A60480068408E07905E4800685E
:10237000008E06909DED070AF8EE400A9DED060AD4
:10238000B8EE401A80EE810A8DED010A01981BF02B
:102390006FFFCDE902019DED020B15F039FD8DEDCA
:1023A000040B9DED040B51EC100B1BF029FA089067
:1023B000C82017F005FB9DED080A4748006880ED2E
:1023C000430A1220434908704FF4967017F0F8FA48
:1023D00003E0404800781128B7D000BF17E03D481F
:1023E00001783D480068A0F8EA10142017F0E8FAD8
:1023F00001F048FE13F0E8FB002013F011FC13205D
:10240000344908704FF4FA7017F0DAFA03E03148F3
:1024100000781228E3D000BFC8E12E4801782E488A
:102420000068A0F8EA10142017F0CAFA2A480068D9
:10243000B0F8D800152877D027480068B0F8D80041
:10244000182871D024480068B0F8D80019286BD03B
:1024500021480068B0F8D800132865D01E480068ED
:10246000B0F81A01012834D11B480068B0F81C01EB
:1024700001282ED19FED1D0A8DED080A164800682F
:1024800090ED440A8DED070A1348006890ED450A67
:102490008DED060A1048006890ED430A8DED050A9F
:1024A0009DED060ADDED070A9DED051A00EE810A95
:1024B0008DED080A9DED080A0748006880ED480A7E
:1024C000642017F07DFA012103480068A0F81E116E
:1024D00000BF0DE0500300207802002000004844B7
:1024E0006666666666E648407C02002000000000E2
:1024F000E9480068B0F81E0101286ED10021E648C5
:102500000068A0F81E110121E3480068A0F8181126
:10251000642017F055FA1421E04801704FF4FA7066
:1025200017F04EFA47E1FFE7DB480068B0F8D80043
:1025300018280BD0D8480068B0F8D800152805D066
:10254000D5480068B0F8D800132847D1D2480068B1
:1025500090ED430AD24880ED000A0120CE49096877
:10256000A1F81A01CC480068B0F8D80015280DD1A0
:102570000120C9490968A1F800021921C64800686C
:10258000A0F8D8100121C548017020E0C2480068B9
:10259000B0F8D80013280DD10221BF480068A0F878
:1025A00000121921BC480068A0F8D8100121BB48CE
:1025B00001700CE0B8480068B0F8D800182806D1BF
:1025C0000021B5480068A0F8D810B4480170642014
:1025D00017F0F6F912F092FBEDE0E7E0AE48006884
:1025E000B0F8D80019280ED1AB48006890ED430A26
:1025F000AC4880ED000A0121A7480068A0F81C1132
:10260000642017F0DDF9A4480068B0F81A01012829
:1026100073D1A1480068B0F81C0101286DD11FEDED
:102620004D0A8DED080A1FED4F0A8DED070A1FEDCB
:10263000510A8DED060A98480068B0F80A01012891
:1026400004D0022807D003280FD109E0B0EE000A19
:102650008DED060A0CE0B2EE000A8DED060A07E0E9
:10266000B2EE040A8DED060A02E00A20FFF706B872
:1026700000BF8C4890ED000A8948D0ED000A70EE4A
:10268000600A9DED060A80EE201A8DED081AD0ED45
:10269000000A9DED080A20EEC00A8DED070A6420AD
:1026A00017F08EF99DED080A7B48006880ED440A1A
:1026B0009DED070A7848006880ED450A642017F010
:1026C0007FF975480068B0F80A01012804D0022893
:1026D00014D0032834D122E06F48006890ED440AFA
:1026E0007148006880ED210A6B48006890ED450A4A
:1026F0006D48006880ED220A2BE056E066480068CD
:1027000090ED440A6848006880ED350A6248006828
:1027100090ED450A6448006880ED360A19E05E488D
:10272000006890ED440A6048006880ED490A5A4804
:10273000006890ED450A5C48006880ED4A0A08E0B0
:10274000372155480068A0F80A1101F0BBF80120B4
:102750008CE700BF50480068B0F80002012808D19B
:1027600001214D480068A0F8D81001204B4908709D
:1027700015E049480068B0F80002022808D1172087
:1027800045490968A1F8D80001204449087006E0CD
:10279000002141480068A0F8D8104048017064202A
:1027A00017F00EF912F0AAFA05E000BF3B480078D6
:1027B00013283FF432AE00BF51E038480078364964
:1027C0000968A1F8EA00142017F0FAF801F05AFCA1
:1027D00013F0FAF9002013F023FA2F480068B0F83C
:1027E0002A01062835D2DFE800F034030C17232B2A
:1027F000642017F0E5F801202849087012F07EFAED
:1028000027E0642017F0DCF8002023490968A1F8CC
:10281000D800224908701CE02448006812F0F4FC3B
:1028200000211D480068A0F8D8101C48017010E075
:10283000002119480068A0F8D8101848017008E075
:10284000002015490968A1F8D8000021134801703B
:1028500000BF00BF4FF4FA7017F0B2F803E00F4862
:1028600000781428A9D000BF0C48007848B90B485C
:10287000017809480068A0F8EA10142017F0A0F8C1
:1028800005E009480068C08801283EF4B4A900BFEB
:1028900012F034FA0020E9E678020020500300200C
:1028A00054030020580300207C0200206C0200200A
:1028B000FEE7000010B50446002C00DC6424012271
:1028C0001102064803F0ACF9204617F079F800220F
:1028D0004FF48071014803F0A3F910BD00080240D5
:1028E0002DE9F05F82460D4616461C46DDE90AB723
:1028F0004FF00008C14601F0C5FBCDE000F0FCF848
:1029000010B10120BDE8F09F504608F009FB4FF4DC
:10291000C87075490968A1F8720028B2724909683F
:10292000A1F85C0070480068A0F862406E4B1B681C
:10293000B3F862206C4B1B68B3F95C106A4B1B68E0
:10294000B3F8720016F096FE6849096888806748F7
:102950000068808888B301F095FB08F101001FFA38
:1029600080F8B8F1030FC8DB60480068408D093873
:10297000062823D2DFE800F003090F15221B0420EC
:1029800059490968A1F8EC001EE008205649096879
:10299000A1F8EC0018E00C2053490968A1F8EC00FC
:1029A00012E00E2050490968A1F8EC000CE010205C
:1029B0004D490968A1F8EC0006E008E004204A4906
:1029C0000968A1F8EC0000BF00BF01209AE71FB121
:1029D00039B264200BF0E2F9C82043490968A1F834
:1029E000720030B240490968A1F85C003E480068B6
:1029F000A0F862403C4B1B68B3F862203A4B1B685E
:102A0000B3F95C10384B1B68B3F8720001F062FF39
:102A100036490968888001F035FB344800688088B1
:102A200078B309F101001FFA80F9B9F1030F33DB24
:102A30002E480068408D0938062823D2DFE800F0D0
:102A400003090F15221B052027490968A1F8EC008E
:102A50001EE0092024490968A1F8EC0018E00D20C7
:102A600021490968A1F8EC0012E00F201E4909680D
:102A7000A1F8EC000CE011201B490968A1F8EC005A
:102A800006E008E0052018490968A1F8EC0000BF3D
:102A900000BF012036E700E030E700BF01F0F2FAA6
:102AA0004FF4427008F03CFA4FF4967110480BF066
:102AB00075F901F0E7FA64210E480BF06FF9012077
:102AC00008F02EFA08480068B0F8D60018B14FF4A4
:102AD000805008F025FA642106480BF05FF901F0F8
:102AE000D1FA00200EE70000780200207C020020CE
:102AF00050FBFFFF24FAFFFF10B52DED048B0024DF
:102B0000EDE0C4480068B0F8E2003230C24909681C
:102B1000898B884201DC012100E00021BD4800686A
:102B2000B0F8DE00323881427DDCBA480068B0F887
:102B3000E4003230B8490968C98B884201DC0121C0
:102B400000E00021B3480068B0F8E000323881426C
:102B500069DCB0480068B0F8EA00012804D1002020
:102B6000AC490968A1F8EA00AA480068B0F8DC009E
:102B7000B0F5FA6F71DDA7480068B0F8DA00B0F57B
:102B8000FA6F6ADDA4480068808BA2490968A1F841
:102B9000DA00A1480068C08B9E490968A1F8DC00F2
:102BA0009D490968888B1BF0E9F841EC190B9FEDF2
:102BB0009B0B53EC102B1BF031F941EC180B1BF065
:102BC00099F894490968A1F8DE0093490968C88B0F
:102BD0001BF0D4F841EC190B9FED900B53EC102B2C
:102BE0001BF01CF941EC180B1BF084F889490968AB
:102BF000A1F8E00088490968888B1BF0BFF841EC18
:102C0000190B9FED880B53EC102B1BF007F941ECCF
:102C1000180B1BF06FF87F490968A1F8E2007E49A4
:102C20000968C88B00E01CE01BF0A8F841EC190B08
:102C30009FED7C0B53EC102B1BF0F0F841EC180BC4
:102C40001BF058F873490968A1F8E40001207149A4
:102C50000968A1F8E60012F051F80020BDEC048BE1
:102C600010BD01206B490968A1F8EA00000308F0D3
:102C700057F9FA216D480BF091F84FF4805001F0AC
:102C80005BFB102008F04CF9C82140F214500BF007
:102C900085F8102001F050FB012008F041F95D4853
:102CA0000068B0F8D60018B14FF4805008F038F939
:102CB0004FF496715D480BF071F8012001F03CFB78
:102CC00054480068B0F8D60018B14FF4805001F0B5
:102CD00033FB2046611C8CB2052800DB00E010E7C6
:102CE00000BF002429E000F091FC4FF47A7016F048
:102CF00067FE49480068808BB0F5966F12DB464846
:102D00000068808BB0F5AF6F0CDC43480068C08B67
:102D1000B0F5966F06DB40480068C08BB0F5AF6F2A
:102D200000DC0BE02046611C8CB2032805DB01208F
:102D300038490968A1F8EC0090E7D4E700BF3648AD
:102D40000068808B33490968A1F8DA0032480068CE
:102D5000C08B30490968A1F8DC002F490968888BCD
:102D60001BF00CF841EC190B9FED2C0B53EC102BC6
:102D70001BF054F841EC180B1AF0BCFF2549096808
:102D8000A1F8DE0024490968C88B1AF0F7FF41EC6E
:102D9000190B9FED220B53EC102B1BF03FF841EC6D
:102DA000180B1AF0A7FF1B490968A1F8E0001A499F
:102DB0000968888B1AF0E2FF41EC190B9FED190BA3
:102DC00053EC102B1BF02AF841EC180B1AF092FF71
:102DD00010490968A1F8E2000F490968C88B1AF088
:102DE000CDFF41EC190B9FED0F0B53EC102B1BF09B
:102DF00015F841EC180B1AF07DFF06490968A1F897
:102E0000E400012003490968A1F8E60011F076FF0B
:102E1000002023E7780200207C0200203333333384
:102E20003333F33F000000000000E03F24FAFFFFCF
:102E30002DE9F04105460E4600240027A046082053
:102E4000CC49096848854FF4FA7016F0B9FD5FE186
:102E5000FFF752FE10B10120BDE8F08101F012F938
:102E6000C5480068B0F8D840092C15D0142C13D0F0
:102E7000162C11D0192C0FD01A2C0DD01B2C0BD0C6
:102E80001C2C09D01E2C07D0202C05D0232C03D0BD
:102E9000262C01D02B2C0CD1802008F041F8B6480C
:102EA0000068B0F8D400002873D0022008F038F889
:102EB0006FE0022C0DD0042C0BD0222C09D0252C35
:102EC00007D0272C05D0282C03D02C2C01D02D2C5A
:102ED00004D14FF4005008F023F85AE0012C07D039
:102EE000052C05D0062C03D0072C01D0292C03D1AA
:102EF000022008F015F84CE0032C0FD0082C0DD060
:102F0000132C0BD0152C09D0182C07D01F2C05D052
:102F1000212C03D0242C01D02A2C03D1102007F01F
:102F2000FFFF36E0172C31D193480068B0F87A00E3
:102F300030B1012810D0022813D0032819D114E091
:102F4000802007F0EDFF8C480068B0F8D40010B185
:102F5000022007F0E5FF18E04FF4005007F0E0FF13
:102F600013E0022007F0DCFF0FE0102007F0D8FF8D
:102F70000BE0802007F0D4FF7F480068B0F8D40051
:102F800010B1022007F0CCFF00BF02E0022007F0E2
:102F9000C7FF012E16D178480068B0F8F00028B1BC
:102FA00075480068B0F8F000012805D10220724988
:102FB0000968A1F8620015E001206F490968A1F8CD
:102FC00062000FE06C480068B0F8F00028B90220F9
:102FD00069490968A1F8620004E0012066490968AE
:102FE000A1F862004FF4C87063490968A1F8720043
:102FF0004FF4167060490968A1F85C005E4B1B68CD
:10300000B3F862205C4B1B68B3F95C105A4B1B6829
:10301000B3F8720016F02EFB5649096888805548AF
:103020000068808860B101F02DF8781C87B2032F0A
:103030006EDB032050490968A1F8EC0001200BE782
:10304000142164200AF0AAFE4FF4C8704A490968A6
:10305000A1F872006FF0270047490968A1F85C00E9
:10306000454B1B68B3F86220434B1B68B3F95C10F7
:10307000414B1B68B3F8720001F02CFC3D49096814
:103080008880FDB10A216FF063000AF087FEC82036
:1030900039490968A1F872001E2037490968A1F86A
:1030A0005C00354B1B68B3F86220334B1B68B3F9E7
:1030B0005C10314B1B68B3F8720001F0FDFC2D4928
:1030C0000968888000F0DEFF2A4800688088F0B137
:1030D000012007F025FF28480068B0F8D60018B195
:1030E0004FF4805007F01CFF4FF4967123480AF00C
:1030F00055FE08F101001FFA80F8B8F1030F07DB55
:1031000016201D490968A1F8EC000120A4E600E0A2
:103110009EE600BF00F0B6FF4FF4427007F000FFDC
:103120004FF4967116480AF039FE4FF4427001F0E0
:1031300003F9642112480AF031FE012007F0F0FE85
:103140000D480068B0F8D60018B14FF4805007F071
:10315000E7FE64210A480AF021FE00F093FF0548CB
:1031600000688088032803D100200249096888800C
:10317000002071E67C02002078020020E0FCFFFFC6
:1031800050FBFFFF2DE9F041064600240027A04632
:1031900000250820FB49096848854FF4FA7016F0AD
:1031A0000FFCF9480068B0F8FE00052804DD052092
:1031B000F5490968A1F8FE00F3480068B0F8F0008E
:1031C00001280AD1F0480068B0F8FE00012804DAAE
:1031D0000120ED490968A1F8FE000025DCE1D7E1F6
:1031E000FFF78AFC10B10120BDE8F08100F04AFF32
:1031F000E5480068B0F8D840092C15D0142C13D03D
:10320000162C11D0192C0FD01A2C0DD01B2C0BD032
:103210001C2C09D01E2C07D0202C05D0232C03D029
:10322000262C01D02B2C28D1D7480068B0F8F0000C
:1032300060B9802007F074FED3480068B0F8D4006D
:10324000002802D0022007F06BFEF0E0CE480068B4
:10325000B0F8FE00A8420CDD802007F061FECA48ED
:103260000068B0F8D4000028EFD0022007F058FE24
:10327000DDE0102007F054FED9E0022C0DD0042C24
:103280000BD0222C09D0252C07D0272C05D0282C98
:1032900003D02C2C01D02D2C18D1BB480068B0F8DD
:1032A000F00020B94FF4005007F03AFEBFE0B648F6
:1032B0000068B0F8FE00A84204DD4FF4005007F0AB
:1032C0002FFEB4E0102007F02BFEB0E0012C07D059
:1032D000052C05D0062C03D0072C01D0292C16D1A3
:1032E000A9480068B0F8F00018B9022007F018FEED
:1032F0009DE0A5480068B0F8FE00A84203DD02206A
:1033000007F00EFE93E0102007F00AFE8FE0032C7A
:103310000FD0082C0DD0132C0BD0152C09D0182C45
:1033200007D01F2C05D0212C03D0242C01D02A2C0F
:1033300003D1102007F0F4FD79E0172C74D19248E6
:103340000068B0F8F00088BB8F480068B0F87A00D9
:1033500030B1012810D0022813D0032819D114E06D
:10336000802007F0DDFD88480068B0F8D40010B177
:10337000022007F0D5FD18E04FF4005007F0D0FD13
:1033800013E0022007F0CCFD0FE0102007F0C8FD8D
:103390000BE0802007F0C4FD7B480068B0F8D40043
:1033A00010B1022007F0BCFD00BF40E0FFE7764807
:1033B0000068B0F8FE00A84232DD73480068B0F83B
:1033C0007A0030B1012810D0022813D0032819D177
:1033D00014E0802007F0A4FD6B480068B0F8D4002A
:1033E00010B1022007F09CFD18E04FF4005007F0E8
:1033F00097FD13E0022007F093FD0FE0102007F087
:103400008FFD0BE0802007F08BFD5F480068B0F86F
:10341000D40010B1022007F083FD00BF07E003E0F5
:10342000102007F07DFD02E0022007F079FD022068
:1034300055490968A1F862004FF4C87052490968FB
:10344000A1F872004FF496604F490968A1F85C003A
:103450004D4B1B68B3F862204B4B1B68B3F95C10F3
:10346000494B1B68B3F8720016F004F94549096826
:10347000888044480068808860B100F003FE781CB2
:1034800087B2032F7DDB03203F490968A1F8EC00D8
:103490000120A9E60A2164200AF080FC4FF4C870DC
:1034A00039490968A1F872006FF0270036490968A8
:1034B000A1F85C00344B1B68B3F86220324B1B68E8
:1034C000B3F95C10304B1B68B3F8720001F002FADC
:1034D0002C4909688880FEB10A216FF063000AF068
:1034E0005DFCC82028490968A1F872001E20264901
:1034F0000968A1F85C00244B1B68B3F86220224BDA
:103500001B68B3F95C10204B1B68B3F8720001F024
:10351000D3FA1C490968888000F0B4FD1948006896
:103520008088F0B1012007F0FBFC17480068B0F874
:10353000D60018B14FF4805007F0F2FC4FF49671AA
:1035400012480AF02BFC08F101001FFA80F8B8F1CC
:10355000030F1DDB16200C490968A1F8EC000120BF
:1035600042E600F08FFD4FF4427007F0D9FC4FF4B3
:10357000967106480AF012FC4FF4427000F0DCFE2F
:1035800007E005E07C0200207802002024FAFFFF1B
:1035900026E600BF681C85B2052DFFF620AE64212B
:1035A00010480AF0FBFB012007F0BAFC0E48006847
:1035B000B0F8D60018B14FF4805007F0B1FC642188
:1035C00008480AF0EBFB00F05DFD00F05BFD0748EA
:1035D00000688088032803D1002004490968888096
:1035E000002001E624FAFFFF780200207C02002080
:1035F00010B50246002003E012F8014B231898B2E0
:103600000B00A1F10104E1B2F6D110BD10B5002408
:103610000020A2490880A2490880A24890ED000A33
:1036200011F018FC6FE04FF4FA7016F0C9F99E48DB
:103630000068808B9949088008460088B0F5966F2D
:103640002EDA984890ED000ADFED980AB4EEE00A11
:10365000F1EE10FA01DD042010BD022C00D153E080
:10366000904890ED000ADFED920A30EE200A80EDDE
:10367000000AD0ED000AB2EE041AB6EE000A00EE1F
:10368000810ABCEEC00A10EE100A8A490968A1F846
:103690005200844890ED000A11F0DCFB012432E076
:1036A0007E480088B0F5AF6F2CDD7E4890ED000AB3
:1036B000B5EEC00AF1EE10FA01D20420CCE7012CDD
:1036C00000D121E0774890ED000ADFED790A30EE75
:1036D000600A80ED000AD0ED000AB2EE041AB6EEE0
:1036E000000A00EE810ABCEEC00A10EE100A714911
:1036F0000968A1F852006B4890ED000A11F0AAFB8E
:10370000022400E000E08EE700BF4FF4FA7016F0EC
:1037100057F965480068808B604908800846008832
:1037200065490880084600885F49096808845D4843
:10373000D0ED000AB2EE041AB6EE000A00EE810ADD
:10374000BCEEC00A10EE100A5A490968A1F85200EE
:103750005A4890ED000A11F0C9FB00246FE04FF4C5
:10376000FA7016F02DF950480068C08B4C4908805B
:1037700008460088B0F5966F2EDA504890ED000AA2
:10378000DFED4A0AB4EEE00AF1EE10FA01DD0520A1
:1037900062E7022C00D153E0484890ED000ADFEDCB
:1037A000440A30EE200A80ED000AD0ED000AB2EEA5
:1037B000041AB6EE000A00EE810ABCEEC00A10EE52
:1037C000100A3C490968A1F854003C4890ED000AF1
:1037D00011F08CFB012432E031480088B0F5AF6F66
:1037E0002CDD364890ED000AB5EEC00AF1EE10FA75
:1037F00001D2052030E7012C00D121E02F4890EDC7
:10380000000ADFED2B0A30EE600A80ED000AD0EDF1
:10381000000AB2EE041AB6EE000A00EE810ABCEE0F
:10382000C00A10EE100A23490968A1F85400234881
:1038300090ED000A11F05AFB022400E000E08EE750
:1038400000BF4FF4FA7016F0BBF817480068C08B41
:1038500013490880084600881949088010480088E4
:103860001149096848841548D0ED000AB2EE041ADF
:10387000B6EE000A00EE810ABCEEC00A10EE100A95
:103880000C490968A1F85400064890ED000A11F0AF
:10389000E1FA11F033FA0020DEE60000EA0300202E
:1038A000EC030020F40300207C020020000004420E
:1038B000CDCCCC3D78020020EE030020F8030020A0
:1038C000F003002010B517480068B0F8080101287F
:1038D00025D1002014490968C88000F0D3FB12F0FC
:1038E00073F9002012F09CF91048006816F0F0FB04
:1038F00000200C490968A1F808010A490968A1F8E3
:10390000D80008490968A1F8EA0009490870084682
:10391000007805490968A1F85600012010BD002073
:10392000FCE70000780200207C0200205404002004
:103930005C03002010B52DED028BFE480068C088A6
:1039400001287AD11520FC490968A1F8EA00FA4853
:10395000006890ED210ADFEDF90AB4EEE00AF1EE1D
:1039600010FA2EDBF4480068406C40F48060F249A5
:1039700009684864F0490968486C07F0D1FA0020EA
:1039800012F04EF90EE0EC48006890ED210ADFEDF0
:10399000EC0AB4EEE00AF1EE10FA00D803E0C82019
:1039A00016F00EF8EFE700BFE3480068406C40F403
:1039B0008060E14909684864DF490968486C00F0A3
:1039C000BBFC00F05FFB4FF48050DB4909684864A2
:1039D000D9490968486C07F0A3FA4FF4FA7015F05A
:1039E000EFFF4FF65030D4490968A1F85C00FA2087
:1039F000D1490968A1F8720012F0E6F84FF4967008
:103A000015F0DEFFCC480068B0F8720000EE100A36
:103A1000B8EE400AF2EE040A80EE201AB0EE418AB7
:103A2000C5490968B1F95C00B0EE480A11F07CFEA6
:103A30004FF4FA7015F0C4FF03E024E2642015F09F
:103A4000BFFFC04800780028F8D00020BD490870AA
:103A50004FF4FA7015F0B4FF4FF48050B64909687E
:103A60004864B5490968486C00F066FC4FF4FA7088
:103A700015F0A6FF4FF47A70AF490968A1F85C0011
:103A80009620AD490968A1F8720012F09DF84FF434
:103A9000967015F095FFA8480068B0F8720000EE27
:103AA000100AB8EE400AF2EE040A80EE201AB0EED8
:103AB000418AA1490968B1F95C00B0EE480A11F0E9
:103AC00033FE4FF4FA7015F07BFF02E0642015F02E
:103AD00077FF9C4800780028F8D0002099490870AA
:103AE000082095490968486493480068406C40F490
:103AF00080709149096848648F480068406C40F4C0
:103B000000708D49096848648B490968486C07F062
:103B100007FA4FF4FA7015F053FF4FF47A708649A4
:103B20000968A1F85C00962083490968A1F8720031
:103B300012F04AF84FF4967015F042FF7E48006884
:103B4000B0F8720000EE100AB8EE400AF2EE040A75
:103B500080EE201AB0EE418A77490968B1F95C001D
:103B6000B0EE480A11F0E0FD4FF4FA7015F028FFAE
:103B700002E0642015F024FF724800780028F8D095
:103B800000207049087008206B49096848646A4839
:103B90000068406C40F48070674909684864664872
:103BA0000068406C40F400706349096848646249E9
:103BB0000968486C00F0C0FB4FF4FA7015F000FF84
:103BC00061480078012810D15B49096848645A4867
:103BD0000068406C40F48050574909684864564971
:103BE0000968486C07F09CF909E04FF4805052498D
:103BF0000968486450490968486C07F091F94FF426
:103C0000967015F0DDFE4FF650304B490968A1F86B
:103C10005C00962048490968A1F8720011F0D4FFB1
:103C20004FF4967015F0CCFE43480068B0F872006F
:103C300000EE100AB8EE400AF2EE040A80EE201AF6
:103C4000B0EE418A3C490968B1F95C00B0EE480A1F
:103C500011F06AFD4FF4FA7015F0B2FE02E0642034
:103C600015F0AEFE374800780028F8D0002035491E
:103C7000087001203049096848642F480068406C8A
:103C800040F480502C49096848642B490968486C05
:103C900000F052FB4FF4FA7015F092FE0024EBE0B6
:103CA000082025490968486423480068406C40F4AE
:103CB00080702149096848641F480068406C40F4DE
:103CC00000701D49096848641B490968486C07F081
:103CD00027F94FF4FA7015F073FE4FF47A70164915
:103CE0000968A1F85C00962013490968A1F87200E0
:103CF00011F06AFF4FF4967015F062FE0E480068EE
:103D0000B0F8720000EE100AB8EE400AF2EE040AB3
:103D100080EE201AB0EE418A07490968B1F95C00CB
:103D2000B0EE480A11F000FD4FF4FA7015F048FEAD
:103D30000FE000007C020020780200200000A0427A
:103D4000000048428002002051030020642015F04A
:103D500037FE4E4800780028F8D000204B49087004
:103D600008204B490968486449480068406C40F4A1
:103D7000807047490968486445480068406C40F4D1
:103D8000007043490968486441490968486C00F07B
:103D9000D3FA4FF4FA7015F013FE3E48007801286C
:103DA00010D13B490968486439480068406C40F4C8
:103DB000805037490968486435490968486C07F0FC
:103DC000AFF809E04FF48050314909684864304940
:103DD0000968486C07F0A4F84FF4967015F0F0FDF0
:103DE0004FF650302A490968A1F85C00FA202849AA
:103DF0000968A1F8720011F0E7FE4FF4967015F013
:103E0000DFFD23480068B0F8720000EE100AB8EE3B
:103E1000400AF2EE040A80EE201AB0EE418A1C49F4
:103E20000968B1F95C00B0EE480A11F07DFC4FF46E
:103E3000FA7015F0C5FD02E0642015F0C1FD1348CD
:103E400000780028F8D0002010490870012010499F
:103E5000096848640E480068406C40F480500C4982
:103E6000096848640A490968486C00F065FA4FF42B
:103E7000FA7015F0A5FD641C032CFFF611AF0020AD
:103E800005490968C880BDEC028B10BD8002002086
:103E900078020020510300207C02002010B500248D
:103EA00000F0F0F850E0FEF727FE08B1012010BD49
:103EB000102007F035F84FF4FA7015F081FD4FF43B
:103EC000C87023490968A1F8720040F214502049D3
:103ED0000968A1F85C0002201D490968A1F8620088
:103EE0001B4B1B68B3F86220194B1B68B3F95C10BD
:103EF000174B1B68B3F8720015F0BCFB1549096835
:103F000088804FF4FA7015F05BFD124800688088D5
:103F100060B100F0B7F8601C84B2032C14DB1220EF
:103F20000B490968A1F8EC000120C0E700F0AAF8ED
:103F30004FF4427006F0F4FF4FF49671064809F012
:103F40002DFF00F09FF800E0ADE700BF0020AEE7D6
:103F5000780200207C02002024FAFFFF2DE9F041C6
:103F600080460C4615461E46002750E0FEF7C4FD6D
:103F700010B10120BDE8F081404606F0D1FF4FF4BA
:103F8000C87039490968A1F8720020B23649096839
:103F9000A1F85C0034480068A0F86250324B1B68FE
:103FA000B3F86220304B1B68B3F95C102E4B1B68D2
:103FB000B3F8720015F05EFB2C490968888000F0A8
:103FC00061F82A480068808800B3781C87B2032F04
:103FD0001DDB26480068408D092802D00A280CD134
:103FE00005E0062020490968A1F8EC000BE00A2052
:103FF0001D490968A1F8EC0005E006201A49096886
:10400000A1F8EC0000BF00BF0120B3E700E0ADE77E
:1040100000BF012006F084FF13480068B0F8D60006
:1040200018B14FF4805006F07BFF31B2104809F010
:10403000B5FE00F027F864210D4809F0AFFE01201D
:1040400006F06EFF08480068B0F8D60018B14FF4CB
:10405000805006F065FF6421054809F09FFE00F0DE
:1040600011F8002086E70000780200207C02002082
:1040700050FBFFFF9FED020A80ED0A0A7047000027
:104080000000000010B500202449096808602021C4
:10409000234804F060FC1021214804F05CFC082156
:1040A0001F4804F058FC04211D4804F054FC022170
:1040B0001B4804F050FC0121194804F04CFC4FF45B
:1040C0000071184804F047FC4FF48071154804F063
:1040D00042FC8021134804F03EFC4021114804F0CA
:1040E0003AFC20210F4804F036FC10210D4804F062
:1040F00032FC08210B4804F02EFC80210A4804F011
:104100002AFC4021084804F026FC2021064804F03F
:1041100022FC1021044804F01EFC10BD6C0200209B
:104120000010024000040240000C024010B50C4890
:104130000068B0F84000132805DC09480068B0F8B2
:104140004000012804DA102005490968A1F8400060
:104150000349096891F8400000F040F810BD0000E4
:104160007802002070B506460C462146304601F024
:1041700041FB0546002009490968A1F87000642C3C
:1041800003D1FFF77FFF012070BD0DB90020FBE7D1
:10419000284600F0D1F80120F6E700007802002060
:1041A0000020704710B50C480068B0F84200132892
:1041B00005DC09480068B0F84200012804DA122042
:1041C00005490968A1F842000349096891F84200CD
:1041D00000F004F810BD00007802002010B504467D
:1041E0002E2C6FD2DFE804F092171C21262B3035DD
:1041F0003B41464B50555A5F64696F74929292925C
:1042000092797D8185898D929292929292929292E8
:1042100092929292929120213E4804F09CFB76E08B
:1042200010213C4804F097FB71E00821394804F064
:1042300092FB6CE00421374804F08DFB67E002211B
:10424000344804F088FB62E00121324804F083FB2B
:104250005DE04FF40071304804F07DFB57E04FF40F
:1042600080712D4804F077FB51E080212A4804F04A
:1042700072FB4CE04021284804F06DFB47E0202110
:10428000254804F068FB42E01021234804F063FB5A
:104290003DE00821204804F05EFB38E080211F4803
:1042A00004F059FB33E040211C4804F054FB2EE09D
:1042B00020211A4804F04FFB29E01021174804F090
:1042C0004AFB24E022E00821144804F044FB1EE0ED
:1042D0000421124804F03FFB19E000201049087047
:1042E00015E000200F49087011E000200E49087009
:1042F0000DE000200D49087009E000200C4908700D
:1043000005E000200B49087001E000E000BF00BF9D
:1043100010BD00000010024000040240000C0240EA
:10432000D0020020D1020020D2020020D3020020BF
:10433000D4020020D502002070B5044601250A48A9
:1043400000680068A04308490968086008E004F0B4
:10435000010010B1E8B2FFF741FF6408681C85B2A4
:10436000202DF4DD70BD00006C02002020480068A4
:10437000C08801281DD11F480068B0F8D8001D4929
:104380000968A1F8060100201A490968A1F8180176
:1043900018490968A1F81E019FED170A1548006821
:1043A00080ED480A9FED140A1248006880ED430A28
:1043B0001CE000200F490968A1F806010D490968B1
:1043C000A1F8D8000B490968A1F818010949096842
:1043D000A1F81E019FED080A0648006880ED480A12
:1043E0009FED050A0348006880ED430A704700000E
:1043F0007C020020780200200000000020480068B5
:10440000C08801281DD11F480068B0F8D8001D4998
:104410000968A1F8060100201A490968A1F81801E5
:1044200018490968A1F81E019FED170A1548006890
:1044300080ED480A9FED140A1248006880ED430A97
:104440001CE000200F490968A1F806010D49096820
:10445000A1F8D8000B490968A1F8180109490968B1
:10446000A1F81E019FED080A0648006880ED480A81
:104470009FED050A0348006880ED430A704700007D
:104480007C020020780200200000000070B5184C6B
:104490002068C0F3C020174D002807D0E014A060AA
:1044A00068782058697840F0010060502068C0F3B7
:1044B000402000281BD0104E00224FF4805130467F
:1044C00001F0AEFB7015A06068782058697820F084
:1044D0000400605068782058697820F0010060502E
:1044E0003046BDE870400122110301F099BB70BD58
:1044F000006002400EF50508000C024070B51C4C2F
:104500002068C0F3C0601B4D00280ED04FF0006043
:10451000A060E8782058E97820F010006050E87832
:104520002058E97820F0010060502068C0F3406016
:1045300000281CD0104E00224FF48051304601F06C
:104540006FFB4FF00070A060E8782058E97820F009
:1045500004006050E8782058E97820F001006050AD
:104560003046BDE870400122110301F059BB70BD17
:10457000006002400EF50508000C024070B487B0E0
:1045800047480168C1F3401100297DD02021816096
:1045900044490978405800F40020434E00287CD05C
:1045A000424830604248D0F814C0C5688468036946
:1045B00002684168CDF814C00395029404930092F8
:1045C0000191C0F82CC04562046283628261C161BE
:1045D0000022336800F1180102EB4200D1F800C05C
:1045E00033F82040A444C1F800C003EB8000D1F8A8
:1045F00004C04488A444C1F804C08488D1F808C029
:10460000A444C1F808C0C488D1F80CC0A444C1F8BF
:104610000CC00489D1F810C0A444C1F810C040896E
:10462000D1F814C060444861501CC2B2202AD3D3D0
:10463000086800F1100CC1F800C0486800F11002D1
:104640004A60886800F110058D60C86800F11006A6
:10465000CE60086900F110030B61486910304861B1
:10466000144C4FEA5C112180520962806D09A580CB
:104670004FEA561CA4F806C05B09238140096081FB
:104680000D480068C18201E004E006E08282858373
:10469000A0F81EC007B070BC70470848306081E7C2
:1046A000006402400EF5050858040020CC7D00206F
:1046B0006C850020A87D00207C0200204C7F00201B
:1046C00070B5184C2068C0F3C020174D002807D0E3
:1046D000E014A06068782058697840F001006050CC
:1046E0002068C0F3402000281BD0104E00224FF459
:1046F0008051304601F094FA7015A0606878205817
:10470000697820F00400605068782058697820F0BB
:10471000010060503046BDE870400122110301F0F5
:104720007FBA70BD006402400EF50508000C02401F
:1047300070B51C4C6068C0F340501B4D00280ED073
:104740004FF40010E060A8792058A97920F01000FB
:104750006050A8792058A97920F001006050606865
:10476000C0F3C04000281CD0104E00224FF48051EE
:10477000304601F055FA4FF40020E060A879205847
:10478000A97920F004006050A8792058A97920F078
:10479000010060503046BDE870400122110301F075
:1047A0003FBA70BD006402400EF50508000C0240DF
:1047B00010B52DED068B84B004462068019060682A
:1047C0000290A0680390208900EE100AB8EE400A1B
:1047D000B0EE408A18EE100A19F04AFD41EC1A0BAF
:1047E0009FED330B53EC102B19F018FB41EC190B18
:1047F00019F006F808EE100A9FED2F0AC8EE000A1D
:10480000B0EE608A18EE100A19F032FD41EC1A0B76
:104810009FED2A0B53EC102B19F040FC41EC190BC7
:1048200018F0EEFF08EE100A18EE100A19F020FD3D
:1048300041EC1A0B9FED230B53EC102B19F0C6F82B
:1048400041EC190B18F0DCFF08EE100AB3EE090A70
:1048500038EE000AB0EE408A1C48006880ED1B8AE2
:104860006089400000EE100AB8EEC00AB0EE408A3F
:1048700018EE100A19F0FCFC41EC1A0B9FED0C0B22
:1048800053EC102B19F0CAFA41EC190B18F0B8FFD1
:1048900008EE100A9FED080AC8EE000AB0EE608A22
:1048A0000A48006880ED1A8A04B0BDEC068B10BD82
:1048B0006666666666660A4000F07F4552B81E85E9
:1048C000EB51E83F7B14AE47E17A643F7C02002065
:1048D000704700002DE9F0412DED028B05460E4694
:1048E000144662490E8000206149087061490880C1
:1048F0006149088061490860614908706149086040
:104900001E27601E84B224B95F4800885F49088072
:1049100004E001245E4800885C4908805D48006826
:10492000B0F856005949098848434FF47A7190FB12
:10493000F1F05949088057480068B0F858005349C9
:10494000098848434FF47A7190FBF1F0534908808D
:1049500050480068B0F85A004C49098848434FF461
:104960007A7190FBF1F04E4908804FF47A7015F09F
:1049700027F800BF0A2015F023F84A4800681C30C9
:1049800030F81400484908803C480068401C3B4906
:1049900008603B48007807283ED2DFE800F0041C9E
:1049A00038393A3B3C0000203349088000EE105A69
:1049B000B8EE400AF2EE040A80EE201AB0EE418A08
:1049C000B0EE480A2948008800B210F0ADFE012080
:1049D0002B49087021E03448008831490988884211
:1049E00005DC01202249087011F0EEF80EE02E4897
:1049F000008829490988884205DB2B480088274917
:104A00000988884202DD00201B49088005E004E097
:104A100003E002E001E000E000BF00BF22480088A0
:104A2000224908802248007818B9114800780028E7
:104A3000A0D01F48007870B111F0D8F81D48006868
:104A400015F046FB4FF4FA7014F0BAFF0220BDECEB
:104A5000028BBDE8F0810648007828B14FF4FA7067
:104A600014F0AEFF0020F2E70020F0E7A4020020DF
:104A70009D02002082020020840200209802002073
:104A800094020020A0020020EE03002088020020F3
:104A9000F003002078020020900200208E02002007
:104AA000920200207C0200208A0200208C0200205A
:104AB00080020020200400202DE9F0412DED028B22
:104AC00005460E46144665490E800020644908706C
:104AD0006449088064490880644908606449087032
:104AE000644908601E27601E84B224B962480088A9
:104AF0006249088004E00124614800885F49088019
:104B000060480068B0F856005C49098848434FF493
:104B10007A7190FBF1F05C4908805A480068B0F85F
:104B200058005649098848434FF47A7190FBF1F0D8
:104B30005649088053480068B0F85A004F49098820
:104B400048434FF47A7190FBF1F0514908804FF4DB
:104B50007A7014F035FF00BF0A2014F031FF4D4881
:104B600000681C3030F814004B4908803F4800684A
:104B7000401C3E4908603E480078072844D2DFE8E0
:104B800000F0041C3E3F40414200002036490880AE
:104B900000EE105AB8EE400AF2EE040A80EE201A37
:104BA000B0EE418AB0EE480A2C48008800B210F0FE
:104BB000BBFD01202E49087027E0374800883449A2
:104BC0000988884205DD34480088304909888842D0
:104BD00005DB01202249087010F0F6FF0EE02E4898
:104BE000008829490988884205DB2B480088274925
:104BF0000988884202DD00201B49088005E004E0A6
:104C000003E002E001E000E000BF00BF22480088AE
:104C1000224908802248007818B9114800780028F5
:104C20009AD01F48007870B110F0E0FF1D4800686E
:104C300015F04EFA4FF4FA7014F0C2FE0320BDECEA
:104C4000028BBDE8F0810648007828B14FF4FA7075
:104C500014F0B6FE0020F2E70020F0E7A4020020E6
:104C60009D02002082020020840200209802002081
:104C700094020020A0020020EE0300208802002001
:104C8000F003002078020020900200208E02002015
:104C9000920200207C0200208A0200208C02002068
:104CA00080020020200400202DE9F05F82468B4620
:104CB00014461E460A9F4FF01209E3480480002064
:104CC000E2490870E2490880E2490880E249086048
:104CD000E2490870E24908608FB100EE104AF8EE30
:104CE000400A9FEDE01A81EE200AF2EE040A80EEFF
:104CF000201ABCEEC10A10EE100A85B200E01E2593
:104D0000012E06D14FF00008D7480088D749088007
:104D100005E04FF00108D6480088D4490880D548FE
:104D20000068B0F85600D149098848434FF47A71B9
:104D300090FBF1F0D0490880CE480068B0F85800E8
:104D4000CA49098848434FF47A7190FBF1F0CB4986
:104D50000880C8480068B0F85A00C4490988484328
:104D60004FF47A7190FBF1F0C549088059465046DE
:104D700005F096FF4FF47A7014F022FE00BF0A206F
:104D800014F01EFEBF4800681C3030F81800BE4901
:104D90000880B1480068401CAF490860AF480078FF
:104DA000072871D2DFE800F004167999CBEBF80000
:104DB00009F0FF02A4480188012010F00FFD012036
:104DC000A64908700020A3490880B0490880A4497A
:104DD0000860FBE0AC480088A8490988884226DBC7
:104DE000AA480088002804DD0020A84908809C49C2
:104DF000086098480088401C9649088098480068D8
:104E0000A149098808449649086092480088A84248
:104E100042DB322014F0D4FD10F0D6FE1FB1062084
:104E20008E49087038E001208849087034E09648BF
:104E3000008891490988884227DC94480088401CF2
:104E40009249088083480088002804DD00208149B9
:104E5000088083490860824800688B4909880844B3
:104E60007F49086089480088A84215DB322014F089
:104E7000A7FD10F0A9FE1FB10620784908700BE0CD
:104E800001207249087007E09FE000207149088006
:104E90007E4908807249086098E040F2DC5014F0C6
:104EA0008FFD69480088642803DA0A206649088073
:104EB00006E0654800880A2190FBF1F0624908800D
:104EC00000206449088005225F480188002010F016
:104ED00085FC03206149087078E06B4800886849C8
:104EE0000988884205DC01205849087010F06CFEE2
:104EF00024E0654800886049098888421BDB6248D5
:104F000000885E490988884215DC52480088401CA8
:104F10005049088008460088A8420FDB10F054FE74
:104F20004FEA690900204A49088047480480002068
:104F30004A49087002E000204649088046E040F2F5
:104F4000DC5014F03DFD40480088642803DA0A2054
:104F50003D49088006E03C4800880A2190FBF1F0BA
:104F60003949088000203B490880052236480188DD
:104F7000002010F033FC05203849087026E0424834
:104F800000883F490988884204DD01202F490870C4
:104F900010F01AFE1AE0FFE72E4800883B49098806
:104FA00008442F49096891FBF0F03749088008460A
:104FB000008833490988884203DD022027490870A8
:104FC00002E004202549087000E000BF00BF2E4821
:104FD00000882F4908802F48007820B91B480078A6
:104FE00000283FF4CCAE2B480078E8B110F0FEFD6D
:104FF0002948006815F06CF84FF47A7014F0E0FC62
:1050000059465046FFF7AEF84FF4FA7014F0D8FC4A
:1050100012480078032805D1032E01D1BDE8F09F86
:105020000220FBE70120F9E70848007848B159461B
:105030005046FFF797F84FF4FA7014F0C1FC0020C7
:10504000ECE70720EAE70000A40200209D02002010
:105050008202002084020020980200209402002096
:10506000A002002000606A48EE03002088020020B1
:10507000F003002078020020900200208E02002021
:10508000920200207C0200208A020020860200207A
:105090008C020020800200202004002072B670479D
:1050A00002460C2A15D2DFE802F006080A0C0E149C
:1050B000141414141012002070470846FCE7032053
:1050C000FAE70420F8E70846F6E72620F4E7272069
:1050D000F2E70020F0E7000000BF0F48007838B189
:1050E000FEF728FC00200C490870642014F068FCCE
:1050F0004FF0FF310948006814F06AFD40B90849D3
:10510000096891F8560002F05DFB642014F058FC29
:10511000642014F055FCE0E7D80300205004002080
:105120007C02002072B6FEE762B6704710B500221E
:1051300001B909E0012901D10A0205E0022901D1E2
:105140000A0201E04FF440720E4B1B6823F44073D7
:105150000C4C236023461B681343236023461B68C3
:1051600023F0F803236023461B68022444EAC004AA
:105170002343044C236023461B6843F4803323609D
:1051800010BD0000103C02401C48006800F4007094
:10519000B0B11A48006820F400701849086000BFD8
:1051A0000846006840F4006008600846006820F483
:1051B0000060086000BF0846006840F400700860A6
:1051C0000E48006800F48060B0B10C48006820F41C
:1051D00080600A49086000BF0846006840F48050BB
:1051E00008600846006820F48050086000BF084648
:1051F000006840F48060086070470000003C024096
:105200000A4A126822F44072084B1A601A46126861
:1052100042F004021A601A4612684FF4803343EADF
:1052200000231A43014B1A6070470000103C0240F3
:10523000074A126822F44072054B1A601A46126837
:105240001A601A46126842F001021A600170704733
:10525000103C024010B50D49096821F440710B4C17
:1052600021602146096841F44071216021460968A6
:1052700041F001012160026000BF00BF00BFBFF329
:105280006F8F00BF00BF00BF436010BD103C0240E5
:10529000084A126822F44072064B1A601A461268D5
:1052A00042F480721A601A46126842F001021A60D3
:1052B00001807047103C0240084A126822F4407294
:1052C000064B1A601A46126842F400721A601A46B7
:1052D000126842F001021A6001607047103C0240FF
:1052E0002348006800F0100040B12248C06940F037
:1052F00010002049C86110201D4908601C48006842
:1053000000F0200040B11B48C06940F00800194976
:10531000C8612020164908601548006800F0400068
:1053200040B11448C06940F004001249C8614020EF
:105330000F4908600E48006800F0800040B10D4839
:10534000C06940F002000B49C8618020084908602C
:105350000748006800F0020040B10648C06940F00C
:1053600020000449C861022001490860704700001C
:105370000C3C0240E485002070B504460025002066
:105380001449C86100F052FC054609E0601C38B1C0
:1053900024B100F04BFC401BA04201D9032070BD9A
:1053A0000D48006800F480300028EFD10A480068FA
:1053B00000F0010010B101200749086006480068AC
:1053C00000F0F20018B1FFF78BFF0120E7E70020A3
:1053D000E5E70000E48500200C3C024070B50024A5
:1053E00000255D480068B0F8D840092C15D0142C71
:1053F00013D0162C11D0192C0FD01A2C0DD01B2C19
:105400000BD01C2C09D01E2C07D0202C05D0232C0F
:1054100003D0262C01D02B2C12D14F480068B0F8B5
:10542000F450002D0BD0802005F07AFD4A4800682A
:10543000B0F8D4000028F5D0022005F071FD83E01B
:10544000022C0DD0042C0BD0222C09D0252C07D0F7
:10545000272C05D0282C03D02C2C01D02D2C0AD1A0
:105460003D480068B0F8F450002D6DD04FF4005066
:1054700005F056FD68E0012C07D0052C05D0062C60
:1054800003D0072C01D0292C09D133480068B0F88B
:10549000F250002D58D0022005F042FD54E0032CBC
:1054A0000FD0082C0DD0132C0BD0152C09D0182C94
:1054B00007D01F2C05D0212C03D0242C01D02A2C5E
:1054C00001D1002540E0172C36D123480068B0F800
:1054D000F45085B320480068B0F87A0030B1012854
:1054E00010D0022813D0032819D114E0802005F031
:1054F00017FD19480068B0F8D40010B1022005F07B
:105500000FFD18E04FF4005005F00AFD13E00220F3
:1055100005F006FD0FE0102005F002FD0BE08020F5
:1055200005F0FEFC0C480068B0F8D40010B1022071
:1055300005F0F6FC00BF07E007480068B0F8F2503D
:1055400015B1022005F0ECFC1DB129B2034808F0AA
:1055500025FCFEF797FD70BD7802002024FAFFFFBE
:105560007CB505460024002001214FF496730322E8
:10557000CDE900101A21284611F0D5F80446002084
:1055800001214FF496730322CDE900101A21284619
:1055900011F0C9F804461CB90321284605F0B7FEEE
:1055A0003B212046FFF77CFD064630467CBD0000CF
:1055B0002DE9F84380460E4617461D46002415483F
:1055C00030F816903B464A46314640460095FFF774
:1055D0006BFB0446C4B109234FF4487203214046D3
:1055E0000FF0A0FB3B464A46314640460095FFF788
:1055F0005BFB0446022C01D0032C00D101241CB11A
:105600004FF4967014F0DCF931462046FFF748FD60
:10561000BDE8F883C0E5050820480068C088012877
:105620001DD11F480068B0F8D8001D490968A1F8CD
:10563000060100201A490968A1F8180118490968EB
:10564000A1F81E019FED170A1548006880ED480A71
:105650009FED140A1248006880ED430A1CE0002008
:105660000F490968A1F806010D490968A1F8D80099
:105670000B490968A1F8180109490968A1F81E0138
:105680009FED080A0648006880ED480A9FED050A6C
:105690000348006880ED430A704700007C02002048
:1056A00078020020000000007CB5054600243C2064
:1056B0001F490968C8800FF0C1FB4FF4FA7014F05D
:1056C0007FF905201A49096808810FF0C1FB4FF4E2
:1056D000FA7014F075F915B9FEF762FD01E005F0F6
:1056E00045FB4FF4FA7014F06BF910F0BDF840F67A
:1056F000B83014F065F968460AF04AFC0446002CFC
:105700000ADBBDF800000A4909684887BDF80200B5
:1057100007490968088705E0054909684C87044975
:1057200009680C874FF4FA7014F04AF97CBD000048
:105730007802002070B505460E461446642014F029
:105740003FF94FF4FA711B48006814F08FF980B9E3
:1057500000201949486088600846048015480068A0
:1057600014F00EFA50B115480068401C1349086047
:1057700004E012480068401C1049086002E0642000
:1057800014F01EF90C4800880028F8DC204604EBD1
:10579000D071094A526802EB6101B1FBF4F1298032
:1057A00004EBD071044A926802EB6101B1FBF4F1A1
:1057B000318070BD2C040020C07D002094030020A7
:1057C00030B502460B460A4850F8224000210BE053
:1057D00004EB01100088984204D104EB01108568A5
:1057E000284630BD481CC1B21429F1DB0020F8E77F
:1057F000CC84002030B502460B460A4850F82240BF
:1058000000210BE004EB01100088984204D104EB66
:1058100001104568284630BD481CC1B21429F1DB8F
:105820000020F8E7CC84002030B502460B460B4838
:1058300050F8224000210CE004EB0110008898424F
:1058400005D104EB0110808885B2284630BD481C84
:10585000C1B21429F0DB0020F8E70000CC8400205E
:1058600010B52DED068B04469FED590BB0EE408A26
:10587000F0EE608A24B1012C56D0022C7ED181E05A
:1058800055480068C08A00EE100AB8EE400A10EED3
:10589000101A084618F0ECFC41EC180B4E49096848
:1058A000C88A18F06BFA41EC190B4B490968C88A91
:1058B00018F064FA41EC1A0B53EC192B18F0AEFAFD
:1058C00041EC180B9FED450B53EC102B51EC180BD2
:1058D00018F0A4FA41EC180B3F490968C88A18F07F
:1058E0004DFA41EC1A0B9FED3F0B53EC102B18F0C7
:1058F00095FA41EC190B53EC182B17F0B3FF41EC60
:10590000180B9FED3A0B53EC102B51EC180B17F0C2
:10591000A9FF41EC180B51EC180B17F071FF35493A
:105920000968C1F8840048E02B490968888A18F0A2
:1059300025FA41EC190B9FED300B53EC102B18F0AE
:105940006DFA41EC180B9FED2E0B53EC102B51EC24
:10595000180B18F03BF841EC180B9FED2B0B53EC98
:10596000102B51EC180B18F031F841EC180B51ECDE
:10597000180B17F045FF1F49096800E00EE0C1F859
:1059800088001AE01448006890ED1B0A10EE101A07
:10599000084618F06DFC41EC180B0EE00E4800684C
:1059A000C08A00EE100AB8EE400A10EE101A08463F
:1059B00018F05EFC41EC180B00BF00BF51EC180B57
:1059C00017F01EFF00EE100ABDEC068B10BD0000A4
:1059D00000000000000000007C02002000000080A9
:1059E0005CEEB63EFA035C0E3FF1A73FD8F50B76AE
:1059F000C3B6C93F780200200000000000C8A940DB
:105A00000000000000FEAF40000000000000694000
:105A100010B5642013F0D4FF04480068007800F04B
:105A2000020008B1012010BD0020FCE76802002040
:105A300070B505460C462146284608F033FCE87848
:105A40000E490968A1F85C0068780C490968A1F85A
:105A50005E00A87809490968A1F860002079074923
:105A60000968A1F86200607904490968A1F8640036
:105A7000A07902490968A1F8660070BD7C02002087
:105A80002DE9F04104460E460127002500BF2548B8
:105A9000007E012802D10220BDE8F08101202149C9
:105AA000087600BF4CF25030FFF766FC0746002F27
:105AB00031D1401E3060206801280FD1207C616800
:105AC000FFF79EFB4CF25030FFF756FC0746164896
:105AD000006820F00400144908601AE0A56812E08C
:105AE000217C2846FFF722FB4CF25030FFF744FCA4
:105AF00007460D48006820F0FA000B4908600FB116
:105B0000356005E06D1CD4E902100844A842E7D8CE
:105B100000BFFFF739FB00BF00200249087600BF35
:105B20003846B9E7E4850020103C0240034800688D
:105B300040F000400149086000207047103C0240DE
:105B40002DE9F04106460F4614461D464FF0010868
:105B500000BF1F48007E012802D10220BDE8F0816D
:105B600001201B49087600BF4CF25030FFF704FCBF
:105B70008046B8F1000F23D126B9E1B23846FFF7CD
:105B800057FB12E0012E04D1A1B23846FFF780FB8B
:105B90000BE0022E04D121463846FFF78DFB04E0CE
:105BA00022462B463846FFF755FB4CF25030FFF7A4
:105BB000E3FB80460748006820F0010005490860C3
:105BC00000BF00200249087600BF4046C6E700003B
:105BD000E4850020103C024000200949096801F0DA
:105BE000004159B10749064A0C3A11600649116053
:105BF0000349096801F0004101B10120704700002C
:105C0000103C024023016745AB89EFCD10B54269D6
:105C100021EA020302EA010443EA0443836110BD5E
:105C20000AB1816101E00B0483617047014800689B
:105C300070470000600400200348006803490978A9
:105C4000084401490860704760040020680400208F
:105C500010B50D48006840F400700B490860084614
:105C6000006840F4806008600846006840F4807076
:105C70000860032000F0BAF80F2000F007F800F0E9
:105C800041F8002010BD0000003C024010B588B073
:105C9000014600222D2000F06BF82D2000F058F86E
:105CA00000241448016841F480710160006800F428
:105CB0008070019002A903A800F0BEF800F0E4F89B
:105CC00040000D49B0FBF1F0411E0D480B4A026047
:105CD00040F2E732C26041600461846000F0E6F89F
:105CE00010B108B0012010BD054800F013F908B04C
:105CF00010BD00004038024040420F00002000402C
:105D00009C85002008B51048016841F4804101607D
:105D1000006800F4804000900C48016841F0805118
:105D20000160006800F08050009000220F21901E5A
:105D300000F01EF800220521012000F019F8BDE84E
:105D40000840012000F004B84438024040380240C6
:105D500001460846002809DB00F01F0301229A4093
:105D600043099B0003F1E023C3F8002100BF704703
:105D70002DE9F05F80460D461646002711F038FEEB
:105D8000074639462A46334601F00700C0F1070AA4
:105D9000BAF1040F02D94FF0040A01E0C0F1070A7A
:105DA000D14600F1040ABAF1070F02D24FF0000AFF
:105DB00001E0A0F1030AD4464FF0010A0AFA09FAF9
:105DC000AAF1010A0AEA020A0AFA0CFA4FF0010BD8
:105DD0000BFA0CFBABF1010B0BEA030B4AEA0B04C9
:105DE0002146404611F00CFEBDE8F09F00BF00F0D8
:105DF0000702064B19684FF6FF031940044B0B438B
:105E000043EA0221014B196000BF70470CED00E02E
:105E10000000FA057047000010B50648006800F45D
:105E2000803028B1FFF7F6FF4FF480300149086059
:105E300010BD0000143C01400F2202600D4A1268A0
:105E400002F0030242600B4A126802F0F002826024
:105E5000084A126802F4E052C260064A126802F46C
:105E60006042D2080261044A126802F007020A6026
:105E70007047000008380240003C024001480068BA
:105E8000704700005C04002000B5FFF7F7FF0449ED
:105E90000968C1F38221034A515CC84000BD00007B
:105EA0000838024026F505087047704710B50446CB
:105EB0000CB9012010BD94F83D0028B9002084F8E9
:105EC0003C00204600F025F8022084F83D00211D0A
:105ED000206810F055F8012084F8460000BF84F8CF
:105EE0003E0001213F200155402001554120015530
:105EF00000BF00BF012084F8420043200155442028
:105F000001554520015500BF012084F83D000020C7
:105F1000D0E77047014691F83D00012801D00120EB
:105F20007047022081F83D000868C06840F0010019
:105F30000B68D8601A4B086898421BD00868B0F10B
:105F4000804F17D0174B0868984213D0164B08683B
:105F500098420FD0154B086898420BD0144B086834
:105F6000984207D0134B0868984203D0124B086838
:105F700098420CD10868806800F00702062A0CD00D
:105F80000868006840F001000B68186005E00868C8
:105F9000006840F001000B6818600020C0E70000B6
:105FA000000001400004004000080040000C0040D8
:105FB000000401400040014000180040704710B547
:105FC000044620680069C0F34000D8B12068C0686A
:105FD000C0F34000B0B16FF00200216808610120F9
:105FE00020772068806900F0030018B12046FFF791
:105FF000E5FF05E0204600F0ADF8204600F0ABF8E4
:106000000020207720680069C0F38000D8B12068A4
:10601000C068C0F38000B0B16FF00400216808616F
:10602000022020772068806900F4407018B1204673
:10603000FFF7C4FF05E0204600F08CF8204600F092
:106040008AF80020207720680069C0F3C000D8B12A
:106050002068C068C0F3C000B0B16FF008002168CC
:106060000861042020772068C06900F0030018B19F
:106070002046FFF7A3FF05E0204600F06BF820461E
:1060800000F069F80020207720680069C0F3001054
:10609000D8B12068C068C0F30010B0B16FF0100034
:1060A00021680861082020772068C06900F44070EA
:1060B00018B12046FFF782FF05E0204600F04AF8BD
:1060C000204600F048F8002020772068006900F0A2
:1060D000010058B12068C06800F0010030B16FF0D5
:1060E000010021680861204600F036F82068006948
:1060F000C0F3C01058B12068C068C0F3C01030B100
:106100006FF08000216808612046FFF7CDFE20680F
:106110000069C0F3801058B12068C068C0F38010D7
:1061200030B16FF0400021680861204600F01DF892
:1061300020680069C0F3401058B12068C068C0F3FF
:10614000401030B16FF02000216808612046FFF751
:10615000ACFE10BD704770470068A0F18041B1F5FA
:10616000005101D1FFF768BD704770472DE9F0413C
:106170002DED068B0646B0EE408A0D460027002422
:10618000642001F0DDFACFE0FDF77CFF012001F093
:10619000CDF99FED760A01F015FA002D69D10A209C
:1061A00001F0C4F99FED720A01F00CFA4FF47A7015
:1061B00013F006FC304601F0B9F918EE100A18F099
:1061C00057F841EC1A0B9FED6B0B53EC102B17F0AB
:1061D00049FB41EC190B17F013FB08EE900AB0EEE7
:1061E000680A01F0EFF944F6206013F0E9FBFFF7CD
:1061F0000FFC60B1B1EE040A01F0E4F9601C84B256
:10620000032CC0DB0120BDEC068BBDE8F081012032
:1062100001F08CF918EE100A18F02AF841EC1A0B6C
:106220009FED560B53EC102B17F01CFB41EC190B98
:1062300017F0E6FA08EE900AB0EE680A01F0C2F92B
:10624000032001F073F94FF4427004F069FE9FEDF2
:106250004D0A01F0B7F944F6206013F0B1FBFDF7E9
:1062600011FF012001F062F99FED400A01F0AAF947
:106270005BE0012D58D10A2001F058F99FED3C0A4E
:1062800001F0A0F94FF47A7013F09AFB304601F058
:106290004DF9F7EE000A78EE200AB0EE600A01F040
:1062A00091F944F6206013F08BFBFFF7B1FB48B186
:1062B000B1EE040A01F086F9601C84B2032C33DBD2
:1062C0000120A0E7012001F031F918EE100A17F0C3
:1062D000CFFF41EC1A0B9FED2C0B53EC102B17F05A
:1062E000C1FA41EC190B17F08BFA08EE900AB0EEE8
:1062F000680A01F067F9032001F018F94FF44270C1
:1063000004F00EFE9FED220A01F05CF944F62060D5
:1063100013F056FBFDF7B6FE012001F007F99FEDE3
:10632000130A01F04FF900E02EE700BFC82001F08A
:1063300007FA0A2001F0FAF8B1EE020A01F042F978
:10634000032001F0F3F84FF4427004F0E9FDB6EEDB
:10635000000A01F037F9012001F0E8F89FED030A87
:1063600001F030F9FDF78EFE00204CE70000000040
:10637000CDCC4C3E666666666666E63F33333333A5
:106380003333E33F9A99193FCDCCCCCCCCCCEC3F06
:106390006666663F2DE9F0412DED068B80460D4681
:1063A0000024002600279FEDBC0AB0EE408A08209A
:1063B000BA49096848854FF4FA7013F001FBC82008
:1063C00001F0BEF926E1FDF75DFE0A2001F0AEF80E
:1063D0009FEDB30A01F0F6F84FF47A7013F0F0FA7B
:1063E000B0480068B0F8D840092C15D0142C13D050
:1063F000162C11D0192C0FD01A2C0DD01B2C0BD011
:106400001C2C09D01E2C07D0202C05D0232C03D007
:10641000262C01D02B2C0ED1802004F081FDA14828
:106420000068B0F8D40010B1022004F079FD072014
:1064300001F07CF88AE0022C0DD0042C0BD0222C29
:1064400009D0252C07D0272C05D0282C03D02C2CA4
:1064500001D02D2C07D14FF4005004F061FD06202F
:1064600001F064F872E0012C07D0052C05D0062C51
:1064700003D0072C01D0292C06D1022004F050FDB6
:10648000052001F053F861E0032C0FD0082C0DD04B
:10649000132C0BD0152C09D0182C07D01F2C05D08D
:1064A000212C03D0242C01D02A2C06D1102004F05A
:1064B00037FD042001F03AF848E0172C40D1794824
:1064C0000068B0F87A0030B1012813D0022819D042
:1064D000032825D11DE0802004F022FD71480068CA
:1064E000B0F8D40010B1022004F01AFD072001F02A
:1064F0001DF824E04FF4005004F012FD062001F0D6
:1065000015F81CE0022004F00BFD052001F00EF848
:1065100015E0102004F004FD042001F007F80EE05F
:10652000802004F0FDFC5F480068B0F8D40010B192
:10653000022004F0F5FC072000F0F8FF00BF05E0A2
:10654000022004F0EDFC052000F0F0FF012D16D133
:1065500054480068B0F8F00028B152480068B0F81C
:10656000F000012805D102204E490968A1F8620017
:1065700015E001204B490968A1F862000FE0494885
:106580000068B0F8F00028B9022046490968A1F86F
:10659000620004E0012043490968A1F86200414813
:1065A0000068B0F86200022804D19FED3F0AB0EE07
:1065B000408A11E0022D04DC9FED3C0AB0EE408AD7
:1065C0000AE0032D04D19FED3A0AB0EE408A03E0C1
:1065D0009FED380AB0EE408AB0EE480A00F0F2FFB4
:1065E000FFF716FA98B1B1EE040A00F0EBFFFDF7E1
:1065F00049FD701C86B2032E0CDB03202949096873
:10660000A1F8EC000120BDEC068BBDE8F081FDF7A0
:1066100039FD00E0D7E600BFFDF734FD012000F0B2
:1066200085FF18EE100A17F023FE41EC1A0B9FEDC0
:10663000220B53EC102B17F031FD41EC190B17F026
:10664000DFF808EE900AB0EE680A00F0BBFFFDF735
:1066500019FD4FF4427004F063FC032000F066FF64
:106660009FED170A00F0AEFF4FF44270FDF764FE95
:10667000FDF708FD012000F059FF9FED070A00F02B
:10668000A1FF064800688088032803D10020034941
:10669000096888800020B6E7000000007C02002026
:1066A000CDCC4C3E78020020666696409A99D93F40
:1066B0009A99993FCDCC2C409A9999999999B93F3B
:1066C0009A99193F70B52DED028B0446B0EE408AC1
:1066D0000025642008F068F9012007F053FE9FEDC3
:1066E0001E0A08F03DF80A2007F04CFEB7EE000A3B
:1066F00008F036F84FF47A7013F062F9032C03D1E6
:106700004FF4427004F00CFC204607F03BFE64207E
:1067100008F04AF9F7EE000A78EE200AB0EE600AB7
:1067200008F01EF8012004F0FBFB0C480068B0F8EC
:10673000D60018B14FF4805004F0F2FBC82008F0E6
:1067400033F99FED050A08F00BF8FDF79BFC0020DC
:10675000BDEC028B70BD000000000000780200203C
:106760002DE9F04104460D4600260427FDF78AFC7A
:106770000A2000F0DBFE05B109274FF4FA7000F0A3
:10678000DFFF002641E00A2000F0D0FE9FED230A43
:1067900000F018FF4FF47A7013F012F94FF44270C2
:1067A00004F0BEFB4FF4FA7013F00AF9032000F076
:1067B000BDFEB1EE080A00F005FF4FF47A7013F049
:1067C000FFF84FF44270FDF7B7FD34B1022000F03E
:1067D000ADFE012004F0A4FB06E0012000F0A6FEBF
:1067E0004FF4805004F09CFB9FED0D0A00F0EAFE90
:1067F0000120FDF7A1FD4FF48050FDF79DFD4FF402
:106800007A7013F0DDF8701C86B2BE42BBDBFDF778
:1068100039FC012000F08AFEBDE8F081CDCC4C3E71
:106820000000000070B50024002600259348006891
:10683000B0F8EE0008B9002070BD07209049096843
:1068400048854FF4FA7013F0BBF80DE1FDF71AFC20
:10685000C82000F075FF0A2000F068FE9FED890A4D
:1068600000F0B0FE4FF47A7013F0AAF88348006885
:10687000B0F8D840092C15D0142C13D0162C11D0F8
:10688000192C0FD01A2C0DD01B2C0BD01C2C09D07E
:106890001E2C07D0202C05D0232C03D0262C01D071
:1068A0002B2C0ED1802004F03BFB74480068B0F81C
:1068B000D40010B1022004F033FB072000F036FEB4
:1068C0008AE0022C0DD0042C0BD0222C09D0252CD0
:1068D00007D0272C05D0282C03D02C2C01D02D2C10
:1068E00007D14FF4005004F01BFB062000F01EFE01
:1068F00072E0012C07D0052C05D0062C03D0072C04
:1069000001D0292C06D1022004F00AFB052000F05A
:106910000DFE61E0032C0FD0082C0DD0132C0BD0F2
:10692000152C09D0182C07D01F2C05D0212C03D0F2
:10693000242C01D02A2C06D1102004F0F1FA0420D6
:1069400000F0F4FD48E0172C40D14C480068B0F846
:106950007A0030B1012813D0022819D0032825D19C
:106960001DE0802004F0DCFA44480068B0F8D40050
:1069700010B1022004F0D4FA072000F0D7FD24E083
:106980004FF4005004F0CCFA062000F0CFFD1CE0DC
:10699000022004F0C5FA052000F0C8FD15E0102023
:1069A00004F0BEFA042000F0C1FD0EE0802004F0E7
:1069B000B7FA32480068B0F8D40010B1022004F0F1
:1069C000AFFA072000F0B2FD00BF05E0022004F09E
:1069D000A7FA052000F0AAFD9FED2B0A00F0F2FDBA
:1069E000FDF750FBFFF714F870B1B1EE040A00F0A8
:1069F000E9FD701C86B2032E2DDB02201F490968B9
:106A0000A1F8EC00012017E7012004F089FA1B48E7
:106A10000068B0F8D60018B14FF4805004F080FA46
:106A2000022000F083FD4FF4967000F089FE9FED88
:106A3000170A00F0C7FD0120FDF77EFC4FF48050DF
:106A4000FDF77AFC681C85B20C480068B0F8EE00CF
:106A5000A84200DC09E0012000F068FDFDF712FB10
:106A60009FED0A0A00F0AEFDF0E600BF012000F045
:106A70005DFDFDF707FB0020DEE600007802002048
:106A80007C020020CDCC4C3E6666864000000000B3
:106A90002DE9F0412DED028B002400260027002572
:106AA000A0460020FC490968A1F8FC00FDF7EAFABD
:106AB0000120FA4909684885002000F037FD4FF4AD
:106AC000FA6012F07DFF012000F030FD00F030FE92
:106AD0009FEDF30A00F076FD4FF47A7012F070FF2C
:106AE0000120ED490968A1F8FC0000210846FFF7E4
:106AF00037FE0220E8490968A1F8FC00012000F0F7
:106B000015FDC82000F01CFE9FEDE50A00F05AFDBF
:106B1000002000F00BFD00F003FEB0EE000A00F0D4
:106B200051FD00F005FE012000F000FD9FEDDC0AA4
:106B300000F048FD002000F0F9FC00F0F1FDB1EE9E
:106B4000040A00F03FFD00F0F3FD012000F0EEFC30
:106B50009FEDD30A00F036FD0520CF490968A1F862
:106B6000FC00CD480068B0F8D80001281ED1CA4802
:106B70000068B0F8E800C8B10420C8490968488531
:106B80004FF4FA7012F01CFF4FF4804004F0C8F983
:106B9000C1490968B1F8E8104FF47A7201FB02F0BC
:106BA00012F00EFF4FF48040FDF7C6FB9FEDBD0ACB
:106BB000B948006880ED240A9FEDBB0AB64800681A
:106BC00080ED250A9FEDB90AB348006880ED260ADA
:106BD0003220B1490968A1F86C00AF48006890F80C
:106BE0006C203C230021084606F080F90620AA49C3
:106BF0000968A1F8FC000720A7490968A1F8FC0072
:106C0000FFF710FE20B10120BDEC028BBDE8F08142
:106C10000820A1490968A1F8FC0003210020FFF722
:106C2000B9FB08B10120EFE709209B490968A1F8E9
:106C3000FC000A2098490968A1F8FC0000F080FBDC
:106C400008B10120E0E70B2093490968A1F8FC0096
:106C50000C209249096848854FF4FA7012F0B0FE92
:106C60000021B6EE000A0820FFF780FA04460CB1B6
:106C70000120C9E70C2088490968A1F8FC000B2015
:106C80008649096848854FF4FA7012F099FE8248E7
:106C90000068B0F8F00038B90021B6EE000A042010
:106CA000FFF764FA044606E00021B1EE000A042072
:106CB000FFF75CFA04460CB10120A5E70D207649E8
:106CC0000968A1F8FC0010F02BFD04460CB101206E
:106CD0009AE70E2070490968A1F8FC006F4909681D
:106CE00048854FF4FA7012F06BFE0021B7EE000AEF
:106CF0000920FFF73BFA06460EB1012084E74FF466
:106D00007A7012F05DFEFDF7BDF90F206249096847
:106D1000A1F8FC00C82000F013FD012000F006FCE3
:106D20009FED5F0A00F04EFC0A2000F0FFFBB1EE81
:106D3000040A00F047FC032000F0F8FB4FF4427017
:106D400004F0EEF89FED560A00F03CFC012000F044
:106D5000EDFBFDF797F90F205049096848854FF47E
:106D6000FA7012F02DFE00200EF05AFF9FED500A2F
:106D70004948006880ED240AB1EE080A46480068D8
:106D800080ED250A9FED4B0A4348006880ED260AF6
:106D9000322041490968A1F86C0005203E49096884
:106DA000A1F86E003C480068B0F86E0003B23A48A3
:106DB000006890F86C200021084606F07BF88046B9
:106DC000B8F1000F15D1102033490968A1F8FC0073
:106DD0003148006890ED210ADFED370AB4EEE00A91
:106DE000F1EE10FA05D217202C490968888001209D
:106DF0000AE7112028490968A1F8FC0000200EF0DC
:106E00000FFF16202549096848854FF4FA7012F0E3
:106E1000D7FD4FF4806004F083F80024002622E0C0
:106E20004FF47A7012F0CCFD601C84B21A480068EE
:106E300090ED210ADFED210AB4EEE00AF1EE10FA3E
:106E400000D811E040F2DC50844205DD21201349D6
:106E5000096888800120D7E600200EF0E1FE4FF49B
:106E6000806004F05DF8DBE700BF4FF4FA7012F0C9
:106E7000A7FD4FF48060FDF75FFA1220064909680C
:106E8000A1F8FC0010200549096848854FF4FA7004
:106E900012F096FD00242EE0780200207C020020F3
:106EA000000000000000FA439A99993E0000FA445D
:106EB00000806D450000484400004442333347429F
:106EC0004FF47A7012F07CFD601C84B2F9480068BF
:106ED00090ED210ADFEDF80AB4EEE00AF1EE10FAC7
:106EE00000D809E0B4F5167F05DD2120F3490968D3
:106EF0008880012088E6E3E700BF0025002408E041
:106F0000EE480068408B0544C82012F059FD601C13
:106F100084B20A2CF4DB0A20B5FBF0F5E7490968D6
:106F20000D861320E3490968A1F8FC001FED200A33
:106F3000E048006880ED240AB1EE080ADD480068E8
:106F400080ED250A1FED250ADA48006880ED260A43
:106F50003220D8490968A1F86C000020D549096899
:106F6000A1F86E00D3480068B0F86E0003B2D148B3
:106F7000006890F86C200021084605F0B7FF11204A
:106F8000CE49096848854FF4FA7012F019FD0021C6
:106F90000846FFF7E5FB1220C849096848854FF409
:106FA000FA7012F00DFDFDF76DF8C2480068B0F8F8
:106FB000F60020B1BF480068B0F8F67000E0012785
:106FC000C82000F0BDFB012000F0B0FA1FED4C0A14
:106FD00000F0F8FA4FF47A7012F0F2FC002630E07C
:106FE000002422E0102003F09BFF042000F09EFA12
:106FF000B1EE040A00F0E6FAFDF744F84FF4FA7037
:1070000012F0DEFC4FF4427003F08AFF032000F020
:107010008DFA1FED5D0A00F0D5FAFDF733F84FF455
:10702000FA7012F0CDFC601C84B2032CDADB002174
:107030000846FFF795FB4FF4FA7012F0C1FC701C84
:1070400086B2BE42CCDB14209A490968A1F8FC0044
:10705000FDF718F8002422E0102003F061FF04205F
:1070600000F064FAB1EE040A00F0ACFAFDF70AF899
:107070004FF4FA7012F0A4FC4FF4427003F050FF8A
:10708000032000F053FA1FED7A0A00F09BFAFCF798
:10709000F9FF4FF4FA7012F093FC601C84B2022CDA
:1070A000DADB13208549096848854FF4FA7012F03D
:1070B00087FC00200EF0B4FD1FED830A7D480068B8
:1070C00080ED240AB1EE080A7A48006880ED250AAE
:1070D0001FED880A7748006880ED260A322075493E
:1070E0000968A1F86C00002072490968A1F86E00D7
:1070F00070480068B0F86E0003B26E48006890F8FF
:107100006C200021084605F0F1FE002400265BE01B
:107110004FF47A7012F054FC601C84B26548006829
:1071200090ED210A10EE101A084617F0A1F841EC74
:10713000180B9FED630B53EC102B16F06DFF00D86E
:1071400043E0B4F5967F36DD5A48006890ED210A99
:10715000F3EE090AB4EEE00AF1EE10FA2BD256BBB8
:1071600001261FEDAD0A5348006880ED240AB1EEF8
:10717000080A5048006880ED250A1FEDB20A4D4804
:10718000006880ED260A32204A490968A1F86C009F
:10719000002048490968A1F86E0046480068B0F828
:1071A0006E0003B24348006890F86C200021084646
:1071B00005F09CFE08E0B4F5167F05DD17203F4979
:1071C0000968888001201FE5A2E700BF00200EF0BB
:1071D00027FD4FF4806003F0A3FE00240026152055
:1071E00034490968A1F8FC0063E04FF47A7012F0AA
:1071F000E7FB601C84B22F48006890ED210A10EE76
:10720000101A084617F034F841EC180B9FED2E0BBE
:1072100053EC102B16F0C6FD00D859E0B4F5967F5C
:1072200036DD2448006890ED210AF3EE090AB4EE39
:10723000E00AF1EE10FA2BD256BB01261FEDE40A4C
:107240001C48006880ED240AB1EE080A194800685D
:1072500080ED250A1FEDE90A1648006880ED260A30
:10726000322014490968A1F86C000020114909680E
:10727000A1F86E000F480068B0F86E0003B20D4828
:10728000006890F86C200021084605F02FFE09E008
:1072900040F2DC50844205DD2120084909688880DD
:1072A0000120B1E400200EF0BBFC4FF4806003F03D
:1072B00037FE9AE778020020000046427C02002058
:1072C0003333333333F348400000000000C04840FC
:1072D00000BF4FF48060FDF72FF80A2005F01EF97B
:1072E0004FF47A7012F06CFB0025002408E012487D
:1072F0000068408B0544C82012F062FB601C84B219
:107300000A2CF4DB0A20B5FBF0F50B4909684D8621
:10731000002009490968888041F2883012F050FB4A
:10732000642006490968A1F8FC004FF4FA70FBF7E5
:10733000C1FA002068E400007C02002078020020EE
:1073400070B50025002476480068B0F8F00030B130
:10735000012805D0022805D0032807D104E000BF8A
:10736000012505E0022503E0032501E0012500BF1A
:1073700000BF022D01D0032D66D10920694909689B
:1073800048854FF4FA7012F01BFB0021B1EE000AA1
:107390000420FEF7EBFE044634B10C206049096876
:1073A000A1F8EC00012070BDB0EE000A0320FFF749
:1073B00089F904460CB10120F5E70A2000F0B6F87F
:1073C000B6EE000A00F0FEF84FF47A7012F0F8FA08
:1073D0004FF4427003F0A4FD032000F0A7F8C8208A
:1073E00000F0AEF9B1EE040A00F0ECF8022000F073
:1073F0009DF8012003F094FD49480068B0F8D600DC
:1074000018B14FF4805003F08BFDB7EE080A00F07E
:10741000D9F8FCF737FE4FF47A7012F0D1FA4FF436
:10742000427003F07DFD032000F080F8B7EE000A03
:1074300000F0C8F84FF44270FCF77EFFFCF722FE24
:107440009FED390A00F0BEF8032D66D10A203549B8
:10745000096848854FF4FA7012F0B2FA0021B6EECE
:10746000000A0420FEF782FE044634B10C202C49A9
:107470000968A1F8EC00012095E7B7EE080A03209F
:10748000FFF720F904460CB101208CE74FF442705D
:1074900003F046FD032000F049F8C82000F050F941
:1074A000B1EE000A00F08EF84FF44270FCF744FF92
:1074B0004FF4FA6012F084FA012003F031FD18480D
:1074C0000068B0F8D60018B14FF4805003F028FDE2
:1074D000022000F02BF8B7EE000A00F073F8FCF77A
:1074E000D1FD4FF47A7012F06BFA4FF4427003F052
:1074F00017FD032000F01AF8B6EE000A00F062F85B
:107500004FF44270FCF718FFFCF7BCFD002000F0C0
:107510000DF89FED050A00F055F8002043E7000044
:10752000780200207C0200200000000070B50546B3
:1075300000240026C82012F043FA0A2D00DD0A2597
:1075400021222046641C1C490A5405222046641C42
:107550000A5400222046641C0A542046641C0D5420
:10756000FF222046641C0A5400222046641C0A5450
:10757000A1B2114813F04CFC06462046641C0E498B
:107580000E5432122046641C0A54A1B20A4800F07C
:107590003DFB0A480078A84207D00948007820B986
:1075A00041F2883012F00CFA03E04FF4FA7012F056
:1075B00007FA0248057070BDF07B00203E030020F2
:1075C0003F03002070B52DED028BB0EE408A002401
:1075D00000250026C82012F0F3F9B1EE040AB4EE3B
:1075E000C08AF1EE10FA03DDB1EE040AB0EE408A73
:1075F00022222046641C45490A5406222046641C67
:107600000A5400222046641C0A5414222046641C9A
:107610000A54B5EEC08AF1EE10FA07D1FF222046D7
:10762000641C0A542046641C0A5410E09FED380A7A
:1076300028EE000ABCEEC00A10EE100A86B2321222
:107640002046641C31490A542046641C0E54A1B2E1
:107650002E4813F0DDFB05462046641C2B490D54D3
:107660002A122046641C0A54A1B2284800F0CEFA1F
:10767000284890ED000AB4EE480AF1EE10FA3AD02C
:107680002548007888BB234890ED000AB5EEC00A73
:10769000F1EE10FA0FD1B1EE000AB4EEC08AF1EEAD
:1076A00010FA08DB1D480088C82804DB44F250604B
:1076B00012F086F923E0174890ED000AB4EEC08A74
:1076C000F1EE10FA08D215480088C82804DB43F60A
:1076D000982012F075F912E010480088C82805DAE1
:1076E00044F6206012F06CF909E004E043F69820BB
:1076F00012F066F903E04FF4FA6012F061F9054800
:1077000080ED008ABDEC028B70BD0000F07B002094
:1077100000007A44380300203F0300203C0300208F
:1077200010200104014A916100BF7047000C024023
:1077300010200249886100BF70470000000C024021
:1077400070B5054600240026C82012F039F94FF61E
:10775000FF7000EA450540F2DC50854200DD054639
:1077600005B9012522222046641C15490A54062227
:107770002046641C0A5400222046641C0A540C2231
:107780002046641C0A542A122046641C0A542046CF
:10779000641C0D54A1B20A4813F03AFB0646204679
:1077A000641C07490E5432122046641C0A54A1B2CC
:1077B000034800F02BFA4FF4FA7012F001F970BD93
:1077C000F07B00207047FEE770B52DED028BFD4881
:1077D000006805880B20FB490968A1F878001C2D7A
:1077E00076D012DCA5F10300192872D2DFE800F090
:1077F000F2F17171717171333D47728AA6BCCEE0AE
:10780000F3F4EEEDECEBEAE9E8002C2D78D00DDC9A
:10781000A5F11D000F28E8D2DFE800F0EFEEEDEC57
:10782000EBEAE95B5B5B5B5BE8E7E600312D68D088
:1078300008DC2D2D7CD02E2D7BD02F2D7AD0302D15
:1078400047D1ABE1322D76D06C2D75D06D2D74D033
:107850006E2DF5D154E1DB490968486C03F060FBFB
:107860000020D84909680880C5E1D6490968486CF4
:10787000FCF762FD0020D34909680880BBE10EF0E7
:10788000A3F94FF4967012F09BF8CE480068B0F858
:10789000720000EE100AB8EE400AF2EE040A80EE22
:1078A000201AB0EE418AC7490968B1F95C00B0EE10
:1078B000480A0DF039FF02E0642012F081F8C24856
:1078C00000780028F8D00020BE490968088092E1BD
:1078D000CEE08FE1BB4B1B68B3F86220B94B1B684D
:1078E000B3F95C10B74B1B68B3F8720011F0C2FE1D
:1078F000B649096888800020B249096808807AE1A1
:107900002CE171E1AF4B1B68B3F86220AD4B1B68F3
:10791000B3F95C10AB4B1B68B3F87200FCF7DAFFED
:10792000AA49096888800020A6490968088062E1A0
:1079300017E119E125E15AE1DBE0E0E0A14B1B682A
:10794000B3F862209F4B1B68B3F95C109D4B1B681A
:10795000B3F87200FDF7B0F89C49096888800020F0
:1079600098490968088046E196480068B0F86E00BA
:1079700003B29448006890F86C200021084605F096
:1079800099FA00208F490968088034E18D48006821
:10799000B0F86E0003B28B48006890F86C200021AC
:1079A000084605F0A3FA002086490968088022E10C
:1079B00000200EF035F900208249096808801AE19C
:1079C0004EE045E041E028E024E020E01CE003E058
:1079D00001E016E012E000BF0A2004F09FFD002045
:1079E00078490968088006E1A5E097E089E042E06F
:1079F00074E066E059E04CE047E042E00DF01EFA2A
:107A0000F9E00DF025FAF6E003F0B0F9F3E0FCF749
:107A1000C7FBF0E00DF028FFEDE06D4808F0B8FA84
:107A20000446002C0ADB6A480088664909684887D2
:107A30006748408863490968088705E06149096823
:107A40004C87604909680C87D5E008F0EDFAD2E070
:107A50000DF082FB5B490968C86A02F058FFCAE072
:107A60000DF07AFB57490968086B02F058FFC2E035
:107A70000EF01EF9BFE008F075FA544909688860F5
:107A8000B9E0012053490870B5E000205149087061
:107A9000B1E0002050490968087050490968087031
:107AA00001204F4909680870A5E001204A4909688A
:107AB0000870002049490968087049490968087038
:107AC00099E0002044490968087001204349096889
:107AD000087000204249096808708CE000203E4987
:107AE000096808703D49096808703D4909680870CF
:107AF00081E0FBF78BFD3549096888807BE07AE0FF
:107B000079E00120374908702E49096891F8000191
:107B100006F038FC0020334908706CE00120314940
:107B2000087028490968B1F8020106F03DFF0020FD
:107B30002C4908705FE001202A490870214800683C
:107B4000B0F8040100EE900AF8EE600AB0EE600AA8
:107B500006F006FE0020234908704CE006F0C8FE3F
:107B600049E006F0F3FE46E001201E490870154981
:107B7000096891F80001FFF7D9FC00201949087045
:107B800039E00120174908700E490968B1F802016F
:107B9000FFF7D6FD0020134908702CE001201149A1
:107BA000087008480068B0F8040100EE900AF8EE8A
:107BB000600AB0EE600AFFF705FD00200949087071
:107BC00019E0000078020020800200207C020020E2
:107BD0006C030020C8030020E0020020E402002023
:107BE000DC0200203F030020FFF79AFD03E0FFF7CF
:107BF0009FFD00E000BF00BF002003490968088026
:107C0000BDEC028B70BD00007802002070B5044608
:107C10000D464FF48061024800F09AFE70BD0000EE
:107C2000000C02400121014A11817047F87C0020BC
:107C300008480949086009484860094888600948B7
:107C40004861094808610948C860094888610948CD
:107C5000C861704719CF04081C8500200FB60408BE
:107C6000F1B30408FDBC04089DC5040839CB040821
:107C700001B90408DFC8040810B500242F222046EB
:107C8000641C10490A5431222046641C0A545722AD
:107C90002046641C0A5434222046641C0A54522292
:107CA0002046641C0A540D222046641C0A5400BF5E
:107CB0004FF4FA7011F084FE06F0D0F80028F7D1E6
:107CC00010BD0000707C002000B587B0002004903B
:107CD00005900690029003900190674A012002F1FE
:107CE000500101EB80010B6843F2F220834273D014
:107CF00062A04178303961A00078202801D10020AD
:107D000002E05EA00078303800EB800001EB40001C
:107D1000C0B28DF80C0059A00179303957A0C07855
:107D2000202801D1002002E054A0C078303800EBB8
:107D3000800001EB4000C0B28DF80D004FA0C1796A
:107D400030394EA08079202801D1002002E04BA0DC
:107D50008079303800EB800001EB4000C0B28DF834
:107D60000E0002AA0021444800F06AFF46A0807875
:107D70006E2801D101203DE043A08078622801D126
:107D8000022037E040A08078722807D13EA000781A
:107D90004D2801D103202DE004202BE03AA080786B
:107DA000792801D1052025E037A080786E2801D1FF
:107DB00006201FE034A080786C2801D1072019E04C
:107DC00031A08078672801D1082013E02EA08078A8
:107DD000702802D109200DE04CE02BA08078742897
:107DE00001D10A2006E028A08078762801D10B2056
:107DF00000E00C208DF8050023A0007A303822A185
:107E0000C979303901EB810100EB410000EB8001C1
:107E10001DA0407A303800EB410000EB80011AA031
:107E2000807A303800EB4100A0F5FA60C0B28DF8DE
:107E3000070015A04179303913A00079202801D11D
:107E4000002002E010A00079303800EB800001EB48
:107E50004000C0B28DF8060000208DF8040001AA91
:107E60000021054800F0D4FD43F2F222012102482E
:107E700000F098FD07B000BD0028004031353A35CC
:107E8000353A35320000000041707220323920321C
:107E90003032360070B505460C4600200B490968A3
:107EA00008850A480068808D094908604FF47A7097
:107EB00060430849086015F03DF907490860054826
:107EC00001680648006812F0E5F870BD7C020020E9
:107ED000BC020020C8020020C002002028040020AC
:107EE00010B540F6C4100DF0F5F80E200DF0C4F8F2
:107EF00041F2707008490880084600880DF05EF86D
:107F0000FFF7BAFE40F6B8300349088008460088FB
:107F10000DF054F810BD00004003002010B5802083
:107F2000FE4908604001086041F61402FC49FD4822
:107F3000F8F761FBFC48FD4908600838FC49086017
:107F4000A0F50060FB49086000F58060FA49086010
:107F5000A0F58060F949086000F58060F849086084
:107F60000020F64909680880F648D0F80C0845F268
:107F7000AA5188427ED0B0EE080AF34880ED000A8C
:107F8000B0EE080AF14880ED000A9FEDF10AF148D1
:107F900080ED000A4FF49660EF490880EF490880B1
:107FA000ED480088E64909680884EC480088E449FF
:107FB00009684884E44890ED000AF2EE040A20EED5
:107FC000200ABCEEC00A10EE100ADC490968A1F8CC
:107FD0005200DE4890ED000AF2EE040A20EE200A7C
:107FE000BCEEC00A10EE100AD4490968A1F854008A
:107FF000D84890ED000AF2EE040A20EE200ABCEE0A
:10800000C00A10EE100ACD490968A1F850004FF4DB
:108010009670CA490968A1F85A004FF42F70C749F1
:108020000968A1F8560040F21450C4490968A1F843
:10803000580040F6B830C249096888854FF4167078
:10804000BE490968A1F85C004FF49060BB4909681B
:1080500048800120B949096888801E20B74909680D
:1080600088874FF42F70B5490968C8879FEDBC0A0F
:10807000B24800E027E0006880ED240A9FEDB90ACD
:10808000AE48006880ED250A9FEDB50AAB48006850
:1080900080ED260A4CF25030A8490968C8841020A7
:1080A000A6490968A1F840001220A4490968A1F86E
:1080B0004200002004E000219D4A12681154401C37
:1080C0000828F8DBD6E09D480068B0F8520000EEC2
:1080D000100AB8EE400A9C4880ED000A90ED000AB4
:1080E000F2EE040A80EE201A80ED001A90ED000AEC
:1080F000DFED9D0AB4EEE00AF1EE10FA06DC90ED39
:10810000000AB5EEC00AF1EE10FA04D2B0EE080A89
:108110008D4880ED000A89480068B0F8540000EEF0
:10812000100AB8EE400A894880ED000A90ED000A76
:10813000F2EE040A80EE201A80ED001A90ED000A9B
:10814000DFED890AB4EEE00AF1EE10FA06DC90EDFC
:10815000000AB5EEC00AF1EE10FA04D2B0EE080A39
:108160007A4880ED000A75480068B0F8500000EECB
:10817000100AB8EE400A774880ED000A90ED000A38
:10818000F2EE040A80EE201A80ED001A6C480068B6
:10819000008C71490880084600884FF6FF718842BC
:1081A00002D06D48008818B942F6E0606A4908803C
:1081B00063480068408C69490880084600884FF68B
:1081C000FF71884202D06548008818B942F6E06025
:1081D00062490880594800684088B0F5906F05DD15
:1081E0004FF4906055490968488009E05348006899
:1081F00040885C2804DA4FF4906050490968488050
:108200004E4800688088802803DC4C4800688088DD
:1082100018B9012049490968888049480068808D5B
:1082200040F6B831884203DD08464549096888852B
:1082300042480068B0F84000132805DC3F48006859
:10824000B0F84000012804DA10203C490968A1F880
:1082500040003A480068B0F84200132805DC37486F
:108260000068B0F84200012804DA12203349096896
:10827000A1F8420031480068B0F85C0030B12F48E6
:108280000068B0F95C00B0F57A7F05DD4FF4167038
:108290002A490968A1F85C00002029490968488535
:1082A00000F030F901202649096888810020204922
:1082B000096808701E49096848701D490968887076
:1082C0001B480068C07800F0FE0019490968C870B2
:1082D000174800680EF024FC24A0007A303823A14F
:1082E000C979303901EB810100EB410000EB8001DD
:1082F0001EA0407A303800EB410000EB80011BA04B
:10830000807A303800EB41000D490968A1F85C0023
:1083100016A080786E282FD1012074E0E40100209F
:108320000000020860570020686F002068020020EB
:108330006C020020700200207402002078020020ED
:108340007C02002060670020F4030020F803002076
:108350009A99993FEC020020EE030020F0030020E0
:1083600000007A440000164400000442417072206C
:108370003239203230323600AFF210008078622875
:1083800001D102203FE0AFF21C008078722808D1B2
:10839000AFF2280000784D2801D1032033E00420FB
:1083A00031E0AFF238008078792801D105202AE049
:1083B000AFF2480080786E2801D1062023E0AFF2AA
:1083C000540080786C2801D107201CE0AFF26400D3
:1083D0008078672801D1082015E0AFF2700080781E
:1083E000702801D109200EE0AFF280008078742857
:1083F00001D10A2007E0AFF28C008078762801D105
:108400000B2000E00C2039490968A1F85E00AFF2AA
:10841000A40041793039AFF2AC000079202801D1B5
:10842000002003E0AFF2BC000079303800EB8000A0
:1084300001EB40002D490968A1F860002CA04178AB
:1084400030392BA00078202801D1002002E028A09C
:108450000078303800EB800001EB400023490968C8
:10846000A1F8620022A00179303921A0C07820282B
:1084700001D1002002E01EA0C078303800EB80005F
:1084800001EB400019490968A1F8640018A0C179FE
:10849000303917A08079202801D1002002E014A0F3
:1084A0008079303800EB800001EB40000F4909680B
:1084B000A1F8660000200D490968C8810B490968C8
:1084C00008820E490968C8620C49096808634BF6BE
:1084D00080300A49096888624FF4E16007490968F9
:1084E0008886002006490968087010BD7C020020BB
:1084F00031353A35353A303400000000780200203A
:10850000680200200848094908600948486009488D
:10851000886009484861094808610948C8600948F5
:10852000C8610948886170474CE60508CC84002082
:108530008CE70508CCE80508CCED05084CF00508EB
:108540004CEB05088CF105080CEA05082DE9F04113
:1085500005460C460026606800B100BF134800F0D5
:1085600049F80746124800F045F80743114800F063
:1085700041F80743AFB9606860B1D4E9000108432E
:10858000A1680843E168084369680B4A1140084341
:10859000686007E068680849084021680843686027
:1085A00000E001263046BDE8F081000000200140D7
:1085B0000021014000220140E010FCFF70B504469C
:1085C0000D460026204600F015F870B9A968286805
:1085D00008436168064A114008436060A06820F4BF
:1085E000006069680843A06000E00126304670BD65
:1085F000FFFEFFFC0146886800F0010070470000A4
:1086000070B504460D460026686800B100BF2046DC
:10861000FFF7F0FF00BB686830B1606820F4684085
:10862000A9680843606003E0606820F46840606007
:10863000286800F07060E968084329690843A16868
:10864000074A11400843A0606868E16A21F470019C
:108650000143E16200BF00E00126304670BD00002A
:10866000FDFCFFC04FF4407C9CFAACFC01F440736D
:10867000BCFA8CFC23FA0CF300EB8300C36A01F014
:108680001F014FF01F0C0CFA01FC02F01F0223EA3D
:108690000C0302FA01F11943C162704730B44FF084
:1086A000007C9CFAACFC01F00073BCFA8CFC23FA51
:1086B0000CF300EB8300D0F80CC04FF0F87393FA82
:1086C000A3F401F0F871B4FA84F421FA04F4072554
:1086D00005FA04F493FAA3F3B3FA83F3D9402CEA2E
:1086E000040C02FA01F14CEA0101C16030BC704790
:1086F000024909680143014A11607047203802406D
:10870000024909688143014A1160704720380240DC
:10871000024909680143014A116070472438024048
:10872000024909688143014A1160704724380240B8
:1087300030B500F10804C1F3034504EB85031C6860
:108740006FF30B0414431C6030BD10B5026801F0D8
:1087500010040123A3401A43026010BDF0B5034684
:108760000024506800B100BF08461D6800F01007E3
:108770000126BE40354000F010070126BE40B5423C
:1087800001D1012500E0002525BB506898B118688B
:1087900001F0100640F6FA75B540A843D2E900563C
:1087A000354396683543D668354301F01006B54029
:1087B000284318600FE0186801F01006FA25B5404C
:1087C000A843D6681568354301F01006B540284324
:1087D000186000E001242046F0BD00000149086057
:1087E00070470000143C0140F0B502460B460024DF
:1087F0000021186890FAA0F0B0FA80F48AE0012510
:10880000A540186800EA050100297DD058680128B4
:1088100002D0586802281CD19868956891FAA1F690
:10882000B6FA86F677000326BE40B54391FAA1F664
:10883000B6FA86F6760000FA06F63543956000BF74
:10884000D86855688D4301FB00F63543556000BF7D
:1088500000BF1869D56891FAA1F6B6FA86F67700D6
:108860000326BE40B54391FAA1F6B6FA86F6760025
:1088700000FA06F63543D56000BF5868022831D1AA
:1088800091FAA1F0B0FA80F0082814D25869156A5C
:1088900091FAA1F6B6FA86F6B7000F26BE40B543A8
:1088A00091FAA1F6B6FA86F6B60000FA06F6354356
:1088B000156200BF16E05869556A0E0A96FAA6F6C8
:1088C000B6FA86F6B7000F26BE40B5430E0A96FAF2
:1088D000A6F6B6FA86F6B60000FA06F635435562F5
:1088E00000BF00BF5868156891FAA1F6B6FA86F67F
:1088F00077000326BE40B54391FAA1F6B6FA86F694
:10890000760000FA06F600E003E03543156000BF8C
:1089100000BF641C1868E04000287FF470AFF0BD11
:10892000024610690840884201D1012070470020AA
:10893000FCE7024610690840884201D101207047D7
:108940000020FCE70A04826170470A0482617047D4
:108950000A04826170478161704710B5044605F0D2
:10896000D5FA2060206805F09DFA6060606805F027
:10897000A9FAA060606805F0B7FAE06010BD0000D9
:1089800002480068C0F388107047000004380240B5
:10899000816821F4807181607047816841F4807141
:1089A0008160704710B500F1500303EB81031A603A
:1089B00010BD0000F0B5059C04F0F006360404F08C
:1089C0000F0746EA074646EA413603F0F0073F0242
:1089D00003F00F0C47EA0C273E4302F0F00702F0C9
:1089E0000F0C47EA0C0746EA07054668024F3E406F
:1089F0002E434660F0BD0000C00000FF01464868FD
:108A0000C0F30420704701464868C0F30740704730
:108A10002DE9F84F06460D46144601274DB96078FA
:108A200000F01000102804D1607800F0EF000A3048
:108A3000607005B900E000BF304600F05DF83046D8
:108A400000F06AF8012848D045B1E07800906378DA
:108A5000A27821783046FFF7ADFF31E0E0780A21B7
:108A6000B0FBF1F201FB1200E1780A22B1FBF2F156
:108A700040EA011000F0FF0860781146B0FBF1F207
:108A800001FB120061780A22B1FBF2F140EA011009
:108A900000F0FF09A0781146B0FBF1F201FB1200D3
:108AA000A1780A22B1FBF2F140EA011000F0FF0ABE
:108AB000CDF8008021784B4652463046FFF77AFFCA
:108AC000304600F010F8304600F088F820B9304603
:108AD00000F026F9074600E00027304600F019F8BC
:108AE0003846BDE8F88F6FF08001C1607047CA2139
:108AF0004162532141627047CA2141625321416260
:108B00007047816841F4805181607047FF21416264
:108B10007047FF2141627047F8B504464FF47A7000
:108B2000009000250026204600F04EF8D0B900BF86
:108B3000681EE06000BF204600F046F806460DE0E3
:108B400000F058F9012802D10098401E00902046FC
:108B500000F03AF80646009800B90125009808B1DF
:108B6000012EEDD12846F8BD0146886800F040008E
:108B7000704770B504460D4601262046FFF7BCFF3E
:108B80002046FFF7C9FF012819D02868A16821F005
:108B900040010143A16000BFA86821696FF30E0185
:108BA0000143216100BF6868216921F4FE0141EAA7
:108BB0000041216100BF2046FFF795FF00262046B7
:108BC000FFF7A7FF304670BD0146C868C0F38010AC
:108BD00070470146C868C0F3401070470146886876
:108BE000C0F3401070470000F0B5059C02F0F0069D
:108BF000360402F00F0746EA07460E4303F0F0077B
:108C00003F0203F00F0C47EA0C273E4304F0F00745
:108C100004F00F0C47EA0C0746EA07050668024F06
:108C20003E402E430660F0BD808080FF014608680C
:108C3000C0F30540704701460868C0F3062070473E
:108C40002DE9F84F06460D461446012745B9304632
:108C5000FFF78AFF00B102E00020206000BF08E0BB
:108C60003046FFF781FF00B102E00020206000BF26
:108C700000BF3046FFF740FF3046FFF74DFF0128A9
:108C800048D045B1A07900906379227930462168B7
:108C9000FFF7AAFF31E0A0790A21B0FBF1F201FB56
:108CA0001200A1790A22B1FBF2F140EA011000F0B2
:108CB000FF0860791146B0FBF1F201FB1200617907
:108CC0000A22B1FBF2F140EA011000F0FF0920791D
:108CD0001146B0FBF1F201FB120021790A22B1FB2F
:108CE000F2F140EA011000F0FF0ACDF800804B4697
:108CF000524630462168FFF777FF3046FFF7F3FE14
:108D00003046FFF76BFF20B9304600F009F8074600
:108D100000E000273046FFF7FCFE3846BDE8F88F3C
:108D2000F8B504464FF47A7000900025002600BF85
:108D3000E06800F0800060F0A000E06000BF204626
:108D4000FFF747FF06460DE000F054F8012802D176
:108D50000098401E00902046FFF73BFF0646009813
:108D600000B90125009808B1012EEDD12846F8BDC3
:108D700030B50246012300BF1068C0F3801038BB35
:108D8000D1E9000420438C682043CC6820430C695F
:108D900020434C6920438C692043CC6920430C6AF2
:108DA000204314684FF6BF75AC43204310605068F1
:108DB00020F004004C6940EA14405060086AB0F5A5
:108DC000005F04D1486A84B2146100BF00BF002371
:108DD000D06920F40060D061184630BD0146886833
:108DE00000F00100704701468868C0F340007047FA
:108DF000017370474FF0E0200069C0F300407047F6
:108E000001490860704700005C040020026A0A43C0
:108E1000026270476FF0010101617047016821F043
:108E2000010101607047016841F001010160704774
:108E3000016841F0010101607047C16841F0010122
:108E4000C160704710B5024613682C4882420ED0AC
:108E5000B2F1804F0BD02A48824208D02948824282
:108E600005D02948824202D02848824204D123F00A
:108E700070004C6840EA04032048824220D0B2F1DE
:108E8000804F1DD01E4882421AD01E48824217D001
:108E90001D48824214D01D48824211D01C48824293
:108EA0000ED01C4882420BD01B48824208D01B487F
:108EB000824205D01A48824202D01A48824204D126
:108EC00023F44070CC6840EA040313608868D062E1
:108ED00000BF0888906200BF0848824202D00B4859
:108EE000824203D10869106300BF00BF00BF506910
:108EF00040F00100506100BF002010BD00000140A3
:108F00000004004000080040000C00400004014044
:108F1000004001400044014000480140001800406A
:108F2000001C00400020004001291AD004291AD05A
:108F300010291AD040291AD0B1F5807F19D0B1F587
:108F4000806F18D006210D4A1830525C1044026818
:108F50000B4B595C042303FA01F122EA0101016081
:108F600070470021EFE70121EDE70221EBE7032144
:108F7000E9E70421E7E70521E5E70000F8F4050843
:108F8000FFF40508012919D0042919D0102919D096
:108F9000402919D0B1F5807F18D0B1F5806F17D076
:108FA00006210C4A1830525C104402680A4B595C86
:108FB000082303FA01F11143016070470021F0E733
:108FC0000121EEE70221ECE70321EAE70421E8E7CB
:108FD0000521E6E7F8F40508FFF405082DE9F0415E
:108FE00006460C4615460127012C08D0102C0CD043
:108FF000B4F5807F0FD0B4F5805F18D111E0294619
:10900000304601F0B1FC074612E02946304601F037
:10901000EBFC07460CE02946304601F02BFD0746E5
:1090200006E02946304601F065FD074600E000BF36
:1090300000BF3846BDE8F0814163704781637047E7
:10904000C163704741627047016921F49041016139
:10905000416921F02A0141617047000070B5044662
:1090600000252348844206D11020FFF751FB102031
:10907000FFF756FB3AE01F48844208D14FF4003016
:10908000FFF736FB4FF40030FFF73AFB2EE01A48AB
:10909000844208D14FF48020FFF72AFB4FF4802050
:1090A000FFF72EFB22E01548844206D12020FFF76F
:1090B0002FFB2020FFF734FB18E01148844208D131
:1090C0004FF40020FFF714FB4FF40020FFF718FBCC
:1090D0000CE00C48844208D14FF48010FFF708FBE5
:1090E0004FF48010FFF70CFB00E00125284670BD0F
:1090F00000100140004400400048004000140140BE
:10910000004C00400050004000BF00BF00F11402BE
:1091100052E8002F22F0400100F1140242E800134F
:10912000002BF3D100BF704700BF00BF00F1140255
:1091300052E8002F22F0800100F1140242E80013EF
:10914000002BF3D100BF704700BF00BF00F10C023D
:1091500052E8002F22F0100100F10C0242E8001347
:10916000002BF3D100BF704700BF00BF00F10C021D
:1091700052E8002F22F0200100F10C0242E8001317
:10918000002BF3D100BF704700BF00BF00F10C02FD
:1091900052E8002F22F0400100F10C0242E80013D7
:1091A000002BF3D100BF704700BF00BF00F10C02DD
:1091B00052E8002F22F0800100F10C0242E8001377
:1091C000002BF3D100BF7047C16841F40051C1606A
:1091D000704700BF00BF00F10C0252E8002F42F0C0
:1091E000200100F10C0242E80013002BF3D100BF74
:1091F000704700BF00BF00F10C0252E8002F42F0A0
:10920000800100F10C0242E80013002BF3D100BFF3
:10921000704700002DE9FF4104460D460127002656
:10922000204600F05EF8002845D1E96868680843E8
:1092300029690843A9690843E16849F20C6291432E
:109240000843E060A868216921F44051014321618D
:1092500000BF6869616921F440710143616100BF29
:109260006846FFF77AFB1648844201D1039E17E057
:109270001448844201D1029E12E01348844201D175
:10928000029E0DE01148844201D1039E08E010487F
:10929000844201D1029E03E00E48844200D1029E26
:1092A0004EB1286838B10027314620462B68AA699C
:1092B00000F01CF800BF384604B0BDE8F0810000A3
:1092C00000100140004400400048004000140140EC
:1092D000004C00400050004001460868C0F3801078
:1092E00070470146C868C0F3403070472DE9FC5F05
:1092F00006460C4691461D46B9F5004F68D102203E
:10930000A0FB057003461920A4FB00A001463A46C5
:109310005046F7F72DF86421B0FBF1F04FEA001A40
:109320000220A0FB05710B461920A4FB00B13A46B0
:109330005846F7F71DF883460220A0FB0570034648
:109340001920A4FB00013A46CDE90001F7F710F817
:109350006421B0FBF1F000EBC00101EB0010ABEBBE
:109360008000322101EBC0006421B0FBF1F000F07D
:10937000F8000AEB400A0220A0FB05700346192002
:10938000A4FB00B13A465846F6F7F2FF83460220A6
:10939000A0FB057003461920A4FB00013A46CDE965
:1093A0000001F6F7E5FF6421B0FBF1F000EBC0012E
:1093B00001EB0010ABEB8000322101EBC000642117
:1093C000B0FBF1F000F00700504480B2B06067E0FD
:1093D0000420A0FB057003461920A4FB00A0014651
:1093E0003A465046F6F7C4FF82460420A0FB0571BA
:1093F0001920A4FB00B084463A460B465846614605
:10940000F6F7B6FF6421B0FBF1F000EBC00101EB11
:109410000010AAEB8000322101EB00106421B0FBA8
:10942000F1F000F0F00A0420A0FB057003461920BB
:10943000A4FB00B001463A465846F6F799FF64216E
:10944000B0FBF1F00AEB001A0420A0FB0570034604
:109450001920A4FB00B13A465846F6F789FF834627
:109460000420A0FB057003461920A4FB00013A4626
:10947000CDE90001F6F77CFF6421B0FBF1F000EBD1
:10948000C00101EB0010ABEB8000322101EB0010BA
:109490006421B0FBF1F000F00F00504480B2B060E6
:1094A000BDE8FC9F70B594B00024119412941394FD
:1094B0000C940D940E940F941094089409940A94AB
:1094C0000B9404940594069407947348016841F43E
:1094D00080710160006800F4807001906F4801683D
:1094E00041F001010160016801F001010191016891
:1094F00041F002010160006800F002000190832049
:1095000002900325039502A96548FFF76DF902262D
:1095100002960395069402A96248FFF765F962492D
:10952000624802788A58037822F06062CA50027852
:109530008A58037822F0C002CA5002788A58037809
:1095400022F44032CA5002788A58037822F490728A
:1095500042F48072CA5002788A58037822F400726A
:10956000CA5002788A58037842F48062CA5002785E
:109570008A58037822F4C05242F40062CA5002783A
:109580008A58037822F4C04242F40052CA5002784A
:1095900047495258007822F0040242501194129424
:1095A00088151390434D11A92846FFF707F80C942E
:1095B0004FF4A0000D900E940F964FF44070109051
:1095C0000CA92846FFF71CF8A86820F48060A86062
:1095D0004FF4403008900994374C08A92046FEF714
:1095E000B5FF320611142846FFF73CF80722310672
:1095F0002846FFF753F8314E40F2052132462846FF
:10960000FFF730F8072231462846FFF747F82C4E7F
:1096100040F20A2132462846FFF724F80722314655
:109620002846FFF73BF8274E40F20F2132462846E6
:10963000FFF718F8072231462846FFF72FF8224E89
:109640004FF4057132462846FFF70CF807223146E1
:109650002846FFF723F8606820F4400040F400003B
:1096600060601A4E40F2192132462846FEF7FAFF92
:10967000072231462846FFF711F8606820F44000C1
:1096800040F480006060D5F8040340F44000C5F861
:10969000040314B070BD000044380240303802406A
:1096A000000002400004024000640240F0F405089B
:1096B00014640240002001400023014001003002F8
:1096C000070050030900B0031000208112008081C0
:1096D00010B58CB00024089409940A940B94049457
:1096E0000594069407941648016841F00051016002
:1096F000006800F0005001901248016841F001013B
:109700000160006800F00100019030200290032009
:10971000039002A90C48FFF767F8382008900994D5
:1097200002200B900A4C08AA08492046FFF716F8B9
:1097300008AA08492046FFF711F80CB010BD000038
:109740004038024030380240000002400100100260
:10975000007400401200431538B52D48016841F4EB
:1097600080010160016801F480010091016841F409
:1097700000110160006800F400100090254C206882
:10978000C0F302200022052101F0D2F82249000195
:109790000870224D4FF4805028602068C0F30220EA
:1097A0000022052101F0C4F81D49000181F80004E0
:1097B0004FF4804028602068C0F302200022052179
:1097C00001F0B6F81749000181F800042D1D4FF093
:1097D000807028602068C0F302200022052101F07B
:1097E000A7F81149000181F800044FF000702860CB
:1097F0002068C0F302200022052101F099F80B49EE
:10980000000181F800040A492020C1F8000138BD98
:10981000303802400CED00E00CE400E000E100E034
:109820000EE000E038E000E039E000E045E000E074
:1098300008E000E010B5454810F049F9444C2063B9
:10984000444810F044F96063434810F040F9A063C5
:109850000121424A084610F0F1F9E063404A002134
:10986000012010F0EBF920643E4A0021012010F0A5
:10987000E5F9606401213C4A084610F0DFF9A06474
:1098800001213A4A084610F0D9F9E0640121384A2A
:10989000084610F0D3F92065364A0021012010F067
:1098A000CDF960650022344B1146344810F094FB2A
:1098B00060620022324B1146324810F08DFBA062EC
:1098C000314B00220121314810F086FBE06200227A
:1098D0002F4B11462F4810F07FFBA0652E4A002128
:1098E0002E4810F01CFB60602D4A00212D4810F01E
:1098F00016FBA0602C4A00212C4810F010FBE06001
:109900002B4A00212B4810F00AFB20612A4A002133
:109910002A4810F004FB6061294A0021294810F010
:10992000FEFAA061284A0021284810F0F8FAE06108
:10993000274A0021274810F0F2FA2060264A002129
:10994000264810F0ECFA206210BD000040F4050833
:10995000FC03002050F4050860F4050870F40508C5
:1099600080F4050890F40508A0F40508B0F4050893
:10997000C0F40508D0F4050810F405087DDD0408DE
:1099800020F40508257C040830F40508BDFF040810
:10999000E0F40508754C0508F0F20508B553050814
:1099A00014F305085960050838F30508F9D10408CF
:1099B0005CF305086D6A050880F30508A5680508CD
:1099C000A4F3050885690508C8F30508DD580508EE
:1099D000CCF2050881010508ECF30508D95004080C
:1099E0002DE9F04788B00024049406940794604859
:1099F000016841F010010160016801F0100101915E
:109A0000016841F004010160016801F00401019165
:109A1000016841F080010160016801F0800101915D
:109A2000016841F001010160016801F0010101914B
:109A3000016841F002010160016801F00201019139
:109A4000016841F008010160006800F00800019021
:109A50003F21484EB16141F6FC01474FB9614FF4D7
:109A60007E71DFF81881C8F818100807B0614FF050
:109A7000E050C8F818004248B861DFF808910002C9
:109A8000C9F81800DFF800A14FF08070CAF818007C
:109A90003720029001250395059502A93046FEF76F
:109AA000A3FE48F2080002900395049405940694DE
:109AB00002A93046FEF798FE4020029003940694D7
:109AC00002A93046FEF790FE6803029003940694C4
:109AD00002A94846FEF788FEA80302900394069563
:109AE00002A93046FEF780FE4FF4E0500290039545
:109AF00004940594069402A94046FEF775FE4CF2C4
:109B00001F400290039504940594069402A93846D8
:109B1000FEF76AFE4FF4C750029003950494059532
:109B2000069402A93846FEF75FFE4FF4407002909B
:109B3000039504940594069402A94846FEF754FE42
:109B400028020290039504940594069402A95046B5
:109B5000FEF74AFE4FF47E7002900395049405953B
:109B6000069402A94046FEF73FFE08B0BDE8F08724
:109B70003038024000100240000C02400004024055
:109B8000000003C400080240000002400C494CF6EB
:109B9000CC40086045F2555008600620486040F609
:109BA000FF708860C86810F0030F06D000200128FD
:109BB000F8D14AF6AA20086070470120F7E70000B4
:109BC000003000402DE9F04188B00025049505954E
:109BD00006950295039501956348016801F440716B
:109BE000B1F5807F47D000234FF08051DFF87CC172
:109BF000DCF80020914314D0002101290BD0DCF8BF
:109C0000001041F08051CCF80010DCF8001001F099
:109C100080510091012356490A68C2F3002212B113
:109C20000AE00121E9E70A6842F480720A600A68E2
:109C3000C2F30022002AFAD0016841F480310160A9
:109C4000016821F480310160016841F00101016087
:109C50000168C1F340010029FAD0016821F4407184
:109C600041F480710160012B05D1DCF8001021F076
:109C70008051CCF80010016841F400410160049566
:109C80007F200590FF2706973A4C04A92046FEF74F
:109C900070FF206940F4FE00206120696FF30E0020
:109CA00040F0FF002061DFF8D080D8F800000126E6
:109CB000A0F54851F2391BD08DF80C508DF80D509D
:109CC0008DF80E5002AA01212046FEF7B9FF8DF84B
:109CD00004608DF805608DF806608DF8075001AAC4
:109CE00001212046FEF794FE43F2F221C8F800104D
:109CF000CA20606253206062A06820F48070A06077
:109D0000E0691E49084040F4985040F48000E0614A
:109D10001B48E16901F07F310843E061A06840F42D
:109D20008070A060A06840F48050A0606762154811
:109D3000016841F480410160006800F480400090B7
:109D40001148016841F4003101601048016841F494
:109D5000003101600E4805700E494FF40070C1F8E3
:109D6000000108B0BDE8F081703802404038024080
:109D7000007000400028004050280040808080FF94
:109D80008000808044380240003C0140083C014093
:109D900029E400E004E000E010B592B0002408944B
:109DA00009940A940B940C940D940E940F941094AF
:109DB0001194059406941D48016841F480410160A6
:109DC000006800F4804001901948016841F00201E8
:109DD0000160006800F0020001904FF460400290C2
:109DE00002200390032004900520079002A9114847
:109DF000FEF7FAFC08944FF4827009900A940B94D1
:109E000001200C9040020D9010200E900F941094A1
:109E10000A201190084C08A92046FEF7A9FF6168A6
:109E200021F01001616012B010BD00004038024006
:109E300030380240000402400038004030B593B092
:109E40000024089409940A940B940C940D940E9495
:109E50000F9410941194059406941D48016841F4E0
:109E600000410160006800F4004001901948016859
:109E700041F004010160006800F0040001904FF41B
:109E8000E0500290022503950320049006200790DD
:109E900002A91148FEF7A8FC08944FF482700990BB
:109EA0000A940B9501200C9040020D9018200E9002
:109EB0000F9410940A201190084C08A92046FEF730
:109EC00057FF616821F01001616013B030BD0000E0
:109ED000403802403038024000080240003C004058
:109EE00010B586B000200190029003900490059078
:109EF0001B48016841F480210160006800F4802063
:109F0000009018480068C0F30220C0F1070104293E
:109F100000D90421021D072A01D2002000E0C01E42
:109F2000012202FA01F1491E01F0050101FA00F0D7
:109F30000D49000108704FF0E0219006C1F80001C2
:109F4000A720ADF8040032200390084C01A9204658
:109F5000FEF778FF216821F08001216006B010BD76
:109F6000443802400CED00E01AE400E000480140F3
:109F700070B596B00024109411941394149408941E
:109F800009940A940B940C940D940E940F940294DB
:109F9000039404940594069407942748016841F0BB
:109FA00001010160006800F00100019040F65F10BF
:109FB000ADF840004EF66020129010A94FF080409E
:109FC000FEF740FF4FF08045286820F080002860B1
:109FD00001218807FEF7D6FF6020089009940A94B3
:109FE0000B9402260C96012108AA8807FEF7F6FFBB
:109FF00001218807FEF798FF686820F0700068600C
:10A00000A86820F08000A8600C48016841F00101B8
:10A010000160006800F001000190E81302900396CF
:10A020000494059406940120079002A90448FEF7C1
:10A03000DBFB16B070BD00004038024030380240F3
:10A040000000024030B595B0002410941194139490
:10A050001494089409940A940B940C940D940E94FF
:10A060000F9402940394049405940694079435483D
:10A07000016841F002010160006800F002000190F7
:10A08000ADF8404041F2707012902F4D10A9284653
:10A09000FEF7D8FE286820F08000286001212846BD
:10A0A000FEF770FF6020089009940A9440F6B830DB
:10A0B0000B900C9408AA01212846FEF78FFF01217E
:10A0C0002846FEF731FFA9152846FEF75BFF08AAD0
:10A0D000A9152846FEF782FFA9152846FEF724FF9A
:10A0E000686820F070006860A86820F08000A860B0
:10A0F0001648016841F001010160016801F00101A9
:10A100000191016841F002010160006800F0020065
:10A110000190402002900225039504940594069432
:10A12000079502A90A48FEF75FFB012002900395FC
:10A13000049405940694079502A90648FEF754FB7B
:10A1400015B030BD403802400004004030380240B5
:10A15000000002400004024030B595B00024109485
:10A16000119413941494089409940A940B940C94E5
:10A170000D940E940F940294039404940594069401
:10A1800007942748016841F004010160006800F06D
:10A19000040001904520ADF8400043F6982012904D
:10A1A000204D10A92846FEF74DFE286820F08000BB
:10A1B000286010212846FEF7E5FE602008900994EB
:10A1C0000A940B940C9408AA10212846FEF706FF67
:10A1D00010212846FEF7A8FE686820F0700068602D
:10A1E000A86820F08000A860286840F0010028607E
:10A1F0000D48016841F008010160006800F00800A6
:10A20000019068140290022003900494059406942F
:10A21000079002A90548FEF7E7FA15B030BD000027
:10A22000403802400008004030380240000C024034
:10A2300010B586B000200190029003900490059024
:10A240001F48016841F010010160006800F0100033
:10A2500000901C480068C0F30220C0F107010429E7
:10A2600000D90421021D072A01D2002000E0C01EEF
:10A27000012202FA01F1491E01F0050101FA00F084
:10A2800011490001087011499005C1F80001A8208A
:10A29000ADF804004FF47A7003900D4C01A92046EC
:10A2A000FEF7D0FD206820F080002060606820F07C
:10A2B00070006060A06820F08000A06006B010BD53
:10A2C000403802400CED00E036E400E004E000E03D
:10A2D0000010004010B586B000200190029003905D
:10A2E000049005901F490A6842F020020A6009683C
:10A2F00001F0200100911C490968C1F30221C1F15C
:10A300000702042A00D904220B1D072B01D20021C9
:10A3100000E0C91E012303FA02F2521E02F00502F8
:10A3200002FA01F1114A090111701149DA05C1F867
:10A330000021ADF804004FF6FF7003900D4C01A909
:10A340002046FEF77FFD206820F0800020606068D6
:10A3500020F070006060A06820F08000A06006B06F
:10A3600010BD0000403802400CED00E037E400E092
:10A3700004E000E00014004010B590B00024089400
:10A3800009940A940B940C940D940E9405940694DD
:10A390002C48016841F010010160006800F01000D5
:10A3A00001902948016841F001010160006800F056
:10A3B000010001904FF4C06002900220039003203E
:10A3C00004900720079002A92048FEF70DFA2048C4
:10A3D0000068C0F30220C0F10701042900D904215C
:10A3E000021D072A01D2002000E0C01E012202FA4D
:10A3F00001F1491E01F0050101FA00F015490001C3
:10A40000087015492020C1F800014FF4E130089090
:10A4100009940A940B940C200C900D940E940F4CFC
:10A4200008A92046FEF7F6FE206920F4904020613E
:10A43000606920F02A006061E06840F40050E0604C
:10A4400010B010BD443802403038024000000240D5
:10A450000CED00E025E400E004E000E00010014025
:10A4600010B590B00024089409940A940B940C94AD
:10A470000D940E94059406947048016841F480216F
:10A480000160006800F4802001906D48016841F08F
:10A4900008010160006800F0080001904FF440706E
:10A4A000029002200390032004900720079002A945
:10A4B0006448FEF799F96449644842788A584378B9
:10A4C00022F0606242F00062CA5042788A584378B3
:10A4D00022F0C002CA5042788A58437822F44032AF
:10A4E000CA5042788A58437822F49072CA5042780F
:10A4F0008A58437822F40072CA5042788A584378C6
:10A5000042F48062CA5042788A58437822F4C0529A
:10A51000CA5042788A58437822F4C042CA504378DD
:10A520004B4A9B5890F801C023F004034CF80230CA
:10A53000C378CB5890F803C023F0606343F0006306
:10A5400041F80C30C378CB5890F803C023F0C00317
:10A5500043F0400341F80C30C378CB5890F803C067
:10A5600023F4403341F80C30C378CB5890F803C043
:10A5700023F4907341F80C30C378CB5890F803C0A3
:10A5800023F4007341F80C30C378CB5890F803C023
:10A5900043F4806341F80C30C378CB5890F803C083
:10A5A00023F4C05341F80C30C378CB5890F803C063
:10A5B00023F4C04341F80C30C1788958C07821F0A9
:10A5C0000401815023480068C0F30220C0F1070154
:10A5D000042900D90421021D072A01D2002000E02D
:10A5E000C01E012202FA01F1491E01F0050101FA23
:10A5F00000F019490001087018498020C1F80001D5
:10A600004FF4E130089009940A940B940C200C90BC
:10A610000D940E94124C08A92046FEF7FBFD20690C
:10A6200020F490402061606920F02A006061E068B9
:10A6300040F40050E06010B010BD0000403802400F
:10A6400030380240000C02400060024006F5050868
:10A65000146002400CED00E027E400E004E000E0BC
:10A660000048004010B590B00024089409940A9462
:10A670000B940C940D940E94059406946F48016805
:10A6800041F020010160006800F0200001906C485A
:10A69000016841F004010160006800F004000190CD
:10A6A000C02002900220039003200490082007900D
:10A6B00002A96448FEF798F86349644842788A58CA
:10A6C000437822F0606242F02062CA5042788A5891
:10A6D000437822F0C002CA5042788A58437822F464
:10A6E0004032CA5042788A58437822F49072CA5055
:10A6F00042788A58437822F40072CA5042788A58C5
:10A70000437842F48062CA5042788A58437822F4EF
:10A71000C052CA5042788A58437822F4C042CA5084
:10A7200043784B4A9B5890F801C023F004034CF83F
:10A7300002308379CB5890F806C023F0606343F071
:10A74000206341F80C308379CB5890F806C023F091
:10A75000C00343F0400341F80C308379CB5890F8A4
:10A7600006C023F4403341F80C308379CB5890F87D
:10A7700006C023F4907341F80C308379CB5890F8DD
:10A7800006C023F4007341F80C308379CB5890F85D
:10A7900006C043F4806341F80C308379CB5890F8BD
:10A7A00006C023F4C05341F80C308379CB5890F89D
:10A7B00006C023F4C04341F80C3081798958807970
:10A7C00021F00401815023480068C0F30220C0F149
:10A7D0000701042900D90421021D072A01D2002003
:10A7E00000E0C01E012202FA01F1491E01F005013C
:10A7F00001FA00F018490001087018498020C1F8DA
:10A8000000014FF4E130089009940A940B940C2055
:10A810000C900D940E94124C08A92046FEF7FAFCF9
:10A82000206920F490402061606920F02A00606176
:10A83000E06840F40050E06010B010BD44380240C1
:10A8400030380240000802400064024006F5050866
:10A85000146402400CED00E047E400E008E000E092
:10A860000014014020480068C08801281DD11F48FD
:10A870000068B0F8D8001D490968A1F80601002059
:10A880001A490968A1F8180118490968A1F81E01B8
:10A890009FED170A1548006880ED480A9FED140ADD
:10A8A0001248006880ED430A1CE000200F49096847
:10A8B000A1F806010D490968A1F8D8000B490968FB
:10A8C000A1F8180109490968A1F81E019FED080ABD
:10A8D0000648006880ED480A9FED050A03480068B5
:10A8E00080ED430A704700007C02002078020020BF
:10A8F0000000000010B504466FF0020010BD0346D2
:10A900000020704710B50446002010BDFEE701B5D9
:10A910006B46022204210120FFF7F4FF08BD01B5B8
:10A920006B46022211460120FFF7ECFF08BDFEE74F
:10A9300000F00700C0F10703042B00D9042300F145
:10A94000040CBCF1070F01D2002000E0C01E4FF044
:10A95000010C0CFA03F35B1E194081400CFA00F065
:10A96000401E10400843704770B50246106A20F040
:10A9700001001062136A5568946924F0030424F0FE
:10A9800070000E6840EA060423F002000E6940EAF7
:10A99000060323F001004E6840EA06031048824295
:10A9A00002D01048824213D123F008004E6940EAD9
:10A9B000860323F004008E6840EA860325F4807045
:10A9C0008E6940EA060525F40070CE6940EA460526
:10A9D00055609461C868506300BF1362002070BD69
:10A9E00000000140000401402DE9F04104460D46FD
:10A9F000206A20F010002062266AD4F80480A7693B
:10AA000027F4407727F4E040296840EA012726F040
:10AA10002000296940EA011626F01000696840EA22
:10AA200001161248844202D01148844213D126F004
:10AA30008000696940EA811626F04000A96840EA72
:10AA4000811628F48060A96940EA810828F4006032
:10AA5000E96940EAC108C4F80480A7612046E968B2
:10AA6000FEF7ECFA26620020BDE8F081000001400C
:10AA70000004014070B50246106A20F48070106234
:10AA8000136A5568D46924F0030424F070000E683A
:10AA900040EA060423F400700E6940EA062323F41A
:10AAA00080704E6840EA06231048824202D0104867
:10AAB000824213D123F400604E6940EA862323F4D6
:10AAC00080608E6840EA862325F480508E6940EAD3
:10AAD000061525F40050CE6940EA46155560D4614C
:10AAE000C868D06300BF1362002070BD0000014041
:10AAF0000004014070B50246106A20F480501062D4
:10AB0000146A5568D36923F4407323F4E0400E6857
:10AB100040EA062324F400500E6940EA063424F487
:10AB200080504E6840EA06340948824202D0094803
:10AB3000824204D125F480408E6940EA8615556032
:10AB4000D361C868106400BF1462002070BD0000AB
:10AB5000000001400004014010B50246002003E05F
:10AB600012F8014B2318D8B20B00A1F10104A1B2D5
:10AB7000F6D1C0B210BD000000B50A480068B0F8B8
:10AB8000500000EE100AB8EE400AF2EE040A80EE21
:10AB9000201A054880ED001A90ED000A0AF0EEF840
:10ABA00000BD000078020020EC02002010B54FF03C
:10ABB000FF3029490968086020212848FDF7C5FEB3
:10ABC00010212648FDF7C1FE08212448FDF7BDFEEF
:10ABD00004212248FDF7B9FE02212048FDF7B5FE09
:10ABE00001211E48FDF7B1FE4FF400711C48FDF72E
:10ABF000ACFE4FF480711A48FDF7A7FE802118487B
:10AC0000FDF7A3FE40211648FDF79FFE20211448C2
:10AC1000FDF79BFE10211248FDF797FE0821104812
:10AC2000FDF793FE80210F48FDF78FFE40210D4870
:10AC3000FDF78BFE20210B48FDF787FE1021094808
:10AC4000FDF783FE08210748FDF77FFE0421054834
:10AC5000FDF77BFE10BD00006C02002000100240DA
:10AC600000040240000C024010B50C480068B0F827
:10AC70004000132805DC09480068B0F840000128AE
:10AC800004DA102005490968A1F840000349096861
:10AC900091F8400000F088F810BD00007802002014
:10ACA00070B506460C4621463046FAF7A3FD054628
:10ACB00008480068A0F87040642C03D1FFF776FFC5
:10ACC000012070BD0DB90020FBE7284600F028F9EF
:10ACD0000120F6E77802002010B52DED028B1F4809
:10ACE0000068B0F8520000EE100AB8EE400AF2EE2A
:10ACF000040A80EE201AB0EE418A9FED190AB4EEE4
:10AD0000C08AF1EE10FA03DD9FED150AB0EE408A1D
:10AD1000144890ED000A0AF09DF810480068B0F859
:10AD2000540000EE100AB8EE400AF2EE040A80EE7B
:10AD3000201AB0EE418A9FED0A0AB4EEC08AF1EE05
:10AD400010FA03DD9FED060AB0EE408A064890ED4A
:10AD5000000A0AF0CBF8BDEC028B10BD780200208F
:10AD600000000442F4030020F80300200020704794
:10AD700010B50C480068B0F84200132805DC0948FB
:10AD80000068B0F84200012804DA12200549096879
:10AD9000A1F842000349096891F8420000F004F864
:10ADA00010BD00007802002010B504462E2C6FD292
:10ADB000DFE804F09C171C21262B30353B41464B25
:10ADC00050555A5F64696F749C9C9C9C9C797D81F2
:10ADD00085898D91959C9C9C9C9C9C9C9C9C9C9CFE
:10ADE0009C9920214348FDF7B0FD80E010214148A7
:10ADF000FDF7ABFD7BE008213E48FDF7A6FD76E0C0
:10AE000004213C48FDF7A1FD71E002213948FDF71E
:10AE10009CFD6CE001213748FDF797FD67E04FF49A
:10AE200000713548FDF791FD61E04FF480713248C3
:10AE3000FDF78BFD5BE080212F48FDF786FD56E096
:10AE400040212D48FDF781FD51E020212A48FDF7E2
:10AE50007CFD4CE010212848FDF777FD47E00821F4
:10AE60002548FDF772FD42E080212448FDF76DFD85
:10AE70003DE040212148FDF768FD38E020211F48D2
:10AE8000FDF763FD33E010211C48FDF75EFD2EE069
:10AE90002CE008211948FDF758FD28E00421174847
:10AEA000FDF753FD23E00120154908701FE0012044
:10AEB000144908701BE001201349087017E00120B5
:10AEC0001249087013E00120114908700FE00120B9
:10AED000104908700BE001200F49087007E00120BD
:10AEE0000E49087003E0FFF747FE00E000BF00BF17
:10AEF00010BD00000010024000040240000C02409F
:10AF0000D0020020D1020020D2020020D302002073
:10AF1000D4020020D5020020D6020020D702002053
:10AF200070B5044601250A480068006820430849B6
:10AF30000968086008E004F0010010B1E8B2FFF70A
:10AF400033FF6408681C85B2202DF4DD70BD00005D
:10AF50006C02002010B52DED088B0446B0EE408A3F
:10AF600084ED048A94ED050AD4ED040A30EE600AFB
:10AF700084ED060A94ED030A10EE101A084613F049
:10AF800077F941EC190B94ED060A10EE101A0846F9
:10AF900013F06EF941EC1B0BB0EE4B0AF0EE6B0AAE
:10AFA0000CF045FDB0EE40AAF0EE60AA53EC192B70
:10AFB00051EC1A0B13F030F87ED294ED060AD4ED62
:10AFC000000A20EE200A84ED090A606B12F0D6FE1A
:10AFD00041EC190B94ED090A10EE101A084613F013
:10AFE00047F941EC1B0BB0EE4B0AF0EE6B0A0CF08C
:10AFF0001EFDB0EE40AAF0EE60AA53EC192B51EC06
:10B000001A0B13F009F806D294ED0E0AB8EE400AB6
:10B0100084ED0A0A3FE094ED0A0AD4ED010A94EDAA
:10B02000061A00EE810A84ED0A0AD4ED0A0A94EDAC
:10B030000D0AB8EE400AF4EEC00AF1EE10FA06DD91
:10B0400094ED0D0AB8EE400A84ED0A0A23E094ED6F
:10B050000A0AB5EEC00AF1EE10FA11DBD4ED0A0AC5
:10B0600094ED0E0AB8EE400AF4EEC00AF1EE10FAC2
:10B0700006D294ED0A0ABCEEC00A84ED0E0A0AE07C
:10B0800094ED0A0AB5EEC00AF1EE10FA03D29FED74
:10B09000240A84ED0A0A94ED060AD4ED070A30EE7C
:10B0A000600A84ED080A94ED080AD4ED020A20EE45
:10B0B000200A84ED0B0A00E012E094ED090AD4EDB9
:10B0C0000A0A30EE200AD4ED0B0A30EE200AF6EE22
:10B0D000000A30EE200ABDEEC00A84ED0C0A09E039
:10B0E00094ED0A0AF6EE000A30EE200ABDEEC00A20
:10B0F00084ED0C0A94ED060A84ED070A206B002803
:10B1000001DA00202063606B28B1D4E90C01884289
:10B1100001D9606B2063206BBDEC088B10BD000073
:10B1200000000000FAF778BE2DE9F0412DED068B06
:10B1300006460F4600240325F8F7A4FF07B10925AA
:10B1400000247CE04FF44270FFF7EAFE962140F2C3
:10B15000145002F023FE4FF44270F9F7EDF84FF46B
:10B16000FA700EF02DFC681EA04249DD38490968CE
:10B17000B1F8DA0012F002FE41EC1A0B9FED350B2C
:10B1800053EC102B12F04AFE41EC180B33490968BE
:10B19000888B12F0F3FD41EC190B53EC182B12F0D5
:10B1A00001FE2DD22A490968B1F8DA0012F0E6FD55
:10B1B00041EC1A0B9FED2A0B53EC102B12F02EFED4
:10B1C00041EC180B25490968888B12F0D7FD41EC3A
:10B1D000190B53EC182B12F01FFF11D21C480068FA
:10B1E000B0F8DA0040F2DC51884209DA1848006809
:10B1F000B0F8DA0040F24C41884201DD681E84B2AA
:10B2000066B10120FFF78CFE11480068B0F8D60047
:10B2100040B14FF48050FFF783FE03E04FF48050BD
:10B22000FFF77EFEB421104802F0B8FD0120F9F7C7
:10B2300083F84FF48050F9F77FF8601C84B2AC4279
:10B2400080DBF8F71FFFBDEC068BBDE8F081000046
:10B25000780200209A9999999999F13F7C020020EF
:10B26000CDCCCCCCCCCCEC3F24FAFFFF20480068FE
:10B27000C08801281DD11F480068B0F8D8001D49BA
:10B280000968A1F8060100201A490968A1F8180107
:10B2900018490968A1F81E019FED170A15480068B2
:10B2A00080ED480A9FED140A1248006880ED430AB9
:10B2B0001CE000200F490968A1F806010D49096842
:10B2C000A1F8D8000B490968A1F8180109490968D3
:10B2D000A1F81E019FED080A0648006880ED480AA3
:10B2E0009FED050A0348006880ED430A704700009F
:10B2F0007C020020780200200000000090ED050A8A
:10B30000D0ED040A30EE600A80ED070A70472DE99F
:10B31000FC4106460C460025002716E000200321CC
:10B320004FF448732246CDE90010022130460BF05D
:10B33000FAF90546781CC0B207460F2805DB242021
:10B3400004F02EFE0820BDE8FC81002DE6D012237B
:10B350004FF448722146304609F0E4FC2846F2E7F3
:10B360002DE9F04105460E461746984601233A4618
:10B3700031462846F5F7C6FB04464CB1204604F09A
:10B380000FFE03212846FFF7C2FF0020BDE8F08131
:10B390000120FBE72DE9F04105460E461746984689
:10B3A00001233A4631462846F5F7CAFB04464CB11C
:10B3B000204604F0F5FD03212846FFF7A8FF0020F2
:10B3C000BDE8F0810120FBE710B504461E234FF4D1
:10B3D00016721A21204609F0A5FC10BD10B50446CE
:10B3E0000B234FF416720221204609F09BFC10BD7E
:10B3F0002DE9F84380460E4614461F46DDE90895C0
:10B40000404600F063FE10B90020BDE8F883032138
:10B41000404600F0B7FB322001F0C2FE5DB13220A1
:10B4200001F0BEFE06214046FFF73AFCC5EB0511D0
:10B43000880000F08EFB012001F0B2FE012000F038
:10B4400088FB0CB9032000E0062002460CB9304608
:10B4500000E007200146404601F0A8FE08B90020A0
:10B46000D3E70CB9032000E0062002460CB93046B1
:10B4700000E007200146404601F098FE08B9002090
:10B48000C3E7304601F08CFE012000F062FB24B1DE
:10B49000012C10D0022C10D10EE0012306223146DF
:10B4A0004046FFF777FF08B90020AEE73146404637
:10B4B00000F046FE01E000E000BF00BF1DB1062124
:10B4C0004046F8F74FFE0A2001F06AFE012000F026
:10B4D00040FB012302220A214046FFF75BFF08B927
:10B4E000002092E74046FFF779FF0321404600F035
:10B4F00087FB0B2001F054FE012000F02AFB012302
:10B500001A460B214046FFF745FF08B900207CE7AB
:10B510004046FFF763FF0321404600F071FB0C201B
:10B5200001F03EFE012000F014FB01231A460C211D
:10B530004046FFF72FFF08B9002066E7012000F022
:10B5400008FB012303220C214046FFF723FF08B923
:10B5500000205AE74046FFF741FF4046FFF73EFF15
:10B560004046FFF73BFF282001F01AFE012000F0C3
:10B57000F0FA4B463A460021012001F09BFC2F20B7
:10B5800001F00EFE012000F0E4FA4B465A220021A1
:10B59000012001F08FFC2E2001F002FE012000F0BE
:10B5A000D8FA0A2000F07EFE00F0CAFA022000F06D
:10B5B000D0FA042001F0F4FD012000F0CAFA0620C0
:10B5C0000346052204210090404600F049FB042177
:10B5D000404600F0D7FA042001F0E2FD012000F01F
:10B5E000B8FA002301220821404600F022FB032183
:10B5F000404600F005FB09220821404601F0D6FD37
:10B6000000F0C4FF0A2000F0A4FA0120FDE62DE9B5
:10B61000F84380460D4616461F46DDE9089440462D
:10B6200000F054FD10B90020BDE8F8832421404605
:10B63000FFF736FB0321404600F0A4FA012001F099
:10B64000AFFD44B106214046FFF72AFBC4EB0411CD
:10B65000880000F07EFA012000F07BFA09222946DA
:10B66000404601F0A3FD08B90020DDE700230C22CD
:10B6700008214046FFF78EFE08B90020D4E72D20B0
:10B6800001F08EFD0A2000F067FD022000F061FA53
:10B690000321404600F076FA002303222946404663
:10B6A00001F098FD284601F07BFD012000F051FAE1
:10B6B00026B1012E1AD0022E66D13EE001230622C9
:10B6C00029464046FFF766FE08B90020ACE7032193
:10B6D000404600F095FA2946404600F031FD00232F
:10B6E00003220821404601F075FD4DE001230322AD
:10B6F00029464046FFF74EFE08B9002094E7032193
:10B70000404600F07DFA2946404600F019FD00232E
:10B7100003220821404601F05DFD00230322082199
:10B72000404601F057FD0123032208214046FFF760
:10B7300031FE08B9002077E726E001231A462946A2
:10B740004046FFF727FE08B900206DE70321404679
:10B7500000F056FA2946404600F0F2FC0023012290
:10B760000821404601F036FD00230322082140460F
:10B7700001F030FD0123052208214046FFF70AFEB3
:10B7800008B9002050E700BF00BF1CB106214046A9
:10B79000F8F7E8FC0A2001F003FD012000F0D9F9D8
:10B7A00001231A460A214046FFF7F4FD08B900209C
:10B7B0003AE74046FFF712FE0321404600F020FA28
:10B7C0000B2001F0EDFC012000F0C3F90023012261
:10B7D0000B21404601F0FEFC012302220B214046D2
:10B7E000FFF7D8FD08B900201EE74046FFF7F6FD39
:10B7F0000321404600F004FA0C2001F0D1FC0120A6
:10B8000000F0A7F9012305220C214046FFF7C2FDF5
:10B8100008B9002008E74046FFF7E0FD4046FFF783
:10B82000DDFD4046FFF7DAFD0023012208214046F6
:10B8300001F0D0FC282001F0B3FC012000F089F9D0
:10B840004B463A460021012001F034FB2F2001F045
:10B85000A7FC012000F07DF90023462219460120B3
:10B8600001F028FB4046FFF7B9FD4046FFF7B6FD63
:10B87000022346220021012001F01CFB2E2001F0B2
:10B880008FFC012000F065F90A2000F00BFD00F0AC
:10B8900057F9042001F084FC012000F05AF9062039
:10B8A0000346052204210090404600F0D9F9042106
:10B8B000404600F067F9042001F072FC012000F01E
:10B8C00048F9002301220821404600F0B2F9032183
:10B8D000404600F095F903220821404601F066FC3D
:10B8E0000C220821404601F061FC00F04FFE0120CF
:10B8F00000F02FF924214046F8F734FC012093E6AC
:10B900002DE9F04780460D4616461F46DDE90894AE
:10B91000FCF7E6FA404600F0D9FB10B90020BDE87C
:10B92000F0871E220421404600F05AF9322001F02F
:10B9300037FC5CB1322001F033FC06214046FFF7B2
:10B94000AFF9C4EB0411880000F003F9012000F006
:10B9500000F9002078490968C88477490968888413
:10B96000284601F01DFC012000F0F3F826B1012E5D
:10B9700010D0022E10D10EE0012315222946404698
:10B98000FFF708FD08B90020C9E72946404600F046
:10B99000D7FB01E000E000BF00BF1CB1062140461C
:10B9A000F8F7E0FB162001F0FBFB012000F0D1F8D6
:10B9B0000123032216214046FFF7ECFC08B90020C2
:10B9C000ADE720214046FFF76BF9052000F0C1F8F4
:10B9D00020214046F8F7C6FB0023032208214046F9
:10B9E00001F0F8FB002303220821404601F0F2FB9E
:10B9F000172001F0D5FB012000F0ABF820214046D4
:10BA0000FFF74EF90A2000F0A4F8012340F6AC52EB
:10BA100017214046FFF7BEFC08B900207FE7282029
:10BA200001F0BEFB012000F094F84B463A4600219D
:10BA3000012001F03FFA2F2001F0B2FB012000F0BD
:10BA400088F8002350221946012001F033FA0F2014
:10BA500001F0A6FB012000F07CF8012303220F2156
:10BA60004046FFF797FC08B9002058E7282001F06E
:10BA700097FB002346221946012001F037FA0A20DD
:10BA800000F067F820214046FFF70AF9302001F066
:10BA900087FB032000F05DF828480068B0F86810C4
:10BAA000404601F09BFA08B9002038E700F066FD37
:10BAB000022000F04EF800F062FD022000F049F88C
:10BAC00000F03EF8022000F044F8042001F068FB8A
:10BAD000012000F03EF81E220421404600F080F8CC
:10BAE00020214046FFF7DCF801231B2208214046B5
:10BAF000FFF750FC08B9002011E728220421404636
:10BB000000F06EF801231B2208214046FFF742FC9B
:10BB100008B9002003E728220421404600F060F81D
:10BB200020214046F8F71EFB00F030FD0A2000F00F
:10BB300010F80120F3E600007C02002078020020CB
:10BB40007047704710B5044606212046F8F70AFBF7
:10BB500010BD10B504464FF47A7104FB01F00DF0EE
:10BB60002FFF10BD7CB506460C46154601204FF44C
:10BB7000487322460221CDE9005030460AF0D3FD39
:10BB80007CBD000070B504460D460321204600F040
:10BB900037F80020F9F764FEDFED100AB4EEE00A92
:10BBA000F1EE10FA14DD002355221946012001F0B0
:10BBB00081F903E041F288300DF002FF0020F9F72F
:10BBC0004FFEDFED060AB4EEE00AF1EE10FAF1DC0A
:10BBD00029462046FFF79BFB70BD00000000AA42EB
:10BBE00070B505460E46144631462846FFF758F80C
:10BBF0002046FFF7AEFF31462846F8F7B3FA70BD8E
:10BC000070B504460D4612234FF44872294620466B
:10BC100009F088F870BD70B505462846F9F7A0FC14
:10BC2000044624B1204604F0BBF9002070BD012079
:10BC3000FCE72DE9F04105460E4617469846434677
:10BC40003A4631462846F9F7B3FC04462CB1204663
:10BC500004F0A6F90020BDE8F0810120FBE7000018
:10BC60002DE9F04705460E4617469846DDF8209028
:10BC7000002425E002212846FFF712F84FF4FA705D
:10BC80000DF09EFE3A464FF44871012009F0A6FDE2
:10BC900002E00A200DF094FE0B4800780028F8D04E
:10BCA00002212846F8F75EFA4FF4FA700DF088FE8C
:10BCB00043464FF448723146284609F033F8641C75
:10BCC0004C45D7DBBDE8F0878002002010B5044664
:10BCD000224603490348F9F72DFD0148008810BDAD
:10BCE000E8030020E603002070B506460C46154622
:10BCF00029462046FCF7CEF870BD00002DE9F84338
:10BD000080460D4616461F46DDE90894404600F081
:10BD1000DDF910B90020BDE8F88303214046FFF7A4
:10BD200031FF322001F03CFA44B106214046FEF7D3
:10BD3000B7FFC4EB04118800FFF70BFF012001F0EF
:10BD40002FFA002303222946404601F043FA2846F1
:10BD500001F026FA0120FFF7FCFE36B1012E2ED0AD
:10BD6000022E56D0032E76D192E0012306222946D8
:10BD70004046FFF70FFB08B90020CCE729464046B4
:10BD800000F0DEF9002301220821404601F022FAEA
:10BD9000002303220821404601F01CFA01231A4621
:10BDA00008214046FFF7F6FA08B90020B3E74046FD
:10BDB000FFF714FB03214046FFF722FFB8E0012301
:10BDC0001A4629464046FFF7E5FA08B90020A2E7DF
:10BDD0002946404600F0B4F90023012208214046DC
:10BDE00001F0F8F9002303220821404601F0F2F99E
:10BDF0000123062208214046FFF7CCFA08B90020AB
:10BE000089E74046FFF7EAFA03214046FFF7F8FECC
:10BE10008EE00123022229464046FFF7BBFA08B90B
:10BE2000002078E72946404600F08AF900230122E5
:10BE30000821404601F0CEF90023032208214046A4
:10BE400001F0C8F90123062208214046FFF7A2FAB3
:10BE500010B900205FE76AE04046FFF7BFFA4046AE
:10BE6000FFF7BCFA03214046FFF7CAFE4046FFF742
:10BE7000D2FE09220821404601F098F94046FFF71A
:10BE8000A3FA0123092208214046FFF769FA4FE08F
:10BE90000123062229464046FFF762FA08B900202E
:10BEA00039E72946404600F04BF9012303220821D7
:10BEB0004046FFF755FA08B900202CE74046FFF747
:10BEC00083FA0A20FFF745FE03214046FFF798FE5C
:10BED0004046FFF7A0FE09220821404601F066F91E
:10BEE0004046FFF771FA0123092208214046FFF777
:10BEF00037FA08B900200EE74046FFF765FA0A2036
:10BF0000FFF727FE4046FFF786FE0922082140463C
:10BF100001F04CF94046FFF757FA012309220821A6
:10BF20004046FFF71DFA08B90020F4E600E000BF24
:10BF300000BF14B14046FFF705FE03214046FFF75E
:10BF40005FFE112001F02CF90120FFF702FE012015
:10BF50005449087001231A463D21404600F0A4F8D8
:10BF600004214046FFF74CFE04214046FFF748FEFF
:10BF700001231A463D214046FFF70CFA08B900207C
:10BF8000C9E60020474908704046FFF727FA00231A
:10BF900001220821404600F087F8002301220821F1
:10BFA000404600F081F82D2001F0FAF80A2000F058
:10BFB0009FFA0A20FFF7CDFD172001F0F1F80120CC
:10BFC000FFF7C7FD01203749087001231A463E21BB
:10BFD000404600F069F801231A463E214046FFF72B
:10BFE000D9F908B9002096E600202E49087040468D
:10BFF000FFF7F4F9002301220821404600F054F82D
:10C00000002301220821404600F04EF8292001F0CB
:10C01000C7F80120FFF79DFD4B463A46002101205D
:10C0200000F048FF4046FFF7D9F91E20FFF791FDC9
:10C030002E2001F0B5F80A2000F044FA0520FFF7A1
:10C0400088FD0520FFF785FD042001F0A9F80220F6
:10C05000FFF77FFD0620034605220421009040469D
:10C06000FFF7FEFD04214046FFF78CFD0120FFF79E
:10C0700070FD0123092208214046FFF78BF90321B7
:10C080004046FFF77FFD0123092208214046FFF7C4
:10C0900081F90A2000F000FAFFF753FD00F076FA6C
:10C0A000012038E69C0200202DE9F04104460D46AF
:10C0B00016461F463B46324629462046FFF7B9FD45
:10C0C00004212046FFF79CFDBDE8F08170B50546D0
:10C0D0000024002018490968A1F84C001649096895
:10C0E000A1F84A001549096888801348006890ED56
:10C0F000210A1148006880ED220AF7F7C3FF0021EA
:10C100000520F4F749FD3C2200212846FFF7ECFD0D
:10C1100003212846FFF774FD03212846FFF770FD31
:10C1200044B1204603F03CFF00211220F4F734FD17
:10C13000002070BD0120FCE7780200207C02002076
:10C1400070B504460D460A234FF416722946204660
:10C1500008F0E8FD70BD000010B52DED088B044619
:10C1600022461D480168663100686430F9F7E2FA3A
:10C1700019490968B1F8660011F000FE41EC1A0B8C
:10C1800015490968B1F8640011F0F8FD41EC1B0B8A
:10C1900053EC1A2B11F01AFC41EC190BB0EE490AC2
:10C1A000F0EE690A0BF050FCB0EE408AF0EE608AC7
:10C1B00051EC180B11F024FB07490968C1F89C00E9
:10C1C0004FF47A700DF0FCFB4FF47A700DF0F8FB31
:10C1D000BDEC088B10BD0000780200202DE9FF4166
:10C1E000694602A82D4A12689047064640F6B830C4
:10C1F0000DF0E6FB0DF102010DF10A00274A12686D
:10C200009047064640F6B8300DF0DAFB01A903A8C6
:10C21000224A126890470646BDF80800BDF80A1089
:10C22000884201DC012000E0002004460CB9012511
:10C2300000E0002502A830F81400BDF80C10884278
:10C2400001DA204600E00220074602A830F8150077
:10C2500002A931F81710884201DD284600E038466F
:10C26000044602A830F814000D490968A1F86600D8
:10C270003DF814000A490968A1F86400012E06D0AF
:10C28000212003F08DFE002004B0BDE8F08140F6CF
:10C29000B8300DF095FB0120F6E70000DC0300202C
:10C2A0007802002010B52DED088B044622461D486B
:10C2B00001686A3100686830F9F73CFA1949096881
:10C2C000B1F86A0011F05AFD41EC1A0B15490968E2
:10C2D000B1F8680011F052FD41EC1B0B53EC1A2B26
:10C2E00011F074FB41EC190BB0EE490AF0EE690A4B
:10C2F0000BF0AAFBB0EE408AF0EE608A51EC180B0E
:10C3000011F07EFA07490968C1F8A0004FF47A706D
:10C310000DF056FB4FF47A700DF052FBBDEC088B1C
:10C3200010BD000078020020F0B52DED088B85B01F
:10C3300001A903A8564A12689047064640F6B8304D
:10C340000DF03EFB0DF106010DF10E00504A126892
:10C350009047064640F6B8300DF032FB02A904A81B
:10C360004B4A126890470646BDF80C00BDF80E1007
:10C37000884201DC012000E0002004460CB90125C0
:10C3800000E0002503A830F81400BDF81010884222
:10C3900001DA204600E00220074603A830F8150025
:10C3A00003A931F81710884201DD284600E038461D
:10C3B000044603A830F8140036490968A1F86A0059
:10C3C00001A830F8140033490968A1F86800012E6B
:10C3D00007D0212003F0E4FD002005B0BDEC088B60
:10C3E000F0BD2C490968B1F8680011F0C7FC41ECB8
:10C3F000190B28490968B1F8640011F0BFFC41EC41
:10C400001B0BB0EE4B0AF0EE6B0A0BF01DFBB0EE0F
:10C4100040AAF0EE60AA53EC192B51EC1A0B11F064
:10C42000D5FA41EC180B11F0EBF91A490968C1F87B
:10C430009C0018490968B1F86A0011F09FFC41ECB2
:10C440001A0B14490968B1F8660011F097FC41EC29
:10C450001B0B53EC1A2B11F0B9FA41EC190BB0EE8F
:10C46000490AF0EE690A0BF0EFFAB0EE408AF0EEFE
:10C47000608A51EC180B11F0C3F906490968C1F83C
:10C48000A00040F6B8300DF09BFA0120A5E70000AF
:10C49000DC0300207802002010B50446224608483C
:10C4A00001686A3100686430F9F744F94FF47A7032
:10C4B0000DF086FA4FF47A700DF082FA10BD00008C
:10C4C0007802002010B50446224608480168683109
:10C4D00000686430F9F72EF94FF47A700DF070FAB5
:10C4E0004FF47A700DF06CFA10BD00007802002055
:10C4F00010B5044622460848016866310068643079
:10C50000F9F718F94FF47A700DF05AFA4FF47A707F
:10C510000DF056FA10BD00007802002010B5044658
:10C52000224608480168663100686430F9F702F96C
:10C530004FF47A700DF044FA4FF47A700DF040FA2F
:10C5400010BD00007802002010B500210620F4F78D
:10C5500023FB09F043FB10BD1CB5694601A8064A40
:10C56000126890470446012C04D0212003F018FDE6
:10C5700000201CBD0120FCE7DC0300207047704751
:10C5800010B50446204609F001FB10BD10B500218E
:10C590000620F4F701FB09F05DFB10BD2DE9F8431F
:10C5A00080460D4616461F46DDE908944046FFF7D3
:10C5B0008DFD10B90020BDE8F88303214046FFF748
:10C5C000E1FA322000F0ECFD44B106214046FEF7CE
:10C5D00067FBC4EB04118800FFF7BBFAFFF7BCFF51
:10C5E00008B90020E7E7042000F0DAFD0120FFF79A
:10C5F000B0FA0C220821404600F0D8FD08B900200E
:10C60000D9E701230C2208214046FEF7C3FE08B9F2
:10C610000020D0E72D2000F0C3FDFFF7DFFD08B9B3
:10C620000020C8E703214046FFF7ACFA284600F097
:10C63000B7FD0120FFF78DFA26B1012E2BD0022E77
:10C6400028D157E0002303222946404600F0C2FDCE
:10C65000002303222946404600F0BCFD01230422AA
:10C6600029464046FEF796FE08B90020A3E7294672
:10C670004046FFF765FD002303220821404600F0F5
:10C68000A9FD0123062208214046FEF783FE08B9D2
:10C69000002090E777E0002303222946404600F07F
:10C6A00099FD002303222946404600F093FD012313
:10C6B0001A4629464046FEF76DFE08B900207AE783
:10C6C00029464046FFF73CFD002301220821404651
:10C6D00000F080FD002303220821404600F07AFD8F
:10C6E0000123092208214046FEF754FE08B9002024
:10C6F00061E748E0002303222946404600F06AFD36
:10C70000002303222946404600F064FD01231A4617
:10C7100029464046FEF73EFE08B900204BE7294671
:10C720004046FFF70DFD002301220821404600F09E
:10C7300051FD002303220821404600F04BFD012358
:10C740000C2208214046FEF725FE08B9002032E7FA
:10C750000A2203214046FFF705FA0023012208219F
:10C76000404600F037FD002303220821404600F038
:10C7700031FD0123072208214046FEF70BFE08B9D0
:10C78000002018E700BF00BF1CB106214046F7F7A4
:10C79000E9FC03214046FFF733FA172000F000FDC3
:10C7A0000120FFF7D6F901231A4617214046FEF76C
:10C7B000F1FD08B90020FEE60023012208214046D1
:10C7C00000F008FD002301220821404600F002FD90
:10C7D000162000F0E5FC0120FFF7BBF901231A4603
:10C7E00016214046FEF7D6FD08B90020E3E6404694
:10C7F000FEF7F4FD002301220821404600F0EAFC88
:10C80000282000F0CDFC0120FFF7A3F94B463A4663
:10C810000021012000F04EFB2F2000F0C1FC012080
:10C82000FFF797F9002332221946012000F042FB5E
:10C830000F2000F0B5FC0120FFF78BF901231A4609
:10C840000F214046FEF7A6FD08B90020B3E640469A
:10C85000FEF7C4FD2F2000F0A3FC0120FFF779F9BB
:10C860002E2000F09DFC0220FFF773F9FFF75CFD1E
:10C87000FFF766F9042000F093FC0120FFF769F947
:10C88000062003460522042100904046FFF7E8F900
:10C8900003214046FFF776F90120FFF75AF90023FC
:10C8A00003220821404600F095FC002301220F21BD
:10C8B0004046FEF76FFD08B900207CE60D220821F6
:10C8C000404600F073FC0F220821404600F06EFC49
:10C8D000FFF75CFE0A20FFF73CF901206BE62DE92B
:10C8E000F04780460D4616461F46DDE9089440464F
:10C8F000FFF7ECFB10B90020BDE8F08703214046AC
:10C90000FFF740F9322000F04BFC44B106214046CD
:10C91000FEF7C6F9C4EB04118800FFF71AF90420EA
:10C9200000F03EFC0120FFF714F9012000F038FC74
:10C930000120FFF70EF909222946404600F036FC97
:10C9400008B90020D8E701230C2208214046FEF751
:10C9500021FD08B90020CFE703214046FFF712F977
:10C96000002303222946404600F034FC284600F00C
:10C9700017FC0120FFF7EDF816B1012E2BD10DE0C9
:10C980000123032229464046FEF704FD08B9002092
:10C99000B2E729464046FFF7D3FB1DE001231A46C4
:10C9A00029464046FEF7F6FC08B90020A4E72946D0
:10C9B0004046FFF7C5FB002301220821404600F056
:10C9C00009FC0123032208214046FEF7E3FC08B9D5
:10C9D000002091E700E000BF00BF1CB106214046E7
:10C9E000F7F7C0FB172000F0DBFB0120FFF7B1F8E1
:10C9F0000023012217214046FFF756FB01231A4668
:10CA000017214046FEF7C6FC08B9002074E74046EF
:10CA1000FEF7E4FC002301220821404600F0DAFB87
:10CA2000282000F0BDFB0120FFF793F84B463A4663
:10CA30000021012000F03EFA2F2000F0B1FB012080
:10CA4000FFF787F8002332221946012000F032FA5E
:10CA50000C2000F0A5FB002301220821404600F035
:10CA6000B9FB012306220C214046FEF793FC08B9CE
:10CA7000002041E74046FEF7B1FC4046FEF7AEFC21
:10CA8000282000F08DFB052346220021012000F024
:10CA900011FA2D2000F084FB1E20FFF75AF80A201F
:10CAA000FFF75AFB112000F07BFB0120FFF751F844
:10CAB0000023012211214046FFF7F6FA012302224A
:10CAC00011214046FEF766FC08B9002014E7282033
:10CAD00000F066FB032346220021012000F0EAF962
:10CAE0002E2000F05DFB1420FFF733F80A20FFF73B
:10CAF000D9FBFFF725F80220FFF72BF8042000F000
:10CB00004FFB0120FFF725F804214046FFF73AF8D4
:10CB10000120FFF71EF803220821404600F046FBE3
:10CB20000C220821404600F041FBFFF72FFD0A20B0
:10CB3000FFF70FF80120DFE62DE9F84380460D46A8
:10CB400016461F46DDE908944046FFF7BFFA10B9C4
:10CB50000020BDE8F88303214046FFF713F8322098
:10CB600000F01EFB5CB1322000F01AFB06214046AB
:10CB7000FEF796F8C4EB04118800FEF7EAFF0120E7
:10CB800000F00EFB0120FEF7E4FF09222946404693
:10CB900000F00CFB08B90020DBE70C22082140461E
:10CBA00000F004FB08B90020D3E7284600F0F8FAAB
:10CBB0000120FEF7CEFF36B1012E16D0022E3BD05B
:10CBC000032E7CD15FE00123092229464046FEF76F
:10CBD000E1FB08B90020BCE729464046FFF7B0FA60
:10CBE00003214046FFF70CF891E001230322294678
:10CBF0004046FEF7CFFB08B90020AAE703214046D4
:10CC0000FEF7FEFF29464046FFF79AFA002301226D
:10CC10000821404600F0DEFA0023032208214046A6
:10CC200000F0D8FA0123082211464046FEF7B2FB75
:10CC300008B900208DE76AE0012302222946404618
:10CC4000FEF7A8FB08B9002083E729464046FFF716
:10CC500077FA03214046FEF7D3FF00230122082183
:10CC6000404600F0B7FA002303220821404600F0B6
:10CC7000B1FA0123092208214046FEF78BFB08B9CF
:10CC8000002066E743E00123022229464046FEF7E2
:10CC900081FB08B900205CE729464046FFF750FABF
:10CCA00003214046FEF7ACFF002301220821404645
:10CCB00000F090FA002303220821404600E025E01E
:10CCC00000F088FA0123092208214046FEF762FBA2
:10CCD00008B900203DE7082203214046FEF742FF45
:10CCE000002303220821404600F074FA00230322A7
:10CCF0000821404600F06EFA01230922082140462F
:10CD0000FEF748FB08B9002023E700E000BF00BFA2
:10CD10001CB106214046F7F725FA172000F040FA2B
:10CD20000120FEF716FF03214046FEF769FF0321AD
:10CD30004046FEF765FF0023012217214046FFF71A
:10CD4000B3F901231A4617214046FEF723FB08B921
:10CD50000020FEE64046FEF741FB03214046FEF779
:10CD60004FFF282000F01CFA0120FEF7F2FE4B4690
:10CD70003A460021012000F09DF82F2000F010FA23
:10CD80000120FEF7E6FE002346221946012000F0AE
:10CD900091F8192000F004FA0120FEF7DAFE0321D1
:10CDA0004046FEF72DFF03214046FEF729FF0023F2
:10CDB000012219214046FFF777F901231A4619216C
:10CDC0004046FEF7E7FA08B90020C2E64046FEF703
:10CDD00005FB4046FEF702FB03214046FEF710FF2D
:10CDE000282000F0DDF9012346220021184600F03A
:10CDF00061F82D2000F0D4F90A20FFF7ADF91120D9
:10CE000000F0CEF903214046FEF7FAFE032140462A
:10CE1000FEF7F6FE0023012211214046FFF744F9F8
:10CE200001231A4611214046FEF7B4FA08B9002042
:10CE30008FE64046FEF7D2FA282000F0B1F903232E
:10CE400048220021012000F035F82E2000F0A8F93A
:10CE50001420FEF77EFE0A20FFF724FAFEF770FE8C
:10CE60000220FEF776FE042000F09AF90120FEF77A
:10CE700070FE062003460522042100904046FEF77E
:10CE8000EFFE04214046FEF77DFE0120FEF761FE25
:10CE9000002303220821404600F09CF90C220821BF
:10CEA000404600F083F9FFF771FB0A20FEF751FEC0
:10CEB00001204EE62DE9F04180460C4615461E46FF
:10CEC000012009F0ADFE074632462946204608F00B
:10CED00003FC1E2009F0A4FE07462FB1384603F0DC
:10CEE0005FF80020BDE8F0810120FBE72DE9F0416B
:10CEF00007460C46154698464FF0FF322946204615
:10CF000008F0EAFB1E2009F08BFE064616B1002051
:10CF1000BDE8F0810120FBE72DE9F04705460C460E
:10CF200090469946DDE908670320FEF712FE284681
:10CF3000FFF7CCF810B90020BDE8F08703212846A0
:10CF4000FEF720FE0120FEF704FE322000F028F953
:10CF50000120FEF7FEFD012000F022F90120FEF77E
:10CF6000F8FD204600F01CF90120FEF7F2FD0A2032
:10CF700000F016F90120FEF7ECFD0B2000F010F98F
:10CF80000120FEF7E6FD0C2000F00AF90120FEF773
:10CF9000E0FD282000F004F90120FEF7DAFD2F2043
:10CFA00000F0FEF80120FEF7D4FD2E2000F0F8F886
:10CFB0000120FEF7CEFD0A20FFF774F9FEF7C0FD51
:10CFC0000220FEF7C6FD042000F0EAF8FFF7BCFAE5
:10CFD0000120FEF7BEFD0120AEE700002DE9F84F6D
:10CFE00083460D46002000900027824680464FF081
:10CFF00005091721584608F00DF808F097FE40F68D
:10D00000C41A4FF4FA700CF0DBFC1F21584608F0EC
:10D0100001F84FF6FF705F490968C8840A20FEF7DF
:10D0200055FE5D490968A1F868005B480068B0F8E2
:10D030006850ADE0BAF1000F0FD11721584607F044
:10D04000E9FF08F073FE40F6C41A4FF4FA700CF0D2
:10D05000B7FC1F21584607F0DDFF484608F094FE54
:10D0600008EB09001FFA80F8AAEB09001FFA80FA02
:10D0700049480068A0F8648000980CF0A1FC0120E9
:10D08000FEF724FE044644480068A0F86A40AC421B
:10D0900001DD601B00E0281B86B2B6F5FA7F06DBD7
:10D0A000B6F57A7F03DAFA200090002760E0B6F543
:10D0B0007A7F08DB40F2DC50864204DA00900027D9
:10D0C0004FF0050954E040F2DC5086424BDB31481A
:10D0D0000068C48400BF0120FEF7F8FD04462E4816
:10D0E0000068A0F86A40AC4201DD601B00E0281B2C
:10D0F00086B240F2DC50864207DB781C87B2012FF3
:10D1000009D124480068C48405E000202149096849
:10D11000C884002701E0032FDDDB00BF781C80B24C
:10D120000746032824DB4FF6FF701A490968C884B4
:10D130001A48D0ED000AB2EE041AB6EE000A00EE6C
:10D14000810ABCEEC00A10EE100A13490968A1F862
:10D15000660020215846F7F705F80020FFF710FA7F
:10D160000120BDE8F88F0020009000274FF005094E
:10D1700041F64C5080450BDD20215846F6F7F2FF72
:10D180000020FFF7FDF9252002F00AFF0020E8E764
:10D1900050E700007C020020780200207C03002081
:10D1A00010B504460120FEF7D4FC10BD2DE9F04176
:10D1B00005460E4617463A463146284609F045FDD3
:10D1C00004462CB1204602F0EBFE0020BDE8F081C1
:10D1D0000120FBE72DE9F04104460D4616461F46A7
:10D1E0003B46324629462046FEF723FD03212046D2
:10D1F000FEF706FDBDE8F0810024FAF719FD0122D3
:10D20000D1035648F8F70CFD4FF47A700CF0D8FBB8
:10D2100008F006FA00BF5248007870B9514800780B
:10D2200058B14FF47A700CF0CBFB4F4801682431B1
:10D23000006826304D4A1268904732200CF0C0FB3F
:10D240004B480068B0F80601002810DC4848006828
:10D25000B0F82A01042804D145480068B0F82E012E
:10D2600028B943480068B0F82A01052843D140484E
:10D270000068B0F806013E490968A1F8D8003C48AA
:10D280000068B0F8D80018280BD039480068B0F80A
:10D29000D800152805D036480068B0F8D800132803
:10D2A00008D1002032490968A1F81A0130490968FB
:10D2B000A1F81C0100202E490968A1F806010120EF
:10D2C00029490968C88007F019FD29480068B0F8A5
:10D2D0002A01052807D0012026490870F3F784FCAD
:10D2E0002549087003E009F057FC07F0D1FF2248F8
:10D2F000007807F025FD0CF061FD04464FF4FA724A
:10D30000022103200CF0B2FD044604F00040B0F10D
:10D31000004F1FD016480068B0F80601D0B904F0DD
:10D32000010058B112480068B0F82A01042805D15C
:10D3300001200D490968C880FAF746FA04F0020096
:10D3400010B10E4809F0ECFB03200CF00BFD00209F
:10D350000349087064200CF033FB5CE7000C0240CA
:10D3600064030020650300207C020020DC03002011
:10D3700078020020500300205C030020606F002032
:10D3800070B52DED028B04460D46F6F77BFE0121AC
:10D39000052009F0E7FB4FF496700CF011FB2148D3
:10D3A0000068A0F85C401F480068A0F8725008F0C0
:10D3B0000BFC4FF496700CF003FB1A480068B0F8B1
:10D3C000720000EE100AB8EE400AF2EE040A80EE97
:10D3D000201AB0EE418A13490968B1F95C00B0EE39
:10D3E000480A08F0A1F94FF4FA700CF0E9FA02E0EB
:10D3F00064200CF0E5FA0C4800780028F8D00020F2
:10D40000094908704FF4FA700CF0DAFA002105208F
:10D4100009F0A8FB4FF496700CF0D2FABDEC028B29
:10D4200070BD0000780200208002002070B52DED54
:10D43000028B04460D460121042009F093FB0121D3
:10D44000092009F08FFB01210A2009F08BFB4FF422
:10D45000FA700CF0B5FA002C06DB604200B22749E6
:10D460000968A1F85C0003E024480068A0F85C406B
:10D4700022480068A0F8725008F0A6FB4FF496709E
:10D480000CF09EFA1D480068B0F8720000EE100A19
:10D49000B8EE400AF2EE040A80EE201AB0EE418A9D
:10D4A00016490968B1F95C00B0EE480A08F03CF989
:10D4B0004FF4FA700CF084FA02E064200CF080FA69
:10D4C0000F4800780028F8D000200D4908704FF46C
:10D4D000FA700CF075FA0021042009F043FB0021DA
:10D4E000092009F03FFB00210A2009F03BFB4FF423
:10D4F000FA700CF065FABDEC028B70BD780200206A
:10D50000800200202DE9F05F2DED048B1446984633
:10D5100000250122FA214FF4966000F01FFBFE481F
:10D520000068B0F8E2003230FC490968898B884213
:10D5300079DCFA480068818BF7480068B0F8DE00B3
:10D5400032388142F4DCF4480068B0F8E40032304C
:10D55000F2490968C98B8842EADCF0480068C18B4F
:10D56000ED480068B0F8E00032388142E0DC37E096
:10D57000C8218800FFF704FF4FF496700CF020FAE2
:10D580000122FA21E64800F091FBE3480068B0F878
:10D59000E2003230E1490968898B88421EDCDF48AD
:10D5A0000068818BDC480068B0F8DE0032388142C8
:10D5B00014DCD9480068B0F8E4003230D749096873
:10D5C000C98B88420ADCD5480068C18BD248006804
:10D5D000B0F8E0003238814200DC03E0681CC5B2DC
:10D5E000052DC5DB00BF052D7DDB002538E0F6F7F6
:10D5F0000DF8CA490968888002E064200CF0E0F95F
:10D60000C648006880880028F7D1C4480068868B27
:10D61000C2480068C78BB6F5966F05DBB6F5AF6FED
:10D6200002DC012001E07BE000208146B7F5966F27
:10D6300004DBB7F5AF6F01DC012000E0002082467B
:10D64000B9F1000F03D0BAF1000F00D009E0681C57
:10D65000C5B2032D04DB0320BDEC048BBDE8F09FB5
:10D66000C5E700BF0025AC480068A0F8DA60AA480A
:10D670000068A0F8DC70304610F080FB41EC190B1C
:10D680009FEDA80B53EC102B10F0C8FB41EC180BCE
:10D6900010F030FBA0490968A1F8DE00384610F010
:10D6A0006DFB41EC190B9FED9F0B53EC102B10F011
:10D6B000B5FB41EC180B10F01DFB97490968A1F868
:10D6C000E000304610F05AFB41EC190B9FED970B30
:10D6D00053EC102B10F0A2FB41EC180B10F00AFBDE
:10D6E0008D49096800E01AE0A1F8E200384610F020
:10D6F00045FB41EC190B9FED8D0B53EC102B10F0FB
:10D700008DFB41EC180B10F0F5FA83490968A1F87C
:10D71000E40007F0F3FA4FF4FA700CF051F9002529
:10D72000022C05D0052C03D0082C01D00E2C64D17E
:10D730004FF0020B5EE0F6F7A5FC082C03D10121A7
:10D740000E2009F00FFA0121204609F00BFA4FF4E0
:10D7500096700CF035F94FF47A706F490968A1F8AA
:10D760005C00FA206C490968A1F8720008F02CFAF4
:10D770004FF496700CF024F967480068B0F8720016
:10D7800000EE100AB8EE400AF2EE040A80EE201A0B
:10D79000B0EE418A60490968B1F95C00B0EE480A10
:10D7A00007F0C2FF4FF4FA700CF00AF902E06420AF
:10D7B0000CF006F95F4800780028F8D000205D4999
:10D7C00008704FF4FA700CF0FBF8082C03D100211C
:10D7D0000E2009F0C7F90021204609F0C3F94FF4E3
:10D7E00096700CF0EDF80122FA214D4800F05EFA37
:10D7F000681CC5B2022D9EDB0025F6F743FC082C01
:10D8000003D101210E2009F0ADF90121204609F0D4
:10D81000A9F94FF496700CF0D3F84FF416703E4906
:10D820000968A1F85C004FF47A603B490968A1F8E7
:10D83000720008F0C9F94FF496700CF0C1F8364840
:10D840000068B0F8720000EE100AB8EE400AF2EE7E
:10D85000040A80EE201AB0EE418A2F490968B1F916
:10D860005C00B0EE480A07F05FFF4FF4FA700CF06E
:10D87000A7F836E029480068868B28480068C78BDF
:10D88000B8F1000F10D124480068B0F8DE00B042B3
:10D8900024DA4FF47A700CF093F808F095F940F61A
:10D8A000B8300CF08DF81DE0B8F1010F10D11A4816
:10D8B0000068B0F8E000B84210DA4FF47A700CF06B
:10D8C0007FF808F081F940F6B8300CF079F809E0FB
:10D8D00018480078012801D10420BDE664200CF02E
:10D8E0006FF8C7E700BF4FF670600B490968A1F8F1
:10D8F0005C001E2008490968A1F8720008F064F96C
:10D900004FF496700CF05CF803480068B0F87200B1
:10D9100000EE100A10E00000780200207C020020D7
:10D9200050FBFFFF333333333333F33F000000004A
:10D930000000E03F80020020B8EE400AF2EE040A48
:10D9400080EE201AB0EE418A4A490968B1F95C00BC
:10D95000B0EE480A07F0E8FE4FF4FA700CF030F829
:10D9600002E064200CF02CF8434800780028F8D03E
:10D970000020414908704FF4FA700CF021F83C2067
:10D980003C490968A1F85C004FF4C870394909683E
:10D99000A1F8720008F018F94FF496700CF010F826
:10D9A00034480068B0F8720000EE100AB8EE400A81
:10D9B000F2EE040A80EE201AB0EE418A2D49096881
:10D9C000B1F95C00B0EE480A07F0AEFE4FF4FA7011
:10D9D0000BF0F6FF3AE029480068868B274800687C
:10D9E000C78BB8F1000F12D122480068B0F8E200EE
:10D9F000B04228DD08F0E8F8082C03D100210E2001
:10DA000009F0B0F80021204609F0ACF81FE0B8F1A9
:10DA1000010F12D117480068B0F8E400B84212DDD7
:10DA200008F0D2F8082C03D100210E2009F09AF852
:10DA30000021204609F096F809E00F4800780128F7
:10DA400001D1052008E664200BF0BAFFC3E700BF50
:10DA50004FF4FA700BF0B4FFF6F714FBFA21084804
:10DA6000FFF7E4FC0022FA21054800F077F80020D7
:10DA7000F2E5000078020020800200207C020020F5
:10DA800050FBFFFF70B52DED028B04460D460121C2
:10DA9000042009F067F80121092009F063F8012149
:10DAA0000A2009F05FF84FF4FA700BF089FF002CA0
:10DAB00004DB28480068A0F85C4005E0604200B242
:10DAC00024490968A1F85C0022480068A0F8725057
:10DAD00008F07AF84FF496700BF072FF1D4800685A
:10DAE000B0F8720000EE100AB8EE400AF2EE040A36
:10DAF00080EE201AB0EE418A16490968B1F95C003F
:10DB0000B0EE480A07F010FE4FF4FA700BF058FF21
:10DB100002E064200BF054FF0F4800780028F8D092
:10DB200000200D4908704FF4FA700BF049FF0021F6
:10DB3000042009F017F80021092009F013F800214A
:10DB40000A2009F00FF84FF4FA700BF039FFBDEC22
:10DB5000028B70BD780200208002002070B52DED90
:10DB6000028B04460D461646002C06DB604200B2CE
:10DB70004C490968A1F85C0003E04A480068A0F835
:10DB80005C4048480068A0F8725008F01DF84FF457
:10DB900096700BF015FF43480068B0F8720000EE75
:10DBA000100AB8EE400AF2EE040A80EE201AB0EE37
:10DBB000418A3C490968B1F95C00B0EE480A07F0B7
:10DBC000B3FD4FF4FA700BF0FBFE02E064200BF0A3
:10DBD000F7FE354800780028F8D000203249087058
:10DBE0004FF4FA700BF0ECFE01210D2008F0BAFFA3
:10DBF000012E03D10121084608F0B4FF4FF4FA705A
:10DC00000BF0DEFE002C06DB604200B225490968FD
:10DC1000A1F85C0003E023480068A0F85C402148BC
:10DC20000068A0F8725007F0CFFF4FF496700BF029
:10DC3000C7FE1C480068B0F8720000EE100AB8EE8B
:10DC4000400AF2EE040A80EE201AB0EE418A15492D
:10DC50000968B1F95C00B0EE480A07F065FD4FF4C1
:10DC6000FA700BF0ADFE02E064200BF0A9FE0E4846
:10DC700000780028F8D000200B4908704FF4FA70A3
:10DC80000BF09EFE0021012008F06CFF00210D200A
:10DC900008F068FF4FF4FA700BF092FEBDEC028BB7
:10DCA00070BD0000780200208002002070B52DEDCC
:10DCB000028B04460D46164601210D2008F052FF46
:10DCC000012E03D10121084608F04CFF4FF4FA70F1
:10DCD0000BF076FE002C06DB604200B22549096895
:10DCE000A1F85C0003E023480068A0F85C402148EC
:10DCF0000068A0F8725007F067FF4FF496700BF0C1
:10DD00005FFE1C480068B0F8720000EE100AB8EE22
:10DD1000400AF2EE040A80EE201AB0EE418A15495C
:10DD20000968B1F95C00B0EE480A07F0FDFC4FF459
:10DD3000FA700BF045FE02E064200BF041FE0E4845
:10DD400000780028F8D000200B4908704FF4FA70D2
:10DD50000BF036FE0021012008F004FF00210D2009
:10DD600008F000FF4FF4FA700BF02AFEBDEC028BB6
:10DD700070BD0000780200208002002010B504462B
:10DD800007F034FF034800680CF0A2F901200249B3
:10DD9000087010BD200400208002002070B52DED19
:10DDA000028B04460D4607F00FFF4FF496700BF000
:10DDB00007FE16480068A0F85C4014490968A1F8FD
:10DDC000725012480068B0F8720000EE100AB8EE07
:10DDD000400AF2EE040A80EE201AB0EE418A0B49A6
:10DDE0000968B1F95C00B0EE480A07F09DFC02E05A
:10DDF00064200BF0E5FD064800780028F8D04FF4C9
:10DE0000FA700BF0DDFDBDEC028B70BD78020020D6
:10DE1000800200202DE9F04106460F4614461D46BB
:10DE200039463046FCF73CFF2A462146002007F0E1
:10DE3000D5FC02E032200BF0C3FD07480078002833
:10DE4000F8D04FF4FA700BF0BBFD39463046F6F7C8
:10DE500089F9BDE8F08100008002002000212F2315
:10DE60000846491C0D4A135431230846491C1354D3
:10DE70003F230846491C13540D230846491C1354DC
:10DE800007488078602801D10020704704488078D6
:10DE9000402801D10120F8E70120F6E7707C00203E
:10DEA000307C0020014600BF0448006800F0F0000C
:10DEB0000009034A125C21FA02F070470838024058
:10DEC00016F50508014600BF0548006800F4E0505B
:10DED000044A02EB9020027821FA02F07047000019
:10DEE0000838024026F50508014600BF05480068CD
:10DEF00000F46040044A02EB5030027821FA02F04C
:10DF0000704700000838024026F5050810B50024C7
:10DF100000BF0C48006800F00C0020B1042804D0B9
:10DF2000082809D103E0084C08E0084C06E0082066
:10DF300000F00EF8044601E0034C00BF00BF20468D
:10DF400010BD0000083802400024F40000127A00DE
:10DF50002DE9F041044600250026002700BF1548A2
:10DF6000006800F4800006461EB1B6F5800F04D1AB
:10DF700001E0114D03E0114D01E00F4D00BF00BF66
:10DF8000082C14D100BF0B48006800F03F00B5FB1F
:10DF9000F0F8FAF7F5FC08FB00F80648006800F412
:10DFA0004030012101EB10404000B8FBF0F738464B
:10DFB000BDE8F081043802400024F40000127A0029
:10DFC00010B505208F490968A1F878008D480068D0
:10DFD0000088802878D017DC7A2876D00CDC1228CC
:10DFE00036D004DC012824D002286FD122E0782822
:10DFF00075D07928F9D17BE07B38052866D2DFE837
:10E0000000F0878F979FA700862870D008DCA0F1CA
:10E0100081000528F2D2DFE800F0ABB3BBC3CB0030
:10E02000FC281FD0FD280AD0FE2851D0FF28DCD1C3
:10E030001FE000BF0020734909680880DFE007F097
:10E04000C3FD7148F6F778F9002007F0E9FD00BF3D
:10E05000002007F0E5FD00206A49096808806B4947
:10E060000870CCE006F04AFE002066490968088086
:10E07000C5E00020634909680880FE210846F2F7E0
:10E080008BFD06F0DDFE06F039FE72B600BF00BF64
:10E0900000BF00BF00BFBFF34F8F00BF00BF00BF76
:10E0A0005B48006800F4E0605A490843001D584985
:10E0B000086000BF00BF00BFBFF34F8F00BF00BFAD
:10E0C00000BF00BF00BFFDE74AE019E080E006E0C6
:10E0D00000204C490968088006F010FE8FE00120FE
:10E0E0004D490880002047490968088087E067E0BB
:10E0F00002204949088000204249096808807EE0E2
:10E1000003204549088000203E490968088076E0E0
:10E1100004204149088000203A49096808806EE0DF
:10E1200005203D490880002036490968088066E0DE
:10E1300006203949088000203249096808805EE0DD
:10E1400007203549088000202E490968088056E0DC
:10E1500008203149088000202A49096808804EE0DB
:10E1600009202D490880002026490968088046E0DA
:10E170000A202949088000202249096808803EE0D9
:10E180000B202549088000201E490968088036E0D8
:10E190000C202149088000201A49096808802EE0D7
:10E1A0000D201D490880002016490968088026E0D6
:10E1B0000E201949088000201249096808801EE0D5
:10E1C0000F201549088000200E490968088016E0D4
:10E1D0000E48007868B906200A490968A1F8780055
:10E1E00001200A49087001210C4800680BF0FEFD6F
:10E1F00004E0072003490968A1F8780000BF00BFC8
:10E2000010BD000078020020FFFF0300640300201F
:10E210000CED00E00000FA054C030020080400208B
:10E220001C48C168C1F300211B4B002923D0C168E1
:10E2300001F0800161F4C071C1604FF400311960D8
:10E24000164901220A7016494FF0000C0968A1F81E
:10E2500018C1A1F8D820A1F80621CA214162532192
:10E260004162816821F480718160816821F480516C
:10E270008160FF214162C168C1F34021002908D0BB
:10E28000C16801F0800161F42071C1604FF4003079
:10E290001860704700280040143C014050030020E3
:10E2A0007802002070B504460D462D48FAF7BEFCF2
:10E2B00000F00F062A48FAF7B9FCC0F3031000EB90
:10E2C000800006EB400028712548FAF7B4FC00F006
:10E2D0000F062348FAF7AFFCC0F3031000EB8000F1
:10E2E00006EB4000687100BF1D48006800F00F0198
:10E2F0001B48006800F07F00000900EB800001EB84
:10E300004000A8711648FAF77EFB00F00F0614488B
:10E31000FAF779FBC0F3031000EB800006EB400036
:10E32000E0700F48FAF76AFB00F00F060C48FAF7A6
:10E3300065FBC0F3031000EB800006EB400060704B
:10E3400000BF0748406800F00F010548406800F032
:10E350003F00000900EB800001EB4000A07070BDA1
:10E360000028004000BF06480068C0F30540014691
:10E3700001F00F000A1102EB820200EB420070472D
:10E380000028004010B50446C8200BF019FB0B2CE8
:10E3900026D2DFE804F006070A0D101316191C1F19
:10E3A000220000BF00F038F81DE000F089F81AE004
:10E3B00000F0B0F817E000F0D7F814E000F0FEF835
:10E3C00011E000F025F90EE000F04CF90BE000F050
:10E3D00073F908E000F09AF905E000F047F802E070
:10E3E00000F01AF800BF00BF09480078A04207D02B
:10E3F0000848007820B941F288300BF0E1FA03E0D8
:10E400004FF4FA700BF0DCFA0148047010BD000004
:10E410003E0300203F03002010B50024CC222046FC
:10E42000641C11490A5400222046641C0A544522E7
:10E430002046641C0A5400222046641C0A542046CC
:10E44000641C0A54DD222046641C0A54EE22204635
:10E45000641C0A5401222046641C0A5421460248C6
:10E46000F9F7D4FB10BD0000F07B002010B50024AC
:10E47000CC222046641C11490A5400222046641C08
:10E480000A5444222046641C0A540A222046641C72
:10E490000A5400222046641C0A54DD222046641CD3
:10E4A0000A54F7222046641C0A5401222046641CA8
:10E4B0000A5421460148F9F7A9FB10BDF07B002062
:10E4C00010B50024CC222046641C11490A540022B5
:10E4D0002046641C0A5444222046641C0A5402222A
:10E4E0002046641C0A5400222046641C0A54DD2283
:10E4F0002046641C0A54EF222046641C0A54012260
:10E500002046641C0A5421460148F9F77FFB10BDE0
:10E51000F07B002010B50024CC222046641C114959
:10E520000A5400222046641C0A5444222046641CDB
:10E530000A5403222046641C0A5400222046641C0C
:10E540000A54DD222046641C0A54F0222046641C32
:10E550000A5401222046641C0A5421460148F9F756
:10E5600055FB10BDF07B002010B50024CC222046C6
:10E57000641C11490A5400222046641C0A54442297
:10E580002046641C0A5404222046641C0A540022BB
:10E590002046641C0A54DD222046641C0A54F122E1
:10E5A0002046641C0A5401222046641C0A54214659
:10E5B0000148F9F72BFB10BDF07B002010B50024BB
:10E5C000CC222046641C11490A5400222046641CB7
:10E5D0000A5444222046641C0A5405222046641C26
:10E5E0000A5400222046641C0A54DD222046641C82
:10E5F0000A54F2222046641C0A5401222046641C5C
:10E600000A5421460148F9F701FB10BDF07B0020B8
:10E6100010B50024CC222046641C11490A54002263
:10E620002046641C0A5444222046641C0A540622D4
:10E630002046641C0A5400222046641C0A54DD2231
:10E640002046641C0A54F3222046641C0A5401220A
:10E650002046641C0A5421460148F9F7D7FA10BD38
:10E66000F07B002010B50024CC222046641C114908
:10E670000A5400222046641C0A5444222046641C8A
:10E680000A5407222046641C0A5400222046641CB7
:10E690000A54DD222046641C0A54F4222046641CDD
:10E6A0000A5401222046641C0A5421460148F9F705
:10E6B000ADFA10BDF07B002010B50024CC2220461E
:10E6C000641C11490A5400222046641C0A54442246
:10E6D0002046641C0A5408222046641C0A54002266
:10E6E0002046641C0A54DD222046641C0A54F5228C
:10E6F0002046641C0A5401222046641C0A54214608
:10E700000148F9F783FA10BDF07B002010B5002412
:10E71000CC222046641C11490A5400222046641C65
:10E720000A5444222046641C0A5409222046641CD0
:10E730000A5400222046641C0A54DD222046641C30
:10E740000A54F6222046641C0A5401222046641C06
:10E750000A5421460148F9F759FA10BDF07B002010
:10E7600070B52DED028BB0EE408A002400259FEDA0
:10E770005A0AF0EE408AB5EEC08AF1EE10FA04D2E1
:10E780009FED550AB0EE408A0AE0B1EE080AB4EEF9
:10E79000C08AF1EE10FA03DDB1EE080AB0EE408A4D
:10E7A000CC222046641C4D490A5401222046641C98
:10E7B0000A54B5EEC08AF1EE10FA0BD1452220467C
:10E7C000641C0A5400222046641C0A542046641C1F
:10E7D0000A541CE09FED420A28EE000AF0EE408A3F
:10E7E000B1EE080AC8EE800AF0EE608ABCEEE80AD4
:10E7F00010EE100A85B24E222046641C37490A5496
:10E800002046641C0D542A122046641C0A54DD2242
:10E810002046641C31490A540025E1B22F48F4F720
:10E82000E7FE05462046641C2C490D542A1220465A
:10E83000641C0A54A1B22948F9F7E8F9294890ED77
:10E84000000AB4EE480AF1EE10FA3AD026480078F1
:10E8500088BB244890ED000AB5EEC00AF1EE10FA2C
:10E860000FD1B1EE000AB4EEC08AF1EE10FA08DB67
:10E870001E480088C82804DB44F250600BF0A0F862
:10E8800023E0184890ED000AB4EEC08AF1EE10FAC9
:10E8900008D216480088C82804DB43F698200BF0FD
:10E8A0008FF812E011480088C82805DA44F6206085
:10E8B0000BF086F809E004E043F698200BF080F8AE
:10E8C00003E04FF4FA600BF07BF8064880ED008A15
:10E8D000BDEC028B70BD000000000000F07B00204A
:10E8E00000C06E45380300203F0300203C03002099
:10E8F00010B50024CC222046641C13490A5401227E
:10E900002046641C0A5460222046641C0A540122DA
:10E910002046641C0A5400222046641C0A54DD224E
:10E920002046641C0A540B222046641C0A5402220E
:10E930002046641C0A5421460348F9F767F9C820A9
:10E940000BF03EF810BD0000F07B002010B5002455
:10E95000CC222046641C13490A5401222046641C20
:10E960000A5461222046641C0A5401222046641C79
:10E970000A5400222046641C0A54DD222046641CEE
:10E980000A540C222046641C0A5402222046641CAD
:10E990000A5421460348F9F739F9C8200BF010F85A
:10E9A00010BD0000F07B002070B505460024002655
:10E9B000C8200BF005F8012D01DA012504E0B5F5BA
:10E9C000FA7F01DD4FF4FA75CC222046641C16490B
:10E9D0000A5401222046641C0A544B222046641C1F
:10E9E0000A542046641C0D542A122046641C0A5402
:10E9F000DD222046641C0A54E1B20B48F4F7F8FD0E
:10EA000006462046641C08490E5432122046641CF7
:10EA10000A54A1B20448F9F7F9F84FF4FA700AF071
:10EA2000CFFF0248058070BDF07B00203C03002032
:10EA30002DE9F0412DED068B0646B0EE408A0D46DD
:10EA4000002700243C20FFF7AFFFCFE0F5F71AFBCB
:10EA50000120FFF797FC9FED750AFFF781FE002D5F
:10EA600069D10A20FFF78EFC9FED710AFFF778FE4F
:10EA70004FF47A700AF0A4FF3046FFF783FC18EEDB
:10EA8000100A0FF0F5FB41EC1A0B9FED6A0B53ECEB
:10EA9000102B0EF0E7FE41EC190B0EF0B1FE08EE64
:10EAA000900AB0EE680AFFF75BFE44F620600AF0B9
:10EAB00087FFF6F7ADFF60B1B1EE080AFFF750FE31
:10EAC000601C84B2032CC0DB0120BDEC068BBDE8CA
:10EAD000F0810120FFF756FC18EE100A0FF0C8FB7A
:10EAE00041EC1A0B9FED550B53EC102B0EF0BAFEB8
:10EAF00041EC190B0EF084FE08EE900AB0EE680AA5
:10EB0000FFF72EFE0320FFF73DFC4FF44270FCF7A9
:10EB100007FA9FED4C0AFFF723FE44F620600AF047
:10EB20004FFFF5F7AFFA0120FFF72CFC9FED3F0AEE
:10EB3000FFF716FE5BE0012D58D10A20FFF722FCFB
:10EB40009FED3B0AFFF70CFE4FF47A700AF038FF96
:10EB50003046FFF717FCF7EE000A78EE200AB0EE19
:10EB6000600AFFF7FDFD44F620600AF029FFF6F782
:10EB70004FFF48B1B1EE080AFFF7F2FD601C84B206
:10EB8000032C33DB0120A0E70120FFF7FBFB18EE8D
:10EB9000100A0FF06DFB41EC1A0B9FED2B0B53ECA1
:10EBA000102B0EF05FFE41EC190B0EF029FE08EE63
:10EBB000900AB0EE680AFFF7D3FD0320FFF7E2FBEF
:10EBC0004FF44270FCF7ACF99FED210AFFF7C8FD46
:10EBD00044F620600AF0F4FEF5F754FA0120FFF73E
:10EBE000D1FB9FED120AFFF7BBFD00E02EE700BF4F
:10EBF0000A20FFF7C7FBB1EE040AFFF7B1FD0320BF
:10EC0000FFF7C0FB4FF44270FCF78AF9B6EE000A3A
:10EC1000FFF7A6FD0120FFF7B5FB9FED040AFFF704
:10EC20009FFDF5F72FFA00204FE7000000000000DD
:10EC3000CDCC4C3E666666666666E63F333333335C
:10EC40003333E33F9A99193FCDCCCCCCCCCCEC3FBD
:10EC50006666663F2DE9F0412DED068B80460D4638
:10EC60000024002600279FEDBC0AB0EE408A082051
:10EC7000BA49096848854FF4FA700AF0A1FE3C20B1
:10EC8000FFF792FE26E1F5F7FDF90A20FFF77AFB80
:10EC90009FEDB30AFFF764FD4FF47A700AF090FE1F
:10ECA000B0480068B0F8D840092C15D0142C13D007
:10ECB000162C11D0192C0FD01A2C0DD01B2C0BD0C8
:10ECC0001C2C09D01E2C07D0202C05D0232C03D0BF
:10ECD000262C01D02B2C0ED18020FCF721F9A14845
:10ECE0000068B0F8D40010B10220FCF719F9072031
:10ECF000FFF748FB8AE0022C0DD0042C0BD0222C0D
:10ED000009D0252C07D0272C05D0282C03D02C2C5B
:10ED100001D02D2C07D14FF40050FCF701F906204B
:10ED2000FFF730FB72E0012C07D0052C05D0062C34
:10ED300003D0072C01D0292C06D10220FCF7F0F8D3
:10ED40000520FFF71FFB61E0032C0FD0082C0DD02E
:10ED5000132C0BD0152C09D0182C07D01F2C05D044
:10ED6000212C03D0242C01D02A2C06D11020FCF712
:10ED7000D7F80420FFF706FB48E0172C40D179486C
:10ED80000068B0F87A0030B1012813D0022819D0F9
:10ED9000032825D11DE08020FCF7C2F871480068E7
:10EDA000B0F8D40010B10220FCF7BAF80720FFF742
:10EDB000E9FA24E04FF40050FCF7B2F80620FFF720
:10EDC000E1FA1CE00220FCF7ABF80520FFF7DAFAC5
:10EDD00015E01020FCF7A4F80420FFF7D3FA0EE0AA
:10EDE0008020FCF79DF85F480068B0F8D40010B1AF
:10EDF0000220FCF795F80720FFF7C4FA00BF05E0F2
:10EE00000220FCF78DF80520FFF7BCFA012D16D182
:10EE100054480068B0F8F00028B152480068B0F8D3
:10EE2000F000012805D102204E490968A1F86200CE
:10EE300015E001204B490968A1F862000FE049483C
:10EE40000068B0F8F00028B9022046490968A1F826
:10EE5000620004E0012043490968A1F862004148CA
:10EE60000068B0F86200022804D19FED3F0AB0EEBE
:10EE7000408A11E0022D04DC9FED3C0AB0EE408A8E
:10EE80000AE0032D04D19FED3A0AB0EE408A03E078
:10EE90009FED380AB0EE408AB0EE480AFFF760FCFA
:10EEA000F6F7B6FD98B1B1EE080AFFF759FCF5F791
:10EEB000E9F8701C86B2032E0CDB0320294909688F
:10EEC000A1F8EC000120BDEC068BBDE8F081F5F760
:10EED000D9F800E0D7E600BFF5F7D4F80120FFF736
:10EEE00051FA18EE100A0FF0C3F941EC1A0B9FED1E
:10EEF000220B53EC102B0FF0D1F841EC190B0EF054
:10EF00007FFC08EE900AB0EE680AFFF729FCF5F7DF
:10EF1000B9F84FF44270FCF703F80320FFF732FA18
:10EF20009FED170AFFF71CFC4FF44270F5F704FA47
:10EF3000F5F7A8F80120FFF725FA9FED070AFFF77C
:10EF40000FFC064800688088032803D1002003498D
:10EF5000096888800020B6E7000000007C020020DD
:10EF6000CDCC4C3E78020020666696409A99D93FF7
:10EF70009A99993FCDCC2C409A9999999999B93FF2
:10EF80009A99193F70B52DED028B0446B0EE408A78
:10EF900000256420FFF708FD0120FFF7F3F99FED3E
:10EFA0001E0AFFF7DDFB0A20FFF7ECF9B7EE000AB7
:10EFB000FFF7D6FB4FF47A700AF002FD032C03D161
:10EFC0004FF44270FBF7ACFF2046FFF7DBF96420FB
:10EFD000FFF7EAFCF7EE000A78EE200AB0EE600ACE
:10EFE000FFF7BEFB0120FBF79BFF0C480068B0F861
:10EFF000D60018B14FF48050FBF792FFC820FFF7FE
:10F00000D3FC9FED050AFFF7ABFBF5F73BF80020BB
:10F01000BDEC028B70BD00000000000078020020F3
:10F020002DE9F04104460D4600260327F5F72AF89E
:10F030000A20FFF7A7F905B10927C820FFF7B4FC9C
:10F04000002641E00A20FFF79DF99FED240AFFF713
:10F0500087FB4FF47A700AF0B3FC4FF44270FBF771
:10F060005FFF4FF4FA700AF0ABFC0320FFF78AF958
:10F07000B1EE080AFFF774FB4FF47A700AF0A0FCB7
:10F080004FF44270F5F758F934B10220FFF77AF9DE
:10F090000120FBF745FF06E00120FFF773F94FF46D
:10F0A0008050FBF73DFF9FED0E0AFFF759FB012053
:10F0B000F5F742F94FF48050F5F73EF94FF47A70C6
:10F0C0000AF07EFC701C86B2BE42BBDBF4F7DAFFAE
:10F0D0000120FFF757F9BDE8F0810000CDCC4C3E90
:10F0E0000000000070B5002400260025924800684A
:10F0F000B0F8EE0008B9002070BD07208F490968FC
:10F1000048854FF4FA700AF05BFC0CE1F4F7BAFFA3
:10F110006420FFF749FC0A20FFF734F99FED880AC5
:10F12000FFF71EFB4FF47A700AF04AFC8248006831
:10F13000B0F8D840092C15D0142C13D0162C11D0AF
:10F14000192C0FD01A2C0DD01B2C0BD01C2C09D035
:10F150001E2C07D0202C05D0232C03D0262C01D028
:10F160002B2C0ED18020FBF7DBFE73480068B0F833
:10F17000D40010B10220FBF7D3FE0720FFF702F9FD
:10F180008AE0022C0DD0042C0BD0222C09D0252C87
:10F1900007D0272C05D0282C03D02C2C01D02D2CC7
:10F1A00007D14FF40050FBF7BBFE0620FFF7EAF84B
:10F1B00072E0012C07D0052C05D0062C03D0072CBB
:10F1C00001D0292C06D10220FBF7AAFE0520FFF76B
:10F1D000D9F861E0032C0FD0082C0DD0132C0BD0E4
:10F1E000152C09D0182C07D01F2C05D0212C03D0AA
:10F1F000242C01D02A2C06D11020FBF791FE0420EC
:10F20000FFF7C0F848E0172C40D14B480068B0F831
:10F210007A0030B1012813D0022819D0032825D153
:10F220001DE08020FBF77CFE43480068B0F8D40066
:10F2300010B10220FBF774FE0720FFF7A3F824E0CB
:10F240004FF40050FBF76CFE0620FFF79BF81CE024
:10F250000220FBF765FE0520FFF794F815E010206B
:10F26000FBF75EFE0420FFF78DF80EE08020FBF731
:10F2700057FE31480068B0F8D40010B10220FBF707
:10F280004FFE0720FFF77EF800BF05E00220FBF7E6
:10F2900047FE0520FFF776F89FED2A0AFFF760FA90
:10F2A000F4F7F0FEF6F7B4FB70B1B1EE080AFFF721
:10F2B00057FA701C86B2032E2CDB02201E49096807
:10F2C000A1F8EC00012017E70120FBF729FE1A48FE
:10F2D0000068B0F8D60018B14FF48050FBF720FE5C
:10F2E0000220FFF74FF8C820FFF75EFB9FED160ADC
:10F2F000FFF736FA0120F5F71FF84FF48050F5F7C5
:10F300001BF8681C85B20C480068B0F8EE00A842F3
:10F3100000DC09E00120FFF735F8F4F7B3FE9FEDBC
:10F320000A0AFFF71DFAF1E600BF0120FFF72AF8ED
:10F33000F4F7A8FE0020DFE6780200207C0200201F
:10F34000CDCC4C3E66668640000000002DE9F041C1
:10F350002DED028B0024002600270025A04600206A
:10F36000F9490870F9490968A1F8FC00F4F78AFE28
:10F370000120F74909684885FFF704F8FFF7E6FA26
:10F380009FEDF40AFFF7ECF94FF47A700AF018FBDE
:10F390000120EE490968A1F8FC0000210846FFF7AA
:10F3A0003FFE0220E9490968A1F8FC000120FEF7B0
:10F3B000E9FF6420FFF7F8FA9FEDE60AFFF7D0F9BE
:10F3C000FFF796FAB0EE000AFFF7CAF9FFF7BEFAA8
:10F3D0009FEDE00AFFF7C4F9FFF78AFAB1EE080AD9
:10F3E000FFF7BEF9FFF7B2FA9FEDDA0AFFF7B8F9B7
:10F3F0000520D6490968A1F8FC00D4480068B0F897
:10F40000D80001281ED1D1480068B0F8E800C8B182
:10F410000420CF49096848854FF4FA700AF0D0FA01
:10F420004FF48040FBF77CFDC8490968B1F8E8104B
:10F430004FF47A7201FB02F00AF0C2FA4FF48040F6
:10F44000F4F77AFF9FEDC40AC048006880ED240AF3
:10F450009FEDC20ABD48006880ED250A9FEDC00AF5
:10F46000BA48006880ED260A3220B8490968A1F838
:10F470006C00B648006890F86C203C2300210846D8
:10F48000FDF734FD0620B1490968A1F8FC0007200A
:10F49000AE490968A1F8FC00FFF724FE20B1012065
:10F4A000BDEC028BBDE8F0810820A8490968A1F8ED
:10F4B000FC0004210020FFF7CDFB08B10120EFE79D
:10F4C0000920A2490968A1F8FC000A209F4909689F
:10F4D000A1F8FC0000F070FB08B10120E0E70B2070
:10F4E0009A490968A1F8FC000C20994909684885E7
:10F4F0004FF4FA700AF064FA0021B0EE000A082016
:10F50000FFF796FA044634B10E2090490968A1F835
:10F51000EC000120C4E70C208C490968A1F8FC002C
:10F520000E208B49096848854FF4FA700AF048FAB2
:10F530000121B0EE000A0920FFF77AFA064636B13B
:10F54000102082490968A1F8EC000120A8E7F4F72F
:10F5500099FD0F207D490968A1F8FC006420FFF7A0
:10F5600023FA0120FEF70EFF9FED7A0AFFF7F8F865
:10F57000002415E00A20FEF705FFB1EE080AFFF7A8
:10F58000EFF80320FEF7FEFE4FF44270FBF7C8FCD5
:10F590009FED700AFFF7E4F8F4F774FD601C84B285
:10F5A000022CE7DB0120FEF7EDFE6420FFF7FCF9FB
:10F5B00015206749096848854FF4FA700AF000FA87
:10F5C000002006F02DFB9FED670A6048006880ED83
:10F5D000240AB2EE020A5D48006880ED250A9FED1C
:10F5E000620A5A48006880ED260AA5205749096832
:10F5F000A1F86C000F2055490968A1F86E00534826
:10F600000068B0F86E0003B25048006890F86C20B3
:10F6100000210846FDF74EFC8046B8F1000F15D1D9
:10F6200010204A490968A1F8FC004848006890ED9C
:10F63000210ADFED4E0AB4EEE00AF1EE10FA05D22F
:10F640001720434909688880012029E711203F4994
:10F650000968A1F8FC00002006F0E2FA16203C49F7
:10F66000096848854FF4FA700AF0AAF94FF48060EF
:10F67000FBF756FC0024002622E04FF47A700AF0D3
:10F680009FF9601C84B23148006890ED210ADFEDDB
:10F69000380AB4EEE00AF1EE10FA00D811E040F2B8
:10F6A000DC50844205DD2120294909688880012039
:10F6B000F6E6002006F0B4FA4FF48060FBF730FC69
:10F6C000DBE700BF4FF4FA700AF07AF94FF480607C
:10F6D000F4F732FE12201D490968A1F8FC00102041
:10F6E0001B49096848854FF4FA700AF069F900244B
:10F6F00021E04FF47A700AF063F9601C84B2134879
:10F70000006890ED210ADFED1B0AB4EEE00AF1EE8D
:10F7100010FA00D810E0B4F5167F05DD21200C4961
:10F72000096888800120BBE6B4F5967F03DD4FF4BD
:10F730008060FBF7F5FBDCE700BF4FF48060F4F777
:10F74000FBFD0025002420E03F030020780200207C
:10F750007C020020000000000000FA439A99993EC4
:10F760000000FA44000061450080BB4400004442B0
:10F770003333474200004642FE480068408B054450
:10F78000C8200AF01DF9601C84B20A2CF4DB0A20A0
:10F79000B5FBF0F5F74909680D861320F6490968AD
:10F7A000A1F8FC009FEDF50AF348006880ED240AFB
:10F7B000B1EE080AF048006880ED250A9FEDF00AD6
:10F7C000ED48006880ED260A3220EB490968A1F86F
:10F7D0006C000020E8490968A1F86E00E64800685E
:10F7E000B0F86E0003B2E448006890F86C20002185
:10F7F0000846FDF77BFB1120DE49096848854FF478
:10F80000FA700AF0DDF800210846FFF709FC122023
:10F81000D849096848854FF4FA700AF0D1F8F4F72E
:10F8200031FCD5480068B0F8F60020B1D248006835
:10F83000B0F8F67000E00127C820FFF7B5F8012006
:10F84000FEF7A0FD1FED3D0AFEF78AFF4FF47A7028
:10F850000AF0B6F8002630E0002422E01020FBF782
:10F860005FFB0420FEF78EFDB1EE080AFEF778FF7D
:10F87000F4F708FC4FF4FA700AF0A2F84FF4427063
:10F88000FBF74EFB0320FEF77DFD1FED4E0AFEF752
:10F8900067FFF4F7F7FB4FF4FA700AF091F8601C79
:10F8A00084B2022CDADB00210846FFF7B9FB4FF4E3
:10F8B000FA700AF085F8701C86B2BE42CCDB1420C8
:10F8C000AD490968A1F8FC00F4F7DCFB002422E054
:10F8D0001020FBF725FB0420FEF754FDB1EE080ACB
:10F8E000FEF73EFFF4F7CEFB4FF4FA700AF068F82B
:10F8F0004FF44270FBF714FB0320FEF743FD1FEDAE
:10F900006B0AFEF72DFFF4F7BDFB4FF4FA700AF017
:10F9100057F8601C84B2022CDADB13209549096881
:10F9200048854FF4FA700AF04BF8002006F078F999
:10F930009FED920A9048006880ED240AB1EE080A13
:10F940008D48006880ED250A9FED8D0A8A48006881
:10F9500080ED260A322088490968A1F86C00002051
:10F9600085490968A1F86E0083480068B0F86E0008
:10F9700003B28148006890F86C2000210846FDF72A
:10F98000B5FA002400265BE04FF47A700AF018F80C
:10F99000601C84B27848006890ED210A10EE101ABD
:10F9A00008460EF065FC41EC180B9FED760B53EC0E
:10F9B000102B0EF031FB00D843E0B4F5967F36DD16
:10F9C0006D48006890ED210AF3EE090AB4EEE00AF2
:10F9D000F1EE10FA2BD256BB01269FED680A66485D
:10F9E000006880ED240AB1EE080A6348006880EDE3
:10F9F000250A9FED630A6048006880ED260A3220E0
:10FA00005D490968A1F86C0000205B490968A1F80C
:10FA10006E0059480068B0F86E0003B2564800689E
:10FA200090F86C2000210846FDF760FA08E0B4F574
:10FA3000167F05DD17204F490968888001202FE5D2
:10FA4000A2E700BF002006F0EBF84FF48060FBF760
:10FA500067FA00240026152047490968A1F8FC0030
:10FA600063E04FF47A7009F0ABFF601C84B2424847
:10FA7000006890ED210A10EE101A08460EF0F8FB0F
:10FA800041EC180B9FED410B53EC102B0EF08AF953
:10FA900000D84BE0B4F5967F36DD3748006890ED2E
:10FAA000210AF3EE090AB4EEE00AF1EE10FA2BD2C5
:10FAB00056BB01269FED310A2F48006880ED240ACD
:10FAC000B1EE080A2C48006880ED250A9FED2C0A4B
:10FAD0002948006880ED260A322027490968A1F8E4
:10FAE0006C00002024490968A1F86E0022480068D3
:10FAF000B0F86E0003B22048006890F86C20002136
:10FB00000846FDF7F3F909E040F2DC50844205DDD8
:10FB100021201849096888800120C1E4002006F0EE
:10FB20007FF84FF48060FBF7FBF99AE700BF4FF4D2
:10FB30008060F4F701FC0A20FCF7F0FC4FF47A70C7
:10FB400009F03EFF0025002408E00A480068408BC9
:10FB50000544C82009F034FF601C84B20A2CF4DB91
:10FB60000A20B5FBF0F5034909684D8600200149DC
:10FB700009680FE07C0200207802002000806D45BB
:10FB8000000048443333333333F34840000000006F
:10FB900000C04840888041F2883009F011FF64209D
:10FBA00004490968A1F8FC004FF4FA70F2F782FEEC
:10FBB000002075E47802002070B5002500243E483E
:10FBC0000068B0F8F00020B1012803D0022805D168
:10FBD00002E000BF012503E0022501E0012500BF8E
:10FBE00000BF022D66D109203449096848854FF4C9
:10FBF000FA7009F0E5FE0021B1EE000A0420FEF7DC
:10FC000017FF044634B10C202B490968A1F8EC0019
:10FC1000012070BDB0EE000A0320FFF7B3F90446DF
:10FC20000CB10120F5E74FF44270FBF779F903209E
:10FC3000FEF7A8FBC820FEF7B7FEB1EE080AFEF7F4
:10FC40008FFD4FF44270F4F777FB0120FBF768F962
:10FC500019480068B0F8D60018B14FF48050FBF78F
:10FC60005FF90220FEF78EFBB0EE040AFEF778FD86
:10FC70004FF47A7009F0A4FEF4F704FA4FF47A70A6
:10FC800009F09EFE4FF44270FBF74AF90320FEF79D
:10FC900079FBB6EE000AFEF763FD4FF44270F4F70D
:10FCA0004BFBF4F7EFF90020FEF76CFB9FED040A25
:10FCB000FEF756FD0020ACE7780200207C02002011
:10FCC000000000002DE9F04781468A460024002507
:10FCD00000260027A046032005F0A0F84BE042F2E2
:10FCE000107800BF4FF480412A48F8F719FE20B180
:10FCF000B8F10000A8F10108F4DA42F21070A0EBAC
:10FD0000080025490860F0F7F8FD0746022005F0D5
:10FD100085F83E4421482249096840F8217042F2A2
:10FD2000107800BF4FF480411A48F8F7F9FD20B170
:10FD3000B8F10000A8F10108F4DA42F21070A0EB6B
:10FD4000080015490860F0F7D8FD0746032005F0C4
:10FD500065F83D44124801680068401C104A106074
:10FD6000104840F821701046007800F07F001146DE
:10FD70000860601C84B25445B1DB95FBF4F596FB3A
:10FD8000F4F62D123612A9F80250A9F80060BDE869
:10FD9000F087000000100240F4020020747500207B
:10FDA000F80200207473002070B504460D46294601
:10FDB0002046FFF787FF70BD2DE9FF4106460F463D
:10FDC0000024002502A903A800F066F8A0460CE074
:10FDD0003222694601A800F01FF8BDF8040004446F
:10FDE000BDF80000054408F10108B8F10A0FEFDB87
:10FDF000641D6D1D0A20B4FBF0F0BDF80C10401A14
:10FE000030800A20B5FBF0F0BDF80810401A3880A9
:10FE1000012004B0BDE8F0812DE9F04106460F460F
:10FE20009046404605F024FC4FF47A71184800686B
:10FE300009F0CEFE48BB174C0A2522E002E0641C04
:10FE4000681EC5B22078552801D0002DF7D115B90C
:10FE50000020BDE8F0810721601CFAF77DFE217AC1
:10FE600088420BD16079217900EB01203080E07964
:10FE7000A17900EB012038800120EAE7641C681EAC
:10FE8000C5B2002DDAD10020E3E70020E1E7000051
:10FE900044040020707B00202DE9FC4106460F46FB
:10FEA00000240025A0460CE06422694601A800F069
:10FEB00019F8BDF804000444BDF80000054408F139
:10FEC0000108B8F10A0FEFDB641D6D1D0A20B4FBB9
:10FED000F0F030800A20B5FBF0F038800120BDE85A
:10FEE000FC8100002DE9F04106460F469046404651
:10FEF00005F0D8FB4FF47A711848006809F068FEE5
:10FF000048BB174C0A2522E002E0641C681EC5B2FB
:10FF10002078552801D0002DF7D115B90020BDE873
:10FF2000F0810721601CFAF717FE217A88420BD175
:10FF30006079217900EB01203080E079A17900EB34
:10FF4000012038800120EAE7641C681EC5B2002D3C
:10FF5000DAD10020E3E70020E1E7000044040020BC
:10FF6000707B002010B5552008490880AA204880E1
:10FF70000B46022200210120FAF7BCFC0446002CAB
:10FF800002DB0248006810BD2046FCE73003002079
:10FF9000014611B10020088048806FF0630070476F
:10FFA00010B5044621460720F0F7F6FD0248006828
:10FFB0008480012010BD00007C02002010B50446A2
:10FFC0000DF0B8F81449086008460068134909683C
:10FFD000401A114908600846008811490968A1F8CB
:10FFE00058000D4800680A21B0FBF1F00A4908608A
:10FFF000084600680B490968B0FBF1F00649086043
:020000040805ED
:1000000008460068642801D9642008600248008816
:1000100003490968088510BDC4020020C002002001
:100020007C020020BC02002010B515220021012016
:10003000FAF765FC10BD000010B52DED068B4548A4
:100040000068007860B140F6D27243494348F8F73F
:100050006FFB41494148F8F778FBBDEC068B10BDBA
:100060003F480068007848B164223B493B48F8F7B4
:100070005FFB39493948F8F768FBEEE73948006813
:10008000007820B13848006890ED318A03E03648A6
:10009000006890ED308A34480068D0ED348A88EEEC
:1000A000280AB0EE408AB3EE000A28EE000AB0EE4D
:1000B000408A2D48006890ED330AF1EE000A30EED8
:1000C000C00A30EE080AB0EE408A9FED280A28EEFA
:1000D000000AB0EE408A2448006890ED320A2248B7
:1000E0000068D0ED330A30EE600AC8EE000AB0EEC8
:1000F000608A9FED1F0A38EE000AB0EE408AB5EE26
:10010000C08AF1EE10FA03D29FED1A0AB0EE408ACF
:1001100018EE100A0EF0ACF841EC1A0B9FED160B1E
:1001200053EC102B0DF09EFB41EC190B0DF0E2FD92
:1001300084B2B4F5805F01DB40F6FF7422460649C5
:100140000648F8F7F5FA04490448F8F7FEFA00BF44
:1001500083E70000E002002001001002007400406C
:10016000E4020020DC0200207802002000E0764556
:100170000000C84200000000000000000000E03F56
:100180000024F3F77FFF05F01FFD002005F048FD78
:1001900085E04348008800285FDD9620F2F78AFB5F
:1001A000962009F00DFC9620F2F784FB3C4800886D
:1001B0000C2838D2DFE800F037060D141B22373741
:1001C0002937373000203649088002F059F90446B3
:1001D0003CE000203249088003F062FE044635E02E
:1001E00000202F49088000F093F904462EE00020FB
:1001F0002B49088002F0FEFE044627E00020284933
:10020000088000F023FF044620E0002024490880F5
:10021000FFF79CF8044619E0002021490880F6F712
:1002200037FC044612E000201D490880002409E044
:100230004FF49670F2F73EFB4FF4967009F0C0FB56
:10024000601C84B2032CF3DB002400BF00BF24B188
:10025000652014490968A1F8FC00F3F733FBD0B11D
:100260001148006809F0B4F90546032D01D0022DAC
:1002700010D104F043FD0C4800680BF0A9F84FF4CE
:10028000967009F09DFB094A0021094809F047FED4
:100290000549086000BF4FF47A7009F091FB78E7D8
:1002A0004C030020780200200804002038F30508E1
:1002B000F9D1040870B50024002500269148006893
:1002C000B0F8EE0008B9002070BD07208E4909681B
:1002D00048854FF4FA7009F073FBEDE0F3F7D2FEB6
:1002E00088480068B0F8D840092C15D0142C13D0D9
:1002F000162C11D0192C0FD01A2C0DD01B2C0BD072
:100300001C2C09D01E2C07D0202C05D0232C03D068
:10031000262C01D02B2C0CD18020FAF701FE794835
:100320000068B0F8D400002873D00220FAF7F8FD76
:100330006FE0022C0DD0042C0BD0222C09D0252CE0
:1003400007D0272C05D0282C03D02C2C01D02D2C05
:1003500004D14FF40050FAF7E3FD5AE0012C07D026
:10036000052C05D0062C03D0072C01D0292C03D155
:100370000220FAF7D5FD4CE0032C0FD0082C0DD04D
:10038000132C0BD0152C09D0182C07D01F2C05D0FE
:10039000212C03D0242C01D02A2C03D11020FAF7D1
:1003A000BFFD36E0172C31D156480068B0F87A000E
:1003B00030B1012810D0022813D0032819D114E03D
:1003C0008020FAF7ADFD4F480068B0F8D40010B1B6
:1003D0000220FAF7A5FD18E04FF40050FAF7A0FD4F
:1003E00013E00220FAF79CFD0FE01020FAF798FDC9
:1003F0000BE08020FAF794FD42480068B0F8D40082
:1004000010B10220FAF78CFD00BF02E00220FAF7DB
:1004100087FD4FF4C8703B490968A1F8720040F2AB
:10042000145038490968A1F85C0001203549096871
:10043000A1F86200334B1B68B3F86220314B1B6894
:10044000B3F95C102F4B1B68B3F8720009F012F976
:100450002D4909688880F3F715FE2B4800688088CD
:1004600050B1681C85B2032D26DB0220254909689E
:10047000A1F8EC00012027E70120FAF751FD2148FF
:100480000068B0F8D60018B14FF48050FAF748FD74
:10049000FA211E48FDF782FC0120F3F74DFF4FF4CF
:1004A0008050F3F749FF701C86B216480068B0F818
:1004B000EE00B04200DC00E010E700BFF3F7E2FD21
:1004C0004FF44270FAF72CFD642140F21450FDF70E
:1004D00065FC4FF44270F3F72FFF0120FAF720FD7F
:1004E00008480068B0F8D60018B14FF48050FAF709
:1004F00017FDC8210548FDF751FCF3F7C3FD0020A7
:10050000E2E60000780200207C02002024FAFFFFCF
:100510002DE9F0412DED048B82B000240026002748
:100520000025A0460020F8490968A1F8FC00F3F76F
:10053000A9FD0120F549096848854FF4FA7009F0D2
:100540003FFA4FF48050FAF7EBFCFA21F048FDF740
:1005500025FC4FF48050F3F7EFFE0120EA490968CB
:10056000A1F8FC0000210846FAF7DEFD96214FF4C1
:100570007A70FDF713FC4FF44270FAF7D1FC962124
:100580004FF47A70FDF70AFC4FF44270F3F7D4FE93
:100590000120FAF7C5FCDC480068B0F8D60018B1B5
:1005A0004FF48050FAF7BCFCFA21D948FDF7F6FB6E
:1005B0000120F3F7C1FED4480068B0F8D60018B1A6
:1005C0004FF48050F3F7B8FE9621D148FDF7E6FBD3
:1005D0000120FAF7A5FCCC480068B0F8D60018B1A5
:1005E0004FF48050FAF79CFC9621C948FDF7D6FBE2
:1005F0000120F3F7A1FEC4480068B0F8D60018B196
:100600004FF48050F3F798FE0220BF490968A1F823
:10061000FC00BD480068B0F8D840082C0DD0132C61
:100620000BD0152C09D0182C07D01D2C05D01F2C51
:1006300003D0212C01D02A2C7DD10320B249096896
:10064000A1F8FC000220B149096848854FF4FA700E
:1006500009F0B6F9002421E01020F3F76DFE012027
:10066000FAF75EFCA8480068B0F8D60018B14FF45D
:100670008050FAF755FC4FF49671A548FDF78EFBB4
:100680000120F3F759FEA0480068B0F8D60018B171
:100690004FF48050F3F750FE601C84B2032CDBDB78
:1006A00096219B48FDF77AFB0120FAF739FC964822
:1006B0000068B0F8D60018B14FF48050FAF730FC5B
:1006C00096219348FDF76AFB0120F3F735FE8E482B
:1006D0000068B0F8D60018B14FF48050F3F72CFE44
:1006E00003208A49096848854FF4FA7009F068F9CF
:1006F000002434E0042084490968A1F8FC00F2F7E2
:1007000085FF4FF47A7009F05BF980480068808BB0
:10071000B0F5966F14DB7D480068808BB0F5AF6F45
:100720000EDC7A480068C08BB0F5966F08DB77481E
:100730000068C08B00E07DE0B0F5AF6F00DC0FE03B
:100740002046611C8CB2032809DB01206E49096830
:10075000A1F8EC0002B0BDEC048BBDE8F081C9E764
:1007600000BF6A480068808B67490968A1F8DA0011
:1007700066480068C08B64490968A1F8DC006349D9
:100780000968888B0DF0FAFA41EC190B9FED610BAB
:1007900053EC102B0DF042FB41EC180B0DF0AAFAB4
:1007A00059490968A1F8DE0058490968C88B0DF05D
:1007B000E5FA41EC190B9FED570B53EC102B0DF0A4
:1007C0002DFB41EC180B0DF095FA4F490968A1F883
:1007D000E0004E490968888B0DF0D0FA41EC190B06
:1007E0009FED4E0B53EC102B0DF018FB41EC180B4A
:1007F0000DF080FA44490968A1F8E200434909680C
:10080000C88B0DF0BBFA41EC190B9FED440B53EC78
:10081000102B0DF003FB41EC180B0DF06BFA3A496D
:100820000968A1F8E400012037490968A1F8E60049
:1008300004F064FA052034490968A1F8FC00324844
:100840000068B0F8D80001281ED12F480068B0F821
:10085000E800C8B104202D49096848854FF4FA70B2
:1008600009F0AEF84FF48040FAF75AFB26490968C0
:10087000B1F8E8104FF47A7201FB02F009F0A0F829
:100880004FF48040F3F758FD9FED260A1E4800689C
:1008900080ED240A9FED240A1B48006880ED250A9C
:1008A0009FED220A1848006880ED260A322016497A
:1008B0000968A1F86C001448006890F86C203C238B
:1008C00000210846FCF712FB06200F490968A1F831
:1008D000FC00F2F711F908B101203BE707200A49B3
:1008E0000968A1F8FC00FFF7E5FC08B1012031E739
:1008F000082005490968A1F8FC0000210846F2F724
:1009000097FAA8B1012025E7780200207C02002098
:1009100050FBFFFF333333333333F33F000000002A
:100920000000E03F0000FA439A99993E0000FA4423
:100930000920FE490968A1F8FC00F4F74FFD0A20E0
:10094000FA490968A1F8FC0006F0AAF908B10120EB
:1009500000E70B20F5490968A1F8FC000C20F449D8
:10096000096848854FF4FA7009F02AF814204FF40A
:10097000C87101236FF02702CDE900104FF4167102
:100980000420F1F7ADFF04460CB10120E2E60C2093
:10099000E6490968A1F8FC000B20E549096848858B
:1009A0004FF4FA7009F00CF84FF4C87302224FF4B8
:1009B00016711020F3F7D2FA04460CB10120C9E6F3
:1009C0000D20DA490968A1F8FC000E20D849096811
:1009D00048854FF4FA7008F0F3FF14204FF4C87103
:1009E00001236FF02702CDE900104FF4167120208B
:1009F000F1F776FF06460EB10120ABE6F3F742FBB6
:100A00002020FAF78DFA0221CA48FDF7C7F9F3F75B
:100A100039FB0F20C5490968A1F8FC001520C4491D
:100A2000096848854FF4FA7008F0CAFF002005F005
:100A3000F7F89FEDC10ABD48006880ED240AB2EEC8
:100A4000020ABA48006880ED250A9FEDBC0AB74843
:100A5000006880ED260AA520B4490968A1F86C0059
:100A60000F20B2490968A1F86E00B0480068B0F8DC
:100A70006E0003B2AD48006890F86C200021084673
:100A8000FCF718FA8046B8F1000F15D11020A749DD
:100A90000968A1F8FC00A548006890ED210ADFED87
:100AA000A80AB4EEE00AF1EE10FA05D21720A04928
:100AB0000968888001204DE611209C490968A1F849
:100AC000FC00002005F0ACF816209949096848851B
:100AD0004FF4FA7008F074FF4FF48060FAF720FAD0
:100AE0000024002622E04FF47A7008F069FF601CB1
:100AF00084B28E48006890ED210ADFED920AB4EED0
:100B0000E00AF1EE10FA00D811E040F2DC50844225
:100B100005DD212086490968888001201AE6002029
:100B200005F07EF84FF48060FAF7FAF9DBE700BFD2
:100B30004FF4FA7008F044FF4FF48060F3F7FCFBC9
:100B400012207A490968A1F8FC0010207849096848
:100B500048854FF4FA7008F033FF00241AE04FF490
:100B60007A7008F02DFF601C84B27048006890ED28
:100B7000210ADFED750AB4EEE00AF1EE10FA00D8B2
:100B800009E0B4F5167F05DD2120694909688880F0
:100B90000120DFE5E3E700BF0025002408E064480A
:100BA0000068408B0544C82008F00AFF601C84B22E
:100BB0000A2CF4DB0A20B5FBF0F55D4909680D86C7
:100BC00013205A490968A1F8FC009FED600A5748B4
:100BD000006880ED240AB1EE080A5448006880EDF0
:100BE000250A9FED5B0A5148006880ED260A3220F5
:100BF0004E490968A1F86C0000204C490968A1F829
:100C00006E004A480068B0F86E0003B247480068BA
:100C100090F86C2000210846FCF768F9112044493F
:100C2000096848854FF4FA7008F0CAFE00210846AA
:100C3000FAF77AFA12203E49096848854FF4FA70AB
:100C400008F0BEFEF3F71EFA38480068B0F8F60068
:100C500020B136480068B0F8F67000E001270026A1
:100C600049E000243BE01020FAF75AF94FF4C8702D
:100C70002E490968A1F872004FF416702B490968D3
:100C8000A1F85C00022029490968A1F86200274BFD
:100C90001B68B3F86220254B1B68B3F95C10234B2B
:100CA0001B68B3F8720008F0E5FC214909688880E8
:100CB000F3F7E8F94FF4FA7008F082FE4FF442704F
:100CC000FAF72EF94FF496712248FDF767F8F3F71B
:100CD000D9F94FF4FA7008F073FE601C84B2032C4B
:100CE000C1DB00210846FAF71FFA4FF4FA7008F04A
:100CF00067FE701C86B2BE42B3DB14200B49096844
:100D0000A1F8FC00F3F7BEF9002452E01020FAF736
:100D100007F94FF4C87005490968A1F872004FF44B
:100D2000167002490968A1F85C0015E078020020FD
:100D30007C020020A8FDFFFF000061450080BB444D
:100D400000004442333347420000464200806D4574
:100D50000000484450FBFFFF0220B5490968A1F894
:100D60006200B34B1B68B3F86220B14B1B68B3F948
:100D70005C10AF4B1B68B3F8720008F07BFCAD4908
:100D800009688880F3F77EF94FF4FA7008F018FECE
:100D90004FF44270FAF7C4F84FF49671A648FCF786
:100DA000FDFFF3F76FF94FF4FA7008F009FE601CCD
:100DB00084B2032CAADB13209E49096848854FF4AE
:100DC000FA7008F0FDFD002004F02AFF1FED210A53
:100DD0009748006880ED240AB1EE080A944800683C
:100DE00080ED250A1FED260A9148006880ED260A4D
:100DF00032208F490968A1F86C0000208C490968ED
:100E0000A1F86E008A480068B0F86E0003B2884806
:100E1000006890F86C2000210846FCF767F8002471
:100E200000265BE04FF47A7008F0CAFD601C84B2C3
:100E30007F48006890ED210A10EE101A08460DF068
:100E400017FA41EC180B9FED7D0B53EC102B0DF0B6
:100E5000E3F800D843E0B4F5967F36DD74480068C7
:100E600090ED210AF3EE090AB4EEE00AF1EE10FA71
:100E70002BD256BB01261FED4B0A6D48006880ED52
:100E8000240AB1EE080A6A48006880ED250A1FEDC1
:100E9000500A6748006880ED260A322064490968D4
:100EA000A1F86C00002062490968A1F86E00604852
:100EB0000068B0F86E0003B25D48006890F86C20DE
:100EC00000210846FCF712F808E0B4F5167F05DDAE
:100ED000172058490968888001203BE4A2E700BF39
:100EE000002004F09DFE4FF48060FAF719F800240A
:100EF000002615204E490968A1F8FC0063E04FF474
:100F00007A7008F05DFD601C84B24948006890ED7D
:100F1000210A10EE101A08460DF0AAF941EC180B40
:100F20009FED480B53EC102B0CF03CFF00D84BE02E
:100F3000B4F5967F36DD3E48006890ED210AF3EE69
:100F4000090AB4EEE00AF1EE10FA2BD256BB0126E4
:100F50001FED820A3648006880ED240AB1EE080AC7
:100F60003348006880ED250A1FED870A3048006885
:100F700080ED260A32202E490968A1F86C00002075
:100F80002B490968A1F86E0029480068B0F86E0086
:100F900003B22748006890F86C2000210846FBF750
:100FA000A5FF09E040F2DC50844205DD2120214903
:100FB00009688880012090E4002004F031FE4FF49D
:100FC0008060F9F7ADFF9AE700BF4FF48060F3F758
:100FD000B3F90A20FBF7A2FA4FF47A7008F0F0FC9C
:100FE0000025002408E013480068408B0544C82011
:100FF00008F0E6FC601C84B20A2CF4DB0A20B5FB86
:10100000F0F50C4909684D8600200A490968888076
:1010100041F2883008F0D4FC642005490968A1F841
:10102000FC004FF4FA70F1F745FC002055E4000095
:10103000780200207C02002050FBFFFF3333333363
:1010400033F348400000000000C048402DE9F04F55
:101050002DED048B87B000240026A246A046002078
:101060000690814600250027059004900390834652
:10107000FE490968A1F8FC00F3F704F84FF42F705B
:10108000FA490968A1F8560040F21450F749096876
:10109000A1F858003A20F649096848854FF4FA70DB
:1010A00008F08EFC4FF48020F3F746F904F000FEC0
:1010B0004FF47A7008F084FC00BF00BF4FF4FA7060
:1010C00008F07EFC641C40F22D10E849096888860F
:1010D000E848E6490968086304F03EF8C82008F0CB
:1010E0006FFCE2490968086BF9F719FCC82008F0A1
:1010F00067FCFEF737FF81464FF4FA7008F060FC9A
:10110000FEF730FF05464D4503D115B1B4F5167F06
:10111000D4D300243DE04FF47A7008F051FC641CF5
:10112000FEF720FFD24909688860D14800688068CE
:101130000A2805DACE4800688068002800DB29E02C
:10114000782C09D91E20CA4909688880012007B077
:10115000BDEC048BBDE8F08F3C2C04D8C44800687B
:101160008068801CA8B94FF49770C04909688886C8
:10117000C048BE490968086303F0EEFFC82008F0C4
:101180001FFCBA490968086BF9F7C9FBC82008F0C9
:1011900017FCC0E700BF4FF48020F9F7C1FE002420
:1011A00000BF4FF4FA7008F00BFC641C40F22F10E3
:1011B000AE49096888864BF68030AC4909680863F7
:1011C00003F0CAFFC82008F0FBFBA8490968086BB8
:1011D000F9F7A5FBC82008F0F3FBFEF7C3FE814634
:1011E0004FF4FA7008F0ECFBFEF7BCFE05464D45E7
:1011F00006D14BF67630854202DAB4F5167FD0D3AD
:101200004FF4FA7008F0DCFB3FE04FF47A7008F01E
:10121000D7FB641CFEF7A6FE9549096888609448D0
:10122000006880684BF67631884204DD4FF47A70AE
:1012300008F0C6FB2AE0B42C05D91E208C490968A9
:101240008880012083E7782C04D88948006880686A
:10125000801CD0B94FF47A7008F0B2FB4FF498704C
:101260008249096888864BF680308049096808639E
:1012700003F072FFC82008F0A3FB7C490968086BE3
:10128000F9F74DFBC82008F09BFBBEE700BF4FF409
:101290008020F3F751F8012075490968488500035B
:1012A000F9F73EFEFA217448FCF778FD4FF48050C0
:1012B000F3F742F801206D490968A1F8FC0001210B
:1012C0000020F9F731FF962140F21450FCF766FD3B
:1012D0004FF44270F9F724FE962140F21450FCF7C7
:1012E0005DFD4FF44270F3F727F80120F9F718FE7F
:1012F0005E480068B0F8D60018B14FF48050F9F796
:101300000FFEFA215C48FCF749FD0120F3F714F8C1
:1013100056480068B0F8D60018B14FF48050F3F783
:101320000BF896215448FCF739FD0120F9F7F8FD38
:101330004E480068B0F8D60018B14FF48050F9F765
:10134000EFFD96214C48FCF729FD0120F2F7F4FF50
:1013500046480068B0F8D60018B14FF48050F2F754
:10136000EBFF022041490968A1F8FC003F480068F2
:10137000B0F8D840082C0DD0132C0BD0152C09D068
:10138000182C07D01D2C05D01F2C03D0212C01D0E8
:101390002A2C73D1032035490968A1F8FC000220EA
:1013A0003349096848854FF4FA7008F009FB0024B6
:1013B0001FE01020F2F7C0FF0120F9F7B1FD2B4824
:1013C0000068B0F8D60018B14FF48050F9F7A8FDC6
:1013D000C8212948FCF7E2FC0120F2F7ADFF2348C1
:1013E0000068B0F8D60018B14FF48050F2F7A4FFAF
:1013F000641C032CDDD396211F48FCF7CFFC012091
:10140000F9F78EFD19480068B0F8D60018B14FF40E
:101410008050F9F785FD96211748FCF7BFFC0120A5
:10142000F2F78AFF11480068B0F8D60018B14FF4FF
:101430008050F2F781FF03200D49096848854FF479
:10144000FA7008F0BDFA002437E004200749096863
:10145000A1F8FC00F2F7DAF84FF47A7008F0B0FA6D
:1014600003480068808BB0F5966F08E07802002092
:101470007C02002018FCFFFF24FAFFFF88E012DB4B
:10148000FE480068808BB0F5AF6F0CDCFB4800684D
:10149000C08BB0F5966F06DBF8480068C08BB0F5DE
:1014A000AF6F00DC0AE02046641C032805D301204E
:1014B000F3490968A1F8EC0049E6C6E700BFEF4828
:1014C0000068808BEE490968A1F8DA00EB480068F3
:1014D000C08BEB490968A1F8DC00E8490968888BF2
:1014E0000CF04CFC41EC190B9FEDE60B53EC102B70
:1014F0000CF094FC41EC180B0CF0FCFBE049096883
:10150000A1F8DE00DD490968C88B0CF037FC41EC1E
:10151000190B9FEDDC0B53EC102B0CF07FFC41EC16
:10152000180B0CF0E7FBD6490968A1F8E000D34995
:101530000968888B0CF022FC41EC190B9FEDD30B52
:1015400053EC102B0CF06AFC41EC180B0CF0D2FBA6
:10155000CB490968A1F8E200C8490968C88B0CF0BA
:101560000DFC41EC190B9FEDC90B53EC102B0CF04B
:1015700055FC41EC180B0CF0BDFBC1490968A1F802
:10158000E4000120BE490968A1F8E60003F0B6FBBB
:101590000520BB490968A1F8FC001820B749096873
:1015A0004885002409E0F2F779FC08B10120CEE576
:1015B0004FF4FA7008F004FA641C032CF3D30024EF
:1015C0002FE0FEF7CFFCAD4909688860AB480068A2
:1015D00085684FF4FA7008F0F3F945B1A81C30B1F2
:1015E000FEF722FD4FF4FA7008F0EAF918E0A81CA3
:1015F000A8B90120A2490968C8621E20A04909684B
:10160000888603F0A9FDC82008F0DAF99C4909682A
:10161000C86AF9F77CF9C82008F0D2F900E002E0C6
:10162000641C032CCDD300BF9A4895490968C86251
:101630001E2093490968888603F08EFDC82008F0B3
:10164000BFF98F490968C86AF9F761F9C82008F03D
:10165000B7F900243DE04FF47A7008F0B1F9641C4A
:10166000FEF780FC854909688860844800688068C6
:1016700088490A31884204DC4FF47A7008F0A0F9F6
:1016800028E0B4F5967F05D91E207C49096888803A
:1016900001205CE53C2C1CD9784800688068801CDF
:1016A000B8B9C82008F08CF9012075490968C862EA
:1016B0001E2073490968888603F04EFDC82008F093
:1016C0007FF96F490968C86AF9F721F9C82008F05D
:1016D00077F9C0E700BFF1F70FFA08B1012036E54E
:1016E000F2F7D0FC4FF44270F9F71AFC4FF4C870CF
:1016F00063490968A1F8720040F214506049096812
:10170000A1F85C0002205E490968A1F862005C4B08
:101710001B68B3F862205A4B1B68B3F95C10584B36
:101720001B68B3F8720007F0A5FF54490968888068
:10173000F2F7A8FC4FF4FA7008F042F900242FE009
:10174000FEF710FC4D49096888604C4800688568C0
:101750004FF4FA7008F034F945B1A81C30B1FEF727
:1017600063FC4FF4FA7008F02BF918E0A81CA8B934
:10177000012043490968C8621E20414909688886DA
:1017800003F0EAFCC82008F01BF93D490968C86A63
:10179000F9F7BDF8C82008F013F900E002E0641C76
:1017A000032CCDD300BF40F6B83035490968C86274
:1017B0001F2033490968888603F0CEFCC82008F052
:1017C000FFF82F490968C86AF9F7A1F8C82008F09E
:1017D000F7F80024002667E04FF47A7008F0F0F87C
:1017E000641CFEF7BFFB2549096888602348006830
:1017F000806840F6AE31884200DB56E01F48006842
:101800008068E8B9782C1BD9D6B901264FF4FA7054
:1018100008F0D6F840F6B83019490968C8621F20A8
:1018200017490968888603F097FCC82008F0C8F8B3
:1018300013490968C86AF9F76AF8C82008F0C0F8BF
:10184000B4F5967F05D91E200C49096888800120CF
:101850007DE43C2C28D9094800688068801C18BBAE
:10186000012007490968C8621E2005490968888661
:1018700003F072FCC82008F0A3F80DE07C02002001
:1018800078020020333333333333F33F000000005A
:101890000000E03F48F4FFFFFE490968C86AF9F715
:1018A00036F8C82008F08CF896E700BF4FF4805057
:1018B000F9F736FB4FF49671F748FCF76FFAF2F739
:1018C000E1FB01210020F9F72FFC1220F349096800
:1018D0004885F0480068B0F8F600002821DD0026B1
:1018E00019E0002405E0F2F7D9FA08B101202EE44E
:1018F000641C062CF7D3E7480068B0F8F610701C9B
:10190000814203D80120E54909684885012108463C
:10191000F9F70AFC761CDF480068B0F8F600B04220
:10192000DFD8F2F7AFFB962140F21450FCF736FAFD
:101930004FF44270F9F7F4FA962140F21450FCF794
:101940002DFAF2F79FFB0120F9F7EAFAFA21D248C3
:10195000FCF724FAF2F796FB9621CF48FCF71EFA23
:101960000120F9F7DDFA9621CB48FCF717FAF2F7D8
:1019700089FB9FEDCB0AC748006880ED240AB0EED2
:10198000000AC448006880ED250A9FEDC60AC148D8
:10199000006880ED260A3220BE490968A1F86C0073
:1019A000BC48006890F86C203C2300210846FBF7F7
:1019B0009DFA0620B7490968A1F8FC00B5480068FF
:1019C000B0F8D80001281ED1B2480068B0F8E8008D
:1019D000C8B10420B149096848854FF4FA7007F08E
:1019E000EFFF4FF48040F9F79BFAAA490968B1F874
:1019F000E8104FF47A7201FB02F007F0E1FF4FF4B8
:101A00008040F2F799FCF1F777F808B1012019E46A
:101A10000720A0490968A1F8FC00FEF74BFC08B1BB
:101A200001200FE408209B490968A1F8FC00002070
:101A3000F1F7A8FB08B1012004E4092095490968E1
:101A4000A1F8FC00F3F7CAFC0A2092490968A1F842
:101A5000FC000E209149096848854FF4FA7007F0A0
:101A6000AFFF0A204FF4C87101236FF02702CDE9C0
:101A700000104FF47A712020F0F732FF04460CB1C9
:101A8000012019E50B2083490968A1F8FC000C200E
:101A90008249096848854FF4FA7007F091FF4FF4C6
:101AA0006B707C490968A1F8560040F224407949DE
:101AB0000968A1F858000A204FF4C87101236FF09B
:101AC0002702CDE9001049000420F0F709FF044681
:101AD0000CB10120F0E40C206E490968A1F8FC006B
:101AE0004FF42F706B490968A1F8560040F214506A
:101AF00068490968A1F858001E2066490968888766
:101B00004FF42F7063490968C8870120664908703F
:101B100015206249096848854FF4FA7007F050FFB4
:101B2000002004F07DF89FED610A5A48006880EDBE
:101B3000240AB2EE000A5748006880ED250A9FED9E
:101B40005C0A5448006880ED260A61205149096802
:101B5000A1F86C000A204F490968A1F86E004D48B1
:101B60000068B0F86E0003B24A48006890F86C2034
:101B700000210846FBF79EF906900698A8B90D20AB
:101B800044490968A1F8FC004248006890ED210A28
:101B9000DFED480AB4EEE00AF1EE10FA05D21720A4
:101BA0003E4909688880012086E40E203949096889
:101BB000A1F8FC00002004F033F81620374909682A
:101BC00048854FF4FA7007F0FBFE4FF48060F9F798
:101BD000A7F90024002620E04FF47A7007F0F0FE09
:101BE000641C2C48006890ED210ADFED330AB4EE46
:101BF000E00AF1EE10FA00D810E0B4F5167F05D92E
:101C00002120264909688880012055E4002004F03D
:101C100007F84FF48060F9F783F9DDE700BF4FF470
:101C2000FA7007F0CDFE4FF48060F2F785FB0F20CD
:101C300018490968A1F8FC009FED1C0A15480068C6
:101C400080ED240AB2EE0E0A1248006880ED250AE3
:101C50009FED1A0A0F48006880ED260A4C200D49B6
:101C60000968A1F86C000B48006890F86C203C23D0
:101C700000210846FBF73AF917200849096848850A
:101C80004FF4FA7007F09CFE0A204FF4C87101234C
:101C900016E000007802002024FAFFFF7C020020FA
:101CA0000000484400004843C803002000A08C45C1
:101CB00000401C45000044420000A0420000964342
:101CC0006FF02702CDE900104FF47A714020F0F751
:101CD00007FE06460EB1012069E4F2F7D3F9FE488B
:101CE0000068B0F8F40060B14020F9F719F9FA483B
:101CF0000068B0F8F40001B2F848FCF74FF8F2F7CA
:101D0000C1F91020F4490968A1F8FC000B20F4493E
:101D1000096848854FF4FA7007F052FE0A204FF424
:101D2000C87101236FF02702CDE9001040F2145171
:101D30001020F0F7D5FD06460EB1012037E4112042
:101D4000E5490968A1F8FC001920E54909684885BA
:101D50000024002620E04FF47A7007F031FE641C66
:101D6000DD48006890ED210A10EE101A08460CF0CC
:101D70007FFA41EC180B9FEDDB0B53EC102B0CF0B2
:101D80004BF900D809E0B4F5167F05D91720D449DE
:101D90000968888001200AE4DDE700BF44F620607E
:101DA00007F00EFE1A20CE49096848851220CA495C
:101DB0000968A1F8FC000A20FAF7B0FB4FF0000810
:101DC000002407E0C6480068408B8044C82007F024
:101DD000F7FD641C0A2CF5D30A20B8FBF0F847463F
:101DE000BF490968A1F84870002430E0FEF7BAF84E
:101DF000BB4909688860BA48006885684FF4FA7082
:101E000007F0DEFD45B1A81C30B1FEF70DF94FF427
:101E1000FA7007F0D5FD19E0A81CB0B94FF0FF30FB
:101E2000AD490968C8621E20AB490968888603F07D
:101E300093F9C82007F0C4FDA7490968C86AF8F7F4
:101E400066FDC82007F0BCFD00E002E0641C032C26
:101E5000CCD300BF00200490A4489F490968C86201
:101E600014209D490968888603F076F9C82007F098
:101E7000A7FD99490968C86AF8F749FDC82007F025
:101E80009FFD002436E04FF47A7007F099FD641C42
:101E9000FEF768F892490968886091480068806890
:101EA00092490A31884200DC25E0B4F5967F05D9D5
:101EB0001E208B4909688880012010E43C2C19D928
:101EC000874800688068801CA0B9012082490968A1
:101ED000C862142080490968888603F03DF9C8204B
:101EE00007F06EFD7C490968C86AF8F710FDC82044
:101EF00007F066FDC7E700BF132077490968A1F81E
:101F0000FC004FF4FA7007F05BFD7448C83072496A
:101F10000968C862052070490968888603F01CF9C1
:101F2000C82007F04DFD6C490968C86AF8F7EFFC56
:101F3000C82007F045FD00243AE04FF47A7007F01E
:101F40003FFD641CFEF70EF8654909688860644827
:101F5000006880686649884200DC2AE0B4F5967F14
:101F600005D91E205E4909688880012070E43C2C58
:101F70001ED95B4800688068801CC8B94FF4FA70AD
:101F800007F01EFD4FF0FF3053490968C862142066
:101F900051490968888603F0DFF8C82007F010FD72
:101FA0004D490968C86AF8F7B2FCC82007F008FD77
:101FB000C3E700BF4FF4FA7007F002FD1420464952
:101FC0000968A1F8FC00002400BF4FF4FA7007F084
:101FD000F7FC641C08204049096888863F48C830DF
:101FE0003D490968086303F0B7F8C82007F0E8FC2A
:101FF00039490968086BF8F792FCC82007F0E0FC43
:10200000FDF7B0FF81464FF47A7007F0D9FCFDF779
:10201000A9FF05464D4505D125B1A81C10B1B4F561
:10202000967FD2D3002400266EE0C82007F0C8FCBB
:10203000641CFDF797FF2A490968886028480068F2
:1020400085682DB91F2026490968888001204EE443
:1020500023480068418B00EE107AB8EE400ADFEDAD
:10206000250A20EE200ABCEEC00A10EE100A80B24B
:10207000814200DC49E040F2DC50844217D9B6B915
:1020800008201549096888861448C830124909682B
:10209000086303F061F8C82007F092FC0E49096854
:1020A000086BF8F73CFCC82007F08AFC012640F6D4
:1020B000B830844200D928E0A81C28BB012006497A
:1020C0000968C862082004490968888603F044F852
:1020D000C82007F075FC0FE07802002050FBFFFFDE
:1020E0007C0200203333333333F352403CF6FFFF9E
:1020F0005EF2FFFFF6287C3FD9490968C86AF8F705
:1021000006FCC82007F05CFC8FE700BF1520D4490F
:102110000968A1F8FC0003F0CBFD40F6B83007F0E9
:102120004FFC002400BF4FF4FA7007F049FC641C18
:102130000120CB4909688886CA48C94909680863EB
:1021400003F00AF8C82007F03BFCC5490968086B92
:10215000F8F7E5FBC82007F033FCFDF703FF8146E5
:102160004FF47A7007F02CFCFDF7FCFE05464D4558
:1021700004D11DB1A81C08B1642CD4D300240026BE
:10218000A2468FE0642007F01BFC641CFDF7EAFE0A
:10219000B54909688860B448006885682DB91F2072
:1021A000B14909688880012031E4AF480068418B5B
:1021B00000EE107AB8EE400ADFEDAC0A20EE200AFD
:1021C000BCEEC00A10EE100A80B2814234DCA64890
:1021D0000068408B0590A44905980968A1F84A0059
:1021E0004FF0000A1DE00AF1010A01209C4909682C
:1021F000C8629B490968888602F0AEFFC82007F0D4
:10220000DFFB97490968C86AF8F781FB4FF47A70D9
:1022100007F0D6FBFDF7A6FE05464FF4FA7007F06F
:10222000CFFBA81C10B9BAF1140FDCD303958E486C
:10223000039D0068456436E041F27070844216D90F
:10224000AEB90320864909688886864884490968AA
:10225000086302F081FFC82007F0B2FB80490968DB
:10226000086BF8F75CFBC82007F0AAFB012642F6D2
:10227000E060844200D916E0A81C98B90120784992
:102280000968C86276490968888602F065FFC82037
:1022900007F096FB72490968C86AF8F738FBC8204E
:1022A00007F08EFB6EE700BF16206D490968A1F8A4
:1022B000FC00DDE90310401AA0F6B83BBBF1000FAB
:1022C00007DA1F2068490968888003F0F1FC0120C3
:1022D0006AE44AF6C870834500DD834662480068B8
:1022E000C0F840B003F0E4FC4FF47A7007F068FBEC
:1022F000002003F095FC9FED5E0A5948006880EDD0
:10230000240AB2EE040A5648006880ED250A9FEDC3
:10231000590A5348006880ED260A3220504909685E
:10232000A1F86C004E48006890F86C203C23002116
:102330000846FAF7DBFD172049490968A1F8FC00B7
:1023400011204949096848854FF4FA7007F038FBB5
:1023500001210020F8F7E8FE182041490968A1F89A
:10236000FC0012204049096848854FF4FA7007F0D4
:1023700027FBF1F787FE3A480068B0F8F60020B175
:1023800037480068B0F8F6A001E04FF0010A0026D7
:1023900047E000243AE01020F8F7C2FD4FF4C8707F
:1023A0002F490968A1F8720040F214502C490968BD
:1023B000A1F85C0002202A490968A1F86200284BB4
:1023C0001B68B3F86220264B1B68B3F95C10244BE2
:1023D0001B68B3F8720007F04DF92349096888803B
:1023E000F1F750FE4FF4FA7007F0EAFA4FF442703A
:1023F000F8F796FD4FF496711F48FBF7CFFCF1F705
:1024000041FE4FF4FA7007F0DBFA641C052CC2D3CE
:1024100001210846F8F788FE4FF4FA7007F0D0FA69
:10242000761C5645B5D319200D490968A1F8FC0062
:1024300000201249087003F0F3FB00200A490968E4
:10244000888041F2883007F0BBFA642004490968AB
:10245000A1F8FC004FF4FA70F0F72CFA00203BE4EE
:102460007802002018FCFFFF7C0200203333733F0A
:1024700000A08C450000C84224FAFFFFC8030020DA
:102480002DE9F0412DED048B82B0002400250027BA
:102490000026A0460020F8490968A1F8FC00F1F7E1
:1024A000F1FD0120F549096848854FF4FA7007F0FD
:1024B00087FA4FF48050F8F733FDFA21F048FBF724
:1024C0006DFC4FF48050F1F737FF0120EA490968AD
:1024D000A1F8FC0000210846F8F726FE96214FF4EB
:1024E0007A70FBF75BFC4FF44270F8F719FD962108
:1024F0004FF47A70FBF752FC4FF44270F1F71CFF77
:102500000120F8F70DFDDC480068B0F8D60018B1DE
:102510004FF48050F8F704FDFA21D948FBF73EFC50
:102520000120F1F709FFD4480068B0F8D60018B1CF
:102530004FF48050F1F700FF9621D148FBF72EFCB5
:102540000120F8F7EDFCCC480068B0F8D60018B1CF
:102550004FF48050F8F7E4FC9621C948FBF71EFCC5
:102560000120F1F7E9FEC4480068B0F8D60018B1C0
:102570004FF48050F1F7E0FE0220BF490968A1F84E
:10258000FC00BD480068B0F8D840082C0DD0132CD2
:102590000BD0152C09D0182C07D01D2C05D01F2CC2
:1025A00003D0212C01D02A2C7DD10320B249096807
:1025B000A1F8FC000220B149096848854FF4FA707F
:1025C00007F0FEF9002421E01020F1F7B5FE01200C
:1025D000F8F7A6FCA8480068B0F8D60018B14FF488
:1025E0008050F8F79DFC4FF49671A548FBF7D6FB99
:1025F0000120F1F7A1FEA0480068B0F8D60018B19C
:102600004FF48050F1F798FE601C84B2032CDBDBA2
:1026100096219B48FBF7C2FB0120F8F781FC964806
:102620000068B0F8D60018B14FF48050F8F778FC85
:1026300096219348FBF7B2FB0120F1F77DFE8E480F
:102640000068B0F8D60018B14FF48050F1F774FE6E
:1026500003208A49096848854FF4FA7007F0B0F9F9
:10266000002434E0042084490968A1F8FC00F0F754
:10267000CDFF4FF47A7007F0A3F980480068808B93
:10268000B0F5966F14DB7D480068808BB0F5AF6FB6
:102690000EDC7A480068C08BB0F5966F08DB77488F
:1026A0000068C08B00E07DE0B0F5AF6F00DC0FE0AC
:1026B0002046611C8CB2032809DB01206E490968A1
:1026C000A1F8EC0002B0BDEC048BBDE8F081C9E7D5
:1026D00000BF6A480068808B67490968A1F8DA0082
:1026E00066480068C08B64490968A1F8DC0063494A
:1026F0000968888B0BF042FB41EC190B9FED610BD5
:1027000053EC102B0BF08AFB41EC180B0BF0F2FA98
:1027100059490968A1F8DE0058490968C88B0BF0CF
:102720002DFB41EC190B9FED570B53EC102B0BF0CD
:1027300075FB41EC180B0BF0DDFA4F490968A1F865
:10274000E0004E490968888B0BF018FB41EC190B2F
:102750009FED4E0B53EC102B0BF060FB41EC180B74
:102760000BF0C8FA44490968A1F8E2004349096836
:10277000C88B0BF003FB41EC190B9FED440B53ECA2
:10278000102B0BF04BFB41EC180B0BF0B3FA3A4952
:102790000968A1F8E400012037490968A1F8E600BA
:1027A00002F0ACFA052034490968A1F8FC0032486F
:1027B0000068B0F8D80001281ED12F480068B0F892
:1027C000E800C8B104202D49096848854FF4FA7023
:1027D00007F0F6F84FF48040F8F7A2FB26490968A5
:1027E000B1F8E8104FF47A7201FB02F007F0E8F854
:1027F0004FF48040F1F7A0FD9FED260A1E480068C7
:1028000080ED240A9FED240A1B48006880ED250A0C
:102810009FED220A1848006880ED260A32201649EA
:102820000968A1F86C001448006890F86C203C23FB
:1028300000210846FAF75AFB06200F490968A1F85B
:10284000FC00F0F759F908B101203BE707200A49DD
:102850000968A1F8FC00FDF72DFD08B1012031E762
:10286000082005490968A1F8FC0000210846F0F796
:10287000DFFAA8B1012025E7780200207C020020C1
:1028800050FBFFFF333333333333F33F000000009B
:102890000000E03F0000FA439A99993E0000FA4494
:1028A0000920FE490968A1F8FC00F2F797FD0A200B
:1028B000FA490968A1F8FC0004F004FB08B1012002
:1028C00000E70B20F5490968A1F8FC000C20F44949
:1028D000096848854FF4FA7007F072F814204FF435
:1028E000C87101236FF02702CDE900104FF4167173
:1028F0000420EFF7F5FF04460CB10120E2E60C20BE
:10290000E6490968A1F8FC000B20E54909684885FB
:102910004FF4FA7007F054F8E0480068B0F8F0009F
:1029200008B9012500E0022514204FF4C8712B4698
:102930006FF02702CDE900104FF416711020EFF769
:10294000CFFF04460CB10120BCE60D20D349096835
:10295000A1F8FC0004F0E4FE04460CB10120B1E64D
:102960000E20CE490968A1F8FC00CD4909684885C8
:102970004FF4FA7007F024F8002416E014204FF406
:10298000C87101236FF02702CDE900104FF41671D2
:102990002020EFF7A5FF05460DB1012092E64FF488
:1029A0007A7007F00DF8601C84B2022CE6DBF1F7B8
:1029B00069FB2020F8F7B4FA0221BA48FBF7EEF9D8
:1029C000F1F760FB0F20B5490968A1F8FC00B44994
:1029D000096848854FF4FA7006F0F2FF002003F012
:1029E0001FF99FEDB10AAD48006880ED240AB1EEF1
:1029F000080AAA48006880ED250A9FEDAC0AA7489E
:102A0000006880ED260A3220A4490968A1F86C000C
:102A10000520A2490968A1F86E00A0480068B0F836
:102A20006E0003B29D48006890F86C2000210846B3
:102A3000FAF740FA8046B8F1000F15D110209749F7
:102A40000968A1F8FC009548006890ED210ADFEDC7
:102A5000980AB4EEE00AF1EE10FA05D21720904978
:102A60000968888001202DE611208C490968A1F8A9
:102A7000FC00002003F0D4F8162089490968488535
:102A80004FF4FA7006F09CFF4FF48060F8F748FAB4
:102A90000024002522E04FF47A7006F091FF601CBC
:102AA00084B27E48006890ED210ADFED820AB4EE20
:102AB000E00AF1EE10FA00D811E040F2DC50844256
:102AC00005DD21207649096888800120FAE500208B
:102AD00003F0A6F84FF48060F8F722FADBE700BFB6
:102AE0004FF4FA7006F06CFF4FF48060F1F724FCAD
:102AF00012206A490968A1F8FC0010206849096899
:102B000048854FF4FA7006F05BFF00241AE04FF49A
:102B10007A7006F055FF601C84B26048006890ED42
:102B2000210ADFED650AB4EEE00AF1EE10FA00D8F2
:102B300009E0B4F5167F05DD212059490968888030
:102B40000120BFE5E3E700BF0026002408E0544869
:102B50000068408B0644C82006F032FF601C84B237
:102B60000A2CF4DB0A20B6FBF0F64D4909680E8604
:102B700013204A490968A1F8FC009FED4B0A474819
:102B8000006880ED240AB1EE080A4448006880ED30
:102B9000250A9FED460A4148006880ED260A32204A
:102BA0003E490968A1F86C0000203C490968A1F879
:102BB0006E003A480068B0F86E0003B2374800680B
:102BC00090F86C2000210846FAF790F9112034495A
:102BD000096848854FF4FA7006F0F2FE00210846B5
:102BE000F8F7A2FA12202E49096848854FF4FA70C6
:102BF00006F0E6FEF1F746FA28480068B0F8F6005D
:102C000020B126480068B0F8F67000E001270025E2
:102C10005CE000243BE01020F8F782F94FF4C87024
:102C20001E490968A1F872004FF416701B49096823
:102C3000A1F85C00022019490968A1F86200174B4D
:102C40001B68B3F86220154B1B68B3F95C10134B7B
:102C50001B68B3F8720006F00DFD11490968888001
:102C6000F1F710FA4FF4FA7006F0AAFE4FF4427032
:102C7000F8F756F94FF496711048FBF78FF8F1F713
:102C800001FA4FF4FA7006F09BFE601C84B2032C2C
:102C9000C1DB00210846F8F747FA11E0780200206E
:102CA0007C020020A8FDFFFF00806D450000484425
:102CB00000004442333347420000464250FBFFFFCE
:102CC0004FF4FA7006F07CFE681C85B2BD42A0DBB2
:102CD0001420C1490968A1F8FC00F1F7D3F90024D8
:102CE0003BE01020F8F71CF94FF4C870BA490968A6
:102CF000A1F872004FF41670B7490968A1F85C009A
:102D00000220B5490968A1F86200B34B1B68B3F80B
:102D10006220B14B1B68B3F95C10AF4B1B68B3F872
:102D2000720006F0A7FCAD4909688880F1F7AAF99E
:102D30004FF4FA7006F044FE4FF44270F8F7F0F8E2
:102D40004FF49671A648FBF729F8F1F79BF94FF479
:102D5000FA7006F035FE601C84B2032CC1DB132030
:102D60009E49096848854FF4FA7006F029FE002054
:102D700002F056FF1FED340A9748006880ED240AE0
:102D8000B1EE080A9448006880ED250A1FED390A63
:102D90009148006880ED260A32208F490968A1F821
:102DA0006C0000208C490968A1F86E008A48006810
:102DB000B0F86E0003B28848006890F86C200021DB
:102DC0000846FAF793F8002400255BE04FF47A7088
:102DD00006F0F6FD601C84B27F48006890ED210A81
:102DE00010EE101A08460BF043FA41EC180B9FED59
:102DF0007D0B53EC102B0BF00FF900D843E0B4F52A
:102E0000967F36DD7448006890ED210AF3EE090ADA
:102E1000B4EEE00AF1EE10FA2BD255BB01251FEDFE
:102E20005E0A6D48006880ED240AB1EE080A6A481F
:102E3000006880ED250A1FED630A6748006880ED91
:102E4000260A322064490968A1F86C000020624912
:102E50000968A1F86E0060480068B0F86E0003B21F
:102E60005D48006890F86C2000210846FAF73EF8AB
:102E700008E0B4F5167F05DD1720584909688880F9
:102E800001201FE4A2E700BF002002F0C9FE4FF4BA
:102E90008060F8F745F80024002515204E490968A0
:102EA000A1F8FC0063E04FF47A7006F089FD601C25
:102EB00084B24948006890ED210A10EE101A0846C5
:102EC0000BF0D6F941EC180B9FED480B53EC102B8F
:102ED0000AF068FF00D84BE0B4F5967F36DD3E4837
:102EE000006890ED210AF3EE090AB4EEE00AF1EE73
:102EF00010FA2BD255BB01251FED950A3648006804
:102F000080ED240AB1EE080A3348006880ED250AF6
:102F10001FED9A0A3048006880ED260A32202E49BB
:102F20000968A1F86C0000202B490968A1F86E001F
:102F300029480068B0F86E0003B22748006890F88E
:102F40006C2000210846F9F7D1FF09E040F2DC507F
:102F5000844205DD2120214909688880012074E42C
:102F6000002002F05DFE4FF48060F7F7D9FF9AE78A
:102F700000BF4FF48060F1F7DFF90A20F9F7CEFACD
:102F80004FF47A7006F01CFD0026002408E0134878
:102F90000068408B0644C82006F012FD601C84B215
:102FA0000A2CF4DB0A20B6FBF0F60C4909684E86C1
:102FB00000200A490968888041F2883006F000FD47
:102FC000642005490968A1F8FC004FF4FA70EFF796
:102FD00071FC002039E40000780200207C0200200F
:102FE00050FBFFFF3333333333F34840000000001E
:102FF00000C04840F0B52DED048B83B000240025BF
:10300000002600270020FE490968A1F8FC00F1F71E
:1030100039F80120FB49096848854FF4FA7006F039
:10302000CFFC4FF48050F7F77BFFFA21F648FAF710
:10303000B5FE4FF48050F1F77FF90120F04909689F
:10304000A1F8FC0000210846F8F76EF896214FF42D
:103050007A70FAF7A3FE4FF44270F7F761FF9621FA
:103060004FF47A70FAF79AFE4FF44270F1F764F970
:103070000120F7F755FFE2480068B0F8D60018B114
:103080004FF48050F7F74CFFFA21DF48FAF786FE3D
:103090000120F1F751F9DA480068B0F8D60018B10C
:1030A0004FF48050F1F748F99621D748FAF776FEA9
:1030B0000120F7F735FFD2480068B0F8D60018B104
:1030C0004FF48050F7F72CFF9621CF48FAF766FEB1
:1030D0000120F1F731F9CA480068B0F8D60018B1FC
:1030E0004FF48050F1F728F90220C5490968A1F88A
:1030F000FC00C3480068B0F8D840082C0DD0132C51
:103100000BD0152C09D0182C07D01D2C05D01F2C46
:1031100003D0212C01D02A2C7DD10320B849096885
:10312000A1F8FC000220B749096848854FF4FA70FD
:1031300006F046FC002421E01020F1F7FDF8012004
:10314000F7F7EEFEAE480068B0F8D60018B14FF4BD
:103150008050F7F7E5FE4FF49671AB48FAF71EFE84
:103160000120F1F7E9F8A6480068B0F8D60018B1D8
:103170004FF48050F1F7E0F8601C84B2032CDBDBE5
:103180009621A148FAF70AFE0120F7F7C9FE9C48EC
:103190000068B0F8D60018B14FF48050F7F7C0FEC1
:1031A00096219948FAF7FAFD0120F1F7C5F89448FD
:1031B0000068B0F8D60018B14FF48050F1F7BCF8B1
:1031C00003209049096848854FF4FA7006F0F8FB2F
:1031D000002433E004208A490968A1F8FC00F0F7D4
:1031E00015FA4FF47A7006F0EBFB86480068808B86
:1031F000B0F5966F14DB83480068808BB0F5AF6F35
:103200000EDC80480068C08BB0F5966F08DB7D4807
:103210000068C08B00E07CE0B0F5AF6F00DC0EE032
:103220002046611C8CB2032808DB01207449096820
:10323000A1F8EC0003B0BDEC048BF0BDCAE700BF01
:1032400070480068808B6E490968A1F8DA006D4803
:103250000068C08B6A490968A1F8DC0069490968FF
:10326000888B0AF08BFD41EC190B9FED680B53EC3A
:10327000102B0AF0D3FD41EC180B0AF03BFD60491E
:103280000968A1F8DE005F490968C88B0AF076FD7D
:1032900041EC190B9FED5D0B53EC102B0AF0BEFDBA
:1032A00041EC180B0AF026FD55490968A1F8E00029
:1032B00054490968888B0AF061FD41EC190B9FEDB8
:1032C000550B53EC102B0AF0A9FD41EC180B0AF03A
:1032D00011FD4B490968A1F8E2004A490968C88B09
:1032E0000AF04CFD41EC190B9FED4A0B53EC102BEF
:1032F0000AF094FD41EC180B0AF0FCFC4049096807
:10330000A1F8E40001203E490968A1F8E60001F0B7
:10331000F5FC05203A490968A1F8FC003848006826
:10332000B0F8D80001281ED135480068B0F8E80090
:10333000C8B104203349096848854FF4FA7006F093
:103340003FFB4FF48040F7F7EBFD2D490968B1F8DA
:10335000E8104FF47A7201FB02F006F031FB4FF4F3
:103360008040F0F7E9FF0020F2F79EF9244800685A
:10337000008F4FF6DC71884204DC21480068408FE2
:1033800088420EDD002407E0C820EFF793FAC8203A
:1033900006F016FB601C84B2052CF5DB0020F2F76A
:1033A00083F917480068008F164909688886144811
:1033B0000068408F13490968C8869FED180A1048B5
:1033C000006880ED240A9FED160A0D48006880ED24
:1033D000250A9FED140A0A48006880ED260A32206B
:1033E00007490968A1F86C000548006890F86C204E
:1033F0003C2300210846F9F779FD0620004913E037
:10340000780200207C02002050FBFFFF333333336F
:103410003333F33F000000000000E03F0000FA43B8
:103420009A99993E0000FA440968A1F8FC00EFF768
:1034300063FB08B10120FDE60720FD490968A1F8FA
:10344000FC00FCF737FF08B10120F3E60820F8493B
:103450000968A1F8FC0000210120EFF7E9FC08B1A0
:103460000120E7E60920F2490968A1F8FC00F1F71C
:10347000B5FF0A20EE490968A1F8FC0003F02AFF15
:1034800008B10120D6E60B20E9490968A1F8FC0043
:103490000C20E849096848854FF4FA7006F090FA64
:1034A00014204FF4C87101236FF02702CDE90010FA
:1034B0004FF416710420EFF713FA04460CB1012003
:1034C000B8E60C20DA490968A1F8FC000B20D949BC
:1034D000096848854FF4FA7006F072FAD44800681B
:1034E000B0F8F00008B9012500E002250A204FF4E9
:1034F000C8712B466FF02702CDE900104FF416710A
:103500001020EFF7EDF904460CB1012092E6C8480F
:103510000068B0F8F000012805D0C5480068B0F890
:10352000F000022810D114204FF4C87102236FF06C
:103530002702CDE900104FF416711020EFF7D0F9F3
:1035400004460CB1012075E60D20B9490968A1F8BF
:10355000FC000E20B749096848854FF4FA7006F060
:103560002FFA14204FF4C87101236FF02702CDE920
:1035700000104FF416712020EFF7B2F905460DB197
:10358000012057E6F0F77EFD2020F7F7C9FC022165
:10359000A948FAF703FCF0F775FD0F20A449096864
:1035A000A1F8FC001520A349096848854FF4FA707A
:1035B00006F006FA002002F033FB9FEDA00A9C48BB
:1035C000006880ED240AB2EE000A9948006880ED98
:1035D000250A9FED9B0A9648006880ED260A782010
:1035E00093490968A1F86C000A2091490968A1F87B
:1035F0006E008F480068B0F86E0003B28C48006817
:1036000090F86C2000210846F9F754FC0746AFB942
:10361000102087490968A1F8FC008548006890EDF2
:10362000210ADFED880AB4EEE00AF1EE10FA05D2C5
:1036300017208049096888800120FBE511207C491A
:103640000968A1F8FC00002002F0EAFA1620794986
:10365000096848854FF4FA7006F0B2F94FF48060BB
:10366000F7F75EFC0024002521E04FF47A7006F0A5
:10367000A7F9601C84B26E48006890ED210ADFED66
:10368000720AB4EEE00AF1EE10FA00D810E0B4F5D8
:10369000167F05DD21206749096888800120C9E57A
:1036A000002002F0BDFA4FF48060F7F739FCDCE748
:1036B00000BF4FF4FA7006F083F94FF48060F0F722
:1036C0003BFE12205A490968A1F8FC00172059490D
:1036D000096848854FF4FA7006F072F90A204FF431
:1036E000C87101236FF02702CDE900104FF4167165
:1036F0004020EFF7F5F805460DB101209AE5F0F707
:10370000C1FC4B480068B0F8F40060B14020F7F706
:1037100007FC47480068B0F8F40001B24648FAF7E1
:103720003DFBF0F7AFFC10204249096848850020B6
:1037300002F076FA9FED450A3D48006880ED240AC4
:10374000B1EE080A3A48006880ED250A9FED3C0A70
:103750003748006880ED260A322035490968A1F80B
:103760006C00002032490968A1F86E0030480068FA
:10377000B0F86E0003B22E48006890F86C2000216B
:103780000846F9F7B3FB0024002571E04FF47A7086
:1037900006F016F9601C84B22548006890ED210AF5
:1037A00010EE101A08460AF063FD41EC180B9FED6D
:1037B000280B53EC102B0AF02FFC00D859E0B4F57D
:1037C000967F4CDD1A48006890ED210AF3EE090A55
:1037D000B4EEE00AF1EE10FA41D245BB01259FEDAF
:1037E0001B0A1348006880ED240AB1EE080A10484D
:1037F000006880ED250A9FED120A0D48006880EDF3
:10380000260A32200A490968A1F86C0000200849FC
:103810000968A1F86E0006480068B0F86E0003B2AF
:103820000348006890F86C200021084614E016E078
:10383000780200207C020020A8FDFFFF0000614507
:10384000000048440000EE420000504200806D45F8
:103850003333333333F34840F9F748FB08E0B4F52A
:10386000167F05DD1720F749096888800120E1E40B
:103870008CE700BF002002F0D3F94FF48060F7F727
:103880004FFB0024002562E04FF47A7006F098F8B0
:10389000601C84B2EC48006890ED210A10EE101A0A
:1038A00008460AF0E5FC41EC180B9FEDE80B53ECE1
:1038B000102B0AF077FA00D84AE0B4F5967F36DD8F
:1038C000E148006890ED210AF3EE090AB4EEE00A3F
:1038D000F1EE10FA2BD255BB01251FED240ADA4870
:1038E000006880ED240AB1EE080AD748006880ED30
:1038F000250A1FED2D0AD448006880ED260A3220E3
:10390000D1490968A1F86C000020CF490968A1F8E5
:103910006E00CD480068B0F86E0003B2CA48006877
:1039200090F86C2000210846F9F7E0FA08E0B4F5B9
:10393000167F05DD2120C34909688880012079E4CC
:10394000002002F06DF94FF48060F7F7E9FA9BE789
:1039500000BFC82006F034F84FF48060F0F7ECFCAC
:103960000024002524E04FF47A7006F029F8601C4A
:1039700084B2B548006890ED210A10EE101A08468E
:103980000AF076FC41EC180B9FEDB20B53EC102BB8
:103990000AF008FA00D80CE0B4F5167F05DD212006
:1039A000A84909688880012044E4002002F038F921
:1039B000D9E700BF0120F1F777FEA3480068008F28
:1039C0004FF6DC71884204DC9F480068408F8842D3
:1039D0000EDD002407E0C820EEF76CFFC82005F0DC
:1039E000EFFF601C84B2052CF5DB0120F1F75CFED3
:1039F00095480068008F93490968088792480068D5
:103A0000408F90490968488713208F490968A1F8B9
:103A1000FC00002002F004F91FED740A8A480068D7
:103A200080ED240AB1EE080A8748006880ED250A77
:103A30001FED7D0A8448006880ED260A3220824905
:103A40000968A1F86C0000207F490968A1F86E00A0
:103A50007D480068B0F86E0003B27B48006890F8BB
:103A60006C2000210846F9F741FA112075490968D0
:103A700048854FF4FA7005F0A3FF00210846F7F7D8
:103A800053FB12206F49096848854FF4FA7005F01E
:103A900097FFF0F7F7FA6C480068B0F8F60020B12D
:103AA00069480068B0F8F66000E00126002549E0AA
:103AB00000243BE01020F7F733FA4FF4C870624956
:103AC0000968A1F872004FF47A705F490968A1F89B
:103AD0005C0002205C490968A1F862005A4B1B682F
:103AE000B3F86220584B1B68B3F95C10564B1B6847
:103AF000B3F8720005F0BEFD524909688880F0F7FE
:103B0000C1FA4FF4FA7005F05BFF4FF44270F7F71B
:103B100007FA4FF496715148FAF740F9F0F7B2FA04
:103B20004FF4FA7005F04CFF601C84B2032CC1DB2B
:103B300000210846F7F7F8FA4FF4FA7005F040FF55
:103B4000681C85B2B542B3DB14203F490968A1F86F
:103B5000FC00F0F797FA00243BE01020F7F7E0F9BB
:103B60004FF4C87038490968A1F872004FF47A70B0
:103B700035490968A1F85C00022033490968A1F8B9
:103B80006200314B1B68B3F862202F4B1B68B3F9FE
:103B90005C102D4B1B68B3F8720005F06BFD2949D2
:103BA00009688880F0F76EFA4FF4FA7005F008FFA4
:103BB0004FF44270F7F7B4F94FF496712748FAF7CB
:103BC000EDF8F0F75FFA4FF4FA7005F0F9FE601CBB
:103BD00084B2032CC1DB13201A49096848854FF4CD
:103BE000FA7005F0EDFE002002F01AF81FEDE90A68
:103BF0001548006880ED240AB1EE080A12480068F2
:103C000080ED250A1FEDF20A0F48006880ED260AB4
:103C100032200D490968A1F86C0000200A490968A2
:103C2000A1F86E0008480068B0F86E0003B20648BC
:103C3000006890F86C2000210846F9F757F9002435
:103C4000002569E07C020020780200209A99999969
:103C500099D948400000000000C0484050FBFFFFD9
:103C60004FF47A7005F0ACFE601C84B286480068A0
:103C700090ED210A10EE101A08460AF0F9FA41EC0C
:103C8000180B9FED820B53EC102B0AF0C5F900D8EE
:103C900043E0B4F5967F36DD7B48006890ED210A5D
:103CA000F3EE090AB4EEE00AF1EE10FA2BD255BB9E
:103CB00001259FED780A7448006880ED240AB1EE72
:103CC000080A7148006880ED250A9FED730A6E4866
:103CD000006880ED260A32206B490968A1F86C0063
:103CE000002069490968A1F86E0067480068B0F8CB
:103CF0006E0003B26448006890F86C20002108460A
:103D0000F9F7F4F808E0B4F5167F05DD17206349EC
:103D100009688880012016E4A2E700BF002001F0B6
:103D20007FFF4FF48060F7F7FBF800240025152093
:103D300055490968A1F8FC0063E04FF47A7005F07A
:103D40003FFE601C84B25048006890ED210A10EEDE
:103D5000101A08460AF08CFA41EC180B1FED430BC1
:103D600053EC102B0AF01EF800D84BE0B4F5967F08
:103D700036DD4548006890ED210AF3EE090AB4EEFD
:103D8000E00AF1EE10FA2BD255BB01259FED410A56
:103D90003D48006880ED240AB1EE080A3A48006800
:103DA00080ED250A9FED3C0A3748006880ED260A21
:103DB000322035490968A1F86C00002032490968B1
:103DC000A1F86E0030480068B0F86E0003B22E48CB
:103DD000006890F86C2000210846F9F787F809E0A0
:103DE00040F2DC50844205DD21202C49096888809E
:103DF000012022E4002001F013FF4FF48060F7F768
:103E00008FF89AE700BF4FF48060F0F795FA012031
:103E1000F1F74AFC1C480068008F4FF6DC718842BD
:103E200004DC19480068408F88420EDD002407E05A
:103E3000C820EEF73FFDC82005F0C2FD601C84B22B
:103E4000052CF5DB0120F1F72FFC0F480068008FEF
:103E50001249096888870C480068408F0F49096833
:103E6000C88700200D490968888041F2883005F034
:103E7000A7FD642004490968A1F8FC004FF4FA701A
:103E8000EEF718FD00200AE47802002033333333C4
:103E900033F3484000806D45000048447C02002018
:103EA0002DE9F0412DED048B82B000240025002780
:103EB0000026A0460020F8490968A1F8FC00F0F7A8
:103EC000E1F80120F549096848854FF4FA7005F0DA
:103ED00077FD4FF48050F7F723F8FA21F048F9F70F
:103EE0005DFF4FF48050F0F727FA0120EA49096896
:103EF000A1F8FC0000210846F7F716F996214FF4C7
:103F00007A70F9F74BFF4FF44270F7F709F89621F2
:103F10004FF47A70F9F742FF4FF44270F0F70CFA61
:103F20000120F6F7FDFFDC480068B0F8D60018B1B4
:103F30004FF48050F6F7F4FFFA21D948F9F72EFF35
:103F40000120F0F7F9F9D4480068B0F8D60018B1AC
:103F50004FF48050F0F7F0F99621D148F9F71EFFA1
:103F60000120F6F7DDFFCC480068B0F8D60018B1A4
:103F70004FF48050F6F7D4FF9621C948F9F70EFFA9
:103F80000120F0F7D9F9C4480068B0F8D60018B19C
:103F90004FF48050F0F7D0F90220BF490968A1F82A
:103FA000FC00BD480068B0F8D840082C0DD0132C98
:103FB0000BD0152C09D0182C07D01D2C05D01F2C88
:103FC00003D0212C01D02A2C7DD10320B2490968CD
:103FD000A1F8FC000220B149096848854FF4FA7045
:103FE00005F0EEFC002421E01020F0F7A5F90120F7
:103FF000F6F796FFA8480068B0F8D60018B14FF45D
:104000008050F6F78DFF4FF49671A548F9F7C6FE7C
:104010000120F0F791F9A0480068B0F8D60018B177
:104020004FF48050F0F788F9601C84B2032CDBDB7E
:1040300096219B48F9F7B2FE0120F6F771FF9648EA
:104040000068B0F8D60018B14FF48050F6F768FF5A
:1040500096219348F9F7A2FE0120F0F76DF98E48FA
:104060000068B0F8D60018B14FF48050F0F764F94A
:1040700003208A49096848854FF4FA7005F0A0FCCE
:10408000002434E0042084490968A1F8FC00EFF71B
:10409000BDFA4FF47A7005F093FC80480068808B7D
:1040A000B0F5966F14DB7D480068808BB0F5AF6F7C
:1040B0000EDC7A480068C08BB0F5966F08DB774855
:1040C0000068C08B00E07DE0B0F5AF6F00DC0FE072
:1040D0002046611C8CB2032809DB01206E49096867
:1040E000A1F8EC0002B0BDEC048BBDE8F081C9E79B
:1040F00000BF6A480068808B67490968A1F8DA0048
:1041000066480068C08B64490968A1F8DC0063490F
:104110000968888B09F032FE41EC190B9FED610BA9
:1041200053EC102B09F07AFE41EC180B09F0E2FD7C
:1041300059490968A1F8DE0058490968C88B09F097
:104140001DFE41EC190B9FED570B53EC102B09F0A2
:1041500065FE41EC180B09F0CDFD4F490968A1F847
:10416000E0004E490968888B09F008FE41EC190B04
:104170009FED4E0B53EC102B09F050FE41EC180B49
:1041800009F0B8FD44490968A1F8E200434909680B
:10419000C88B09F0F3FD41EC190B9FED440B53EC78
:1041A000102B09F03BFE41EC180B09F0A3FD3A4936
:1041B0000968A1F8E400012037490968A1F8E60080
:1041C00000F09CFD052034490968A1F8FC00324844
:1041D0000068B0F8D80001281ED12F480068B0F858
:1041E000E800C8B104202D49096848854FF4FA70E9
:1041F00005F0E6FB4FF48040F6F792FE2649096889
:10420000B1F8E8104FF47A7201FB02F005F0D8FB28
:104210004FF48040F0F790F89FED260A1E480068A2
:1042200080ED240A9FED240A1B48006880ED250AD2
:104230009FED220A1848006880ED260A32201649B0
:104240000968A1F86C001448006890F86C203C23C1
:1042500000210846F8F74AFE06200F490968A1F830
:10426000FC00EEF749FC08B101203BE707200A49B2
:104270000968A1F8FC00FCF71DF808B1012031E73E
:10428000082005490968A1F8FC0001210020EEF78B
:10429000CFFDA8B1012025E7780200207C02002094
:1042A00050FBFFFF333333333333F33F0000000061
:1042B0000000E03F0000FA439A99993E0000FA445A
:1042C000FD480068B0F8F00030B901210020EEF799
:1042D000AFFD08B1012005E70920F7490968A1F8F9
:1042E000FC00F1F77BF80A20F3490968A1F8FC000B
:1042F00003F002F908B10120F4E60B20EE49096849
:10430000A1F8FC000C20ED49096848854FF4FA70CB
:1043100005F056FB14204FF4C87101236FF02702FB
:10432000CDE900104FF416710420EEF7D9FA0446D7
:104330000CB10120D6E60C20DF490968A1F8FC0089
:104340001520DE49096848854FF4FA7005F038FBFE
:10435000002001F065FC9FEDDA0AD748006880ED87
:10436000240AB2EE000AD448006880ED250A9FEDC9
:10437000D50AD148006880ED260A7820CE49096820
:10438000A1F86C000520CC490968A1F86E00CA4864
:104390000068B0F86E0003B2C748006890F86C205F
:1043A00000210846F8F786FD8046B8F1000F15D1C8
:1043B0001020C1490968A1F8FC00BF48006890EDD1
:1043C000210ADFEDC10AB4EEE00AF1EE10FA05D2DF
:1043D0001720BA4909688880012083E61120B64970
:1043E0000968A1F8FC00002001F01AFC1620B3496E
:1043F000096848854FF4FA7005F0E2FA4FF48060DE
:10440000F6F78EFD0024002522E04FF47A7005F0C7
:10441000D7FA601C84B2A848006890ED210ADFED4D
:10442000AB0AB4EEE00AF1EE10FA00D811E040F267
:10443000DC50844205DD2120A049096888800120E4
:1044400050E6002001F0ECFB4FF48060F6F768FDC9
:10445000DBE700BF4FF4FA7005F0B2FA4FF480606A
:10446000EFF76AFF122094490968A1F8FC009FED5C
:10447000980A9148006880ED240AB0EE000A8E4840
:10448000006880ED250A9FED8F0A8B48006880ED5B
:10449000260A322088490968A1F86C00864800681D
:1044A00090F86C203C2300210846F8F71FFD824855
:1044B0000068B0F8F00030B30B20804909684885E7
:1044C0004FF4FA7005F07CFA7B480068B0F8F00011
:1044D000012801D1012500E0022514204FF4C87104
:1044E0002B466FF02702CDE900104FF41671102013
:1044F000EEF7F6F904460CB10120F3E50D206E4904
:104500000968A1F8FC000E206C49096848854FF441
:10451000FA7005F055FA14204FF4C87101236FF0BA
:104520002702CDE900104FF416712020EEF7D8F9DC
:1045300005460DB10120D5E5EFF7A4FD5E48006802
:10454000B0F8F40060B12020F6F7EAFC5A480068A1
:10455000B0F8F40001B25F48F9F720FCEFF792FDE4
:104560000F2055490968A1F8FC0003F0D9F804466A
:104570000CB10120B6E50E204F490968A1F8FC00F6
:1045800017204E49096848854FF4FA7005F018FA6B
:1045900014204FF4C87101236FF02702CDE90010F9
:1045A0004FF416714020EEF79BF905460DB101203E
:1045B00098E51020414909684885002001F030FB4A
:1045C0009FED450A3C48006880ED240AB1EE080AD8
:1045D0003948006880ED250A9FED3A0A36480068A0
:1045E00080ED260A322034490968A1F86C000020C9
:1045F00031490968A1F86E002F480068B0F86E00D4
:1046000003B22D48006890F86C2000210846F8F7A6
:104610006DFC0024002573E04FF47A7005F0D0F9AA
:10462000601C84B22448006890ED210A10EE101A34
:10463000084609F01DFE41EC180B9FED280B53ECCA
:10464000102B09F0E9FC00D85BE0B4F5967F4EDD55
:104650001948006890ED210AF3EE090AB4EEE00A69
:10466000F1EE10FA43D2EDBB01259FED1B0A124873
:10467000006880ED240AB1EE080A0F48006880ED5A
:10468000250A9FED100A0C48006880ED260A3220AA
:1046900009490968A1F86C00002007490968A1F8D8
:1046A0006E0005480068B0F86E0003B2024800686A
:1046B00090F86C20002116E0780200207C02002097
:1046C00000006145000048440000444200005042A0
:1046D00000C05A45A8FDFFFF00806D4533333333DA
:1046E00033F3484003E00846F8F700FC08E0B4F56F
:1046F000167F05DD1720FD49096888800120F1E457
:104700008AE700BF002001F08BFA4FF48060F6F7D3
:1047100007FC0024002563E04FF47A7005F050F99F
:10472000601C84B2F248006890ED210A10EE101A65
:10473000084609F09DFD41EC180B9FEDEE0B53EC84
:10474000102B09F02FFB00D84BE0B4F5967F36DD37
:10475000E748006890ED210AF3EE090AB4EEE00A9A
:10476000F1EE10FA2BD255BB01251FED250AE048CA
:10477000006880ED240AB1EE080ADD48006880ED8B
:10478000250A1FED300ADA48006880ED260A32203B
:10479000D7490968A1F86C000020D5490968A1F83B
:1047A0006E00D3480068B0F86E0003B2D0480068CD
:1047B00090F86C2000210846F8F798FB09E040F2D9
:1047C000DC50844205DD2120C84909688880012029
:1047D00088E4002001F024FA4FF48060F6F7A0FB93
:1047E0009AE700BFC82005F0EBF84FF48060EFF7C0
:1047F000A3FD0026002408E0BC480068408B064466
:10480000C82005F0DDF8601C84B20A2CF4DB0A2015
:10481000B6FBF0F6B54909680E861FED510AB4489B
:10482000006880ED240AB1EE080AB148006880ED06
:10483000250A1FED5C0AAE48006880ED260A32208A
:10484000AB490968A1F86C000020A9490968A1F8E2
:104850006E00A7480068B0F86E0003B2A448006874
:1048600090F86C2000210846F8F740FB11209F4982
:10487000096848854FF4FA7005F0A2F8002108464F
:10488000F6F752FC12209949096848854FF4FA70EE
:1048900005F096F8EFF7F6FB95480068B0F8F600DB
:1048A00020B193480068B0F8F67000E001270025B9
:1048B00049E000243BE01020F6F732FB4FF4C870CB
:1048C0008B490968A1F872004FF47A708849096829
:1048D000A1F85C00022086490968A1F86200844BB7
:1048E0001B68B3F86220824B1B68B3F95C10804BE5
:1048F0001B68B3F8720004F0BDFE7C49096888802B
:10490000EFF7C0FB4FF4FA7005F05AF84FF442701D
:10491000F6F706FB4FF496717848F9F73FFAEFF790
:10492000B1FB4FF4FA7005F04BF8601C84B2032C15
:10493000C1DB00210846F6F7F7FB4FF4FA7005F0EB
:104940003FF8681C85B2BD42B3DB14206849096892
:10495000A1F8FC00EFF796FB00243BE01020F6F7EF
:10496000DFFA4FF4C87062490968A1F872004FF489
:104970007A705F490968A1F85C0002205C49096807
:10498000A1F862005A4B1B68B3F86220584B1B68B1
:10499000B3F95C10564B1B68B3F8720004F06AFE62
:1049A000524909688880EFF76DFB4FF4FA7005F003
:1049B00007F84FF44270F6F7B3FA4FF496714F4888
:1049C000F9F7ECF9EFF75EFB4FF4FA7004F0F8FF3B
:1049D000601C84B2032CC1DB13204449096848855C
:1049E0004FF4FA7004F0ECFF002001F019F91FED0C
:1049F000C60A3F48006880ED240AB1EE080A3C4828
:104A0000006880ED250A1FEDD10A3948006880ED65
:104A1000260A322036490968A1F86C000020344982
:104A20000968A1F86E0032480068B0F86E0003B261
:104A30002F48006890F86C2000210846F8F756FAD5
:104A4000002466E04FF47A7004F0BAFF601C84B270
:104A50002748006890ED210A10EE101A084609F068
:104A600007FC41EC180B1FEDE30B53EC102B09F086
:104A7000D3FA00D84EE0B4F5967F41DD1C480068BB
:104A800090ED210AF3EE090AB4EEE00AF1EE10FA15
:104A900036D255BB01251FEDF00A1548006880EDA0
:104AA000240AB1EE080A1248006880ED250A1FEDBD
:104AB000FB0A0F48006880ED260A32200C4909687D
:104AC000A1F86C0000200A490968A1F86E000848A6
:104AD0000068B0F86E0003B20548006890F86C20DA
:104AE00000210846F8F702FA13E009E07C020020F2
:104AF000780200200000000000C0484050FBFFFF8B
:104B0000B4F5167F05DD1720564909688880012015
:104B100010E497E700BF002001F082F84FF48060B6
:104B2000F6F7FEF90024002515204F490968A1F881
:104B3000FC0063E04FF47A7004F042FF601C84B222
:104B40004948006890ED210A10EE101A084609F055
:104B50008FFB41EC180B1FED190B53EC102B09F0D8
:104B600021F900D84BE0B4F5967F36DD3E48006869
:104B700090ED210AF3EE090AB4EEE00AF1EE10FA24
:104B80002BD255BB01259FED390A3748006880EDCF
:104B9000240AB1EE080A3448006880ED250A9FED2A
:104BA000340A3148006880ED260A32202E4909680F
:104BB000A1F86C0000202C490968A1F86E002A4871
:104BC0000068B0F86E0003B22748006890F86C20C7
:104BD00000210846F8F78AF909E040F2DC508442E7
:104BE00005DD21201F4909688880012028E4002074
:104BF00001F016F84FF48060F6F792F99AE700BFDB
:104C00004FF48060EFF798FB0A20F7F787FC4FF42A
:104C10007A7004F0D5FE0026002408E011480068F0
:104C2000408B0644C82004F0CBFE601C84B20A2CE2
:104C3000F4DB0A20B6FBF0F60A4909684E8600202C
:104C400008490968888041F2883004F0B9FE642080
:104C500005490968A1F8FC004FF4FA70EDF72AFE47
:104C600000204AE47C0200207802002000806D458C
:104C7000000048441E490968B1F82A11022904D1EC
:104C80001C490978491C1B4A11701A4909780529E1
:104C90001CD10121184A11700021154A1268A2F88E
:104CA00018111521124A1268A2F8D810104A126879
:104CB000A2F8061100210E4A1268A2F81A110C4A35
:104CC0001268A2F81C110B4A117010E001210A4A67
:104CD00011700021064A1268A2F818110121044A35
:104CE0001268A2F8D810024A1268A2F8061170479A
:104CF00078020020750300205003002010B540F218
:104D000005620549054800F0E7FE45F2AA5104484E
:104D1000C0F80C1810BD0000605700200000020809
:104D2000606700202DE9F04104460D4616461F46F7
:104D30003B46324629462046F9F76CF8BDE8F0813B
:104D400010B5044654B106480068A0F85640C82083
:104D500004F036FE0348006804F0D6FF10BD0000E2
:104D60007C0200205004002010B504460248006870
:104D700004F0CAFF10BD00004C04002030B5DFED88
:104D8000220AB4EEE00AF1EE10FA03DDDFED1E0AAE
:104D9000B0EE600AB5EEC00AF1EE10FA03D2DFED14
:104DA0001B0AB0EE600ADFED1A0A60EE200AB0EED0
:104DB000600ADFED150A80EE201AB0EE410AF6EE29
:104DC000000A70EE200AB0EE600AFCEEC00A10EE97
:104DD000901A88B20F49104A01F10804C2F3034542
:104DE00004EB85031C686FF30B0404431C6000BFD5
:104DF0001146084A126801F010040123A3401A4327
:104E0000044B1A6000BF30BD0000044200000000E7
:104E100000F07F45007400401200431570B5044651
:104E20000025032C00DD00240348005D40F001054F
:104E30002846EBF73CFE70BDF002002000207047D2
:104E40000821024880F810187047000060670020B1
:104E50000020704710B52DED028BB0EE408A9FED1B
:104E60001F0AB4EEC08AF1EE10FA03DD9FED1B0AB3
:104E7000B0EE408AB5EEC08AF1EE10FA03D29FED93
:104E8000180AB0EE408A9FED170A28EE000AB0EE2D
:104E9000408A9FED120AC8EE000AB0EE608AB6EEB4
:104EA000000A38EE000AB0EE408ABCEEC80A10EEE6
:104EB000100A84B224B921460B48F4F7BDF80AE081
:104EC00021460948F4F7B8F801210748F3F79EFF97
:104ED0000548F3F7ADFFBDEC028B10BD00000442A6
:104EE000000000000080BB450004004010B52DED1F
:104EF000028BB0EE408A9FED200AB4EEC08AF1EE3C
:104F000010FA03DD9FED1C0AB0EE408AB5EEC08AB0
:104F1000F1EE10FA03D29FED190AB0EE408A9FED30
:104F2000180A28EE000AB0EE408A9FED130AC8EE78
:104F3000000AB0EE608AB6EE000A38EE000AB0EE63
:104F4000408ABCEEC80A10EE100A84B224B9214689
:104F50000C48F4F775F80BE021460A48F4F770F8AE
:104F60004FF480710748F3F751FF0648F3F760FFED
:104F7000BDEC028B10BD00000000044200000000E8
:104F80000080BB450004004080ED0A0A7047416381
:104F9000704780ED000AC0ED010A80ED021AC0EDF5
:104FA000031A7047816390ED0E0AB8EE400A80ED57
:104FB0000A0A704780ED040A7047000070B5054684
:104FC00000242F222046641C10490A543122204616
:104FD000641C0A5456222046641C0A54052095FB82
:104FE000F0F6081932460AA1EBF73AFA04440D220A
:104FF0002046641C05490A5400BF4FF4FA7004F0BF
:10500000DFFCF8F72BFF0028F7D170BD707C002083
:10501000256400002DE9F04105460E46314628463C
:10502000F0F702FCC7B200242F222046641C11496D
:105030000A5431222046641C0A546F222046641C04
:105040000A5407F13000C2B22046641C0A545222AE
:105050002046641C0A540D222046641C0A5400BFDA
:105060004FF4FA7004F0ACFCF8F7F8FE0028F7D122
:10507000BDE8F081707C002070B5054600242F2229
:105080002046641C11490A5431222046641C0A54EB
:105090007E222046641C0A5456222046641C0A5470
:1050A00008192A460AA1EBF7DBF904440D22204631
:1050B000641C06490A5400BF4FF4FA7004F080FCE7
:1050C000F8F7CCFE0028F7D170BD0000707C0020FE
:1050D0002564000070B5054600242F222046641C7C
:1050E00019490A5431222046641C0A547A22204667
:1050F000641C0A5423222046641C0A544022204681
:10510000641C0A5432222046641C0A543922204668
:10511000641C0A543D222046641C0A5408192A467D
:105120000AA1EBF79DF904440D222046641C0649B0
:105130000A5400BF4FF4FA7004F042FCF8F78EFEF8
:105140000028F7D170BD0000707C002025640000AD
:1051500080ED050A7047000010B504480068828E93
:1051600001210846F5F7CBFB10BD000078020020B6
:105170002DE9F0410546172D00DD17250A2095FB86
:10518000F0F100FB11500A2195FBF1F140EA01100A
:10519000C4B21A48F3F7ABFC1848F3F7F9FB002246
:1051A0001046114604F0F006360404F00F0746EAF4
:1051B0000746164300273F0247EA00273E4346EAD8
:1051C00001030E4EF6690E4F3E401E430B4FFE612B
:1051D00000BF0C483946C96901F07F3101433A46A6
:1051E000D16100BF1046F3F7D8FB3846F3F789FCCE
:1051F0003846F3F78BFCBDE8F08100000028004042
:10520000808080FF808000802DE9F04106460024E8
:105210007568F9F7A7F80746002D32D0781CC4B29C
:1052200007E04FF00040E040284000B103E0601C80
:10523000C4B2182CF5DB00BF182C0CD1002407E0F9
:105240004FF00040E040284000B103E0601CC4B2D1
:10525000BC42F5DB00BFEBF7A1FC2046FFF788FF5F
:1052600000BF0A48C06800F0800060F4C0700749C1
:10527000C86000BF4FF40030F3F7B0FAEBF7A4FCBE
:1052800001E0EBF78BFCBDE8F08100000028004056
:1052900010B50A48006890F82E4114B1012C04D1D1
:1052A00000E003E001F078FC00E000BF00BF002058
:1052B00002490968A1F82E0110BD00007802002003
:1052C00070B536480021C022354B5B5C03445B68F7
:1052D0006FF30F031343324C645C0444636000BFFC
:1052E000304B0C46002514B903F14C0500E02E4D5F
:1052F0002A4600BF2A4B5B5C03449A6000BF2748E4
:1053000000212A4A264B5B5C0344DA6000BF284A2E
:10531000234B5B5C03441B69214C645C04442261A5
:1053200000BF00BF1E4A525C825842F480221C4BD0
:105330005B5CC25000BF00BF194A525C825842F009
:105340000102174B5B5CC25000BF00BF2020134915
:10535000886000BF08460021114A525C825842F022
:1053600010020F4B5B5CC25000BF00BF0D4880684D
:1053700040F001000B49886000BF00BF084680680C
:1053800040F08040886000BF4FF44070896821F48D
:1053900040710143034A916000BF70BD0064024048
:1053A00066E505080020014008230140CC7D00206F
:1053B0004C7F00202DED088B0024F5F78DFCF5F7D0
:1053C000DBFBF2F781FC322004F0FAFA00224FF402
:1053D00080717D48F0F724FCFFF772FF00BF7B4827
:1053E000006840F040007949086000BFEBF752FACE
:1053F00000BF0A2004F0E4FA75480068B0F82C01F8
:1054000000EE100AB8EE400A10EE100A7149096861
:10541000C1F8560270497148F0F70AFB0421704840
:10542000FAF7C2FC6F48007800287DD06C480088ED
:105430006D4908806A4840886C4908800122110340
:105440006B48F0F7EDFB002066490870664800885D
:1054500068490988401A684909680844664908602B
:105460006248008865490988401A65490968084406
:1054700063490860601C84B2142CBAD101206149D0
:10548000096808835E480068401D142190FBF1F014
:105490005C490968488301205A49096888845A4848
:1054A0000068401D1421B0FBF1F056490968C8841A
:1054B0005648008800282ADD4FF4FA7154480068E5
:1054C00004F0D4FAF0B9514840684E490968C98CD3
:1054D00008444E494860084680684A490968498B33
:1054E00008444A49886008460088401E08804848A9
:1054F000006804F045FB50B146480068401C45492F
:10550000086004E043480068401C424908603D4987
:105510000968488B08F032FC41EC1A0B39490968DC
:10552000088B08F02BFC00E030E041EC1B0B53EC47
:105530001A2B08F04BFA41EC190BB0EE490AF0EEC9
:10554000690A02F081FAB0EE408AF0EE608A51EC0E
:10555000180B08F055F91E490968C1F880004FF48E
:1055600000612348F0F752FB002400202249086024
:10557000234908602849086023490860FAF75CFD60
:105580002648EFF715F9F5F7F7FA32E70020194941
:1055900008801A490880204800681649098808448C
:1055A0001D490860184800681449098808441649CC
:1055B000086000224FF480510D48F0F731FB0120C4
:1055C0000849087015E70000000802400038004054
:1055D0007802002028030020B8030020B403002034
:1055E000B47D0020980300209E030020A00300202B
:1055F000000C02409A030020A40300209C0300201A
:10560000A80300207C020020B0030020C07D002001
:105610002C04002094030020AC030020A87D00206F
:1056200000B512480068B0F82A01062813D2DFE856
:1056300000F0120306090C0FEEF798FE13E0F5F7E1
:1056400015FE10E0EFF7E8FF0DE0EEF7D7FE0AE0F9
:10565000F5F708F907E0012004490968A1F82A01D3
:10566000EEF784FE00BF00BF00BD000078020020FE
:1056700010B50446AA200A49087055204870002039
:1056800088700620C8701E200871200A48718C712D
:1056900005210348801CF5F75FFA0149C87110BD68
:1056A000B07B002010B50446AA200A490870552096
:1056B0004870002088700620C8702F200871200ACA
:1056C00048718C7105210348801CF5F745FA0149A2
:1056D000C87110BDB07B00202DE9F04106460D4693
:1056E000174606EB460000EBC6000D4901EB00141F
:1056F0000C48EEF7BFFC0B48F5F700FE00EE105A21
:10570000B8EE400A84ED040AC7EB0710800001B22E
:10571000A18201206080A0802080BDE8F08100008F
:10572000F87C0020B07C002070B52DED028B044683
:10573000B0EE408AB5EEC08AF1EE10FA02D8BDECA8
:10574000028B70BD1F4800680482002C01DD01251A
:1057500004E0002C02DA0025604204B29FED1A0A30
:1057600028EE000ADFED190A60EE200A00EE104A6A
:10577000B8EEC00A80EE801ABCEEC10A10EE106AC4
:1057800000224FF400411248F0F74AFA0020114974
:1057900008702DB9012291030D48F0F741FA06E097
:1057A000012D04D10022A9030948F0F739FAA0B26B
:1057B00000F05CF831460848006804F06BFC00BF5C
:1057C000BDE700007C0200200000164400007A447F
:1057D000000C024080020020200400202DE9F0414E
:1057E00005460C461646002E01DCBDE8F08125B1C9
:1057F00020B219490968088204E0604200B21649E3
:10580000096808824FF4167106FB01F04FF47A71B3
:10581000484390FBF4F700224FF400410F48F0F7A3
:10582000FFF900200E4908702DB9012291030B48A1
:10583000F0F7F6F906E0012D04D10022A90307488C
:10584000F0F7EEF9204600F011F8394605480068F7
:1058500004F020FC00BFC8E77C020020000C0240DE
:1058600080020020200400200020704710B586B080
:105870000446142101A8EAF7F8FE1E2C00DA1E24C3
:1058800041F27070844200DB04464520ADF804000C
:10589000002002900F4890FBF4F003900020049049
:1058A00001A90D48F3F7CEFA039948080A4988631D
:1058B00000BF1020096A0143074A116200BF00BF00
:1058C0001046006840F001001146086000BF06B0B5
:1058D00010BD0000E86E03000008004000BF0A2071
:1058E00004F06EF8464800884FF6FF7101EA400068
:1058F0004349088040214348F3F71BF84049098891
:1059000008433F4908800846007800F00300032858
:1059100008D13D480068007840F001003A49096824
:1059200008700CE03648007800F0030038B93648BB
:105930000068007800F0FE003349096808703348B9
:1059400000884FF6FF7101EA4000304908804FF4AB
:1059500000512F48F2F7EDFF2C49098808432B49E5
:1059600008800846007800F00300032808D1264884
:105970000068007840F002002349096808700CE0D4
:105980002248007800F0030038B91F48006800780A
:1059900000F0FD001C49096808701E48007860B3DB
:1059A0001D480068C08F1C490968898F08440A2176
:1059B00090FBF1F019490860194800680A3018494D
:1059C000086015480068C08F0A2190FBF1F0144967
:1059D0000968884202D9EEF7E5FB01E0F5F7C8F95E
:1059E0000F4800680D4909688842FFF478AF00202D
:1059F0000B490860EEF7D6FB71E7EEF7D3FB6EE7D5
:105A0000D40300200010024068020020D6030020CA
:105A100000080240C803002078020020CC030020C8
:105A2000D003002001461F48814201D20020704768
:105A30001D48814201D20120F9E71C48814201D270
:105A40000220F4E71A48814201D20320EFE7194807
:105A5000814201D20420EAE71748814201D20520A1
:105A6000E5E71648814201D20620E0E7144881426A
:105A700001D20720DBE71348814201D20820D6E794
:105A80001148814201D20920D1E71048814201D258
:105A90000A20CCE7B1F1016F01D20B20C7E700BFAC
:105AA000C5E70000004000080080000800C00008B2
:105AB00000000108000002080000040800000608B9
:105AC0000000080800000A0800000C0800000E088A
:105AD00001460868704700002DE9F04387B004468E
:105AE0000E4617464FF00009002001900025804621
:105AF000B4F1006F02D304F0030018B1022007B024
:105B0000BDE8F083F0F768F8254604EB87081E48E7
:105B100085421DD219E02846FFF7DAFF401C78B114
:105B2000002002902846FFF77DFF04900120059099
:105B30000220069001A902A8EFF7A2FF08B106E033
:105B40002D1D4CF25030EFF717FC4545E3D300BF55
:105B50004CF25030EFF710FC8146B9F1000F0FD135
:105B60000CE0D6F800C06246002321460220EFF781
:105B7000E7FF08B10120C2E7241D361D4445F0D3DC
:105B8000EFF7D4FF0020BAE70000FF1F70B505460D
:105B900005EB450000EBC5000A4901EB0014A088A5
:105BA00000EB800104F1100000EB8100A0F114066D
:105BB0000020F08120800021284600F04BFBEEF70A
:105BC000B5FA70BDF87C002010B500F00FF802485F
:105BD000006804F07DFA10BD2004002010B50248D2
:105BE000006804F075FA10BD2804002010B50122E9
:105BF000D1030948F0F714F810200849096A8143D5
:105C0000064A116200BF00BF1046006820F0010084
:105C10001146086000BF10BD000C024000080040A3
:105C200070B5054605EB450000EBC500074901EBE3
:105C300000142846FFF7AAFF0548EEF71BFA0020DC
:105C40006080A0802080FFF78FF870BDF87C002076
:105C5000B07C002010B51248006804F039FA07F053
:105C600069FA10490860084600680F490968401A37
:105C70000C4908600846006800F5FA70086008469C
:105C800000684FF47A71B0FBF1F0064908600846ED
:105C90000088064909688885FFF730F810BD0000C4
:105CA00028040020BC020020C00200207C0200204A
:105CB00010B5142200210120F4F721FE10BD0000D0
:105CC00070B5054600242F222046641C15490A544D
:105CD00031222046641C0A5441222046641C0A5486
:105CE00042F6E060684340F6C41190FBF1F60D49BE
:105CF000081932460CA1EAF7B3FB044452222046AD
:105D0000641C08490A540D222046641C0A5400BF32
:105D10004FF4FA7003F054FEF8F7A0F80028F7D11A
:105D200070BD0000707C00202564000010B50024C8
:105D30002F222046641C12490A5431222046641C3A
:105D40000A5441222046641C0A54081942F6E062B3
:105D50000CA1EAF785FB044452222046641C084942
:105D60000A540D222046641C0A5400BF4FF4FA70F6
:105D700003F026FEF8F772F80028F7D110BD0000F6
:105D8000707C00202564000070B5054600242F2299
:105D90002046641C15490A5431222046641C0A54CA
:105DA00044222046641C0A5442F6E060684340F6F0
:105DB000C41190FBF1F60D49081932460CA1EAF71F
:105DC0004FFB044452222046641C08490A540D2209
:105DD0002046641C0A5400BF4FF4FA7003F0F0FD33
:105DE000F8F73CF80028F7D170BD0000707C002067
:105DF0002564000010B54FF0E020006907F08AF933
:105E0000012801D006F0D6F910BD000010B53848C1
:105E1000016821F0070141F005010160016801F00E
:105E200007010529FAD1334B186840F48040186007
:105E30003148016841F4803101600168C1F340419B
:105E40000029FAD02D490A6842F001020A600A6866
:105E5000C2F34002002AFAD0196841F48071196037
:105E600027490A6842F001020A600A68C2F3400248
:105E7000002AFAD02449234A0B68DFF890C003EACD
:105E80000C031A430A600A6822F440320A6001686F
:105E900041F0807101600168C1F340610029FAD0CE
:105EA0001B48016821F0F0010160016821F4E05114
:105EB00041F4A0510160016821F4604141F40041C6
:105EC0000160016821F0030141F0020101600168F5
:105ED00001F00C010829FAD10E48F2F791FF0F20CA
:105EE000EFF7D4FE002801D0EFF71CF910BD000039
:105EF000003C02400070004000380240743802400C
:105F00007038024008544000043802400080BFFF4F
:105F100008380240007A030A0448016841F470011D
:105F200001600449024808607047000088ED00E005
:105F30000000040808ED00E000F01AB800F010B806
:105F400000F006B80148F0F73AB800009C85002040
:105F500010B502480068804710BD0000E80000202E
:105F600010B502480068804710BD0000F400002012
:105F700010B502480068804710BD0000DC0000201A
:105F800010B50268294B98420ED0B0F1804F0BD06B
:105F9000274B984208D0274B984205D0264B984271
:105FA00002D0264B984203D122F070024B681A436C
:105FB0001E4B984220D0B0F1804F1DD01C4B984210
:105FC0001AD01C4B984217D01B4B984214D01B4B35
:105FD000984211D01A4B98420ED01A4B98420BD0CF
:105FE000194B984208D0194B984205D0184B98424B
:105FF00002D0184B984203D122F44072CB681A4366
:1060000022F080034C6943EA040202608B68C36299
:106010000B688362054B984202D0084B984201D12D
:106020000B6903630123436110BD000000000140C0
:106030000004004000080040000C00400004014043
:106040000040014000440140004801400018004069
:10605000001C0040002000402E480068D0ED261AA9
:10606000B0EE611A2B480068D0ED251AF0EE610AF7
:1060700028480068D0ED241AB0EE610ADFED261A38
:106080002648FEF786FF23480068C18C2348FEF7A8
:106090007EFF00212148FEF785FF9FED1F0A1F4864
:1060A000FFF756F89FED1C0A1C48FEF76DFF9FEDA9
:1060B0001A0A1A48FEF77EFF1848F5F71FF9002163
:1060C000084600F0C7F800200BE01549096800EB0E
:1060D000400202EBC002134B03EB0212D160411CE1
:1060E000C8B20128F1DB00BF642003F069FC002086
:1060F000EFF7B6FB0C4880ED000A90ED000A002097
:1061000000F014F80120EFF7ABFB074880ED000A20
:10611000EAE700007802002000000000B07C0020C8
:1061200024040020F87C00207C0300202DE9F041AD
:106130002DED028B0746B0EE408A07EB470000EBDF
:10614000C7003F4901EB0014208820B1012803D08B
:10615000022870D13EE06FE03A480068D0ED261A80
:10616000B0EE611A37480068D0ED251AF0EE610AEA
:1061700034480068D0ED241AB0EE610ADFED321A1F
:106180003248FEF706FF6088082802DC6088002895
:1061900005DC00202080BDEC028BBDE8F081A088EA
:1061A0006188884202DCA088002802DC0020208070
:1061B000F1E702202080A08800EB800104F11000AC
:1061C00000EB8100A0F114060120F081204909684C
:1061D000488231E0B0EE480A2146384600F05EF8C9
:1061E0000546D5B9A088401C80B2A080618888424D
:1061F0000EDCA08800EB800104F1100000EB8100B0
:10620000A0F114060120F08111490968488210E0CC
:1062100000202080FEF7A8FD0BE0FF2D00D1BAE79B
:10622000FE2D03D10020FEF79FFD02E0E580002057
:10623000208001E0FFE700BF00BF00BFABE7000028
:10624000F87C00207802002000000000B07C0020D4
:106250007C02002010B510B1012819D117E00E4AB8
:106260001268D18100BF4FF08042516300BF01220C
:1062700093071B6A13439407236200BF00BF920772
:10628000126842F0010223461A6000BF01E000E0FC
:1062900000BF00BF10BD00007C02002070B52DEDD6
:1062A000028B06460D46B0EE408AA88800EB8001BE
:1062B00005F1100000EB8100A0F11404E08907282B
:1062C0007ED2DFE800F0040537CCFCFBFA008EE15B
:1062D000BCEEC80A10EE100A6081BCEEC80A10EECF
:1062E000100AC4490968A1F8480006F023FF20619C
:1062F00094ED000AF3EE090AB4EEE00AF1EE10FAAA
:1063000003D80120BDEC028B70BD94ED000AB4EE01
:10631000C80AF1EE10FA07D2F4F7A6FC0320E081D8
:10632000B5490968488204E00220E081B249096861
:1063300048825CE1B1EE040A38EE000AD4ED000AAE
:10634000B4EEE00AF1EE10FA40DBEDF7EFFEB4F93F
:10635000040000281CDD00202881A2884FF47A73F5
:1063600012FB03F1E86803F095FE0620E081A249E4
:106370000968488206F0DEFE206194ED000AF0EE26
:10638000400AB0EE480A304600F040F9FF20B9E775
:10639000A08820B93046FFF7F9FB0020B2E70020C3
:1063A00028810620E08194490968488206F0C2FEEF
:1063B000206194ED000AF0EE400AB0EE480A00E0D9
:1063C00014E1304600F022F9FE209BE794ED000A2C
:1063D000F0EE400AB0EE480A304600F017F906F039
:1063E000A9FE8649086020690968081A834908607F
:1063F000084600684FF47A71B0FBF1F07F490860FD
:10640000084600882081084600887A490968A1F872
:106410004A007A480068782820D3D4ED000A6089C1
:1064200000EE100AB8EE400A30EEC00ADFED740A42
:1064300060EE200A00EE100AB8EE400A38EE400A7C
:10644000F4EEC00AF1EE10FA08DD3046FFF79EFBCD
:106450001E20694909688880012053E7C7E094ED50
:10646000000ADFED680A78EE600AB4EEE00AF1EEA9
:1064700010FA41DBEDF75AFEB4F9040000281FDDE5
:1064800000202881A2884FF47A7312FB03F1E86898
:1064900003F000FE0620E08157490968488206F0B3
:1064A00049FE206194ED000AF0EE400AB0EE480A81
:1064B000304600F0ABF8FF2024E75EE05CE05AE0F5
:1064C000A08820B93046FFF761FB00201AE70020C2
:1064D00028810620E08148490968488206F02AFEA2
:1064E000206194ED000AF0EE400AB0EE480A304612
:1064F00000F08CF8FE2005E706F01CFE3F4908601E
:1065000020690968081A3D490860084600684FF488
:106510007A71B0FBF1F039490860084600882081A3
:106520000846008833490968A1F84A0033480068E2
:1065300078281FD3608900EE100AB8EE400AD4ED27
:10654000000A30EE600ADFED2E0A60EE200A00EE4F
:10655000100AB8EE400A30EE480AF4EEC00AF1EE36
:1065600010FA07DDEDF7E2FD202023490968888055
:106570000220C7E63BE03AE039E094ED000AF0EE95
:10658000400AB0EE480A304600F040F806F0D2FD6E
:106590001A49086020690968081A184908600846FD
:1065A00000684FF47A71B0FBF1F0144908600846B6
:1065B0000088E080084600880E490968A1F84C0070
:1065C0002889012811D110480088A0810E48008830
:1065D00008490968A1F84E003046FFF7D7FA0020B5
:1065E000E0810549096848828CE600E000BF00BFF1
:1065F000FF2087E6780200207C0200209003002024
:10660000CDCC4C3E000000008003002010B52DEDE5
:10661000028B0446B0EE408AF0EE608A9FED1A0AC3
:10662000B4EEC08AF1EE10FA04DCB5EEC08AF1EEE9
:1066300010FA03D200212046FFF70CFE134890ED1C
:10664000050AB4EE680AF1EE10FA03D0C0ED058A2F
:10665000F4F754FE0E4890ED000A0C48F4F77AFC6B
:106660000C490880084600884EF66021884202DD09
:10667000084608490880074801882046FFF7EAFDD8
:10668000BDEC028B10BD000000007A43B07C0020FE
:106690007C0300208003002070B50546284604F0E6
:1066A0008BFB044614B1D4E90010884770BD2DE976
:1066B000F05F05460E4692469B46DDE90A4940F6E4
:1066C000C41094FBF0F087B240F6C41094FBF0F1D4
:1066D00000FB11401FFA80F80FE031462846FEF714
:1066E00099FC40F6C410FFF7EBFA1F212846FEF78D
:1066F00091FC40F6C410FFF747FB3800A7F10101F9
:106700008FB2EAD131462846FEF784FC4046FFF7B7
:10671000D7FA1F212846FEF77DFC4046FFF734FBE1
:106720000020BDE8F09F2DE9FF4F81B0814616465D
:106730001F46DDE90E850024032098FBF0F000F0F1
:10674000FF0A032098FBF0F100FB118000F0FF0B23
:106750003CE001224FF44871484600F073FA10B94A
:106760002920F9F71DFC01233A4600954846029975
:10677000EEF79AFA044654B94FF47A7003F020F910
:1067800012233A4631464846F7F744FB1EE00923F8
:106790004FF4487203214846FEF7C4FA01233A46F3
:1067A000009548460299EEF77FFA044654B94FF433
:1067B0007A7003F005F912233A4631464846F7F756
:1067C00029FB03E0204605B0BDE8F08F5FEA0B002F
:1067D000ABF1010101F0FF0BBBD13AE003224FF412
:1067E0004871484600F02EFA10B92A20F9F7D8FB74
:1067F00003233A46009548460299EEF755FA0446B7
:1068000054B94FF47A7003F0DBF812233A4631465C
:106810004846F7F7FFFA1CE009234FF448720321BA
:106820004846FEF77FFA03233A4600954846029908
:10683000EEF73AFA044654B94FF47A7003F0C0F810
:1068400012233A4631464846F7F7E4FA01E020467B
:10685000B9E75FEA0A00AAF1010101F0FF0ABDD120
:106860002046B0E710B50E4C20680168C1F3401116
:10687000002904D06FF02001016004F0D7F92068EE
:10688000C168C1F3C011002908D00068C0F3C0106E
:10689000002803D0BDE8104004F0D0B910BD0000BE
:1068A0008800002008B503201F49087045F61860CD
:1068B0001E490968488000204FF4E1330322652116
:1068C000009001F003FC00224FF480711848EFF7AC
:1068D000A7F901F0E7FB00BF4FF4FA711548006813
:1068E00003F076F9C8B91448006828B14FF0FF31B9
:1068F0001148006803F0BAF801F058FC0F4800781E
:1069000020B1F7F75DFB00200C4908700A480068C9
:1069100018B10948006803F033F900BF4AF6AA200D
:106920000749086000BFD7E72C0300207C02002045
:10693000000802403C0400203404002044030020EE
:106940000030004010B50E4C20680168C1F34011C2
:10695000002904D06FF02001016004F047F920689D
:10696000C168C1F3C011002908D00068C0F3C0108D
:10697000002803D0BDE8104004F040B910BD00006D
:106980008C00002008B545F6186021490968488048
:10699000002000901F4800684088642200FB02F33A
:1069A0001C48006801790622002001F0BBFC00228F
:1069B0004FF480711848EFF733F901F09FFC00BFE6
:1069C0004FF4FA711548006803F002F9C8B9144889
:1069D000006828B14FF0FF311148006803F046F815
:1069E00001F010FD0F48007820B1F7F7E9FA002018
:1069F0000C4908700A48006818B10948006803F09B
:106A0000BFF800BF4AF6AA200749086000BFD7E7D1
:106A10007C02002078020020000802404004002090
:106A200034040020440300200030004010B50E4C18
:106A300020680168C1F34011002904D06FF02001E3
:106A4000016004F0E3F82068C168C1F3C0110029B7
:106A500008D00068C0F3C010002803D0BDE8104083
:106A600004F0DCB810BD00009000002008B5012043
:106A70002349087045F618602249096848800020BB
:106A80000090214800684088642200FB02F31E4801
:106A9000006801790122002002F05AF800224FF428
:106AA00080711A48EFF7BCF801F050FD00BF4FF4B9
:106AB000FA711748006803F08BF8C8B915480068E8
:106AC00028B14FF0FF311348006802F0CFFF02F009
:106AD000AFF81148007820B1F7F772FA00200E499C
:106AE00008700C48006818B10A48006803F048F8BC
:106AF00000BF4AF6AA200949086000BFD7E7000096
:106B00002C0300207C0200207802002000080240B4
:106B100038040020340400204403002000300040EA
:106B20002DE9F04105460027012415E0002715F85E
:106B3000016B0DE006F0010018B1E0B2F4F734F992
:106B400002E0E0B2EDF74AFB7610641C781CC7B295
:106B5000402C01D8082FEDDB402CE7D9BDE8F081AF
:106B6000FEE7000070B505460C46681E0121814015
:106B7000084800684164012C05D106490968486C41
:106B8000F4F7CEF905E024B902490968486CEDF73D
:106B9000D3FB70BD7802002070B51E4800684578B0
:106BA0001C48006886781B48006800781A490978F4
:106BB00088422ED0002425E00120A0401649097803
:106BC0000840C0B115480068406C611E01228A402F
:106BD00010431249096848640120A0400F49096820
:106BE000A1F802020D490968486CF4F799F964208C
:106BF00002F0E6FE05E0611E012202FA01F0EDF767
:106C00009BFB641C082CD7DB024800680078024913
:106C1000087070BD6C020020740300207802002010
:106C200070B504464EF6602004FB00F1044800688D
:106C300002F0CEFF05460DB9002070BD2820FCE70C
:106C40004C0400200346012070472DE9F041054621
:106C50000E461746002400233A4631462846E9F7F7
:106C60006FFF04465CB906234FF4487202212846A0
:106C7000FEF758F803212846F4F749FB0DE02046BB
:106C8000F9F78EF903234FF4167219462846FEF7DA
:106C900049F803212846F4F73AFB2046BDE8F08185
:106CA0007CB50025002484480068B0F8F00020B1CD
:106CB000012803D0022805D102E000BF012503E02E
:106CC000022501E0012500BF00BF022D7ED1092071
:106CD0007A49096848854FF4FA7002F071FE142071
:106CE0004FF4C87102236FF02702CDE900104FF472
:106CF00016711020EBF7F4FD04460CB101207CBDA9
:106D00004FF4C87301224FF416714FF44270EDF73F
:106D100025F904460CB10120F1E74FF44270F4F775
:106D2000FFF8C8218800F7F739F84FF44270EDF703
:106D300003FB4FF4FA6002F043FE0120F4F7F0F891
:106D40005D480068B0F8D60018B14FF48050F4F7F1
:106D5000E7F842F2107002F033FEC8205649096885
:106D6000A1F872006FF0270053490968A1F85C0090
:106D7000012051490968A1F862004F4B1B68B3F824
:106D800062204D4B1B68B3F95C104B4B1B68B3F88A
:106D90007200EDF79FFD4949096888804FF4FA7049
:106DA00002F00EFE46E04FF4FA7002F009FE2220D7
:106DB0004249096848854FF4FA7002F001FE3E48E6
:106DC0000068B0F8DA003C49096800E071E0B1F809
:106DD000581048434FF47A7190FBF1F03749096835
:106DE000898B884225DAC82033490968A1F87200E6
:106DF0006FF0270030490968A1F85C0001202E4996
:106E00000968A1F862002C4B1B68B3F862202A4B7A
:106E10001B68B3F95C10284B1B68B3F87200EDF7E0
:106E200059FD2649096888804FF4FA7002F0C8FDC0
:106E300000E000E0B7E700BF4FF47A7002F0C0FD59
:106E40001E480068808858B11C480068408D092899
:106E50002FD1072018490968A1F8EC0001204EE75E
:106E6000EDF710F94FF47A7002F0AAFD4FF442707A
:106E7000F4F756F84FF496711148F6F78FFF4FF478
:106E80004270EDF759FA64210D48F6F787FF0120AB
:106E9000F4F746F808480068B0F8D60018B14FF487
:106EA0008050F4F73DF864210548F6F777FFEDF7D9
:106EB000E9F8002023E70000780200207C0200208F
:106EC00050FBFFFF7CB500240025FE480068B0F8A9
:106ED000F00030B1012805D0022805D0032807D1E1
:106EE00004E000BF012405E0022403E0032401E0E4
:106EF000012400BF00BF022C01D0032C78D109204F
:106F0000F149096848854FF4FA7002F059FD1420E0
:106F10004FF4C87102236FF02702CDE900104FF43F
:106F200016711020EBF7DCFC05460DB101207CBD8D
:106F30004FF4C87301224FF416714FF44270EDF70D
:106F40000DF805460DB10120F1E74FF4C873012299
:106F50004FF416714FF44270EDF700F805460DB18D
:106F60000120E4E74FF44270F3F7DAFFC82188000C
:106F7000F6F714FF4FF44270EDF7DEF94FF4FA60C4
:106F800002F01EFD0120F3F7CBFFCE480068B0F8F9
:106F9000D60018B14FF48050F3F7C2FF42F21070E0
:106FA00002F00EFDC820C7490968A1F872006FF011
:106FB0002700C4490968A1F85C000120C14909689B
:106FC000A1F86200BF4B1B68B3F86220BD4B1B6881
:106FD000B3F95C10BB4B1B68B3F87200EDF77AFC99
:106FE000B949096888804FF4FA7002F0E9FC45E07D
:106FF00083E04FF4FA7002F0E3FC2220B249096802
:1070000048854FF4FA7002F0DBFCAE480068B0F837
:10701000DA00AC490968B1F8581048434FF47A7166
:1070200090FBF1F0A8490968898B884225DAC820CD
:10703000A4490968A1F872006FF02700A149096806
:10704000A1F85C0001209F490968A1F862009D4BEE
:107050001B68B3F862209B4B1B68B3F95C10994B1B
:107060001B68B3F87200EDF735FC97490968888012
:107070004FF4FA7002F0A4FC00E000E0B9E700BFB2
:107080004FF47A7002F09CFC8F480068808858B1F9
:107090008D480068408D09282FD10720894909684B
:1070A000A1F8EC00012042E7ECF7ECFF4FF47A7016
:1070B00002F086FC4FF44270F3F732FF4FF4967102
:1070C0008248F6F76BFE4FF44270EDF735F9642114
:1070D0007E48F6F763FE0120F3F722FF7948006847
:1070E000B0F8D60018B14FF48050F3F719FF6421BF
:1070F0007648F6F753FEECF7C5FF032C7DD10A2046
:107100007149096848854FF4FA7002F059FC14205F
:107110004FF4C87101236FF02702CDE900104FF43E
:1071200016711020EBF7DCFB05464FF44270F3F7C5
:10713000F7FEC8218800F6F731FE4FF44270EDF7F4
:10714000FBF84FF4FA6002F03BFC0120F3F7E8FE95
:107150005C480068B0F8D60018B14FF48050F3F7DF
:10716000DFFE42F2107002F02BFCC820554909687E
:10717000A1F872006FF0270052490968A1F85C007D
:10718000012050490968A1F862004E4B1B68B3F812
:1071900062204C4B1B68B3F95C104A4B1B68B3F878
:1071A0007200EDF797FB4849096888804FF4FA7040
:1071B00002F006FC46E04FF4FA7002F001FC2220D7
:1071C0004149096848854FF4FA7002F0F9FB3D48DF
:1071D0000068B0F8DA003B490968B1F85810484334
:1071E0004FF47A7190FBF1F037490968898B884236
:1071F00027DAC8203349096800E062E0A1F872008C
:107200006FF027002F490968A1F85C0001202D4983
:107210000968A1F862002B4B1B68B3F86220294B68
:107220001B68B3F95C10274B1B68B3F87200EDF7CD
:1072300051FB2549096888804FF4FA7002F0C0FBC1
:1072400000E000E0B7E700BF4FF47A7002F0B8FB4F
:107250001D480068808858B11B480068408D092887
:107260002FD1072017490968A1F8EC0001205EE63C
:10727000ECF708FF4FF47A7002F0A2FB4FF4427073
:10728000F3F74EFE4FF496711048F6F787FD4FF472
:107290004270EDF751F864210C48F6F77FFD0120AC
:1072A000F3F73EFE07480068B0F8D60018B14FF477
:1072B0008050F3F735FE64210448F6F76FFDECF7D4
:1072C000E1FE05E0780200207C02002050FBFFFF79
:1072D00000202CE67CB50025002484480068B0F826
:1072E000F00020B1012803D0022805D102E000BF40
:1072F000012503E0022501E0012500BF00BF022DAA
:107300007ED109207A49096848854FF4FA7002F065
:1073100057FB14204FF4C87102236FF02702CDE908
:1073200000104FF416711020EBF7DAFA04460CB196
:1073300001207CBD4FF4C87301224FF416714FF445
:107340004270ECF70BFE04460CB10120F1E74FF45C
:107350004270F3F7E5FDC8218800F6F71FFD4FF4F2
:107360004270ECF7E9FF4FF4FA6002F029FB0120CC
:10737000F3F7D6FD5D480068B0F8D60018B14FF4B9
:107380008050F3F7CDFD42F2107002F019FBC820D7
:1073900056490968A1F872006FF02700534909683F
:1073A000A1F85C00012051490968A1F862004F4B27
:1073B0001B68B3F862204D4B1B68B3F95C104B4B54
:1073C0001B68B3F87200EDF785FA494909688880AF
:1073D0004FF4FA7002F0F4FA46E04FF4FA7002F05B
:1073E000EFFA22204249096848854FF4FA7002F00A
:1073F000E7FA3E480068B0F8DA003C49096800E066
:1074000071E0B1F8581048434FF47A7190FBF1F0F5
:1074100037490968898B884225DAC82033490968C9
:10742000A1F872006FF0270030490968A1F85C00EC
:1074300001202E490968A1F862002C4B1B68B3F8A3
:1074400062202A4B1B68B3F95C10284B1B68B3F809
:107450007200EDF73FFA2649096888804FF4FA7008
:1074600002F0AEFA00E000E0B7E700BF4FF47A7038
:1074700002F0A6FA1E480068808858B11C480068CF
:10748000408D09282FD1072018490968A1F8EC0080
:1074900001204EE7ECF7F6FD4FF47A7002F090FA17
:1074A0004FF44270F3F73CFD4FF496711148F6F734
:1074B00075FC4FF44270ECF73FFF64210D48F6F77E
:1074C0006DFC0120F3F72CFD08480068B0F8D600E9
:1074D00018B14FF48050F3F723FD64210548F6F707
:1074E0005DFCECF7CFFD002023E7000078020020D0
:1074F0007C02002050FBFFFF7CB50025002485485E
:107500000068B0F8F000032801D1022500E0012551
:10751000022D78D109208049096848854FF4FA7016
:1075200002F04EFA14204FF4C87102236FF02702C4
:10753000CDE900104FF416711020EBF7D1F9044695
:107540000CB101207CBD4FF4C87301224FF41671B9
:107550004FF44270ECF702FD04460CB10120F1E754
:107560004FF4C87301224FF416714FF44270ECF7D8
:10757000F5FC04460CB10120E4E74FF44270F3F748
:10758000CFFCC8218800F6F709FC4FF44270ECF7F5
:10759000D3FE4FF4FA6002F013FA0120F3F7C0FCB7
:1075A0005C480068B0F8D60018B14FF48050F3F78B
:1075B000B7FC42F2107002F003FAC820554909687E
:1075C000A1F872006FF0270052490968A1F85C0029
:1075D000012050490968A1F862004E4B1B68B3F8BE
:1075E00062204C4B1B68B3F95C104A4B1B68B3F824
:1075F0007200EDF76FF94849096888804FF4FA7016
:1076000002F0DEF945E083E04FF4FA7002F0D8F9B9
:1076100022204149096848854FF4FA7002F0D0F9F8
:107620003C480068B0F8DA003A490968B1F85810E7
:1076300048434FF47A7190FBF1F037490968898B20
:10764000884225DAC82033490968A1F872006FF032
:10765000270030490968A1F85C0001202D4909681C
:10766000A1F862002B4B1B68B3F86220294B1B6802
:10767000B3F95C10274B1B68B3F87200EDF72AF9D9
:107680002549096888804FF4FA7002F099F900E002
:1076900000E0B9E700BF4FF47A7002F091F91E489C
:1076A0000068808858B11C480068408D09282FD197
:1076B000072018490968A1F8EC00012042E7ECF71F
:1076C000E1FC4FF47A7002F07BF94FF44270F3F76B
:1076D00027FC4FF496711148F6F760FB4FF44270A7
:1076E000ECF72AFE64210D48F6F758FB0120F3F76A
:1076F00017FC08480068B0F8D60018B14FF4805065
:10770000F3F70EFC64210548F6F748FBECF7BAFCEA
:10771000002017E7780200207C02002050FBFFFFCA
:1077200070B52DED028B002400260025A8480068C6
:1077300090ED3E0AB5EEC00AF1EE10FA7ED00D20B3
:10774000A449096848854FF4FA7002F039F900201D
:10775000FEF766FA9FEDA00A9D48006880ED240AB6
:10776000B1EE080A9A48006880ED250A9FED9B0A51
:107770009748006880ED260A322095490968A1F8EB
:107780006C00002092490968A1F86E0090480068DA
:10779000B0F86E0003B28E48006890F86C200021AB
:1077A0000846F5F7A3FB5FE04FF47A7002F008F9A2
:1077B000601C84B28648006890ED210A10EE101A11
:1077C000084606F055FD41EC180B9FED850B53EC78
:1077D000102B06F021FC00D847E0B4F5967F38DD89
:1077E0007B48006890ED210AF3EE090AB4EEE00A46
:1077F000F1EE10FA2DD266BB01269FED770A744890
:10780000006880ED240AB1EE080A7148006880ED36
:10781000250A9FED720A6E48006880ED260A322024
:107820006B490968A1F86C00002069490968A1F852
:107830006E0067480068B0F86E0000E09DE003B29B
:107840006348006890F86C2000210846F5F74EFB6D
:107850000AE0B4F5167F07DD17205E4909688880C5
:107860000120BDEC028B70BD9EE700BF0020FEF73B
:10787000D7F94FF48060F3F753FB0024002663E050
:107880004FF47A7002F09CF8601C84B25048006893
:1078900090ED210A10EE101A084606F0E9FC41ECC2
:1078A000180B9FED510B53EC102B06F07BFA00D810
:1078B0004BE0B4F5967F36DD4548006890ED210A2F
:1078C000F3EE090AB4EEE00AF1EE10FA2BD256BB41
:1078D00001269FED410A3E48006880ED240AB1EE82
:1078E000080A3B48006880ED250A9FED3C0A3848AD
:1078F000006880ED260A322035490968A1F86C003D
:10790000002033490968A1F86E0031480068B0F8DA
:107910006E0003B22E48006890F86C2000210846E3
:10792000F5F7E4FA09E040F2DC50844205DD21205D
:10793000284909688880012093E70020FEF770F944
:107940004FF48060F3F7ECFA9AE700BF4FF48060E1
:10795000ECF7F2FC002408E01E480068408B054468
:10796000C82002F02DF8601C84B20A2CF4DB0A2037
:10797000B5FBF0F517490968CD859FED170A144846
:10798000006880ED240AB1EE080A1148006880ED15
:10799000250A9FED120A0E48006880ED260A322063
:1079A0000B490968A1F86C00002009490968A1F891
:1079B0006E0007480068B0F86E0003B20448006823
:1079C00090F86C2000210846F5F790FA002048E76F
:1079D000780200207C02002000806D4500004844B1
:1079E0003333333333F348400000000000C04840D5
:1079F00002480068C0F30220704700000CED00E070
:107A000010B5002804DB0A07130E054A135406E0DC
:107A10000A07140E034A00F00F031B1FD45410BDB5
:107A200000E400E018ED00E0EFF3058070472DED75
:107A3000020B019820F0004001909DED000B02B078
:107A4000704700000000000070B5D94B00242DEDF8
:107A5000020B2DED108BDDE91010984205DA20F0B5
:107A600000429A4201D809D141B19DED100BBDEC05
:107A7000108B02B0BDE8704000F0F6BAB0F5801F80
:107A800026DA11430BD0002813DA0120E8F71CFE98
:107A9000BDEC108B02B0BDE8704000F0F1BA0220DE
:107AA000E8F712FE00F0C8FA51EC100B05F09BFE4F
:107AB0009EE06FF035049FEDC00B53EC102B9DED55
:107AC000100B51EC100B06F0A9F9CDE91001084696
:107AD00004EB2051C0F31304B948A1F2FF31204454
:107AE00000F4801080F07F6282F04052224301EB6C
:107AF00020559FEDB50B119253EC102B9DED100B03
:107B000051EC100B06F0CAFA41EC180BA01CC0F3A4
:107B100013009FEDAFDB9FEDB0EBB14E7E44032829
:107B20006CD296ED000B51EC180B53EC102B06F0B9
:107B3000A5F81DD1002D01BF96ED000BBDEC108BFB
:107B400002B070BD284606F002F941EC180B53EC68
:107B50001D2B06F063F941EC190B53EC1E2B51EC75
:107B6000180B06F05BF953EC192B05F07BFE3FE098
:107B70009FED9D0B51EC180B53EC102B06F04EF9BA
:107B80009FED9B1B53EC112B06F07CFA41EC190B7B
:107B900053EC182B51EC180B06F040F953EC192B51
:107BA00006F03CF941EC190B002D04BF53EC192BE6
:107BB00051EC180B1AD0284606F0C9F841EC1A0B04
:107BC00053EC1D2B06F02AF953EC192B06F05AFA48
:107BD00053EC182B06F062FA41EC180B53EC1E2BF9
:107BE00051EC1A0B06F01AF953EC182B06F056FA62
:107BF000BDEC108B02B041EC100B70BD9FED7E0B05
:107C000051EC180B53EC102B05F02CFE41EC100B33
:107C100051EC180B53EC102B05F0D8FE41EC190B6E
:107C2000284606F094F841EC1B0B53EC192B51EC51
:107C3000190B06F0F3F841EC1A0B714853EC1A2BB0
:107C4000261851EC1A0B06F0E9F841EC1F0B6D48B1
:107C5000C4F1510404F5D724B0EE4F0AF0EE6F0AD8
:107C60000321784400F06CF953EC1F2B51EC100BFE
:107C700006F0D4F841EC1C0B6348B0EE4F0AF0EE6E
:107C80006F0A0421784400F05BF953EC1A2B51EC95
:107C9000100B06F0C3F8344353EC1C2B05F0E2FD47
:107CA00041EC1C0B002C4CDD9FED510B51EC180BE3
:107CB00053EC102B06F0B2F853EC182B06F0AEF88C
:107CC00041EC1A0B55B353EC1D2B51EC1B0B06F07A
:107CD000A5F841EC1D0B53EC1C2B51EC1A0B05F0D5
:107CE000C1FD53EC192B06F099F853EC1D2B05F050
:107CF000B9FD53EC1A2B06F0C5F953EC182B06F01E
:107D0000CDF941EC180B53EC1E2B51EC1B0B06F07C
:107D100085F853EC182B06F0C1F969E753EC1C2BDE
:107D200051EC1A0B05F09EFD53EC192B06F076F87A
:107D300053EC1A2B06F0A6F953EC182B06F0A2F917
:107D400056E735B353EC1D2B51EC1B0B06F066F8D0
:107D500041EC1A0B53EC1C2B51EC180B06F09EF95E
:107D600053EC192B06F05AF853EC1A2B06F096F93F
:107D700053EC182B06F092F941EC180B53EC1E2B28
:107D800051EC1B0B06F04AF853EC182B06F086F961
:107D90002EE753EC1C2B51EC180B06F07FF953EC3B
:107DA000192B06F03BF853EC182B06F06BF91FE784
:107DB0000000F07F000000000000000000005043C1
:107DC000645F090000000000000000000000F03FB8
:107DD000763C7935EF39EA3D0000E0FE422EE63F81
:107DE000487A000000000000555555555555D53FBF
:107DF000000000000000E03F000000000000004024
:107E000086EBF9FFCA780000C0780000000000008F
:107E100070B5414A00252DED020B2DED048BDDE9F7
:107E20000404944205DA24F00041914201D809D1BA
:107E300040B19DED040BBDEC048B02B0BDE8704079
:107E400000F012B9B4F5801F26DA08430BD0002CDD
:107E500013DA0120E8F738FCBDEC048B02B0BDE872
:107E6000704000F00DB90220E8F72EFC00F0E4F8B5
:107E700051EC100B05F0B7FC46E09FED290B6FF0BD
:107E8000350553EC102B9DED040B51EC100B05F058
:107E9000C5FFCDE904010C4605EB2450A0F2FF30EC
:107EA000C10F40F2FF32521A62F31F54084405F02A
:107EB0004EFF05949DED040B41EC180B51EC100B9B
:107EC00001F0D0FB9FED181B53EC112B05F0A6FF22
:107ED0009FED170B41EC190B53EC102B51EC180BC9
:107EE00005F09CFF53EC192B05F0BCFC9FED120B29
:107EF00041EC190B53EC102B51EC180B05F08EFFD5
:107F000053EC192B05F0AEFCBDEC048B02B041EC38
:107F1000100B70BD000000000000F07F00000000AA
:107F200000000000000050430EE526157BCBDB3F30
:107F3000362BF111F3FE593D00609F501344D33F9F
:107F400070B504462DED028B4D1E00EBC500B0EE62
:107F5000408AF0EE608A90ED000B35F0060017D0F5
:107F600053EC182B51EC100B05F058FF41EC100BA3
:107F70006D1E04EBC50090ED001B51EC100B53EC93
:107F8000112B05F06FFC41EC100B35F00600E7D12A
:107F9000022D36D0042D1CD0062D1CBFBDEC028B4B
:107FA00070BD53EC182B51EC100B05F037FF94ED1E
:107FB0000A1B53EC112B05F055FC53EC182B05F064
:107FC0002DFF94ED081B53EC112B05F04BFC41ECFD
:107FD000100B53EC182B51EC100B05F01FFF94ED18
:107FE000061B53EC112B05F03DFC53EC182B05F050
:107FF00015FF94ED040B53EC102B05F033FC41EC12
:10800000100B53EC182B51EC100B05F007FF94EDFF
:10801000021B53EC112B05F025FC53EC182B05F03B
:10802000FDFE94ED001B53EC112B05F01BFCBDEC89
:10803000028B41EC100B70BD9FED070B10B553EC9C
:10804000102B9FED070B51EC100B05F0BFFC41EC22
:10805000100B10BD00000000000000000000000038
:10806000000000000000F03F10B553EC102B51EC65
:10807000100B05F0F7FB41EC100B10BD00000000E9
:108080009FED050B10B553EC102B51EC100B05F0C8
:108090009DFC41EC100B10BD000000000000000032
:1080A0007047000010B5002406480078012806D16A
:1080B00005480068804700200249087000E0062457
:1080C000204610BD82010020880100202DE9F047E4
:1080D00005460C4616461F46DDF820904FF0000876
:1080E0001CB1012C01DBF72C02DD4FF0020835E05A
:1080F0001C48047005BB1C481C4908601C481D49ED
:1081000008601D481D4908601D481E490860002080
:108110001D4908601D481E4908601E481E49086028
:108120001E481F4908604B463A4631460D480078C4
:1081300000F056FE804602E04FF0020800BF00BF8C
:10814000B8F1000F0AD103F047FB10B94FF0030854
:1081500004E0144805700120134908704046BDE84A
:10816000F0870000800100209D9105088801002013
:10817000FD9105088C01002059900508840100201C
:10818000F98E05089001002094010020A1BC05088B
:10819000E0000020E1BE0508E4000020F1BD050874
:1081A000E8000020810100208201002038B5032072
:1081B000474908704748007808B1062038BD68462E
:1081C00003F0DEFA012874D19DF8000030B10128D7
:1081D00005D002281BD0032877D175E075E03E4A10
:1081E0003E493F483F4B1B68984778B93C48007868
:1081F0003D490978884206D03948007818B1384896
:108200000078FF2802D1022003F00AFB5DE033482A
:10821000006800783549087001203549087000244D
:1082200017E0344810F8340000B914E0314810F871
:1082300034002E49097888420AD12E4800EBC40048
:10824000254942682548006890472949087002E09E
:10825000641C102CE5DB00BF2148007840B32448A3
:108260000078C8B100201C4908802048007840F000
:108270008002084601880088401C174B1880174868
:10828000006842541A480178184602880088401C49
:10829000188012480068815411480078FF2809D1DD
:1082A0000D4802880D480168FF20134B1B68984752
:1082B00009E00BE008480288084801680A4800788D
:1082C0000D4B1B68984700E000BF00BF002075E71A
:1082D0002C03002082010020C2010020BC010020EC
:1082E000C00100209001002080010020C101002079
:1082F000C4010020000100208401002010B50024EA
:1083000006480078012806D105480068804700200B
:108310000249087000E00624204610BD9A010020A2
:10832000A00100202DE9F04705460C4616461F46E1
:10833000DDF820904FF000081CB1012C01DBF72C78
:1083400002DD4FF0020835E01C48047005BB1C48F4
:108350001C4908601C481D4908601D481D490860EB
:108360001D481E49086000201D4908601D481E491F
:1083700008601E481E4908601E481F4908604B4699
:108380003A4631460D48007800F056FD804602E03E
:108390004FF0020800BF00BFB8F1000F0AD103F090
:1083A00023FA10B94FF0030804E0144805700120C7
:1083B000134908704046BDE8F0870000980100208E
:1083C000C1910508A001002015920508A401002014
:1083D000E99005089C010020618F0508A801002094
:1083E000AC01002029BD0508EC00002051BF0508A4
:1083F000F000002031BE0508F400002099010020A3
:108400009A01002038B54748007808B1062038BDE9
:10841000684603F0C7F9012874D19DF8000030B117
:10842000012805D002281BD0032877D175E075E01C
:108430003D4A3E493E483F4B1B68984778B93C4807
:1084400000783D490978884206D03948007818B14B
:1084500037480078FF2802D1022003F0F5F95DE0EB
:1084600032480068007835490870012034490870A6
:10847000002417E0334810F8340000B914E0314804
:1084800010F834002D49097888420AD12D4800EBB4
:10849000C40025494268254800689047284908706B
:1084A00002E0641C102CE5DB00BF2148007840B3DB
:1084B00023480078C8B100201B4908801F48007875
:1084C00040F08002084601880088401C164B188046
:1084D0001648006842541A480178184602880088F5
:1084E000401C188011480068815411480078FF280A
:1084F00009D10D4802880D480168FF20124B1B6806
:10850000984709E00BE008480288084801680A48D3
:1085100000780D4B1B68984700E000BF00BF0020AB
:1085200075E700009A010020CE010020C80100205C
:10853000CC010020A801002098010020CD010020DE
:10854000D0010020000100209C01002010B5002473
:1085500006480078012806D10548006880470020B9
:108560000249087000E00624204610BDBE0000202D
:10857000C40000202DE9F04705460C464FF0000AE4
:108580002088042832D168784FEA0028A87840EA89
:10859000080808F101001FFA80F8EE78012E22DBAE
:1085A000802E20DC2F4600202080662007F8010B5B
:1085B0002088401C208007F8016B2088401C208008
:1085C000002332464146384600F030FE8146B9F17C
:1085D000000F04D0484602F0F7FA824608E02088EF
:1085E0003044208004E04FF0030A01E04FF0030A1A
:1085F0005046BDE8F0872DE9F05F06460D464FF086
:10860000000B2888052848D170784FEA0029B078F7
:1086100040EA090909F101001FFA80F9F078040223
:1086200030790443012C35DBB4F5FA6F32DA374682
:1086300000202880012007F8010B2888401C288092
:1086400004F0070040B12046E11704EB5171C91056
:10865000491C01F0FF0805E02046E11704EB5171C9
:10866000C1F3C70807F8018B2888401C2880002325
:1086700022464946384600F00BFE8246BAF1000F0A
:1086800004D0504602F0A0FA834608E0288840440F
:10869000288004E04FF0030B01E04FF0030B584635
:1086A000BDE8F09F2DE9F05F06460D464FF0000B48
:1086B0002888052847D170784FEA0029B07840EA29
:1086C000090909F101001FFA80F9F07804023079F4
:1086D0000443012C34DBB4F5FA6F31DA374600205D
:1086E0002880022007F8010B2888401C288004F00D
:1086F000070040B12046E11704EB5171C910491C35
:1087000001F0FF0805E02046E11704EB5171C1F3C9
:10871000C70807F8018B2888401C28802246494654
:10872000384600F04DFE8246BAF1000F04D05046A4
:1087300002F04AFA834608E028884044288004E092
:108740004FF0030B01E04FF0030B5846BDE8F09FDC
:108750002DE9F04705460C464FF0000A2088052811
:1087600037D168784FEA0028A87840EA080808F16D
:1087700001001FFA80F8E87806022E79012E25DB29
:108780007D2E23DC2F4600202080032007F8010BDC
:108790002088401C20807006000E07F8010B2088FE
:1087A000401C2080002332464146384600F05AFEE5
:1087B0008146B9F1000F04D0484602F005FA82461E
:1087C00009E0208800EB4600208004E04FF0030A17
:1087D00001E04FF0030A5046BDE8F0872DE9F0476D
:1087E00005460C464FF0000A2088052837D16878E6
:1087F0004FEA0028A87840EA080808F101001FFAAB
:1088000080F8E878060228790643012E24DB7D2EC5
:1088100022DA2F4600202080042007F8010B208850
:10882000401C20807006000E07F8010B2088401CB9
:10883000208032464146384600F088FE8146B9F134
:10884000000F04D0484602F0BFF9824609E02088B4
:1088500000EB4600208004E04FF0030A01E04FF0F7
:10886000030A5046BDE8F0872DE9FC5F04460D463B
:108870000020009028880A2855DB60784FEA002AFB
:10888000A07840EA0A0AE078060220790643607977
:108890004FEA002BA07940EA0B0BE0790702207A1F
:1088A0000743607A0190012E3BDB7D2E39DC012FDE
:1088B00037DB792F35DC79000198814231D10123F2
:1088C0003A46594604F10A0000F0CCFD8146B9F160
:1088D000000F1ED1A04600202880172008F8010BA9
:1088E0002888401C28807006000E08F8010B288894
:1088F000401C2880002332465146404600F0B2FD1D
:108900008146B9F1000F04D12888022101FB06003D
:108910002880B9F1000F06D0484602F055F90090C2
:1089200001E0032000900098BDE8FC9F70B505466B
:108930000C46064802880649681CE7F717FE0348FC
:108940000088401C2080002070BD000094000020A2
:10895000404D00202DE9F04704460D464FF0000938
:108960002888042817DB60780602A0780643701C6C
:1089700086B294F80380012342463146201D00F060
:1089800055FC074627B1384602F01EF9814604E03F
:108990000420288001E04FF003094846BDE8F08735
:1089A0002DE9F84304460F464FF0000838880528A3
:1089B00029D160780502A0780543681C85B220792A
:1089C000F0B9E078FF2801D0E078C8B900208DF830
:1089D0000100E078FF2803D101208DF8000002E0BB
:1089E00000208DF8000001231A462946684600F051
:1089F0004FFC06464EB1304602F0E6F8804604E0F1
:108A00004FF0030801E04FF003084046BDE8F8834B
:108A10002DE9F04104460F464FF00008388805283C
:108A200012D160780502A0780543681C85B2012345
:108A30001A462946E01C00F015FD064636B13046C0
:108A400002F0C2F8804601E04FF003084046BDE85E
:108A5000F0812DE9F05F05460E464FF0000B30889F
:108A6000052839DD68780702A8780743781C87B2A3
:108A7000E87804022879044395F805A004F007007B
:108A800040B12046E11704EB5171C910491C01F0B7
:108A9000FF0805E02046E11704EB5171C1F3C70858
:108AA000012C16DBB4F5F66F13DCD04511D1012390
:108AB00022463946A81D00F0EBFB8146B9F1000FB4
:108AC00004D0484602F080F8834607E00520308055
:108AD00004E04FF0030B01E04FF0030B5846BDE8F4
:108AE000F09F2DE9F04704460E464FF0000A30880B
:108AF000062828DB60780702A0780743781C87B235
:108B0000E07805022079054394F80590012D17DBE4
:108B1000782D15DC6806000E484511D101232A4640
:108B20003946A01D00F09EFC8046B8F1000F04D02D
:108B3000404602F049F8824607E00520308004E014
:108B40004FF0030A01E04FF0030A5046BDE8F087FA
:108B50002DE9F04705460C4616461F46DDF82090E5
:108B60004FF000081CB1012C01DBF72C02DD4FF0A7
:108B7000020835E01C48047005BB1C481C4908600D
:108B80001C481D4908601D481D4908601D481E49B4
:108B9000086000201D4908601D481E4908601E48E5
:108BA0001E4908601E481F4908604B463A46314638
:108BB0000D48007800F0E8F8804602E04FF0020827
:108BC00000BF00BFB8F1000F0AD102F0FDFD10B9DF
:108BD0004FF0030804E014480570012013490870A1
:108BE0004046BDE8F0870000BC00002079910508F0
:108BF000C4000020E5910508C8000020C98F0508C1
:108C0000C0000020918E0508CC000020D00000207C
:108C100019BC0508D400002071BE0508D80000204A
:108C2000B1BD0508DC000020BD000020BE00002012
:108C300038B501204949087000254948007808B135
:108C4000062038BD684602F089FD012876D19DF8DE
:108C5000000030B1012805D002281CD003287AD1A9
:108C600078E078E03F4A40494048414B1B689847CC
:108C700005467DB93D4800783E490978884206D0CE
:108C80003A48007818B139480078FF2802D102200C
:108C900002F0B2FD5FE034480068007836490870A1
:108CA000012036490870002417E0354810F83400D8
:108CB00000B914E0324810F834002F49097888428E
:108CC0000AD12F4800EBC4002649426826480068B4
:108CD00090472A49087002E0641C102CE5DB00BFB5
:108CE0002248007848B325480078C8B100201D49C3
:108CF00008802148007840F08002084601880088FA
:108D0000401C184B18801848006842541B480278D1
:108D1000184601880088401C188013480068425497
:108D200012480078FF280AD10E4802880E480168D0
:108D3000FF20144B1B68984705460AE00CE00948E1
:108D40000288094801680B4800780E4B1B68984759
:108D5000054600E000BF00BF002072E72C030020A2
:108D6000BE000020B6010020B0010020B4010020A8
:108D7000CC000020BC000020B5010020B80100207C
:108D800000010020C00000202DE9F04781460E467A
:108D900014461F464FF00008ECF780F93B460822C6
:108DA0002146304602F082FD012802D04FF0030830
:108DB0000FE0B4F5964F01D9232503E06000074981
:108DC000B1FBF0F5A8B202F0C1FE012801D04FF0CE
:108DD0000308ECF7A9F94046BDE8F08740FCEA003B
:108DE0002DE9F04781460E4614461F464FF0000815
:108DF000ECF754F93B4608222146304602F0C4FD08
:108E0000012802D04FF003080FE0B4F5964F01D9C6
:108E1000232503E060000749B1FBF0F5A8B202F09A
:108E2000B7FE012801D04FF00308ECF77DF940466A
:108E3000BDE8F08740FCEA002DE9F04781460E4688
:108E400014461F464FF00008ECF728F93B4608226D
:108E50002146304602F0ECFD012802D04FF0030815
:108E60000FE0B4F5964F01D9232503E060000749D0
:108E7000B1FBF0F5A8B202F0ADFE012801D04FF031
:108E80000308ECF751F94046BDE8F08740FCEA00E2
:108E90002DE9F04105460E4614460027ECF7FEF892
:108EA0001248008804281BDB10480188104801F094
:108EB000AFFFA8B90E48007828700C480088C01E83
:108EC0002080002005E00A4A411C525C094B5A549C
:108ED000401C21888142F6DC0648401C306000E0DE
:108EE0000527ECF721F93846BDE8F081A200002003
:108EF000604D0020604E00202DE9F04105460E46F1
:108F000014460027ECF7CAF81248008804281BDB37
:108F100010480188104801F07BFFA8B90E4800787E
:108F200028700C480088C01E2080002005E00A4AF6
:108F3000411C525C094B5A54401C21888142F6DC8A
:108F40000648401C306000E00527ECF7EDF8384695
:108F5000BDE8F081AE000020604F0020605000208E
:108F60002DE9F04105460E4614460027ECF796F829
:108F70001248008804281BDB10480188104801F0C3
:108F800047FFA8B90E48007828700C480088C01E1A
:108F90002080002005E00A4A411C525C094B5A54CB
:108FA000401C21888142F6DC0648401C306000E00D
:108FB0000527ECF7B9F83846BDE8F081BA00002083
:108FC00060510020605200202DE9F04105460E4618
:108FD00017464FF00008ECF761F81B4800780128AD
:108FE0002BD1701E194908600120194908801748C3
:108FF00000680570084600883844088008460188E3
:109000001248006801F004FF044611490888411C19
:109010000F4B19800D4909680C5422121946088813
:10902000411C1980094909680A540120094908703E
:109030000121002001F06AFF01E04FF00508ECF784
:1090400073F84046BDE8F081990000209C000020A4
:10905000A0000020980000202DE9F04105460E46B2
:1090600017464FF00008ECF719F81B480078012864
:109070002BD1701E19490860012019490880174832
:109080000068057008460088384408800846018852
:109090001248006801F0BCFE044611490888411CD2
:1090A0000F4B19800D4909680C5422121946088883
:1090B000411C1980094909680A54012009490870AE
:1090C0000121002001F03CFF01E04FF00508ECF722
:1090D0002BF84046BDE8F081A5000020A800002044
:1090E000AC000020A40000202DE9F04105460E460A
:1090F00017464FF00008EBF7D1FF1B480078012816
:109100002BD1701E194908600120194908801748A1
:1091100000680570084600883844088008460188C1
:109120001248006801F074FE044611490888411C89
:109130000F4B19800D4909680C54221219460888F2
:10914000411C1980094909680A540120094908701D
:109150000121002001F02CFF01E04FF00508EBF7A2
:10916000E3FF4046BDE8F081B1000020B4000020DC
:10917000B8000020B000002010B5EBF78FFF0020F2
:10918000054908700021012001F0C0FE01F064FFD4
:10919000EBF7CAFF10BD00009900002010B5EBF7F7
:1091A0007DFF0020054908700021012001F0C8FE64
:1091B00001F064FFEBF7B8FF10BD0000A500002030
:1091C00010B5EBF76BFF0020054908700021012066
:1091D00001F0EEFE01F064FFEBF7A6FF10BD00000A
:1091E000B100002010B5EBF759FF0021084601F04F
:1091F0008DFE01F007FFEBF797FF10BD10B5EBF701
:109200004DFF0021084601F09BFE01F009FFEBF73E
:109210008BFF10BD10B5EBF741FF0021084601F0B0
:10922000C7FE01F00BFFEBF77FFF10BDF0B5044662
:109230001E4600200023012924DB082922DC124FCE
:109240003F88CD1B16B1012E1BD10CE008E00F4F5B
:1092500007EBC517FF5C04F8017B5B1C571EFAB2D5
:10926000002AF4DC0DE00AE014F8017BDFF81CC0F2
:109270000CEBC51C0CF803705B1C571EFAB2002ADD
:10928000F2DC00E00120F0BDDA0100206053002094
:109290002DE9F05F05460E4614469A464FF0000B46
:1092A0002046E11704EB5171C91001F10109012EAB
:1092B00078DB3019412875DC3D490988701AC117DF
:1092C00000EB5171CF103A490988701AC11700EBB1
:1092D0005171C910A0EBC108BAF1000F03D0BAF167
:1092E000010F5DD125E00DE01FFA88F13A467F1CA1
:1092F000304B1B68D018082202F062FE05F8010B03
:10930000A9F10109B9F1000FEEDC6D1E2046E1174D
:1093100004EB5171C910A4EBC1018CB22878C4F1DF
:109320000801884028702878C4F108010841287095
:1093300036E010E015F8013B1FFA88F13A467F1C31
:10934000DFF870C0DCF800C002EB0C00082202F06D
:109350004CFEA9F10109B9F1010FEBDC2046E11740
:1093600004EB5171C910A4EBC1018CB215F8013B9B
:10937000E2B21FFA88F1BC467F1CDFF838E0DEF865
:1093800000E00CEB0E0002F030FE0B48007838B91C
:1093900001200949087002210848006800F026FDF4
:1093A00002E0FFE74FF0010B5846BDE8F09F0000D8
:1093B000D40100206C020020640300200804002077
:1093C0002DE9F04705460E4614464FF0000A2046A8
:1093D000E11704EB5171C91001F10109012E38DBCD
:1093E0003019212835DC1D490988701AC11700EB96
:1093F0005171CF1019490988701AC11700EB5171CA
:10940000C910A0EBC1080DE01FFA88F13A467F1C95
:10941000134B1B68D018082202F0D2FD05F8010B8F
:10942000A9F10109B9F1000FEEDC6D1E2046E1172C
:1094300004EB5171C910A4EBC1018CB22878C4F1BE
:109440000801884028702878C4F108010841287074
:1094500001E04FF0010A5046BDE8F087D20100203C
:10946000680200202DE9F04704460D461E460027FD
:109470004FF001084FF48069681E1FFA80FC0CEB66
:109480000200B0F5806F02DD0020BDE8F0872A48B9
:109490000078032802D12948036801E028480368BE
:1094A000012D46DBA81840F2012A504541DC254831
:1094B0000088281A81B216B1012E39D110E00CE0D3
:1094C00033F81100001204F8010B13F8110004F82E
:1094D000010B481C81B2501E82B2002AF0DC27E04A
:1094E00024E014F801AB4FEA0A2023F8110014F825
:1094F000010B33F811A040EA0A0023F8110029B942
:109500000120DFF844A08AF800000BE0002909DD03
:109510000A2907DA0A48006801800120DFF828A03C
:109520008AF80000481C81B2501E82B2002AD8DCA2
:1095300000E001273846A8E72C0300201403002090
:1095400070020020D8010020440300202DE9F043E0
:10955000034600264FF0010C4FF48068481E87B286
:10956000B818B0F5806F02DD0020BDE8F083144824
:109570000078032802D11348056801E01248056805
:10958000012919DB881840F20129484514DC0F48ED
:109590000088081A84B20CE035F81400001203F8B1
:1095A000010B15F8140003F8010B601C84B2501E67
:1095B00082B2002AF0DC00E001263046D5E7000048
:1095C0002C0300201803002074020020D601002084
:1095D0002DE9F04707463E4656B900BF502080F3BC
:1095E0001188BFF34F8FBFF36F8F00BF00BFFEE73F
:1095F00017480068864201D1002426E001F062FD90
:1096000075691448D0F800801348D0F8009001F034
:1096100083FD454501D04D4501D1022415E00F4899
:1096200085420BD1B06A38B996F85800012801D1AB
:1096300002240AE0032408E0022406E008488542E8
:1096400000D00DB9042400E001242046BDE8F087D5
:109650000000002004000020080000205C09002019
:109660004809002010B541EC100BFEF7EDF951EC64
:10967000100B10BD2DE9F0412DED028B05460E4675
:1096800014467F490E8000207E4908707E4908807C
:109690007E4908807E4908607E4908707E490860DE
:1096A0001E27601E84B224B97C4800887C4908804B
:1096B00004E001247B480088794908807A480068E2
:1096C000B0F856007649098848434FF47A7190FB08
:1096D000F1F07649088074480068B0F85800704985
:1096E000098848434FF47A7190FBF1F07049088083
:1096F0006D480068B0F85A006949098848434FF43A
:109700007A7190FBF1F06B4908804FF47A7000F0A9
:1097100057F900BF0A2000F053F9674800681C3071
:1097200030F814006549088059480068401C5849C1
:1097300008605848007810B1012875D11BE000EE90
:10974000105AB8EE400AF2EE040A80EE201AB0EE8B
:10975000418AB0EE480A4A48008800B2FBF7E4FFAD
:1097600001204C490870002048490880544908806D
:109770004949086059E0514800884D4909888842A4
:1097800021DB4F480088002804DD00204C49088078
:10979000414908603D480088401C3C4908803E48DB
:1097A00000684649098808443B49086037480088F2
:1097B000B84237DB322000F003F9FCF705FA01204C
:1097C000304908702EE03D480088384909888842B1
:1097D00021DC3B480088401C394908802B48008820
:1097E000002804DD0020294908802B4908602A4808
:1097F00000683249098808442749086030480088D1
:10980000B8420FDB322000F0DBF8FCF7DDF9012075
:109810001C49087006E000201C490880284908807F
:109820001D49086001E0FFE700BF00BF2348008832
:10983000244908802448007820B91248007800287C
:109840003FF468AF2048007870B1FCF7CFF91F48AB
:10985000006800F03DFC4FF4FA7000F0B1F8012010
:10986000BDEC028BBDE8F0810648007828B14FF4CA
:10987000FA7000F0A5F80020F2E70020F0E7000001
:10988000A40200209D020020820200208402002009
:109890009802002094020020A0020020EE03002085
:1098A00088020020F00300207802002090020020AF
:1098B0008E020020920200207C0200208A020020FA
:1098C000860200208C02002080020020200400205C
:1098D000ECF7BEF9FCF79AFAEFF73EFFF0F780F8E5
:1098E000EFF7E0FDEFF7F4FEF0F736FCF0F744FD9C
:1098F000F0F79EFCF0F750FAF0F73AFBF0F7EAFCCD
:10990000F0F7EEFAF0F79AFAF0F79CFBF0F75AF955
:10991000F0F7A6FDEFF720FFF0F7A4FEF0F736F919
:109920002248016841F0807101602148EFF796FB01
:10993000012211021F48ECF773F9EEF7EFFA1E4D02
:109940001E4A2868B0F82411322907D9B0F8261128
:10995000322903D9B0F8281132290DD84FF4FA7101
:10996000A0F82411A0F82611A0F82811A0F83611AB
:1099700013680B21A3F856100024A0F808411168C1
:10998000A1F856400221A0F82A113C21A0F82C1180
:10999000E7F704F928684464A0F8024200F020F8D0
:1099A000EFF748FF00F032F8FEE70000743802409D
:1099B0000010014000080240780200207C020020D4
:1099C00070B50546FEF730F810B16FF0050404E0FD
:1099D000002415B1284601F0CDFC204670BD0000E2
:1099E00010B5FEF721F810B16FF0050409E0064844
:1099F000006820B9012004490860002401E04FF00C
:109A0000FF34204610BD00005000002070B5FEF766
:109A10000BF810B16FF005041FE011480068012831
:109A200019D100BF801F0021002804DB0A07130E94
:109A30000C4A135406E00A07150E0B4A00F00F03F8
:109A40001B1FD55400BF00BF02200549086001F06C
:109A5000D9FD002401E04FF0FF34204670BD000026
:109A60005000002000E400E018ED00E02DE9F04196
:109A700004460D4624F0010604F001080027FDF716
:109A8000D3FF08B1BF1F1FE016B96FF003071BE03B
:109A9000B8F1000F0CD02946304603F0F1F8012848
:109AA00012D015B16FF001070EE06FF002070BE066
:109AB0002946304603F008F8012805D015B16FF0AB
:109AC000010701E06FF002073846BDE8F0812DE99B
:109AD000F04704460026FDF7A7FF00284DD10CB142
:109AE000676800E0002707F0010008B1012500E0E9
:109AF000002507F0080008283FD04FF0FF3874B168
:109B0000A06828B1E068502802D34FF0010808E0AF
:109B1000A06830B9E06820B94FF0000801E04FF0CC
:109B20000008B8F1010F0CD12DB10420A16802F09A
:109B3000CCFB064612E00120A16802F0C6FB0646F7
:109B40000CE0B8F1000F09D125B1042002F0ACFB04
:109B5000064603E0012002F0A7FB06464EB114B111
:109B6000D4F8009001E04FF000094946304601F07A
:109B700093FB16B10DB146F001063046BDE8F08703
:109B80002DE9F041044624F0010504F00107002608
:109B9000FDF74AFF08B1B61F16E015B96FF00306CE
:109BA00012E03FB1284602F051FE01280CD06FF0C0
:109BB000020609E000231A461946284602F084FCF2
:109BC000012801D06FF002063046BDE8F0810000A8
:109BD000F8B504460D46264600270EB93F1F29E07A
:109BE000FDF722FFD0B115B16FF0030722E000208E
:109BF00000906A460021304602F000FF012802D0A2
:109C00006FF0020716E00098A0B14FF080500A49AB
:109C10000860BFF34F8FBFF36F8F0BE029463046CC
:109C200002F052FF012805D015B16FF0010701E0E5
:109C30006FF002073846F8BD04ED00E02DE9F84367
:109C400005460F4614464FF00008FDF7EDFE0028CC
:109C500057D1002D55D0AF4253D8461E64B1A068ED
:109C600020B1E068502801D3012606E0A06820B9A1
:109C7000E06810B9002600E00026701C002840D0E3
:109C8000012D23D1012E09D103200090002211467D
:109C90000120A36802F05BFB804605E0032200215F
:109CA000012002F027FB8046B8F1000F1CD0DFB185
:109CB00000231A461946404602F006FC012813D03C
:109CC000404601F0FFFA4FF000080DE0012E06D1EA
:109CD00039462846A26802F0B5FA804604E03946C3
:109CE000284602F081FA8046B8F1000F09D014B17D
:109CF000D4F8009001E04FF000094946404601F0D9
:109D0000CBFA4046BDE8F883F8B504462546002660
:109D10000DB9361F22E0FDF787FEA8B100200090A4
:109D20006946284602F022FD012802D06FF00206A3
:109D300014E0009890B14FF0805009490860BFF3DB
:109D40004F8FBFF36F8F09E000231A46194628464C
:109D500002F0BAFB012801D06FF002063046F8BDD0
:109D600004ED00E0F8B50546FDF75EFE10B16FF0BA
:109D7000050421E005F0004010B16FF003041BE082
:109D800003F0C2F906466B4600221146304603F046
:109D900075F801280ED1009C0098A843009000237C
:109DA00003223046009903F069F8012804D04FF0EF
:109DB000FF3401E04FF0FF342046F8BD38B5FDF721
:109DC00033FE18B16FF0050000900DE003F09CF930
:109DD00004466B4600221146204603F04FF8012846
:109DE00002D04FF0FF300090009838BDFEB5044619
:109DF0000D46264616B105F0004018B16FF003007D
:109E000002902EE04FF0FF300290FDF70DFEE0B122
:109E10000020019001A8002301222946009030462D
:109E200003F0C0F8002002AB024601460090304625
:109E300003F0B8F80198A0B14FF080500A490860CB
:109E4000BFF34F8FBFF36F8F0BE000230122294632
:109E5000304603F013F802AB00221146304603F0FF
:109E60000DF80298FEBD000004ED00E02DE9FC5F56
:109E7000054689461646FDF7D7FD10B16FF005047B
:109E80004AE005F0004010B16FF0030444E009F02F
:109E90000200022802D14FF0000A00E0AA46002486
:109EA000374603F047F9009000BF3B4601AA5146F0
:109EB000002003F0E7F98046B8F1010F22D12C40D1
:109EC0000198044309F0010040B105EA0400A842EA
:109ED00000D120E056B96FF002041CE005EA04004E
:109EE00000B118E016B96FF0020414E003F022F993
:109EF0000099A0EB010BBB4501D9002708E0A7EBB7
:109F00000B0705E016B96FF0020401E06FF00104E1
:109F1000B8F1000FC9D100BF2046BDE8FC9F2DE974
:109F2000FF4780468946144600200390FDF77CFDDC
:109F300000284ED1B8F1000F4BD08026182582465C
:109F4000471E44B3206808B1D4F800A0A06900B14E
:109F5000A5692DB1382D03D8207900F0010018B182
:109F6000002004B0BDE8F087606908B16069860828
:109F7000A06840B1E0685C2805D3206918B1606929
:109F800008B1012708E0A06830B9E06820B920696D
:109F900010B9002700E00027012F0CD12169A0682B
:109FA0004B463246CDE9005102905146404602F000
:109FB00007FF03900DE067B903A8B2B24B465146C4
:109FC000CDE90050404602F0C9FE012801D0002032
:109FD00003900398C5E700002DE9FE4F0646894629
:109FE00092461C4600200290FDF71EFD00284BD132
:109FF000002E49D0082000F029FE0546002D43D050
:10A000002E60C5F804A0B9F1000F01D1002700E0CF
:10A0100001274FF0FF384FF0000B94B1206808B1D2
:10A02000D4F800B0A06828B1E0682C2802D34FF023
:10A03000010808E0A06830B9E06820B94FF00008D6
:10A0400001E04FF00008B8F1010F0BD11049A068F2
:10A050002B463A46CDE900100121584603F0EFFAAD
:10A0600002900BE0B8F1000F08D109482B463A46A0
:10A0700001210090584603F0C7FA0290029818B9DF
:10A0800015B1284601F066F80298BDE8FE8F000081
:10A0900099660508F8B505460E462F46FDF7C4FC3F
:10A0A00010B16FF0050411E017B96FF003040DE073
:10A0B00000200346324604210090384603F034FB6A
:10A0C000012801D1002401E06FF002042046F8BD10
:10A0D000F8B505462E46FDF7A7FC10B16FF0050454
:10A0E00018E016B96FF0030414E0304603F05EFB8D
:10A0F00010B96FF002040DE0002003460246032170
:10A100000090304603F010FB012801D1002401E04B
:10A110004FF0FF342046F8BD2DE9F04105460E46CC
:10A120001648076816480068001D00F08DFE681C80
:10A1300038B936B112480168091D124800F0DAFE3C
:10A140001AE07C190E4800684460BC4207D20C48F3
:10A150000168091D0C48006800F0B2FE0CE00848D8
:10A160000168091D0948006800F0AAFE0848006857
:10A17000844201D206480460BDE8F081140000204A
:10A18000000000205C0900200800002004000020DE
:10A190003000002010B5044600F094FF2448006809
:10A1A000401C234908602348006840B921480460E6
:10A1B0000846006801280DD100F042FA0AE01E4866
:10A1C000006838B91B480068C06AE16A884201D853
:10A1D0001848046019480068401C1849086008467F
:10A1E000006860641649E06A0968884202D9144927
:10A1F000E06A0860E16A01EB8101124A02EB81002A
:10A20000211D00F077FE00F087FF0B48006868B161
:10A2100008480068C06AE16A884207D24FF080505F
:10A2200009490860BFF34F8FBFF36F8F10BD000067
:10A2300010000020000000201C0000202C00002046
:10A2400018000020AC04002004ED00E008B500F088
:10A2500039FF12480068E8B9114800F021FE1148A2
:10A2600000F01EFE0E48104908600E480F490860B5
:10A2700000200F4B0F4A102100900A2002F067F8CF
:10A28000064908600846006820B10BA10348006831
:10A2900001F002F800F040FF08BD0000440000207B
:10A2A00070090020840900203C00002040000020AC
:10A2B00098090020E8090020546D72510000000048
:10A2C00010B516E000F0FEFE0C48C068C468201D02
:10A2D00000F0BAFD0A480068401E094908600948B4
:10A2E0000068401E0749086000F016FF204600F095
:10A2F0005FF8044800680028E4D110BD4809002038
:10A30000100000200C00002070B504460D46206CA3
:10A3100070B1216CE0680144E160D4E90210884228
:10A3200001D32168E1602846226CE168E6F71EF956
:10A3300070BD2DE9F04104460F4615464FF0000868
:10A34000A66B206C48B9206800282CD1A06802F0C8
:10A35000E9FF80460020A06025E07DB93946226CE7
:10A360006068E6F703F9216C606808446060D4E92E
:10A370000101884217D32068606014E03946226CDE
:10A38000E068E6F7F3F8216CE068411AE1602168C3
:10A39000E068884203D2216CA068411AE160022D76
:10A3A00001D106B1761E701CA0634046BDE8F08165
:10A3B00010B5044694F8590030B9206B00F0CAFE7D
:10A3C000204600F0C7FE1AE094F85900012803D196
:10A3D000204600F0BFFE12E094F85900022801D197
:10A3E000012000E0002050B900BF502080F3118808
:10A3F000BFF34F8FBFF36F8F00BF00BFFEE710BDED
:10A4000001464A6A22B10A6B1268C2F1380000E0C4
:10A41000002070470146084A126812680AB90122F2
:10A4200000E000220A600A6822B9034A1268D26872
:10A43000106800E0002070473C00002030B54FF469
:10A440007053174800F007042CB1C01D20F007001E
:10A45000134C041B1B1B0246124C22600024114D9E
:10A460006C60D018083820F007000F4C20600024E2
:10A470000D4D2D686C600C4D2D682C601146441AF2
:10A480004C60094C24680C60084D4C682C60084DE9
:10A490004C682C604FF00044064D2C6030BD00002D
:10A4A00040110020540000205C00002064000020C7
:10A4B000600000207000002000BFFFF701FF064889
:10A4C00000680128F9D94FF0805004490860BFF3B3
:10A4D0004F8FBFF36F8FF0E7AC04002004ED00E076
:10A4E00010B5044654B10020A06020600021E16056
:10A4F00000231A461946204601F0E6FF10BD2DE95B
:10A50000F04106460D4617469846069C0DB9246054
:10A5100000E02760E66325640121204601F088FF02
:10A5200084F84C80BDE8F0812DE9F05F82460E464C
:10A5300090469B460A9F0C9C4FEA8801A522206BFF
:10A54000E6F78BF8A8F10100216B01EB800929F0F7
:10A55000070909F0070008B9012000E0002050B900
:10A5600000BF502080F31188BFF34F8FBFF36F8F70
:10A5700000BF00BFFEE786B1002507E0715D04F172
:10A5800034004155705D00B902E06D1C102DF5D30B
:10A5900000BF00214320015502E0002084F8340070
:10A5A000382F00D33727E762E76400202065201D9D
:10A5B00000F083FC04F1180000F07FFC2461C7F177
:10A5C0003800A06164620020606584F858005A4633
:10A5D0005146484600F006FC20600B9808B10B98E5
:10A5E0000460BDE8F09F2DE9F04706460D4617468A
:10A5F0009846DDE908940DB1012000E0002050B933
:10A6000000BF502080F31188BFF34F8FBFF36F8FCF
:10A6100000BF00BFFEE78CB1FFF718FE2660A56102
:10A62000C4F81C80C4F82090201D00F046FC2FB117
:10A6300094F8280040F0040084F82800BDE8F08772
:10A6400010B5002407E004EB84010F4A02EB8100FF
:10A6500000F026FC641C382CF5D30C4800F020FCDC
:10A660000B4800F01DFC0B4800F01AFC0A4800F0F3
:10A6700017FC0A4800F014FC044809490860044823
:10A680000849086010BD0000AC0400200C0900203F
:10A690002009002034090020480900205C0900201E
:10A6A000040000200800002010B50146164800E014
:10A6B000006803688B42FBD30246436813448B4215
:10A6C00004D143684C682344436001460A464B6802
:10A6D00013440468A34211D10C4C03682468A342BC
:10A6E00008D04B680468646823444B6003681B68A7
:10A6F0000B6005E0054B1B680B6001E003680B6015
:10A70000884200D0016010BD540000205C00002091
:10A710002DE9F04104460D4616461F464FF000084D
:10A7200065602461B5420CD8F01BA169884202D350
:10A730004FF0010811E0211D0948006800F0C0FB3E
:10A740000BE0BE4204D2BD4202D34FF0010804E048
:10A75000211D0448006800F0B3FB4046BDE8F081CD
:10A76000400000203C00002070B5054600F0AAFC27
:10A77000A86B08B9012400E0002400F0CDFC2046BD
:10A7800070BD70B5054600F09DFCA86BE96B884272
:10A7900001D1012400E0002400F0BEFC204670BD81
:10A7A000F8B505460F461A480068C068C468201D01
:10A7B00000F04AFB94F8280000F00400E8B1A0691A
:10A7C00041192B463A462046FFF7A2FFD8B1002098
:10A7D00003462A4601460090204602F0A5FF0646A1
:10A7E00056B900BF502080F31188BFF34F8FBFF3DD
:10A7F0006F8F00BF00BFFEE705E094F8280020F04F
:10A80000010084F828002046216A8847F8BD00002E
:10A810003C000020F0B587B0A0E00398002811DAD2
:10A8200004AE56B900BF502080F31188BFF34F8F9C
:10A83000BFF36F8F00BF00BFFEE7D6E90020B1680D
:10A84000904700BF03980028E6DB059C606908B9C3
:10A85000012000E0002010B9201D00F0F5FA02A848
:10A8600000F0DEF8054603980A2875D2DFE800F00C
:10A8700009050739416306083A4200BF00BF00BF1F
:10A8800000BF94F8280040F0010084F828000498E4
:10A89000A269811803462A462046FFF739FFF8B11E
:10A8A0002046216A884794F8280000F00400B8B1D7
:10A8B000002000900498A169421800231946204600
:10A8C00002F032FF074657B900BF502080F31188CD
:10A8D000BFF34F8FBFF36F8F00BF00BFFEE700BF16
:10A8E0003BE000BF94F8280020F0010084F8280025
:10A8F00033E000BF94F8280040F0010084F82800FD
:10A900000498A061A06908B1012000E0002050B9BE
:10A9100000BF502080F31188BFF34F8FBFF36F8FBC
:10A9200000BF00BFFEE7A06941192B462A4620461A
:10A93000FFF7EEFE11E094F8280000F0020018B9CD
:10A94000204600F007FC05E094F8280020F0010004
:10A9500084F8280001E0FFE700BF00BF002203A940
:10A960000448006801F096FF00287FF456AF07B056
:10A97000F0BD000044000020F8B505460C4600F08C
:10A980009DFE684600F04CF80646009820BB44B98E
:10A99000B54206D802F0B6FD31462846FFF700FF63
:10A9A0001CE03CB10E480068006808B9012000E0D6
:10A9B00000200446A91B22460A48006800F0B4FCA7
:10A9C00002F0A0FD50B94FF0805007490860BFF376
:10A9D0004F8FBFF36F8F01E002F094FDF8BD0000D0
:10A9E000400000204400002004ED00E00A4909680E
:10A9F000096809B9012100E0002121B14FF0FF31C0
:10AA0000064A116006E004490968C968C868034A33
:10AA100041681160704700000400002030000020F1
:10AA200070B5044602F086FB05460748006885427B
:10AA300004D200F00BF80120206001E0002020602B
:10AA400001480560284670BD4C0000202DE9F84300
:10AA500034E025480068C068056823480068C0687D
:10AA6000C468201D00F0F0F92046216A884794F858
:10AA7000280000F0040008B3A0694619AE4207D9C7
:10AA800066602461211D1848006800F019FA15E07D
:10AA9000002003462A4601460090204602F044FE6C
:10AAA000074657B900BF502080F31188BFF34F8F7E
:10AAB000BFF36F8F00BF00BFFEE700BF0A4800680A
:10AAC000006808B9012000E000200028C1D0064835
:10AAD000D0F8008005480068034908600348C0F8C2
:10AAE0000080BDE8F88300003C000020400000200A
:10AAF0000E480068401C08B9012000E0002050B951
:10AB000000BF502080F31188BFF34F8FBFF36F8FCA
:10AB100000BF00BFFEE700BF502080F31188BFF3E5
:10AB20004F8FBFF36F8F00BF00BFFEE774000020A0
:10AB300008B500BF6846FFF76DFC04462046009943
:10AB4000FFF71AFFFFF766FEF4E770B5044600F062
:10AB5000B9FA94F9455010E0606A08B9012000E0A4
:10AB6000002038B904F1240002F080FC18B100F094
:10AB70009FFC00E003E0681E45B2002DECDC00BF46
:10AB8000FF2084F8450000F0C7FA00F09BFA94F922
:10AB9000445010E0206908B9012000E0002048B9C5
:10ABA00004F1100002F062FC08B100F081FC681EA4
:10ABB00045B200E001E0002DECDC00BFFF2084F88E
:10ABC000440000F0A9FA70BD014621B1012904D06A
:10ABD000072906D103E0002005E0022003E006205B
:10ABE00001E0042000BF00BF7047000010B502481C
:10ABF0000068804710BD0000E000002010B502484A
:10AC00000068804710BD0000E400002010B5024835
:10AC10000068804710BD0000EC00002010B502481D
:10AC20000068804710BD0000F000002010B5024809
:10AC30000068804710BD0000D400002010B5024815
:10AC40000068804710BD0000D80000202DE9F041C9
:10AC500004464FF0000800F031FD4948006808B98B
:10AC6000FFF7ECFB474800682040002870D1D4B1C2
:10AC7000083404F00700B0B104F00700C0F1080088
:10AC8000044404F0070008B9012000E0002050B996
:10AC900000BF502080F31188BFF34F8FBFF36F8F39
:10ACA00000BF00BFFEE7002C52D037480068844246
:10ACB0004ED8364E3046056801E02E462D6868684D
:10ACC000A04202D228680028F7D12D4800688542AA
:10ACD0003ED0306800F10808286830606868001BC2
:10ACE000102819D92F1907F0070008B9012000E032
:10ACF000002050B900BF502080F31188BFF34F8F60
:10AD0000BFF36F8F00BF00BFFEE76868001B78606D
:10AD10006C603846FFF7C8FC1B4968680968081A68
:10AD2000194908600846006819490968884203D231
:10AD300015480068164908601249686809680843A0
:10AD400068600020286013480068401C11490860B2
:10AD500002F0D8FB08F0070008B9012000E000204D
:10AD600050B900BF502080F31188BFF34F8FBFF35D
:10AD70006F8F00BF00BFFEE74046BDE8F0810000D6
:10AD80005C000020700000206000002054000020C3
:10AD900064000020680000200648006830B10549C2
:10ADA000096801F15000096D491C01600148006803
:10ADB000704700000000002070B50446254654B9D5
:10ADC00000BF502080F31188BFF34F8FBFF36F8F08
:10ADD00000BF00BFFEE700F075F9EE6900F09CF9D6
:10ADE000304670BD001F4FF080730360001F21F0DC
:10ADF00001030360001F054B036014380260001F4D
:10AE00006FF002030360203870470000F1AA0508C4
:10AE100070B502460C46FF25FF2309E012F8010B2E
:10AE200080EA03010648405C80EA05030548455C6A
:10AE30002000A4F10106B4B2F0D143EA052070BDB0
:10AE400066E3050866E4050801460A69D1E90130B0
:10AE50009860D1E9010358605068884201D1886840
:10AE60005060002008611068401E10601068704734
:10AE7000034B0360034B0B6080231360704700009B
:10AE8000880A0020E40A0020034B0360034B0B6098
:10AE90004FF4807313607047E40C0020400D0020D5
:10AEA00000F1080141604FF0FF31816000F10801BD
:10AEB000C16001610021016070470021016170479C
:10AEC00010B502460B685C1C0CB9106907E002F172
:10AED000080000E04068446824689C42FAD944684D
:10AEE0004C604C68A160886041600A611468641C11
:10AEF000146010BD42684A6093688B609368596023
:10AF00009160086103685B1C0360704770B505467B
:10AF10000C4625B109480068EEF75BF903E00748E5
:10AF20000068EEF721F924B104480068EEF761F9F2
:10AF300003E002480068EEF737F970BD8800002092
:10AF400070B505460C4618480068EEF7DDF816485F
:10AF50000068EEF7E9F814480068EEF7F5F81248D3
:10AF60000068EEF711F92CB14FF480600F49886149
:10AF700000BF04E04FF480610C48EDF7E3FC25B11D
:10AF800009480068EEF725F903E007480068EEF786
:10AF9000EBF824B104480068EEF72BF903E002480F
:10AFA0000068EEF701F970BD8C000020000C024033
:10AFB00070B505460C4612480068EEF7A5F8104833
:10AFC0000068EEF7B1F80E480068EEF7BDF80C48DF
:10AFD0000068EEF7D9F825B109480068EEF7F9F8EE
:10AFE00003E007480068EEF7BFF824B104480068A2
:10AFF000EEF7FFF803E002480068EEF7D5F870BD01
:10B000009000002010B500210448EEF71BF803481B
:10B01000EDF704FF0148EDF7FDFE10BD00480140CB
:10B0200010B500210448EEF70DF80348EDF7F6FEE1
:10B030000148EDF7EFFE10BD0014004010B50021EF
:10B040000448EDF7FFFF0348EDF7E8FE0148EDF790
:10B05000E1FE10BD0010004010B50748EDF7DAFE24
:10B0600000210548EDF7EEFF0348EDF7E6FE024844
:10B07000EDF7D9FE10BD00000048014010B50748AB
:10B08000EDF7C8FE00210548EDF7DCFF0348EDF7BA
:10B09000D4FE0248EDF7C7FE10BD000000140040CA
:10B0A00010B50748EDF7B6FE00210548EDF7CAFFD9
:10B0B0000348EDF7C2FE0248EDF7B5FE10BD0000F3
:10B0C0000010004000BF502080F31188BFF34F8F65
:10B0D000BFF36F8F00BF0E480068401C0C4908602A
:10B0E00008460068012812D10A480068C0B208B9B1
:10B0F000012000E0002050B900BF502080F31188EB
:10B10000BFF34F8FBFF36F8F00BF00BFFEE77047E5
:10B110007400002004ED00E00D48006850B900BF45
:10B12000502080F31188BFF34F8FBFF36F8F00BFA4
:10B1300000BFFEE706480068401E05490860084653
:10B14000006820B9002080F3118800BF00BF70475D
:10B150007400002070B506463546002E44D0083DE8
:10B160002C46224960680968084008B1012000E0C7
:10B17000002050B900BF502080F31188BFF34F8FDB
:10B18000BFF36F8F00BF00BFFEE7206808B9012042
:10B1900000E0002050B900BF502080F31188BFF3B9
:10B1A0004F8FBFF36F8F00BF00BFFEE70F4960688E
:10B1B00009680840C0B12068B0B90C4960680968E6
:10B1C0008843606000F07AFA0949606809680844B9
:10B1D000074908602046FFF767FA06480068401CE8
:10B1E0000449086002F08EF970BD00007000002074
:10B1F000600000206C00002000204FF0E02108617A
:10B200008861064800684FF47A71B0FBF1F0401E87
:10B210004FF0E02148610720086170475C0400207E
:10B2200070B5E5F781F80446102C16D304F1E02040
:10B2300090F8F05315480078854201DB012000E0CA
:10B24000002050B900BF502080F31188BFF34F8F0A
:10B25000BFF36F8F00BF00BFFEE70D48006800F42A
:10B26000E0600C490968884201D8012000E0002014
:10B2700050B900BF502080F31188BFF34F8FBFF348
:10B280006F8F00BF00BFFEE770BD00007800002098
:10B290000CED00E07C000020024600200BE0084B93
:10B2A00053F8303033B9064B43F8301003EBC0038A
:10B2B0005A6002E0401C0828F1D300BF704700002C
:10B2C0006C04002070B50446254655B900BF5020D7
:10B2D00080F31188BFF34F8FBFF36F8F00BF00BFA4
:10B2E000FEE7284600F008F895F8460010B9284611
:10B2F000FFF730FF70BD0000014600200EE0094A54
:10B3000002EBC00252688A4207D10022054B43F883
:10B31000302003EBC0035A6002E0401C0828EED343
:10B3200000BF70476C0400202DE9F04105460E4631
:10B3300017462C46FFF7C6FE94F94400401C10B98E
:10B34000002084F8440094F94500401C10B9002006
:10B3500084F84500FFF7E0FEA06B28B93A46314675
:10B3600004F1240000F0C6F82046FFF7EEFBBDE82C
:10B37000F081000070B504460025D4B11248006881
:10B3800008B9012000E0002050B900BF502080F330
:10B390001188BFF34F8FBFF36F8F00BF00BFFEE771
:10B3A00000F08CF900212046FEF7B6FE02F0AAF864
:10B3B00005463DB94FF0805004490860BFF34F8FF8
:10B3C000BFF36F8F70BD00003800002004ED00E077
:10B3D00070B50546FFF776FE15B92748006800E00E
:10B3E00028460446201DFFF72FFDA06A18B104F17E
:10B3F0001800FFF729FD21480068401C1F4908601C
:10B400001D480068844209D1211D1D48FFF772FDC7
:10B410001C480068401C1B49086009E01A48006885
:10B42000401E194908602046FEF7C2FFFFF7DEFA0A
:10B43000FFF772FE15480068E8B10F4800688442C3
:10B4400019D11348006808B9012000E0002050B964
:10B4500000BF502080F31188BFF34F8FBFF36F8F71
:10B4600000BF00BFFEE74FF080500A490860BFF3FD
:10B470004F8FBFF36F8F70BD000000202C000020A5
:10B48000480900200C000020100000201C000020B3
:10B490003800002004ED00E0034909680160034919
:10B4A0000968416070470000280000201400002057
:10B4B00001200149086070472400002070B504464F
:10B4C0000D4654B900BF502080F31188BFF34F8F51
:10B4D000BFF36F8F00BF00BFFEE70548016818315A
:10B4E0002046FFF7EDFC01212846FEF715FE70BD52
:10B4F0000000002070B505460E46144655B900BF41
:10B50000502080F31188BFF34F8FBFF36F8F00BFC0
:10B5100000BFFEE70648016818312846FFF7EAFC3D
:10B520000CB14FF0FF3621463046FEF7F5FD70BDF9
:10B53000000000202DE9F04706460F4634464FF044
:10B540000109002E55D0206D50B900BF502080F366
:10B550001188BFF34F8FBFF36F8F00BF00BFFEE7AF
:10B56000E06CB84201D23D4600E0E56CE06AA842DA
:10B570003FD0206D01283CD11F480068844201D093
:10B58000012000E0002050B900BF502080F3118856
:10B59000BFF34F8FBFF36F8F00BF00BFFEE7D4F83C
:10B5A0002C80E562A06900F0004010B9C5F13800B8
:10B5B000A06108EB8801114A02EB810160698842B1
:10B5C00001D1012000E0002098B1201DFFF73CFCD4
:10B5D0000B49E06A0968884202D90949E06A0860B3
:10B5E000E16A01EB8101054A02EB8100211DFFF7B1
:10B5F00081FCBDE8F087000000000020AC040020C2
:10B600001800002010B586B000200590049003AA11
:10B6100004A905A8FFF72CFC0022DDE9041013465D
:10B62000CDE9002102901EA11F48039A01F0C8FB3A
:10B630001E4908600846006808B1012400E00024A3
:10B64000012C02D102F034F80446012C15D100BFC0
:10B65000502080F31188BFF34F8FBFF36F8F00BF6F
:10B660004FF0FF30124908600120124908600020A5
:10B670001149086000F0EAFC10E0601C08B10120EC
:10B6800000E0002050B900BF502080F31188BFF3C4
:10B690004F8FBFF36F8F00BF00BFFEE706B010BD36
:10B6A00049444C4500000000B9A4050834000020BE
:10B6B000300000201C000020140000200248006818
:10B6C000401C014908607047380000201E4800688F
:10B6D00018B101201D49086034E000201B490860B2
:10B6E0001B4801680CE051B900BF502080F311885D
:10B6F000BFF34F8FBFF36F8F00BF00BFFEE7491E40
:10B7000001EB8100134A52F8200008B9012000E043
:10B7100000200028E7D101EB81020E4B03EB8200F1
:10B7200042685268426000F108024368934202D1C5
:10B730004268526842604268D268074B1A60044807
:10B74000016000BF70470000380000202400002086
:10B7500018000020AC04002000000020014600205A
:10B76000054A127832B1054A12780A700022024B5B
:10B770001A70012070470000810000208000002026
:10B7800001460020054A127832B1054A12780A7043
:10B790000022024B1A700120704700008300002035
:10B7A0008200002001460020054A127832B1054A85
:10B7B00012780A700022024B1A70012070470000B4
:10B7C000850000208400002000200249087001202C
:10B7D000704700008100002000200249087001200D
:10B7E00070470000830000200020024908700120FB
:10B7F000704700008500002010B504460548006829
:10B80000FEF782FA01200449087004480470012000
:10B8100010BD0000380400208100002080000020BE
:10B8200010B5044605480068FEF76EFA0120044989
:10B83000087004480470012010BD00003C04002082
:10B84000830000208200002010B5044605480068EF
:10B85000FEF75AFA012004490870044804700120D8
:10B8600010BD00004004002085000020840000205E
:10B8700001460348006840680870012070470000D6
:10B8800088000020014603480068406808700120D5
:10B89000704700008C0000200146034800684068A3
:10B8A000087001207047000090000020F0B58FB0B4
:10B8B00006460C4617461D461C2108A8E4F7D5FE8F
:10B8C000182102A8E4F7D1FE10202C490968014391
:10B8D0002A4A1160114609680140019100BF00BF6A
:10B8E00001202649143909680143244A143A116099
:10B8F000114609680140019100BF00BF4FF4C060CC
:10B9000002900220039003200490002005900690EE
:10B910000720079002A91A48ECF766FF0894002058
:10B9200009900A900B9025B1012D05D0022D0BD165
:10B9300006E000200B9007E04FF4C0600B9003E09E
:10B940004FF480600B9000BF00BF0C200C900020D3
:10B950000D900E9008A90B480068EDF75BFC0948B4
:10B960000068EDF771FB07480068EDF72DFC05480E
:10B970000068EDF72EFC01200FB0F0BD4438024006
:10B980000000024088000020F0B587B006460C4653
:10B9900017461D461C216846E4F767FE0094002008
:10B9A00001900290039025B1012D05D0022D0BD1FD
:10B9B00006E00020039007E04FF4C060039003E02E
:10B9C0004FF48060039000BF00BF0C200490002063
:10B9D00005900690694614480068EDF71BFC124874
:10B9E0000068EDF731FB10480068EDF7EDFB0E48FD
:10B9F0000068EDF789FB0C480068EDF795FB0A48F5
:10BA00000068EDF7A1FB08480068EDF7BDFB4FF4B7
:10BA100080610648ECF796FF03480068EDF7D9FB14
:10BA2000012007B0F0BD00008C000020000C024097
:10BA3000F0B587B006460C4617461D461C216846E1
:10BA4000E4F713FE0094002001900290039025B1CA
:10BA5000012D05D0022D0BD106E00020039007E058
:10BA60004FF4C060039003E04FF48060039000BF88
:10BA700000BF0C20049000200590069069461148F4
:10BA80000068EDF7C7FB0F480068EDF7DDFA0D48D9
:10BA90000068EDF799FB0B480068EDF735FB0948A6
:10BAA0000068EDF741FB07480068EDF74DFB0548DE
:10BAB0000068EDF769FB03480068EDF78AFB012099
:10BAC00007B0F0BD900000200146C1F30800024A13
:10BAD0001268506001207047880000200146C1F3C1
:10BAE0000800024A12685060012070478C00002054
:10BAF0000146C1F30800024A1268506001207047F5
:10BB00009000002010B500BF03480068EDF7E4FB8B
:10BB10000028F9D0012010BD8800002010B500BF1A
:10BB200003480068EDF7D8FB0028F9D0012010BDCC
:10BB30008C00002010B500BF03480068EDF7CCFB77
:10BB40000028F9D0012010BD9000002010B586B06B
:10BB50000446142101A8E4F788FD40F2AF40ADF897
:10BB600004000020029032206043039000200490E3
:10BB700001A90648EDF766F90448EDF75EF90348B8
:10BB8000EDF751F9012006B010BD0000004801405A
:10BB900010B586B00446142101A8E4F766FD40F212
:10BBA000AF40ADF8040000200290322060430390C3
:10BBB0000020049001A90648EDF744F90448EDF788
:10BBC0003CF90348EDF72FF9012006B010BD000045
:10BBD0000014004010B586B00446142101A8E4F713
:10BBE00044FD40F2AF40ADF8040000200290322046
:10BBF000604303900020049001A90648EDF722F964
:10BC00000448EDF71AF90348EDF70DF9012006B0E5
:10BC100010BD00000010004038B500246846FFF752
:10BC200027FE1C48007830B101280AD0022819D01C
:10BC300003282BD102E0FFF70FFA27E0FFF70CFAF9
:10BC400024E00020144908809DF800200888411C49
:10BC5000114B198011490A5402200E490870FFF750
:10BC6000FBF913E00C480088FF2809DC9DF8002050
:10BC700009490888411C084B198008490A5402E008
:10BC8000032004490870FFF7E7F900BF00BF204612
:10BC900038BD000099000020A2000020604D002067
:10BCA00038B500246846FFF7EDFD1C48007830B138
:10BCB00001280AD0022819D003282BD102E0FFF76F
:10BCC000DDF927E0FFF7DAF924E0002014490880C5
:10BCD0009DF800200888411C114B198011490A5415
:10BCE00002200E490870FFF7C9F913E00C480088DC
:10BCF000FF2809DC9DF8002009490888411C084BF1
:10BD0000198008490A5402E0032004490870FFF72B
:10BD1000B5F900BF00BF204638BD0000A5000020D7
:10BD2000AE000020604F002038B500246846FFF7C1
:10BD3000B3FD1C48007830B101280AD0022819D080
:10BD400003282BD102E0FFF7ABF927E0FFF7A8F9B2
:10BD500024E00020144908809DF800200888411C38
:10BD6000114B198011490A5402200E490870FFF73F
:10BD700097F913E00C480088FF2809DC9DF80020A3
:10BD800009490888411C084B198008490A5402E0F7
:10BD9000032004490870FFF783F900BF00BF204665
:10BDA00038BD0000B1000020BA0000206051002022
:10BDB00010B500240D48007820B1022807D00328D0
:10BDC0000BD109E00020FFF717FD044606E0012033
:10BDD000FFF712FD044601E000E000BF00BFFFF7DF
:10BDE00011F9012001490870204610BD990000207A
:10BDF00010B500240D48007820B1022807D0032890
:10BE00000BD109E00020FFF70BFD044606E00120FE
:10BE1000FFF706FD044601E000E000BF00BFFFF7AA
:10BE2000FFF8012001490870204610BDA500002040
:10BE300010B500240D48007820B1022807D003284F
:10BE40000BD109E00020FFF7FFFC044606E00120CB
:10BE5000FFF7FAFC044601E000E000BF00BFFFF777
:10BE6000EDF8012001490870204610BDB100002006
:10BE700010B500241748007810B1012826D104E03D
:10BE800000210120FFF742F820E01348008878B134
:10BE9000124909680878FFF717FE10480068401C2F
:10BEA0000E4908600C480088401E0B4908800CE0D1
:10BEB0000320FFF7A1FC0446FFF724FE0021012028
:10BEC000FFF724F800200349087000BF00BF204698
:10BED00010BD000098000020A00000209C00002061
:10BEE00010B500241748007810B1012826D104E0CD
:10BEF00000210120FFF724F820E01348008878B1E2
:10BF0000124909680878FFF7E9FD10480068401CED
:10BF10000E4908600C480088401E0B4908800CE060
:10BF20000320FFF77DFC0446FFF7F8FD0021012008
:10BF3000FFF706F800200349087000BF00BF204645
:10BF400010BD0000A4000020AC000020A8000020CC
:10BF500010B500241748007810B1012826D104E05C
:10BF600000210120FFF724F820E01348008878B171
:10BF7000124909680878FFF7BBFD10480068401CAB
:10BF80000E4908600C480088401E0B4908800CE0F0
:10BF90000320FFF759FC0446FFF7CCFD00210120E8
:10BFA000FFF706F800200349087000BF00BF2046D5
:10BFB00010BD0000B0000020B8000020B400002038
:10BFC000F0B503460C461546E208A4EBC20087B262
:10BFD0000120A840401E86B2995C501C185C41EAC2
:10BFE000002139413140C8B2F0BD2DE9F04304468B
:10BFF00015461F46C808A1EBC0081FFA88FC07FABF
:10C000000CF81FFA88F74FF0010808FA05F8A8F1B4
:10C0100001081FFA88F6A1EBC00806FA08F81FFA13
:10C0200088F6225C00F1010814F8088042EA082230
:10C0300022EA060848EA070222544FEA222900F1C0
:10C04000010804F80890BDE8F08300001CB55248D0
:10C0500000685249884201D0012000E0002050B918
:10C0600000BF502080F31188BFF34F8FBFF36F8F55
:10C0700000BF00BFFEE7484800684849491E8842A3
:10C0800001D0012000E0002050B900BF502080F313
:10C090001188BFF34F8FBFF36F8F00BF00BFFEE764
:10C0A0003F49084600780190FF200A461070084674
:10C0B000007800909DF8000000F0F0009DF800204E
:10C0C000904201D1012000E0002050B900BF502073
:10C0D00080F31188BFF34F8FBFF36F8F00BF00BF96
:10C0E000FEE79DF8000000F050002E4A1070072077
:10C0F0002D4A106009E02C480068401E2A4A106052
:10C100009DF800004006000E00909DF8000000F031
:10C1100080008028EFD024480068C0F10700042880
:10C1200001D1012000E0002050B900BF502080F371
:10C130001188BFF34F8FBFF36F8F00BF00BFFEE7C3
:10C14000194800680002184A10601046008800F480
:10C15000E0601060124A019810700F4820300068AB
:10C1600040F470000C49203108600846006840F037
:10C1700070400860FFF740F800200C490860E4F7C1
:10C180009BF80B48006840F0404009490860E4F71C
:10C190007FF800201CBD000000ED00E071C20F41DF
:10C1A00000E400E0780000207C0000207400002003
:10C1B00034EF00E010B500BF502080F31188BFF3CA
:10C1C0004F8FBFF36F8F00BF00F0BAFF18B14FF071
:10C1D00080500449086000BF002080F3118800BF30
:10C1E00010BD000004ED00E070B505460E460DB12F
:10C1F000012000E0002050B900BF502080F31188DA
:10C20000BFF34F8FBFF36F8F00BF00BFFEE7AE429B
:10C2100001D8012000E0002050B900BF502080F379
:10C220001188BFF34F8FBFF36F8F00BF00BFFEE7D2
:10C2300002220021284600F05DF8044604B1A663FE
:10C24000204670BDF8B505460E4617460DB10120D3
:10C2500000E0002050B900BF502080F31188BFF3E8
:10C260004F8FBFF36F8F00BF00BFFEE7AE4201D814
:10C27000012000E0002050B900BF502080F3118859
:10C28000BFF34F8FBFF36F8F00BF00BFFEE70220E9
:10C290003B46002211460090284600F058F804461C
:10C2A00004B1A6632046F8BD2DE9F04104460126FD
:10C2B000002722460021012000F01CF805462846F0
:10C2C000FEF70EF92846BDE8F0812DE9F843044653
:10C2D0000D4601274FF000082B4600221146012091
:10C2E000009400F034F806463046FEF7F9F8304680
:10C2F000BDE8F8832DE9F84305460E4617460DB113
:10C30000012000E0002050B900BF502080F31188C8
:10C31000BFF34F8FBFF36F8F00BF00BFFEE705FB7A
:10C3200006F808F15000FEF791FC044664B1A146FE
:10C3300009F15009002084F846003B464A46314640
:10C3400028460094FEF7DBF82046BDE8F8832DE987
:10C35000F84380460E4617461D46DDF82090B8F19A
:10C36000000F01D0012000E0002050B900BF502094
:10C3700080F31188BFF34F8FBFF36F8F00BF00BFF3
:10C38000FEE70DB1012000E0002050B900BF5020B1
:10C3900080F31188BFF34F8FBFF36F8F00BF00BFD3
:10C3A000FEE707B10EB1012000E0002050B900BF48
:10C3B000502080F31188BFF34F8FBFF36F8F00BF02
:10C3C00000BFFEE707B90EB9012000E0002050B918
:10C3D00000BF502080F31188BFF34F8FBFF36F8FE2
:10C3E00000BF00BFFEE7502000900098502801D108
:10C3F000012000E0002050B900BF502080F31188D8
:10C40000BFF34F8FBFF36F8F00BF00BFFEE700BFCA
:10C410002C464CB1012084F846004B463A46314642
:10C4200040460094FEF76BF82046BDE8F883000014
:10C4300070B505460E462C4654B900BF502080F317
:10C440001188BFF34F8FBFF36F8F00BF00BFFEE7B0
:10C45000FEF738FED4E90F12206801FB0200A0604D
:10C460000020A06320686060E06B401E226C2168A1
:10C4700000FB0211E160FF2084F8440084F84500CD
:10C480009EB9206908B9012000E00020A8B904F194
:10C49000100000F0EBFF80B14FF0805009490860B8
:10C4A000BFF34F8FBFF36F8F07E004F11000FEF76B
:10C4B000F7FC04F12400FEF7F3FCFEF72DFE01204B
:10C4C00070BD000004ED00E02DE9FF4383B0064697
:10C4D00088461D464FF00009344654B900BF50202D
:10C4E00080F31188BFF34F8FBFF36F8F00BF00BF82
:10C4F000FEE7B8F1000F01D1206C08B9012000E07F
:10C50000002050B900BF502080F31188BFF34F8F37
:10C51000BFF36F8F00BF00BFFEE7022D02D1E06BBB
:10C52000012801D1012000E0002050B900BF5020B7
:10C5300080F31188BFF34F8FBFF36F8F00BF00BF31
:10C54000FEE700F0E7FD08B9059808B9012000E012
:10C55000002050B900BF502080F31188BFF34F8FE7
:10C56000BFF36F8F00BF00BFFEE700BFFEF7AAFD5D
:10C57000A06BE16B884201D3022D28D12A464146A7
:10C580002046FDF7D6FE0746606A08B9012000E0A4
:10C59000002068B904F1240000F068FF88B14FF072
:10C5A000805032490860BFF34F8FBFF36F8F08E0B0
:10C5B0003FB14FF080502D490860BFF34F8FBFF35C
:10C5C0006F8FFEF7A9FD012007B0BDE8F083059845
:10C5D00018B9FEF7A1FD0020F6E7B9F1000F04D16C
:10C5E00001A8FEF759FF4FF00109FEF795FDFFF78F
:10C5F00065F8FEF767FD94F94400401C10B900206F
:10C6000084F8440094F94500401C10B9002084F8D7
:10C610004500FEF781FD05A901A800F059FBF0B91E
:10C620002046FEF7AEF8A0B104F110000599FEF720
:10C6300045FF2046FEF789FA00F064FF002895D1F7
:10C640004FF0805009490860BFF34F8FBFF36F8FE1
:10C650008CE72046FEF779FA00F054FF86E7204683
:10C66000FEF773FA00F04EFF0020ADE704ED00E0A6
:10C670002DE9F84F07468A4690461E463C4654B977
:10C6800000BF502080F31188BFF34F8FBFF36F8F2F
:10C6900000BF00BFFEE7BAF1000F01D1206C08B95E
:10C6A000012000E0002050B900BF502080F3118825
:10C6B000BFF34F8FBFF36F8F00BF00BFFEE7022EA7
:10C6C00002D1E06B012801D1012000E0002050B927
:10C6D00000BF502080F31188BFF34F8FBFF36F8FDF
:10C6E00000BF00BFFEE7FEF79BFD00BF5021EFF348
:10C6F000118081F31188BFF34F8FBFF36F8F00BF9D
:10C700000546A06BE16B884201D3022E25D194F936
:10C7100045B0A06B0090324651462046FDF709FE19
:10C720000BF1010088B9606A08B9012000E000201F
:10C7300050B904F1240000F099FE28B1B8F1000FBF
:10C7400002D00120C8F8000004E00BF1010040B263
:10C7500084F845004FF0010901E04FF0000900BFE7
:10C7600085F3118800BF4846BDE8F88F2DE9F047F2
:10C7700006460F46344654B900BF502080F3118856
:10C78000BFF34F8FBFF36F8F00BF00BFFEE7206C7A
:10C7900008B9012000E0002050B900BF502080F30C
:10C7A0001188BFF34F8FBFF36F8F00BF00BFFEE74D
:10C7B000206808B9A06808B9012000E0002050B93D
:10C7C00000BF502080F31188BFF34F8FBFF36F8FEE
:10C7D00000BF00BFFEE7FEF723FD00BF5021EFF3CF
:10C7E000118081F31188BFF34F8FBFF36F8F00BFAC
:10C7F0000546D4F83890E06B48451ED994F945A019
:10C8000009F10100A0630AF1010070B9606A08B97A
:10C81000012000E0002068B904F1240000F026FEA9
:10C8200040B13FB10120386004E00AF1010040B29C
:10C8300084F845004FF0010801E04FF0000800BF08
:10C8400085F3118800BF4046BDE8F08770B5054606
:10C850002C4654B900BF502080F31188BFF34F8F8E
:10C86000BFF36F8F00BF00BFFEE700F04DFCA16873
:10C8700088420CD1E068401EE060E06828B90023DF
:10C880001A4619462046FFF71FFE012600E0002643
:10C89000304670BD2DE9F74183B005460E464FF096
:10C8A00000082C4654B900BF502080F31188BFF314
:10C8B0004F8FBFF36F8F00BF00BFFEE70EB9206C34
:10C8C00008B9012000E0002050B900BF502080F3DB
:10C8D0001188BFF34F8FBFF36F8F00BF00BFFEE71C
:10C8E00000F018FC08B9059808B9012000E0002004
:10C8F00050B900BF502080F31188BFF34F8FBFF3B2
:10C900006F8F00BF00BFFEE700BFFEF7DBFBA76B2A
:10C91000F7B131462046FDF7F7FC781EA063206989
:10C9200008B9012000E0002060B904F1100000F017
:10C930009DFD38B14FF080502F490860BFF34F8FF5
:10C94000BFF36F8FFEF7E8FB012006B0BDE8F08172
:10C95000059818B9FEF7E0FB0020F6E7B8F1000FE4
:10C9600004D101A8FEF798FD4FF00108FEF7D4FBB3
:10C97000FEF7A4FEFEF7A6FB94F94400401C10B994
:10C98000002084F8440094F94500401C10B90020B0
:10C9900084F84500FEF7C0FB05A901A800F098F94E
:10C9A000F0B92046FDF7E0FEA0B104F1240005999E
:10C9B000FEF784FD2046FEF7C8F800F0A3FD00282E
:10C9C000A3D14FF080500C490860BFF34F8FBFF3E5
:10C9D0006F8F9AE72046FEF7B8F800F093FD94E7D2
:10C9E0002046FEF7B2F800F08DFD2046FDF7BCFEB4
:10C9F00000288AD00020A8E704ED00E02DE9F05FD0
:10CA0000064689461746344654B900BF502080F385
:10CA10001188BFF34F8FBFF36F8F00BF00BFFEE7DA
:10CA2000B9F1000F01D1206C08B9012000E000200D
:10CA300050B900BF502080F31188BFF34F8FBFF370
:10CA40006F8F00BF00BFFEE7FEF7EAFB00BF50217B
:10CA5000EFF3118081F31188BFF34F8FBFF36F8F16
:10CA600000BF0546D4F838A0BAF1000F22D094F9DF
:10CA700044B049462046FDF747FCAAF10100A063F7
:10CA80000BF1010070B9206908B9012000E0002015
:10CA900068B904F1100000F0E9FC40B13FB1012099
:10CAA000386004E00BF1010040B284F844004FF01C
:10CAB000010801E04FF0000800BF85F3118800BFB6
:10CAC0004046BDE8F09F00002DE9F34182B00546E5
:10CAD0004FF000082C46002654B900BF502080F3C8
:10CAE0001188BFF34F8FBFF36F8F00BF00BFFEE70A
:10CAF000206C08B9012000E0002050B900BF502090
:10CB000080F31188BFF34F8FBFF36F8F00BF00BF5B
:10CB1000FEE700F0FFFA08B9039808B9012000E029
:10CB2000002050B900BF502080F31188BFF34F8F11
:10CB3000BFF36F8F00BF00BFFEE700BFFEF7C2FA72
:10CB4000A76BFFB1781EA063206810B9FEF724F927
:10CB5000A060206908B9012000E0002060B904F15C
:10CB6000100000F083FC38B14FF08050434908605A
:10CB7000BFF34F8FBFF36F8FFEF7CEFA012004B0E3
:10CB8000BDE8F081039898B90EB9012000E00020BB
:10CB900050B900BF502080F31188BFF34F8FBFF30F
:10CBA0006F8F00BF00BFFEE7FEF7B6FA0020E6E792
:10CBB000B8F1000F04D16846FEF76EFC4FF0010893
:10CBC000FEF7AAFAFEF77AFDFEF77CFA94F9440024
:10CBD000401C10B9002084F8440094F94500401C22
:10CBE00010B9002084F84500FEF796FA03A96846BC
:10CBF00000F06EF840BB2046FDF7B6FDF0B12068AE
:10CC000038B9FEF75FFAA06800F0DEFB0646FEF7D3
:10CC100083FA04F124000399FEF750FC2046FDF747
:10CC200094FF00F06FFC002888D14FF0805013492A
:10CC30000860BFF34F8FBFF36F8F7FE72046FDF78C
:10CC400084FF00F05FFC79E72046FDF77EFF00F0EF
:10CC500059FC2046FDF788FD0028EED05EB1FEF7B6
:10CC600031FA2046FDF7CCFB07463946A068FEF7AF
:10CC700061FCFEF751FA002081E7000004ED00E0BE
:10CC80002DE9F04106460F46344654B900BF502006
:10CC900080F31188BFF34F8FBFF36F8F00BF00BFCA
:10CCA000FEE700F031FAA168884204D1E068401C38
:10CCB000E060012508E039462046FFF705FF0546FC
:10CCC00015B1E068401CE0602846BDE8F081000036
:10CCD00070B505460C4655B900BF502080F3118849
:10CCE000BFF34F8FBFF36F8F00BF00BFFEE754B994
:10CCF00000BF502080F31188BFF34F8FBFF36F8FB9
:10CD000000BF00BFFEE7FEF7DDF912480268686861
:10CD1000131A2068401C08B9002617E00E4928683D
:10CD20000968884204D06868904201D801260DE065
:10CD30002068984207D92068C01A20602846FEF76C
:10CD4000ABFB002602E0002020600126FEF7E4F99C
:10CD5000304670BD14000020280000202DE9FF4F50
:10CD600085B0804689461746DDE912ABB800FDF76D
:10CD70006DFF064656B15C20FDF768FF04460CB116
:10CD8000266304E03046FEF7E5F900E000248CB1AC
:10CD9000002084F85900CDE900ABCDE902403A46C5
:10CDA00049464046089BFDF7BFFB2046FDF7F2F9D8
:10CDB000012501E04FF0FF35284609B0BDE8F08FAE
:10CDC0002DE9F04F85B00746884691469A46DDE941
:10CDD0000EB6109C0EB1012000E0002050B900BF3B
:10CDE000502080F31188BFF34F8FBFF36F8F00BFC8
:10CDF00000BFFEE70CB1012000E0002050B900BFE9
:10CE0000502080F31188BFF34F8FBFF36F8F00BFA7
:10CE100000BFFEE75C20039003985C2801D101204D
:10CE200000E0002050B900BF502080F31188BFF30C
:10CE30004F8FBFF36F8F00BF00BFFEE700BFB4B1DD
:10CE4000AEB125462C462E63022085F859000020FD
:10CE500004A953464A46CDE900B1CDE90250414606
:10CE60003846FDF761FB2846FDF794F901E0002004
:10CE70000490049805B0BDE8F08F00002DE9F0475C
:10CE800006460D46174698464FF0010A56B900BFB0
:10CE9000502080F31188BFF34F8FBFF36F8F00BF17
:10CEA00000BFFEE73446FEF70DF9B8F1000F02D0DF
:10CEB000606DC8F8000094F85890022084F858007B
:10CEC000052F17D2DFE807F01503070B0D00606D83
:10CED0002843606521E0606D401C60651DE065656C
:10CEE0001BE0B9F1020F01D0656501E04FF0000AC7
:10CEF00013E012E0606D401C08B9012000E0002042
:10CF000050B900BF502080F31188BFF34F8FBFF39B
:10CF10006F8F00BF00BFFEE700BF00BFB9F1010F78
:10CF200032D1201DFDF790FF1A49E06A0968884256
:10CF300002D91849E06A0860E16A01EB8101164AEA
:10CF400002EB8100211DFDF7D5FFA06A08B9012081
:10CF500000E0002050B900BF502080F31188BFF3DB
:10CF60004F8FBFF36F8F00BF00BFFEE70B49E06A32
:10CF70000968C96A884207D94FF08050084908609B
:10CF8000BFF34F8FBFF36F8FFEF7C6F85046BDE873
:10CF9000F087000018000020AC04002000000020F2
:10CFA00004ED00E02DE9F84F07460E4690469946FD
:10CFB000DDF828B00120009057B900BF502080F361
:10CFC0001188BFF34F8FBFF36F8F00BF00BFFEE725
:10CFD000FEF726F93C4600BF5021EFF3118081F3A4
:10CFE0001188BFF34F8FBFF36F8F00BF0546B9F1B4
:10CFF000000F02D0606DC9F8000094F858A002201C
:10D0000084F85800B8F1050F17D2DFE808F01503CF
:10D01000070B0D00606D3043606521E0606D401CC2
:10D0200060651DE066651BE0BAF1020F01D0666520
:10D0300001E00020009013E012E0606D401C08B990
:10D04000012000E0002050B900BF502080F311887B
:10D05000BFF34F8FBFF36F8F00BF00BFFEE700BF6E
:10D0600000BFBAF1010F3CD1A06A08B9012000E06D
:10D07000002050B900BF502080F31188BFF34F8FBC
:10D08000BFF36F8F00BF00BFFEE719480068A0B96B
:10D09000201DFDF7D9FE1749E06A0968884202D9C8
:10D0A0001449E06A0860E16A01EB8101124A02EB6F
:10D0B0008100211DFDF71EFF04E004F118010F4857
:10D0C000FDF718FF0E49E06A0968C96A884208D965
:10D0D000BBF1000F02D00120CBF80000012009496C
:10D0E000086000BF85F3118800BF0098BDE8F88F85
:10D0F0003800002018000020AC0400203409002073
:10D10000000000202400002001490868704700004A
:10D11000000000200549096809B9012005E004491B
:10D12000096809B9022000E0002070471C000020B7
:10D1300038000020014908687047000014000020F2
:10D140002DE9F0414FF000084348006800287BD1EA
:10D1500042480068451C4148056015BB40480068CE
:10D16000006808B9012000E0002050B900BF50203D
:10D1700080F31188BFF34F8FBFF36F8F00BF00BFE5
:10D18000FEE7374807683748006835490860354882
:10D19000076035480068401C33490860FDF726FCED
:10D1A00000BF3248006885423BD300BF2C4800686E
:10D1B000006808B9012000E0002020B14FF0FF30E6
:10D1C0002A4908602CE026480068C068C468666880
:10D1D000B54202D22548066022E0201DFDF734FE4C
:10D1E000A06A18B104F11800FDF72EFE2049E06A8C
:10D1F0000968884202D91E49E06A0860E16A01EBC9
:10D2000081011C4A02EB8100211DFDF773FE1A49C2
:10D21000E06A0968C96A8842C8D34FF00108C5E7C7
:10D2200000BF15480068C06A00EB8000114951F842
:10D230002000012801D94FF001081048006808B10A
:10D240004FF0010805E0FFE70D480068401C0C495D
:10D2500008604046BDE8F08138000020140000203E
:10D2600004000020080000202800002030000020DA
:10D2700018000020AC040020000000202400002042
:10D28000200000202DE9F0410746884614461D463F
:10D29000FDF718FF2148006890F85800022818D0C0
:10D2A0001E49096801F15400496DB943016001202C
:10D2B0001A49096881F858005DB101212846FCF738
:10D2C0002BFF4FF0805016490860BFF34F8FBFF31C
:10D2D0006F8FFDF721FFFDF7F5FE1CB10F480068C9
:10D2E000406D20600D48006890F85800022801D079
:10D2F000002608E00949096801F15400496D21EA56
:10D3000008010160012600200449096881F85800DD
:10D31000FDF702FF3046BDE8F0810000000000206C
:10D3200004ED00E070B505462C460026002D43D0E4
:10D3300022480068844201D1012000E0002050B959
:10D3400000BF502080F31188BFF34F8FBFF36F8F62
:10D3500000BF00BFFEE7206D50B900BF502080F332
:10D360001188BFF34F8FBFF36F8F00BF00BFFEE781
:10D37000206D401E2065E16CE06A88421CD0206D63
:10D38000D0B9201DFDF760FDE06CE062E06AC0F1FD
:10D390003800A0610A49E06A0968884202D9084950
:10D3A000E06A0860E16A01EB8101064A02EB810054
:10D3B000211DFDF79FFD0126304670BD00000020B5
:10D3C00018000020AC04002070B505462C4600264D
:10D3D000002D42D02249E06A0968C96A884235D2E4
:10D3E000A06900F0004028B91D480068C06AC0F17B
:10D3F0003800A061E16A01EB81011A4A02EB810168
:10D400006069884201D1012000E00020C0B1201DE8
:10D41000FDF71AFD12480068C06AE0621249E06A2E
:10D420000968884202D91049E06A0860E16A01EBA4
:10D4300081010C4A02EB8100211DFDF75BFD03E039
:10D4400007480068C06AE062012606E00449E06C13
:10D450000968C96A884200D20126304670BD0000C2
:10D4600000000020AC0400201800002070B5064623
:10D47000F068C46854B900BF502080F31188BFF32E
:10D480004F8FBFF36F8F00BF00BFFEE704F118009E
:10D49000FDF7DAFC15480068A0B9201DFDF7D4FCA3
:10D4A0001349E06A0968884202D91149E06A0860B4
:10D4B000E16A01EB81010F4A02EB8100211DFDF7BA
:10D4C00019FD04E004F118010B48FDF713FD0B49A9
:10D4D000E06A0968C96A884204D90125012008491F
:10D4E000086000E00025284670BD000038000020DC
:10D4F00018000020AC0400203409002000000020A7
:10D500002400002070B5002400263648006850B979
:10D5100000BF502080F31188BFF34F8FBFF36F8F90
:10D5200000BF00BFFEE7FDF7CDFD2E480068401E9E
:10D530002C4908600846006800284ED12A48006837
:10D5400000284AD023E02948C068C46804F11800C4
:10D55000FDF77AFC201DFDF777FC2549E06A096894
:10D56000884202D92249E06A0860E16A01EB810140
:10D57000204A02EB8100211DFDF7BCFC1E49E06A38
:10D580000968C96A884202D301201C49086017480B
:10D59000006808B9012000E000200028D3D00CB1B9
:10D5A000FDF724FA1648056865B100BFFFF7C8FD0E
:10D5B00010B10120114908606D1E002DF6D1002028
:10D5C0000F4908600D48006838B1012630070D4941
:10D5D0000860BFF34F8FBFF36F8FFDF79DFD30469F
:10D5E00070BD000038000020100000203409002029
:10D5F00018000020AC0400200000002024000020BF
:10D600002000002004ED00E02DE9FC4705460E4611
:10D6100017469846DDF828902C20FDF717FB0446A6
:10D6200054B1002084F8280043463A463146284643
:10D63000CDE90094FCF7D7FF2046BDE8FC872DE933
:10D64000FC4706460F4690469946DDE90AA52C2080
:10D65000019001982C2801D1012000E0002050B950
:10D6600000BF502080F31188BFF34F8FBFF36F8F3F
:10D6700000BF00BFFEE700BF55B900BF502080F3D8
:10D680001188BFF34F8FBFF36F8F00BF00BFFEE75E
:10D690002C4654B1022084F828004B4642463946B5
:10D6A0003046CDE900A4FCF79EFF2046BDE8FC878C
:10D6B00010B586B00024FCF7C9FD16480068D0B14B
:10D6C00000200590049003AA04A905A8FDF7DCFB3F
:10D6D0000222DDE904100023CDE9002102900EA111
:10D6E0000F48039AFFF76CFB0E4908600846006874
:10D6F00000B1012400BF54B900BF502080F311884D
:10D70000BFF34F8FBFF36F8F00BF00BFFEE7204610
:10D7100006B010BD44000020546D722053766300A3
:10D7200031AB0508480000202DE9FF4704460D46AF
:10D7300016461F46DDF830804FF0000954B900BF8F
:10D74000502080F31188BFF34F8FBFF36F8F00BF5E
:10D7500000BFFEE71448006810B3009501960294DC
:10D76000062D15DAFFF7D6FC022808D10023424621
:10D7700069460D480068FEF7A7FE814610E00023C9
:10D780001A46694608480068FEF79EFE814607E093
:10D7900000233A46694604480068FEF769FF81465F
:10D7A000484604B0BDE8F0874400002070B5044648
:10D7B000264654B900BF502080F31188BFF34F8F25
:10D7C000BFF36F8F00BF00BFFEE7FDF77BFC96F84D
:10D7D000280000F0010008B9002500E00125FDF750
:10D7E0009BFC284670BD81F00041704780F00040EE
:10D7F000704721F00041704720F000407047000062
:10D8000021F00042A2F16052B2F5801F01F0004306
:10D8100028BFD2F17F6C0BD95FEA001C43EAC20239
:10D8200042EB507018BF704728BF20F001007047CE
:10D83000B2F5801FBCBF184670474FEA410C1CF57B
:10D84000001F02D2084600F089BD70B500F090FBC1
:10D8500000000089FFF7F6BF4FF00040A0F5800000
:10D860007047000010B591EA030F48BF83F00043F2
:10D8700000F11C84841A71EB030C05D2121943EBDE
:10D880000C03001B61EB0C01DFF824E14FEA11549B
:10D89000A4EB135C1EEA430F18BF9EEA445F73D0EB
:10D8A00023EA0E03DCF1200E21EA045143F4801335
:10D8B00032D322FA0CFE10EB0E0023FA0CFE41EBE1
:10D8C0000E01CCF1200E03FA0EFE10EB0E0051F10A
:10D8D0000001B1F5801FCCF1200E32D201EB0451D2
:10D8E00012FA0EF2BDE8104058BF7047401C38BF16
:10D8F0005FEA420218BF7047002814BF20F0010001
:10D9000041F100014FEA410313F5001F38BF704792
:10D91000A1F1C04100F07ABB012A43EB0302ACF154
:10D92000200CDCF11F0E32BF4FF0000E23FA0CF377
:10D9300010EB030041EB0451B4EB115FD0D0A1EB2D
:10D94000045101F5801149085FEA300001EB0451F0
:10D950000ED350F1000038BF12FA0EFE08D1BDE818
:10D960001040C9E7401C38BF5FEA4202CAD1C3E792
:10D97000BDE810404FEA410313F5001F38BF704760
:10D98000A1F1C04100F042BB9EEA445F08D011EA19
:10D990005E0FBDE8104004BF01F000410020704759
:10D9A000BDE8104070B500F0E3FA00BF64FBBE3E76
:10D9B0000000E0FF491058BFC1F140415B1058BF63
:10D9C000C3F140438B42EFF3008070472DE9C04123
:10D9D00030B4DFF8A0C23CEA111418BF3CEA1314BB
:10D9E00000F0EC8081EA03051CEA111444EAD574C6
:10D9F00018BF1CEA131500F0C780A4EB05044FF014
:10DA0000004545EAC12145EAC32341EA505143EAB2
:10DA1000525304F17F74994204F500344FEAC02058
:10DA20004FEAC22208BF904200F09C804FEA136583
:10DA30000FF24016765D4FEA134506FB05F7C7F176
:10DA4000807706FB07F74FEAD737A7FB03687642D4
:10DA5000C8F58038A7FB06CE38BFA8F1010807FB40
:10DA600008E64FF0000EA6FB028CE6FB03CEDCF1CD
:10DA7000000CCEF1004E38BFAEF1010EA6FB0C58E3
:10DA80004FF000074FF00005E6FB0E87A1FB08C62C
:10DA9000A0FB07CE16EB0E0645F10005E1FB07657E
:10DAA00015F1E04E7EBFA4F580345FEA46066D4175
:10DAB00016F1800745F100054FEA17274FEA066681
:10DAC00047EA0567A6F1DE46B6F1805F4FEA152505
:10DAD0001FD9384624F0010C05EBC471BCF1FE6F70
:10DAE00001EB0C1102D8F0BCBDE8008124425CBF00
:10DAF00001F5801E9EEAC47F02D4F0BCBDE800811F
:10DB0000244238D4F0BCA1F1C041BDE8004100F08E
:10DB10007DBA4FEAD22242EA43524FEAD323A7FB0F
:10DB200002864FEAD02040EA415007FB03661EEA16
:10DB30000E0F4FEAD12105FB026658BFA6EB005637
:10DB4000B6EB00564FEA520E4EEAC37E18EB0E0EAD
:10DB500056EB530EBDD518EB02085E417F1C55F104
:10DB60000005B6E74FF480154FF000074FF00006B0
:10DB70004FF00008ADE7F0BC4FF0000001F1C041EC
:10DB800001F00041BDE8008111EA0C1F0CEA1315F9
:10DB900000D00CE013EA0C1F00F025804FF00000CD
:10DBA000F0BC81EA030101F00041BDE80081F0BC56
:10DBB000BDE8004181EA030100F028BAF0BCBDE8ED
:10DBC000004170B500F0D4F9097EFC3E00F007B8C2
:10DBD00081EA03014FF0000001F00041704781EA43
:10DBE000030100F013BAF0BCBDE800414FF00000A3
:10DBF00021497047FFFDFBF9F7F5F4F2F0EEEDEB8C
:10DC0000E9E8E6E4E3E1E0DEDDDBDAD8D7D5D4D33A
:10DC1000D1D0CFCDCCCBCAC8C7C6C5C4C2C1C0BF86
:10DC2000BEBDBCBBBAB9B8B7B6B5B4B3B2B1B0AF8C
:10DC3000AEADACABAAA9A8A8A7A6A5A4A3A3A2A170
:10DC4000A09F9F9E9D9C9C9B9A999998979796952B
:10DC500095949393929191908F8F8E8E8D8C8C8BC7
:10DC60008B8A89898888878786858584848383824F
:10DC7000828181800000FF070000F87F51EA030CD9
:10DC800017D41CF5801F58BFBCF5801F00F106801B
:10DC9000994218BF704708BF9042704707D711F5E7
:10DCA000801F58BF13F5801F19D4994270478942CD
:10DCB00070471CF5801F08D5BCF5801FF7D58B4237
:10DCC00018BF704708BF824270474FF4001C1CEB1E
:10DCD000410F38BF1CEB430F01D28B42704770B528
:10DCE00000F046F9922449004FF000514FF0805364
:10DCF000FFF760BE4FEA1153A3F58063D3F11E0313
:10DD0000A8BFD3F1200C08DB4FF0004242EAC12249
:10DD100052EA505232FA03F0704709420BD4102BEA
:10DD2000C4BF0020704703F5787CBCF1FF3F05D0ED
:10DD30004FF0FF3070474FF00000704770B500F0B3
:10DD400017F900BF4992248000207047F0E710F0D7
:10DD5000004248BF4042B0FA80F310FA03F10AD003
:10DD6000C3F11D0303F580634FEA415002EB0352F8
:10DD700002EBD12170474FF000007047B0FA80F3FA
:10DD800010FA03F10AD0C3F11D0303F580634FEAD3
:10DD900041504FEA035202EBD12170474FF000008F
:10DDA0007047000051EA030C17D41CF5801F58BFC0
:10DDB000BCF5801F00F10680994218BF704708BF6C
:10DDC0009042704707D711F5801F58BF13F5801F89
:10DDD00019D499427047894270471CF5801F08D5B5
:10DDE000BCF5801FF7D58B4218BF704708BF824231
:10DDF00070474FF4001C1CEB410F38BF1CEB430F66
:10DE000001D28B42704770B500F0B2F892244900FD
:10DE10004FF000514FF08053FFF7CCBDDFF848C101
:10DE200070B51CEA111E1EBF1CEA13159EEA0C0FEA
:10DE300095EA0C0F00F06F8081EA030423EA4C138B
:10DE40004EEAD47E21EA4C1141F4801143F4801350
:10DE5000AE44A1FB024CA0FB0365AEF17F7E3619F8
:10DE600055EB0C05A1FB034C4CF10003A0FB021C7D
:10DE700016EB0C06654153F10003094218BF46F04A
:10DE8000010613F4007F0BD14FEA03314FEA05304E
:10DE9000340341EA155140EA16506FF003020AE0DC
:10DEA0004FEAC3214FEAC520F40241EA555140EA46
:10DEB00056506FF0020202EB2E4201EB025585EA4A
:10DEC000CE710AD05FEA440C18BF24F0004450F130
:10DED000000041F1000120EAD47040F2FE7C62456E
:10DEE00000D270BDA84214BF4FF080444FF04044B0
:10DEF000002E08BF0024BEF1806FA8BFA1F1C04171
:10DF0000BDE8704080F282804FF0000001F1C04116
:10DF100001F0004170479EEA0C0F0CEA131518BF80
:10DF200095EA0C0F06D04FF0000081EA030E0EF0C8
:10DF3000004170BD00F01CF88900013E00F007B8F8
:10DF400000F009B84FEA430C5FEA5C5C08D081EA54
:10DF5000030100F05BB84FEA410C5FEA5C5CF6D16C
:10DF60004FF00000014970470000FF070000F87FF4
:10DF70000EF1020E2EF0030E5EF8046B364205D44D
:10DF8000012A43EB030515F5001F12D8012841EBC8
:10DF9000010C1CF5001F0CD80ED14FEAD17C15F5F1
:10DFA000001F0CEB4C0C0CF1020C08BF4CEBD37CAB
:10DFB00004E04FF0080C01E04FEAD37C0CEB4C0579
:10DFC00026FA05F606F00706B6F1040C06D20EEBAB
:10DFD000860CBDE870404CF0010C6047DFE80CF0A7
:10DFE000090B02024FF000414FF00000A1F50021A3
:10DFF00070BD19461046012851EB010418BFD4F535
:10E00000001484BF002001F0004170BD0808A0F595
:10E0100000114FEA3101704753EA010C17D41CF587
:10E02000801F58BFBCF5801F00F106808B4218BFCF
:10E03000704708BF8242704707D713F5801F58BF4B
:10E0400011F5801F19D48B4270479B4270471CF515
:10E05000801F08D5BCF5801FF7D5994218BF7047BF
:10E0600008BF904270474FF4001C1CEB430F38BFB1
:10E070001CEB410F01D2994270470FB40CBC03BC9A
:10E08000FFF7C1BE91EA030F10B581F000413FF5E3
:10E09000F1AB83F0004300F009B8000010B591EA3D
:10E0A000030F48BF83F000433FF5E4AB841A71EBE4
:10E0B000030C07D212198CF0004C43EB0C03001B2D
:10E0C00061EB0C01DFF8A4E14FEA1154A4EB135CFF
:10E0D0001EEA430F18BF9EEA445F00F0B08023EAB7
:10E0E0006E03524221EA0451C3EB6E0338BF5B1E3C
:10E0F000DCF1200E25D322FA0CFE10EB0E0043FAC1
:10E100000CFE41EB0E01CCF1200E03FA0EFE10EBDB
:10E110000E0051F10001CCF1200E29D412FA0EF2BA
:10E1200001EB0451BDE8104058BF7047401C1CBFB4
:10E13000B2F1004F704700280CBF491C20F00100CD
:10E14000704712EB020E43EB030218BF4FF0010EB3
:10E150004EEA4202ACF1200CDCF11E0E54D943FA17
:10E160000CFE10EB0E0051F1FF31CCF11E0ED5D597
:10E170000EF1010E12FA0EFE404141EB010101EBDE
:10E18000445C5FEA5C5C10D910EBDE7001EB04517B
:10E1900038BFBEF1004FBDE8104018BF70470028DF
:10E1A0000CBF491C20F00100704730D24FEAD42C3C
:10E1B00011F5001124F400641BD0B1FA81F20B3A7E
:10E1C000A41AA41ED2F12003914030FA03F319439C
:10E1D000904001EBCC71002C01EB0451BDE81040E4
:10E1E000A8BF704701F1C0414FF0000001F00041AD
:10E1F0007047B0FA80F310FA03F100D110BDE41AB1
:10E20000173C4805C90AE4E701EB045110BD491069
:10E2100001EB0451BDE810404FEA300002E04FF03E
:10E22000000170474A0008BF0042F8D0B2F5001F55
:10E2300028BF704701F000414FF0000070479EEA90
:10E24000445F07D011EA5E0FBDE8104004BF002113
:10E2500000207047BDE8104070B5FFF789FE00BF91
:10E2600040DFF63E83F00041104670470000E0FFBB
:10E2700043004FEAD30C4FEA3C0C43401FBF40071A
:10E280000CF1605113F0FE4F70471CF0006F03D18A
:10E2900000200CF0004170470CF0004343EA50703E
:10E2A00010B540EACC0000F00EF800BF000000926C
:10E2B0004FEA0001FFF7AABE4FF000414FF0000007
:10E2C000A1F5002170470EF1020E2EF0030E5EF84C
:10E2D000044B244204D44FEA4102B2F17F4F11D8DB
:10E2E0004FEA4003B3F17F4F0CD80ED14FEAD07CF8
:10E2F000B2F17F4F0CEB4C0C0CF1020C08BF4CEB55
:10E30000D17C04E04FF0080C01E04FEAD17C0CEB2B
:10E310004C0324FA03F404F00704B4F1040C06D20D
:10E320000EEB840CBDE810404CF0010C6047DFE8B8
:10E330000CF0070802024FF00040A0F5800010BD6D
:10E340000846420018BFD2F1807288BF00F000403A
:10E3500010BD4FF04070E1EE100A7047FF2141EA16
:10E36000D050C005704700C1814001C0804101C04C
:10E37000804100C1814001C0804100C1814000C195
:10E38000814001C0804101C0804100C1814000C185
:10E39000814001C0804100C1814001C0804101C075
:10E3A000804100C1814001C0804100C1814000C165
:10E3B000814001C0804100C1814001C0804101C055
:10E3C000804100C1814000C1814001C0804101C045
:10E3D000804100C1814001C0804100C1814000C135
:10E3E000814001C0804101C0804100C1814000C125
:10E3F000814001C0804100C1814001C0804101C015
:10E40000804100C1814000C1814001C0804101C004
:10E41000804100C1814001C0804100C1814000C1F4
:10E42000814001C0804100C1814001C0804101C0E4
:10E43000804100C1814001C0804100C1814000C1D4
:10E44000814001C0804101C0804100C1814000C1C4
:10E45000814001C0804100C1814001C0804101C0B4
:10E46000804100C1814000C0C101C30302C2C60691
:10E4700007C705C5C404CC0C0DCD0FCFCE0E0ACAFC
:10E48000CB0BC90908C8D81819D91BDBDA1A1EDE4C
:10E49000DF1FDD1D1CDC14D4D515D71716D6D212FC
:10E4A00013D311D1D010F03031F133F3F23236F60C
:10E4B000F737F53534F43CFCFD3DFF3F3EFEFA3ABC
:10E4C0003BFB39F9F83828E8E929EB2B2AEAEE2E4C
:10E4D0002FEF2DEDEC2CE42425E527E7E62622E2BC
:10E4E000E323E12120E0A06061A163A3A26266A60C
:10E4F000A767A56564A46CACAD6DAF6F6EAEAA6A7C
:10E500006BAB69A9A86878B8B979BB7B7ABABE7ECB
:10E510007FBF7DBDBC7CB47475B577B7B67672B27B
:10E52000B373B17170B0509091519353529296560B
:10E530005797559594549C5C5D9D5F9F9E5E5A9A3B
:10E540009B5B99595898884849894B8B8A4A4E8ECB
:10E550008F4F8D4D4C8C448485458747468682423B
:10E56000438341818040102840587088A0B8000043
:10E570000000040404000008000000080000080077
:10E5800000000800020406080A0C0001020304054A
:10E5900006000000102840587088A0B80000000055
:10E5A0000404040000080000000800000800000047
:10E5B0000800020406080A0C000102030405060014
:10E5C00000000000000000000000000000005802F1
:10E5D0005802580258025802C800580258025802FD
:10E5E00058029001580258025802580258029001ED
:10E5F00058025802580258025802580200000000FF
:10E6000000000000580200000000000000000000B0
:10E6100000000000000000000000000000000000FA
:10E6200000000000580258025802580258025802CE
:10E630005802580258022003580258025802580241
:10E64000580258020000000000000000070000000F
:10E650000400000027670508000000000800000013
:10E660008000000027670508000000000900000086
:10E670000800000027670508000000000B000000EC
:10E680001000000027670508000000000A000000D5
:10E690002000000027670508000000000C000000B3
:10E6A000400000002767050800000000220000006D
:10E6B00001000000276705080000000005000000B9
:10E6C00000020000276705080000000002000000AB
:10E6D0000005000027670508000000000300000097
:10E6E0000200000027670508000000000400000089
:10E6F0000210000027670508000000000600000067
:10E70000004000002767050800000000240000000A
:10E71000002000002767050800000000000000003E
:10E7200000000000000000000000000000000000E9
:10E7300000000000000000000000000000000000D9
:10E7400000000000000000000000000000000000C9
:10E7500000000000000000000000000000000000B9
:10E7600000000000000000000000000000000000A9
:10E770000000000000000000000000000000000099
:10E780000000000000000000000000000700000082
:10E7900004000000276705087C0100000800000055
:10E7A00080000000276705087C01000009000000C8
:10E7B00008000000276705087C0100000B0000002E
:10E7C0001000000027670508C80000000A000000CC
:10E7D00020000000276705087C0100000C000000F5
:10E7E00040000000276705086400000022000000C8
:10E7F0000100000027670508F40100000500000083
:10E800000002000027670508F40100000200000074
:10E810000005000027670508F40100000300000060
:10E8200002000000276705087C01000004000000CA
:10E8300002100000276705087C01000006000000A8
:10E840000040000027670508F401000024000000D4
:10E850000020000027670508F40100000000000008
:10E8600000000000000000000000000000000000A8
:10E870000000000000000000000000000000000098
:10E880000000000000000000000000000000000088
:10E890000000000000000000000000000000000078
:10E8A0000000000000000000000000000000000068
:10E8B0000000000000000000000000000000000058
:10E8C0000000000000000000000000000700000041
:10E8D0000400000027670508000000000800000091
:10E8E0008000000027670508000000000900000004
:10E8F0000800000027670508000000000B0000006A
:10E900001000000027670508000000000A00000052
:10E910002000000027670508000000000C00000030
:10E9200040000000276705080000000022000000EA
:10E930000100000027670508000000000500000036
:10E940000002000027670508000000000200000028
:10E950000005000027670508000000000300000014
:10E960000200000027670508000000000400000006
:10E9700002100000276705080000000006000000E4
:10E980000040000027670508000000002400000088
:10E9900000200000276705080000000000000000BC
:10E9A0000000000000000000000000000000000067
:10E9B0000000000000000000000000000000000057
:10E9C0000000000000000000000000000000000047
:10E9D0000000000000000000000000000000000037
:10E9E0000000000000000000000000000000000027
:10E9F0000000000000000000000000000000000017
:10EA000000000000000000000000000007000000FF
:10EA1000040000002767050800000000080000004F
:10EA200080000000276705080000000009000000C2
:10EA3000080000002767050800000000160000001D
:10EA40001000000027670508000000001700000004
:10EA500001000000AF660508000000000F00000084
:10EA600020000000276705080000000020000000CB
:10EA70000100000027670508000000001A000000E0
:10EA80006000000027670508000000001F0000006C
:10EA900002000000AF660508000000000200000050
:10EAA00000010000276705080000000003000000C7
:10EAB00002000000276705080000000004000000B5
:10EAC0000210000027670508000000000600000093
:10EAD0000040000027670508000000002400000037
:10EAE000002000002767050800000000000000006B
:10EAF0000000000000000000000000000000000016
:10EB00000000000000000000000000000000000005
:10EB100000000000000000000000000000000000F5
:10EB200000000000000000000000000000000000E5
:10EB300000000000000000000000000000000000D5
:10EB400000000000000000000000000007000000BE
:10EB5000040000002767050800000000080000000E
:10EB60008000000027670508000000000900000081
:10EB700008000000276705080000000017000000DB
:10EB800010000000276705080000000019000000C1
:10EB900020000000276705080000000011000000A9
:10EBA0004000000027670508000000000200000088
:10EBB0000005000027670508000000002200000093
:10EBC00001000000276705080000000005000000A4
:10EBD0000002000027670508000000000300000095
:10EBE0000200000027670508000000000400000084
:10EBF0000210000027670508000000000600000062
:10EC00000040000027670508000000002400000005
:10EC10000020000027670508000000000000000039
:10EC200000000000000000000000000000000000E4
:10EC300000000000000000000000000000000000D4
:10EC400000000000000000000000000000000000C4
:10EC500000000000000000000000000000000000B4
:10EC600000000000000000000000000000000000A4
:10EC70000000000000000000000000000000000094
:10EC8000000000000000000000000000070000007D
:10EC900004000000276705080000000008000000CD
:10ECA0008000000027670508000000000900000040
:10ECB000080000002767050800000000170000009A
:10ECC0001000000027670508000000001900000080
:10ECD0002000000027670508000000001100000068
:10ECE0004000000027670508000000000100000048
:10ECF0000100000027670508000000000200000076
:10ED00000001000027670508000000000500000062
:10ED10000002000027670508000000000300000053
:10ED20000200000027670508000000000400000042
:10ED30000208000027670508000000000600000028
:10ED400000400000276705080000000000000000E8
:10ED500000000000000000000000000000000000B3
:10ED600000000000000000000000000000000000A3
:10ED70000000000000000000000000000000000093
:10ED80000000000000000000000000000000000083
:10ED90000000000000000000000000000000000073
:10EDA0000000000000000000000000000000000063
:10EDB0000000000000000000000000000000000053
:10EDC000000000000000000000000000070000003C
:10EDD000020000002767050800000000080000008E
:10EDE000100000002767050800000000090000006F
:10EDF0008000000027670508000000003D000000BB
:10EE00000400000027670508000000003E00000025
:10EE10002000000027670508000000003F000000F8
:10EE200040000000276705080000000040000000C7
:10EE30000080000027670508000000004100000076
:10EE40000000010027670508000000002200000004
:10EE500000200000276705080000000002000000F5
:10EE600008030000276705080000000003000000F9
:10EE700001000000276705080000000004000000F2
:10EE800000100000276705080000000006000000D1
:10EE90000040000027670508000000002400000073
:10EEA00000080000276705080000000005000000BA
:10EEB00000040000276705080000000000000000B3
:10EEC0000000000000000000000000000000000042
:10EED0000000000000000000000000000000000032
:10EEE0000000000000000000000000000000000022
:10EEF0000000000000000000000000000000000012
:10EF000000000000000000000000000007000000FA
:10EF1000040000002767050800000000080000004A
:10EF200080000000276705080000000009000000BD
:10EF30000800000027670508000000001800000016
:10EF40001000000027670508000000001000000006
:10EF500020000000276705080000000014000000E2
:10EF600040000000276705080000000001000000C5
:10EF700001000000276705080000000002000000F3
:10EF800000010000276705080000000003000000E2
:10EF900002000000276705080000000004000000D0
:10EFA00002100000276705080000000006000000AE
:10EFB00000000200276705080000000000000000B4
:10EFC0000000000000000000000000000000000041
:10EFD0000000000000000000000000000000000031
:10EFE0000000000000000000000000000000000021
:10EFF0000000000000000000000000000000000011
:10F000000000000000000000000000000000000000
:10F0100000000000000000000000000000000000F0
:10F0200000000000000000000000000000000000E0
:10F0300000000000000000000000000000000000D0
:10F0400000000000000000000000000007000000B9
:10F050000400000027670508000000000800000009
:10F06000800000002767050800000000090000007C
:10F0700008000000276705080000000016000000D7
:10F0800010000000276705080000000017000000BE
:10F090002000000027670508000000000F000000A6
:10F0A0004000000027670508000000002200000063
:10F0B00001000000276705080000000002000000B2
:10F0C000000500002767050800000000050000009B
:10F0D0000002000027670508000000000300000090
:10F0E000020000002767050800000000040000007F
:10F0F000021000002767050800000000060000005D
:10F100000040000027670508000000002400000000
:10F110000000020027670508000000000000000052
:10F1200000000000000000000000000000000000DF
:10F1300000000000000000000000000000000000CF
:10F1400000000000000000000000000000000000BF
:10F1500000000000000000000000000000000000AF
:10F16000000000000000000000000000000000009F
:10F17000000000000000000000000000000000008F
:10F180000000000000000000000000000700000078
:10F1900004000000276705080000000008000000C8
:10F1A000800000002767050800000000090000003B
:10F1B0000800000027670508000000001700000095
:10F1C0001000000027670508000000001100000083
:10F1D0002000000027670508000000000C00000068
:10F1E0004000000027670508000000002200000022
:10F1F0000100000027670508000000000200000071
:10F200000005000027670508000000000500000059
:10F21000000200002767050800000000030000004E
:10F22000020000002767050800000000040000003D
:10F23000021000002767050800000000060000001B
:10F2400000400000276705080000000024000000BF
:10F2500000200000276705080000000000000000F3
:10F26000000000000000000000000000000000009E
:10F27000000000000000000000000000000000008E
:10F28000000000000000000000000000000000007E
:10F29000000000000000000000000000000000006E
:10F2A000000000000000000000000000000000005E
:10F2B000000000000000000000000000000000004E
:10F2C000000000000000000000000000D4F5050868
:10F2D000000000000000000000000000000000002E
:10F2E00000040000300000000000000000000000EA
:10F2F000F8F5050800000000000000000000000014
:10F3000000000000000200001800000000000000E3
:10F3100000000000E0F5050800000000000000000B
:10F3200000000000000000000004000018000000C1
:10F330000000000000000000A4F505080000000027
:10F3400000000000000000000000000000080000B5
:10F35000200000000000000000000000ECF505089F
:10F36000000000000000000000000000000000009D
:10F370000004000030000000000000000000000059
:10F380008CF50508000000000000000000000000EF
:10F390000000000000020000180000000000000053
:10F3A0000000000098F505080000000000000000C3
:10F3B0000000000000000000000200001800000033
:10F3C0000000000000000000C4F505080000000077
:10F3D000000000000000000000000000000200002B
:10F3E000080000000000000000000000B0F5050863
:10F3F000000000000000000000000000000000000D
:10F4000000040000180000000000000000000000E0
:10F4100038F60508000000000000000000000000B1
:10F4200018F60508000000000000000000000000C1
:10F4300028F60508000000000000000000000000A1
:10F4400074F6050800000000000000000000000045
:10F4500080F6050800000000000000000000000029
:10F4600090F6050800000000000000000000000009
:10F4700060F6050800000000000000000000000029
:10F4800054F6050800000000000000000000000025
:10F4900068F6050800000000000000000000000001
:10F4A00070F50508000000000000000000000000EA
:10F4B00078F50508000000000000000000000000D2
:10F4C00084F50508000000000000000000000000B6
:10F4D00008F6050800000000000000000000000021
:10F4E00044F60508000000000000000000000000D5
:10F4F000102840587088A0B80000000004040400E0
:10F50000000800000008102840587088A0B8102893
:10F5100040587088A0B80000000000000000010200
:10F5200003040607080900000000010203040000AC
:10F5300004FA97999999D93FAF788E1DC571CC3F40
:10F540009FC678D0099AC33F935555555555E53F09
:10F55000599322942449D23FDE03CB966446C73F99
:10F5600044523EDF12F1C23F0000000000000000E4
:10F570005556646174610000486F73744D62646134
:10F5800074610000486F744D736700005553415219
:10F5900054335461736B00005553415254365461D7
:10F5A000736B000050726F635461736B0000000056
:10F5B0004572726F72436F64654D616E6167655429
:10F5C00061736B00537469724374726C5461736B32
:10F5D0000000000052756E4D61696E5461736B00DE
:10F5E00054656D705461736B00000000734D6F645F
:10F5F0006275735461736B0044617461436F6C6C2A
:10F600006563745461736B004572726F72436F640B
:10F610006553656D00000000486F74486F6C64545A
:10F62000696D6572000000005265706F72745374EA
:10F63000657054696D6572004D6F746F7254696DB9
:10F640006572000053616D706C6554696D654F752E
:10F6500074000000555341525433527800000000AA
:10F66000436F6D6D33527800555341525436527882
:10F67000000000006F734144534D757465780000BD
:10F6800054656D70446174614D7574657800000057
:10F690004D6F646275734275734D757465780000C3
:10F6A000C0F60508000000206C040000C401040836
:10F6B000ACF705086C040020FCA900002002040837
:10F6C00001741AAA01011114100140124812401AC3
:10F6D000140801290241023211362D890508043629
:10F6E000DD870508031A510832102EE38A05080643
:10F6F000241908321736698805080136F785050888
:10F70000051AA138320F1A5320298A36A586050812
:10F71000661A752032671A55200938C40936DC8A02
:10F72000010216459EB3DC012C201418162112AAE2
:10F730001A0F0845D00788130312C8AF0316803F7D
:10F74000093618237A442B20400813686F2B206059
:10F75000041A67048A6B08013C9B60090C0212EAD8
:10F7600013D0021B20D1041AD2041AD304198C0618
:10F7700020418090A0B01374771420507814200892
:10F78000031B2010046910E123C6421263F3B80B77
:10F7900002860129870516B9FD04084B20410401A2
:0CF7A0005A13CC7D12205324F45A109010
:040000050804018961
:00000001FF
